timestamp,component,metric,value,label.profile,label.run_id,label.target_rate,label.provider,elapsed_s
2026-08-10 16:43:36.420636+00:00,generator,run_started,1.0,normal,f398aa60-da48-45c3-9eb4-8bb4a858c345,25.0,,0.0
2026-08-10 16:43:36.538762+00:00,generator,events_sent,1.0,normal,f398aa60-da48-45c3-9eb4-8bb4a858c345,,,0.12
2026-08-10 16:43:36.539052+00:00,generator,throughput_eps,0.2,normal,f398aa60-da48-45c3-9eb4-8bb4a858c345,,,0.12
2026-08-10 16:43:36.541015+00:00,generator,events_sent,2.0,normal,f398aa60-da48-45c3-9eb4-8bb4a858c345,,,0.12
2026-08-10 16:43:36.541015+00:00,generator,throughput_eps,383.5826620117572,normal,f398aa60-da48-45c3-9eb4-8bb4a858c345,,,0.12
2026-08-10 16:43:36.557362+00:00,detector,events_processed,1.0,normal,f398aa60-da48-45c3-9eb4-8bb4a858c345,,,0.14
2026-08-10 16:43:36.557362+00:00,detector,alerts_emitted,1.0,normal,f398aa60-da48-45c3-9eb4-8bb4a858c345,,,0.14
2026-08-10 16:43:36.557362+00:00,orchestrator,events_received,1.0,normal,f398aa60-da48-45c3-9eb4-8bb4a858c345,,,0.14
2026-08-10 16:43:36.558369+00:00,detector,throughput_eps,0.2,normal,f398aa60-da48-45c3-9eb4-8bb4a858c345,,,0.14
2026-08-10 16:43:36.558369+00:00,detector,queue_wait_ms,116.385498046875,normal,f398aa60-da48-45c3-9eb4-8bb4a858c345,,,0.14
2026-08-10 16:43:36.559368+00:00,detector,stage_latency_ms,19.11139999901934,normal,f398aa60-da48-45c3-9eb4-8bb4a858c345,,,0.14
2026-08-10 16:43:36.559368+00:00,detector,end_to_end_latency_ms,135.72802734375,normal,f398aa60-da48-45c3-9eb4-8bb4a858c345,,,0.14
2026-08-10 16:43:36.580981+00:00,detector,alerts_emitted,2.0,normal,f398aa60-da48-45c3-9eb4-8bb4a858c345,,,0.16
2026-08-10 16:43:36.580981+00:00,generator,events_sent,3.0,normal,f398aa60-da48-45c3-9eb4-8bb4a858c345,,,0.16
2026-08-10 16:43:36.580981+00:00,detector,events_processed,2.0,normal,f398aa60-da48-45c3-9eb4-8bb4a858c345,,,0.16
2026-08-10 16:43:36.581983+00:00,detector,throughput_eps,42.24114625463789,normal,f398aa60-da48-45c3-9eb4-8bb4a858c345,,,0.16
2026-08-10 16:43:36.581983+00:00,generator,throughput_eps,46.44185711651389,normal,f398aa60-da48-45c3-9eb4-8bb4a858c345,,,0.16
2026-08-10 16:43:36.581983+00:00,detector,queue_wait_ms,23.313720703125,normal,f398aa60-da48-45c3-9eb4-8bb4a858c345,,,0.16
2026-08-10 16:43:36.581983+00:00,detector,stage_latency_ms,19.122199999401346,normal,f398aa60-da48-45c3-9eb4-8bb4a858c345,,,0.16
2026-08-10 16:43:36.582981+00:00,detector,end_to_end_latency_ms,41.928955078125,normal,f398aa60-da48-45c3-9eb4-8bb4a858c345,,,0.16
2026-08-10 16:43:36.582981+00:00,orchestrator,events_processed,1.0,normal,f398aa60-da48-45c3-9eb4-8bb4a858c345,,,0.16
2026-08-10 16:43:36.582981+00:00,orchestrator,throughput_eps,0.2,normal,f398aa60-da48-45c3-9eb4-8bb4a858c345,,,0.16
2026-08-10 16:43:36.583980+00:00,orchestrator,queue_wait_ms,2.3095703125,normal,f398aa60-da48-45c3-9eb4-8bb4a858c345,,,0.16
2026-08-10 16:43:36.583980+00:00,orchestrator,stage_latency_ms,25.11880000020028,normal,f398aa60-da48-45c3-9eb4-8bb4a858c345,,,0.16
2026-08-10 16:43:36.583980+00:00,orchestrator,end_to_end_latency_ms,161.34716796875,normal,f398aa60-da48-45c3-9eb4-8bb4a858c345,,,0.16
2026-08-10 16:43:36.584983+00:00,orchestrator,xai_latency_ms,0.0020000006770715117,normal,f398aa60-da48-45c3-9eb4-8bb4a858c345,,deterministic,0.16
2026-08-10 16:43:36.586980+00:00,orchestrator,events_received,2.0,normal,f398aa60-da48-45c3-9eb4-8bb4a858c345,,,0.17
2026-08-10 16:43:36.603377+00:00,detector,events_processed,3.0,normal,f398aa60-da48-45c3-9eb4-8bb4a858c345,,,0.18
2026-08-10 16:43:36.604419+00:00,detector,stage_latency_ms,18.48520000021381,normal,f398aa60-da48-45c3-9eb4-8bb4a858c345,,,0.18
2026-08-10 16:43:36.604419+00:00,detector,queue_wait_ms,5.008056640625,normal,f398aa60-da48-45c3-9eb4-8bb4a858c345,,,0.18
2026-08-10 16:43:36.604419+00:00,detector,alerts_emitted,3.0,normal,f398aa60-da48-45c3-9eb4-8bb4a858c345,,,0.18
2026-08-10 16:43:36.604419+00:00,detector,throughput_eps,43.190853903893384,normal,f398aa60-da48-45c3-9eb4-8bb4a858c345,,,0.18
2026-08-10 16:43:36.605381+00:00,detector,end_to_end_latency_ms,23.402587890625,normal,f398aa60-da48-45c3-9eb4-8bb4a858c345,,,0.18
2026-08-10 16:43:36.611382+00:00,orchestrator,events_processed,2.0,normal,f398aa60-da48-45c3-9eb4-8bb4a858c345,,,0.19
2026-08-10 16:43:36.611382+00:00,orchestrator,throughput_eps,34.98301574526023,normal,f398aa60-da48-45c3-9eb4-8bb4a858c345,,,0.19
2026-08-10 16:43:36.612381+00:00,orchestrator,queue_wait_ms,8.614501953125,normal,f398aa60-da48-45c3-9eb4-8bb4a858c345,,,0.19
2026-08-10 16:43:36.612381+00:00,orchestrator,stage_latency_ms,24.46320000126434,normal,f398aa60-da48-45c3-9eb4-8bb4a858c345,,,0.19
2026-08-10 16:43:36.612381+00:00,orchestrator,end_to_end_latency_ms,72.32958984375,normal,f398aa60-da48-45c3-9eb4-8bb4a858c345,,,0.19
2026-08-10 16:43:36.613381+00:00,orchestrator,xai_latency_ms,0.0017000002117129043,normal,f398aa60-da48-45c3-9eb4-8bb4a858c345,,deterministic,0.19
2026-08-10 16:43:36.615382+00:00,orchestrator,events_received,3.0,normal,f398aa60-da48-45c3-9eb4-8bb4a858c345,,,0.19
2026-08-10 16:43:36.621264+00:00,generator,events_sent,4.0,normal,f398aa60-da48-45c3-9eb4-8bb4a858c345,,,0.2
2026-08-10 16:43:36.622264+00:00,generator,throughput_eps,36.03776758036164,normal,f398aa60-da48-45c3-9eb4-8bb4a858c345,,,0.2
2026-08-10 16:43:36.641264+00:00,orchestrator,throughput_eps,34.4835909836249,normal,f398aa60-da48-45c3-9eb4-8bb4a858c345,,,0.22
2026-08-10 16:43:36.641264+00:00,orchestrator,queue_wait_ms,14.402587890625,normal,f398aa60-da48-45c3-9eb4-8bb4a858c345,,,0.22
2026-08-10 16:43:36.641264+00:00,detector,events_processed,4.0,normal,f398aa60-da48-45c3-9eb4-8bb4a858c345,,,0.22
2026-08-10 16:43:36.641264+00:00,orchestrator,events_processed,3.0,normal,f398aa60-da48-45c3-9eb4-8bb4a858c345,,,0.22
2026-08-10 16:43:36.642265+00:00,detector,throughput_eps,35.863717871876446,normal,f398aa60-da48-45c3-9eb4-8bb4a858c345,,,0.22
2026-08-10 16:43:36.642265+00:00,orchestrator,end_to_end_latency_ms,61.289306640625,normal,f398aa60-da48-45c3-9eb4-8bb4a858c345,,,0.22
2026-08-10 16:43:36.642265+00:00,detector,queue_wait_ms,1.990966796875,normal,f398aa60-da48-45c3-9eb4-8bb4a858c345,,,0.22
2026-08-10 16:43:36.643265+00:00,detector,stage_latency_ms,18.93219999874418,normal,f398aa60-da48-45c3-9eb4-8bb4a858c345,,,0.22
2026-08-10 16:43:36.643265+00:00,detector,end_to_end_latency_ms,20.99072265625,normal,f398aa60-da48-45c3-9eb4-8bb4a858c345,,,0.22
2026-08-10 16:43:36.645264+00:00,orchestrator,events_received,4.0,normal,f398aa60-da48-45c3-9eb4-8bb4a858c345,,,0.22
2026-08-10 16:43:36.662490+00:00,generator,events_sent,5.0,normal,f398aa60-da48-45c3-9eb4-8bb4a858c345,,,0.24
2026-08-10 16:43:36.662490+00:00,generator,throughput_eps,32.288217545029944,normal,f398aa60-da48-45c3-9eb4-8bb4a858c345,,,0.24
2026-08-10 16:43:36.681535+00:00,detector,events_processed,5.0,normal,f398aa60-da48-45c3-9eb4-8bb4a858c345,,,0.26
2026-08-10 16:43:36.681535+00:00,detector,alerts_emitted,5.0,normal,f398aa60-da48-45c3-9eb4-8bb4a858c345,,,0.26
2026-08-10 16:43:36.682533+00:00,detector,throughput_eps,32.18269472114247,normal,f398aa60-da48-45c3-9eb4-8bb4a858c345,,,0.26
2026-08-10 16:43:36.683534+00:00,detector,end_to_end_latency_ms,21.039306640625,normal,f398aa60-da48-45c3-9eb4-8bb4a858c345,,,0.26
2026-08-10 16:43:36.683534+00:00,detector,stage_latency_ms,18.892099998993217,normal,f398aa60-da48-45c3-9eb4-8bb4a858c345,,,0.26
2026-08-10 16:43:36.683534+00:00,detector,queue_wait_ms,1.994140625,normal,f398aa60-da48-45c3-9eb4-8bb4a858c345,,,0.26
2026-08-10 16:43:36.702506+00:00,generator,events_sent,6.0,normal,f398aa60-da48-45c3-9eb4-8bb4a858c345,,,0.28
2026-08-10 16:43:36.703314+00:00,generator,throughput_eps,30.464826225520557,normal,f398aa60-da48-45c3-9eb4-8bb4a858c345,,,0.28
2026-08-10 16:43:36.717546+00:00,orchestrator,events_processed,4.0,normal,f398aa60-da48-45c3-9eb4-8bb4a858c345,,,0.3
2026-08-10 16:43:36.717546+00:00,orchestrator,throughput_eps,22.345569767450147,normal,f398aa60-da48-45c3-9eb4-8bb4a858c345,,,0.3
2026-08-10 16:43:36.717546+00:00,orchestrator,queue_wait_ms,5.999267578125,normal,f398aa60-da48-45c3-9eb4-8bb4a858c345,,,0.3
2026-08-10 16:43:36.718546+00:00,orchestrator,stage_latency_ms,71.56620000023395,normal,f398aa60-da48-45c3-9eb4-8bb4a858c345,,,0.3
2026-08-10 16:43:36.718546+00:00,orchestrator,end_to_end_latency_ms,97.272216796875,normal,f398aa60-da48-45c3-9eb4-8bb4a858c345,,,0.3
2026-08-10 16:43:36.719546+00:00,orchestrator,xai_latency_ms,0.0020000006770715117,normal,f398aa60-da48-45c3-9eb4-8bb4a858c345,,deterministic,0.3
2026-08-10 16:43:36.721548+00:00,detector,events_processed,6.0,normal,f398aa60-da48-45c3-9eb4-8bb4a858c345,,,0.3
2026-08-10 16:43:36.721548+00:00,detector,alerts_emitted,6.0,normal,f398aa60-da48-45c3-9eb4-8bb4a858c345,,,0.3
2026-08-10 16:43:36.721548+00:00,orchestrator,events_received,5.0,normal,f398aa60-da48-45c3-9eb4-8bb4a858c345,,,0.3
2026-08-10 16:43:36.721548+00:00,detector,throughput_eps,30.46638552285204,normal,f398aa60-da48-45c3-9eb4-8bb4a858c345,,,0.3
2026-08-10 16:43:36.722549+00:00,detector,end_to_end_latency_ms,21.03125,normal,f398aa60-da48-45c3-9eb4-8bb4a858c345,,,0.3
2026-08-10 16:43:36.722549+00:00,detector,queue_wait_ms,1.9892578125,normal,f398aa60-da48-45c3-9eb4-8bb4a858c345,,,0.3
2026-08-10 16:43:36.722549+00:00,detector,stage_latency_ms,18.642799999724957,normal,f398aa60-da48-45c3-9eb4-8bb4a858c345,,,0.3
2026-08-10 16:43:36.742383+00:00,generator,events_sent,7.0,normal,f398aa60-da48-45c3-9eb4-8bb4a858c345,,,0.32
2026-08-10 16:43:36.742383+00:00,generator,throughput_eps,29.41177912330853,normal,f398aa60-da48-45c3-9eb4-8bb4a858c345,,,0.32
2026-08-10 16:43:36.746383+00:00,orchestrator,events_processed,5.0,normal,f398aa60-da48-45c3-9eb4-8bb4a858c345,,,0.33
2026-08-10 16:43:36.747384+00:00,orchestrator,throughput_eps,24.424214410268686,normal,f398aa60-da48-45c3-9eb4-8bb4a858c345,,,0.33
2026-08-10 16:43:36.747384+00:00,orchestrator,queue_wait_ms,42.0146484375,normal,f398aa60-da48-45c3-9eb4-8bb4a858c345,,,0.33
2026-08-10 16:43:36.747384+00:00,orchestrator,stage_latency_ms,24.80230000037409,normal,f398aa60-da48-45c3-9eb4-8bb4a858c345,,,0.33
2026-08-10 16:43:36.748383+00:00,orchestrator,end_to_end_latency_ms,85.887451171875,normal,f398aa60-da48-45c3-9eb4-8bb4a858c345,,,0.33
2026-08-10 16:43:36.748383+00:00,orchestrator,xai_latency_ms,0.0017999991541728377,normal,f398aa60-da48-45c3-9eb4-8bb4a858c345,,deterministic,0.33
2026-08-10 16:43:36.751383+00:00,orchestrator,events_received,6.0,normal,f398aa60-da48-45c3-9eb4-8bb4a858c345,,,0.33
2026-08-10 16:43:36.760987+00:00,detector,alerts_emitted,7.0,normal,f398aa60-da48-45c3-9eb4-8bb4a858c345,,,0.34
2026-08-10 16:43:36.760987+00:00,detector,events_processed,7.0,normal,f398aa60-da48-45c3-9eb4-8bb4a858c345,,,0.34
2026-08-10 16:43:36.762020+00:00,detector,stage_latency_ms,18.374100000073668,normal,f398aa60-da48-45c3-9eb4-8bb4a858c345,,,0.34
2026-08-10 16:43:36.762020+00:00,detector,queue_wait_ms,1.989990234375,normal,f398aa60-da48-45c3-9eb4-8bb4a858c345,,,0.34
2026-08-10 16:43:36.762020+00:00,detector,throughput_eps,29.440180252251967,normal,f398aa60-da48-45c3-9eb4-8bb4a858c345,,,0.34
2026-08-10 16:43:36.762993+00:00,detector,end_to_end_latency_ms,20.594482421875,normal,f398aa60-da48-45c3-9eb4-8bb4a858c345,,,0.34
2026-08-10 16:43:36.775315+00:00,orchestrator,events_processed,6.0,normal,f398aa60-da48-45c3-9eb4-8bb4a858c345,,,0.35
2026-08-10 16:43:36.776336+00:00,orchestrator,throughput_eps,25.926697965239565,normal,f398aa60-da48-45c3-9eb4-8bb4a858c345,,,0.36
2026-08-10 16:43:36.776336+00:00,orchestrator,queue_wait_ms,31.837158203125,normal,f398aa60-da48-45c3-9eb4-8bb4a858c345,,,0.36
2026-08-10 16:43:36.776336+00:00,orchestrator,stage_latency_ms,24.551100001190207,normal,f398aa60-da48-45c3-9eb4-8bb4a858c345,,,0.36
2026-08-10 16:43:36.776336+00:00,orchestrator,end_to_end_latency_ms,74.797607421875,normal,f398aa60-da48-45c3-9eb4-8bb4a858c345,,,0.36
2026-08-10 16:43:36.777314+00:00,orchestrator,xai_latency_ms,0.0020000006770715117,normal,f398aa60-da48-45c3-9eb4-8bb4a858c345,,deterministic,0.36
2026-08-10 16:43:36.780314+00:00,orchestrator,events_received,7.0,normal,f398aa60-da48-45c3-9eb4-8bb4a858c345,,,0.36
2026-08-10 16:43:36.781314+00:00,generator,events_sent,8.0,normal,f398aa60-da48-45c3-9eb4-8bb4a858c345,,,0.36
2026-08-10 16:43:36.782315+00:00,generator,throughput_eps,28.77741614152664,normal,f398aa60-da48-45c3-9eb4-8bb4a858c345,,,0.36
2026-08-10 16:43:36.801315+00:00,detector,events_processed,8.0,normal,f398aa60-da48-45c3-9eb4-8bb4a858c345,,,0.38
2026-08-10 16:43:36.801315+00:00,detector,alerts_emitted,8.0,normal,f398aa60-da48-45c3-9eb4-8bb4a858c345,,,0.38
2026-08-10 16:43:36.802314+00:00,detector,queue_wait_ms,2.000732421875,normal,f398aa60-da48-45c3-9eb4-8bb4a858c345,,,0.38
2026-08-10 16:43:36.802314+00:00,detector,throughput_eps,28.677406218665087,normal,f398aa60-da48-45c3-9eb4-8bb4a858c345,,,0.38
2026-08-10 16:43:36.803315+00:00,detector,stage_latency_ms,19.43770000070799,normal,f398aa60-da48-45c3-9eb4-8bb4a858c345,,,0.38
2026-08-10 16:43:36.803315+00:00,detector,end_to_end_latency_ms,21.0009765625,normal,f398aa60-da48-45c3-9eb4-8bb4a858c345,,,0.38
2026-08-10 16:43:36.821988+00:00,generator,events_sent,9.0,normal,f398aa60-da48-45c3-9eb4-8bb4a858c345,,,0.4
2026-08-10 16:43:36.822898+00:00,generator,throughput_eps,28.201336390786892,normal,f398aa60-da48-45c3-9eb4-8bb4a858c345,,,0.4
2026-08-10 16:43:36.840783+00:00,detector,events_processed,9.0,normal,f398aa60-da48-45c3-9eb4-8bb4a858c345,,,0.42
2026-08-10 16:43:36.841790+00:00,detector,alerts_emitted,9.0,normal,f398aa60-da48-45c3-9eb4-8bb4a858c345,,,0.42
2026-08-10 16:43:36.841790+00:00,detector,throughput_eps,28.207322409301913,normal,f398aa60-da48-45c3-9eb4-8bb4a858c345,,,0.42
2026-08-10 16:43:36.841790+00:00,detector,queue_wait_ms,1.992431640625,normal,f398aa60-da48-45c3-9eb4-8bb4a858c345,,,0.42
2026-08-10 16:43:36.842790+00:00,detector,stage_latency_ms,18.55740000064543,normal,f398aa60-da48-45c3-9eb4-8bb4a858c345,,,0.42
2026-08-10 16:43:36.842790+00:00,detector,end_to_end_latency_ms,20.787109375,normal,f398aa60-da48-45c3-9eb4-8bb4a858c345,,,0.42
2026-08-10 16:43:36.856787+00:00,orchestrator,events_processed,7.0,normal,f398aa60-da48-45c3-9eb4-8bb4a858c345,,,0.44
2026-08-10 16:43:36.857787+00:00,orchestrator,queue_wait_ms,20.93115234375,normal,f398aa60-da48-45c3-9eb4-8bb4a858c345,,,0.44
2026-08-10 16:43:36.857787+00:00,orchestrator,throughput_eps,21.887537455045273,normal,f398aa60-da48-45c3-9eb4-8bb4a858c345,,,0.44
2026-08-10 16:43:36.858786+00:00,orchestrator,xai_latency_ms,0.0022999993234407157,normal,f398aa60-da48-45c3-9eb4-8bb4a858c345,,deterministic,0.44
2026-08-10 16:43:36.858786+00:00,orchestrator,stage_latency_ms,77.09409999915806,normal,f398aa60-da48-45c3-9eb4-8bb4a858c345,,,0.44
2026-08-10 16:43:36.858786+00:00,orchestrator,end_to_end_latency_ms,116.393798828125,normal,f398aa60-da48-45c3-9eb4-8bb4a858c345,,,0.44
2026-08-10 16:43:36.861787+00:00,generator,events_sent,10.0,normal,f398aa60-da48-45c3-9eb4-8bb4a858c345,,,0.44
2026-08-10 16:43:36.861787+00:00,generator,throughput_eps,27.867021052483366,normal,f398aa60-da48-45c3-9eb4-8bb4a858c345,,,0.44
2026-08-10 16:43:36.862341+00:00,orchestrator,events_received,8.0,normal,f398aa60-da48-45c3-9eb4-8bb4a858c345,,,0.44
2026-08-10 16:43:36.881019+00:00,detector,events_processed,10.0,normal,f398aa60-da48-45c3-9eb4-8bb4a858c345,,,0.46
2026-08-10 16:43:36.881019+00:00,detector,alerts_emitted,10.0,normal,f398aa60-da48-45c3-9eb4-8bb4a858c345,,,0.46
2026-08-10 16:43:36.882019+00:00,detector,throughput_eps,27.82674942130078,normal,f398aa60-da48-45c3-9eb4-8bb4a858c345,,,0.46
2026-08-10 16:43:36.882019+00:00,detector,queue_wait_ms,1.99951171875,normal,f398aa60-da48-45c3-9eb4-8bb4a858c345,,,0.46
2026-08-10 16:43:36.882019+00:00,detector,stage_latency_ms,18.928299999970477,normal,f398aa60-da48-45c3-9eb4-8bb4a858c345,,,0.46
2026-08-10 16:43:36.883017+00:00,detector,end_to_end_latency_ms,21.231689453125,normal,f398aa60-da48-45c3-9eb4-8bb4a858c345,,,0.46
2026-08-10 16:43:36.886018+00:00,orchestrator,events_processed,8.0,normal,f398aa60-da48-45c3-9eb4-8bb4a858c345,,,0.47
2026-08-10 16:43:36.887017+00:00,orchestrator,end_to_end_latency_ms,105.704345703125,normal,f398aa60-da48-45c3-9eb4-8bb4a858c345,,,0.47
2026-08-10 16:43:36.887017+00:00,orchestrator,stage_latency_ms,24.13659999911033,normal,f398aa60-da48-45c3-9eb4-8bb4a858c345,,,0.47
2026-08-10 16:43:36.887017+00:00,orchestrator,throughput_eps,23.069092260833237,normal,f398aa60-da48-45c3-9eb4-8bb4a858c345,,,0.47
2026-08-10 16:43:36.887017+00:00,orchestrator,queue_wait_ms,63.025634765625,normal,f398aa60-da48-45c3-9eb4-8bb4a858c345,,,0.47
2026-08-10 16:43:36.888018+00:00,orchestrator,xai_latency_ms,0.0020000006770715117,normal,f398aa60-da48-45c3-9eb4-8bb4a858c345,,deterministic,0.47
2026-08-10 16:43:36.888018+00:00,orchestrator,events_received,9.0,normal,f398aa60-da48-45c3-9eb4-8bb4a858c345,,,0.47
2026-08-10 16:43:36.902446+00:00,generator,events_sent,11.0,normal,f398aa60-da48-45c3-9eb4-8bb4a858c345,,,0.48
2026-08-10 16:43:36.903391+00:00,generator,throughput_eps,27.462975789089686,normal,f398aa60-da48-45c3-9eb4-8bb4a858c345,,,0.48
2026-08-10 16:43:36.912444+00:00,orchestrator,events_processed,9.0,normal,f398aa60-da48-45c3-9eb4-8bb4a858c345,,,0.49
2026-08-10 16:43:36.913444+00:00,orchestrator,throughput_eps,24.254419155198626,normal,f398aa60-da48-45c3-9eb4-8bb4a858c345,,,0.49
2026-08-10 16:43:36.913444+00:00,orchestrator,queue_wait_ms,49.029296875,normal,f398aa60-da48-45c3-9eb4-8bb4a858c345,,,0.49
2026-08-10 16:43:36.913444+00:00,orchestrator,stage_latency_ms,24.662300000272808,normal,f398aa60-da48-45c3-9eb4-8bb4a858c345,,,0.49
2026-08-10 16:43:36.913444+00:00,orchestrator,end_to_end_latency_ms,92.4482421875,normal,f398aa60-da48-45c3-9eb4-8bb4a858c345,,,0.49
2026-08-10 16:43:36.914445+00:00,orchestrator,xai_latency_ms,0.0020000006770715117,normal,f398aa60-da48-45c3-9eb4-8bb4a858c345,,deterministic,0.49
2026-08-10 16:43:36.916446+00:00,orchestrator,events_received,10.0,normal,f398aa60-da48-45c3-9eb4-8bb4a858c345,,,0.5
2026-08-10 16:43:36.921445+00:00,detector,alerts_emitted,11.0,normal,f398aa60-da48-45c3-9eb4-8bb4a858c345,,,0.5
2026-08-10 16:43:36.921445+00:00,detector,throughput_eps,27.493925904441227,normal,f398aa60-da48-45c3-9eb4-8bb4a858c345,,,0.5
2026-08-10 16:43:36.921445+00:00,detector,events_processed,11.0,normal,f398aa60-da48-45c3-9eb4-8bb4a858c345,,,0.5
2026-08-10 16:43:36.922445+00:00,detector,queue_wait_ms,2.002197265625,normal,f398aa60-da48-45c3-9eb4-8bb4a858c345,,,0.5
2026-08-10 16:43:36.922445+00:00,detector,stage_latency_ms,18.166300000302726,normal,f398aa60-da48-45c3-9eb4-8bb4a858c345,,,0.5
2026-08-10 16:43:36.922445+00:00,detector,end_to_end_latency_ms,21.001220703125,normal,f398aa60-da48-45c3-9eb4-8bb4a858c345,,,0.5
2026-08-10 16:43:36.940740+00:00,generator,events_sent,12.0,normal,f398aa60-da48-45c3-9eb4-8bb4a858c345,,,0.52
2026-08-10 16:43:36.940740+00:00,generator,throughput_eps,27.327678491300013,normal,f398aa60-da48-45c3-9eb4-8bb4a858c345,,,0.52
2026-08-10 16:43:36.941738+00:00,orchestrator,events_processed,10.0,normal,f398aa60-da48-45c3-9eb4-8bb4a858c345,,,0.52
2026-08-10 16:43:36.941857+00:00,orchestrator,throughput_eps,25.107515962799464,normal,f398aa60-da48-45c3-9eb4-8bb4a858c345,,,0.52
2026-08-10 16:43:36.941857+00:00,orchestrator,queue_wait_ms,37.65673828125,normal,f398aa60-da48-45c3-9eb4-8bb4a858c345,,,0.52
2026-08-10 16:43:36.942737+00:00,orchestrator,stage_latency_ms,24.61560000119789,normal,f398aa60-da48-45c3-9eb4-8bb4a858c345,,,0.52
2026-08-10 16:43:36.942737+00:00,orchestrator,end_to_end_latency_ms,81.9501953125,normal,f398aa60-da48-45c3-9eb4-8bb4a858c345,,,0.52
2026-08-10 16:43:36.942737+00:00,orchestrator,xai_latency_ms,0.00270000055024866,normal,f398aa60-da48-45c3-9eb4-8bb4a858c345,,deterministic,0.52
2026-08-10 16:43:36.944738+00:00,orchestrator,events_received,11.0,normal,f398aa60-da48-45c3-9eb4-8bb4a858c345,,,0.52
2026-08-10 16:43:36.960737+00:00,detector,alerts_emitted,12.0,normal,f398aa60-da48-45c3-9eb4-8bb4a858c345,,,0.54
2026-08-10 16:43:36.960737+00:00,detector,events_processed,12.0,normal,f398aa60-da48-45c3-9eb4-8bb4a858c345,,,0.54
2026-08-10 16:43:36.961737+00:00,detector,throughput_eps,27.271079738839216,normal,f398aa60-da48-45c3-9eb4-8bb4a858c345,,,0.54
2026-08-10 16:43:36.961737+00:00,detector,queue_wait_ms,2.0,normal,f398aa60-da48-45c3-9eb4-8bb4a858c345,,,0.54
2026-08-10 16:43:36.961737+00:00,detector,stage_latency_ms,19.339599999511847,normal,f398aa60-da48-45c3-9eb4-8bb4a858c345,,,0.54
2026-08-10 16:43:36.962736+00:00,detector,end_to_end_latency_ms,20.999755859375,normal,f398aa60-da48-45c3-9eb4-8bb4a858c345,,,0.54
2026-08-10 16:43:36.970738+00:00,orchestrator,events_processed,11.0,normal,f398aa60-da48-45c3-9eb4-8bb4a858c345,,,0.55
2026-08-10 16:43:36.970738+00:00,orchestrator,throughput_eps,25.812380133779627,normal,f398aa60-da48-45c3-9eb4-8bb4a858c345,,,0.55
2026-08-10 16:43:36.970738+00:00,orchestrator,queue_wait_ms,25.29345703125,normal,f398aa60-da48-45c3-9eb4-8bb4a858c345,,,0.55
2026-08-10 16:43:36.970738+00:00,orchestrator,stage_latency_ms,25.165900000502006,normal,f398aa60-da48-45c3-9eb4-8bb4a858c345,,,0.55
2026-08-10 16:43:36.971737+00:00,orchestrator,end_to_end_latency_ms,70.293701171875,normal,f398aa60-da48-45c3-9eb4-8bb4a858c345,,,0.55
2026-08-10 16:43:36.971737+00:00,orchestrator,xai_latency_ms,0.0020000006770715117,normal,f398aa60-da48-45c3-9eb4-8bb4a858c345,,deterministic,0.55
2026-08-10 16:43:36.974737+00:00,orchestrator,events_received,12.0,normal,f398aa60-da48-45c3-9eb4-8bb4a858c345,,,0.55
2026-08-10 16:43:36.980703+00:00,generator,events_sent,13.0,normal,f398aa60-da48-45c3-9eb4-8bb4a858c345,,,0.56
2026-08-10 16:43:36.981703+00:00,generator,throughput_eps,27.108333711711285,normal,f398aa60-da48-45c3-9eb4-8bb4a858c345,,,0.56
2026-08-10 16:43:36.999704+00:00,orchestrator,queue_wait_ms,15.998779296875,normal,f398aa60-da48-45c3-9eb4-8bb4a858c345,,,0.58
2026-08-10 16:43:36.999704+00:00,orchestrator,throughput_eps,26.411559811506827,normal,f398aa60-da48-45c3-9eb4-8bb4a858c345,,,0.58
2026-08-10 16:43:36.999704+00:00,orchestrator,events_processed,12.0,normal,f398aa60-da48-45c3-9eb4-8bb4a858c345,,,0.58
2026-08-10 16:43:37.000703+00:00,orchestrator,stage_latency_ms,25.06149999862828,normal,f398aa60-da48-45c3-9eb4-8bb4a858c345,,,0.58
2026-08-10 16:43:37.000703+00:00,detector,events_processed,13.0,normal,f398aa60-da48-45c3-9eb4-8bb4a858c345,,,0.58
2026-08-10 16:43:37.000703+00:00,orchestrator,xai_latency_ms,0.0017999991541728377,normal,f398aa60-da48-45c3-9eb4-8bb4a858c345,,deterministic,0.58
2026-08-10 16:43:37.000703+00:00,detector,alerts_emitted,13.0,normal,f398aa60-da48-45c3-9eb4-8bb4a858c345,,,0.58
2026-08-10 16:43:37.000703+00:00,detector,throughput_eps,27.07990603268506,normal,f398aa60-da48-45c3-9eb4-8bb4a858c345,,,0.58
2026-08-10 16:43:37.001703+00:00,detector,queue_wait_ms,1.989990234375,normal,f398aa60-da48-45c3-9eb4-8bb4a858c345,,,0.58
2026-08-10 16:43:37.001703+00:00,detector,stage_latency_ms,19.03360000142129,normal,f398aa60-da48-45c3-9eb4-8bb4a858c345,,,0.58
2026-08-10 16:43:37.001703+00:00,detector,end_to_end_latency_ms,20.98974609375,normal,f398aa60-da48-45c3-9eb4-8bb4a858c345,,,0.58
2026-08-10 16:43:37.003703+00:00,orchestrator,events_received,13.0,normal,f398aa60-da48-45c3-9eb4-8bb4a858c345,,,0.58
2026-08-10 16:43:37.021006+00:00,generator,events_sent,14.0,normal,f398aa60-da48-45c3-9eb4-8bb4a858c345,,,0.6
2026-08-10 16:43:37.022006+00:00,generator,throughput_eps,26.9131580707046,normal,f398aa60-da48-45c3-9eb4-8bb4a858c345,,,0.6
2026-08-10 16:43:37.028006+00:00,orchestrator,events_processed,13.0,normal,f398aa60-da48-45c3-9eb4-8bb4a858c345,,,0.61
2026-08-10 16:43:37.029005+00:00,orchestrator,stage_latency_ms,25.002300000778632,normal,f398aa60-da48-45c3-9eb4-8bb4a858c345,,,0.61
2026-08-10 16:43:37.029005+00:00,orchestrator,queue_wait_ms,5.000732421875,normal,f398aa60-da48-45c3-9eb4-8bb4a858c345,,,0.61
2026-08-10 16:43:37.029005+00:00,orchestrator,throughput_eps,26.94103415850575,normal,f398aa60-da48-45c3-9eb4-8bb4a858c345,,,0.61
2026-08-10 16:43:37.030006+00:00,orchestrator,end_to_end_latency_ms,48.29248046875,normal,f398aa60-da48-45c3-9eb4-8bb4a858c345,,,0.61
2026-08-10 16:43:37.030006+00:00,orchestrator,xai_latency_ms,0.0018999999156221747,normal,f398aa60-da48-45c3-9eb4-8bb4a858c345,,deterministic,0.61
2026-08-10 16:43:37.041005+00:00,detector,events_processed,14.0,normal,f398aa60-da48-45c3-9eb4-8bb4a858c345,,,0.62
2026-08-10 16:43:37.042005+00:00,detector,alerts_emitted,14.0,normal,f398aa60-da48-45c3-9eb4-8bb4a858c345,,,0.62
2026-08-10 16:43:37.042005+00:00,orchestrator,events_received,14.0,normal,f398aa60-da48-45c3-9eb4-8bb4a858c345,,,0.62
2026-08-10 16:43:37.042005+00:00,detector,throughput_eps,26.861302285466547,normal,f398aa60-da48-45c3-9eb4-8bb4a858c345,,,0.62
2026-08-10 16:43:37.042005+00:00,detector,queue_wait_ms,1.9990234375,normal,f398aa60-da48-45c3-9eb4-8bb4a858c345,,,0.62
2026-08-10 16:43:37.043005+00:00,detector,stage_latency_ms,19.548400001440314,normal,f398aa60-da48-45c3-9eb4-8bb4a858c345,,,0.62
2026-08-10 16:43:37.043005+00:00,detector,end_to_end_latency_ms,20.998046875,normal,f398aa60-da48-45c3-9eb4-8bb4a858c345,,,0.62
2026-08-10 16:43:37.062154+00:00,generator,events_sent,15.0,normal,f398aa60-da48-45c3-9eb4-8bb4a858c345,,,0.64
2026-08-10 16:43:37.062154+00:00,generator,throughput_eps,26.747975417065046,normal,f398aa60-da48-45c3-9eb4-8bb4a858c345,,,0.64
2026-08-10 16:43:37.066669+00:00,orchestrator,queue_wait_ms,3.0,normal,f398aa60-da48-45c3-9eb4-8bb4a858c345,,,0.65
2026-08-10 16:43:37.066669+00:00,orchestrator,events_processed,14.0,normal,f398aa60-da48-45c3-9eb4-8bb4a858c345,,,0.65
2026-08-10 16:43:37.066669+00:00,orchestrator,throughput_eps,26.875829532765756,normal,f398aa60-da48-45c3-9eb4-8bb4a858c345,,,0.65
2026-08-10 16:43:37.067668+00:00,orchestrator,stage_latency_ms,24.88190000076429,normal,f398aa60-da48-45c3-9eb4-8bb4a858c345,,,0.65
2026-08-10 16:43:37.067668+00:00,orchestrator,end_to_end_latency_ms,46.66162109375,normal,f398aa60-da48-45c3-9eb4-8bb4a858c345,,,0.65
2026-08-10 16:43:37.067668+00:00,orchestrator,xai_latency_ms,0.0017000002117129043,normal,f398aa60-da48-45c3-9eb4-8bb4a858c345,,deterministic,0.65
2026-08-10 16:43:37.081669+00:00,detector,events_processed,15.0,normal,f398aa60-da48-45c3-9eb4-8bb4a858c345,,,0.66
2026-08-10 16:43:37.081669+00:00,detector,alerts_emitted,15.0,normal,f398aa60-da48-45c3-9eb4-8bb4a858c345,,,0.66
2026-08-10 16:43:37.081669+00:00,orchestrator,events_received,15.0,normal,f398aa60-da48-45c3-9eb4-8bb4a858c345,,,0.66
2026-08-10 16:43:37.081669+00:00,detector,throughput_eps,26.717567449467065,normal,f398aa60-da48-45c3-9eb4-8bb4a858c345,,,0.66
2026-08-10 16:43:37.082669+00:00,detector,queue_wait_ms,2.0,normal,f398aa60-da48-45c3-9eb4-8bb4a858c345,,,0.66
2026-08-10 16:43:37.082669+00:00,detector,stage_latency_ms,19.20819999941159,normal,f398aa60-da48-45c3-9eb4-8bb4a858c345,,,0.66
2026-08-10 16:43:37.082669+00:00,detector,end_to_end_latency_ms,21.515380859375,normal,f398aa60-da48-45c3-9eb4-8bb4a858c345,,,0.66
2026-08-10 16:43:37.102655+00:00,generator,throughput_eps,26.600682786250072,normal,f398aa60-da48-45c3-9eb4-8bb4a858c345,,,0.68
2026-08-10 16:43:37.102655+00:00,generator,events_sent,16.0,normal,f398aa60-da48-45c3-9eb4-8bb4a858c345,,,0.68
2026-08-10 16:43:37.106655+00:00,orchestrator,events_processed,15.0,normal,f398aa60-da48-45c3-9eb4-8bb4a858c345,,,0.69
2026-08-10 16:43:37.107655+00:00,orchestrator,throughput_eps,26.711536960842803,normal,f398aa60-da48-45c3-9eb4-8bb4a858c345,,,0.69
2026-08-10 16:43:37.107655+00:00,orchestrator,queue_wait_ms,2.00048828125,normal,f398aa60-da48-45c3-9eb4-8bb4a858c345,,,0.69
2026-08-10 16:43:37.107655+00:00,orchestrator,stage_latency_ms,25.32219999920926,normal,f398aa60-da48-45c3-9eb4-8bb4a858c345,,,0.69
2026-08-10 16:43:37.108655+00:00,orchestrator,end_to_end_latency_ms,46.501708984375,normal,f398aa60-da48-45c3-9eb4-8bb4a858c345,,,0.69
2026-08-10 16:43:37.108655+00:00,orchestrator,xai_latency_ms,0.0017999991541728377,normal,f398aa60-da48-45c3-9eb4-8bb4a858c345,,deterministic,0.69
2026-08-10 16:43:37.121991+00:00,detector,events_processed,16.0,normal,f398aa60-da48-45c3-9eb4-8bb4a858c345,,,0.7
2026-08-10 16:43:37.121991+00:00,detector,alerts_emitted,16.0,normal,f398aa60-da48-45c3-9eb4-8bb4a858c345,,,0.7
2026-08-10 16:43:37.121991+00:00,orchestrator,events_received,16.0,normal,f398aa60-da48-45c3-9eb4-8bb4a858c345,,,0.7
2026-08-10 16:43:37.121991+00:00,detector,throughput_eps,26.58156784463721,normal,f398aa60-da48-45c3-9eb4-8bb4a858c345,,,0.7
2026-08-10 16:43:37.122960+00:00,detector,stage_latency_ms,18.924099998912425,normal,f398aa60-da48-45c3-9eb4-8bb4a858c345,,,0.7
2026-08-10 16:43:37.122960+00:00,detector,queue_wait_ms,2.0,normal,f398aa60-da48-45c3-9eb4-8bb4a858c345,,,0.7
2026-08-10 16:43:37.122960+00:00,detector,end_to_end_latency_ms,21.336669921875,normal,f398aa60-da48-45c3-9eb4-8bb4a858c345,,,0.7
2026-08-10 16:43:37.142071+00:00,generator,throughput_eps,26.518318771667023,normal,f398aa60-da48-45c3-9eb4-8bb4a858c345,,,0.72
2026-08-10 16:43:37.142071+00:00,generator,events_sent,17.0,normal,f398aa60-da48-45c3-9eb4-8bb4a858c345,,,0.72
2026-08-10 16:43:37.146071+00:00,orchestrator,throughput_eps,26.634113860840884,normal,f398aa60-da48-45c3-9eb4-8bb4a858c345,,,0.73
2026-08-10 16:43:37.146071+00:00,orchestrator,events_processed,16.0,normal,f398aa60-da48-45c3-9eb4-8bb4a858c345,,,0.73
2026-08-10 16:43:37.147072+00:00,orchestrator,queue_wait_ms,2.33642578125,normal,f398aa60-da48-45c3-9eb4-8bb4a858c345,,,0.73
2026-08-10 16:43:37.147072+00:00,orchestrator,stage_latency_ms,24.011699999391567,normal,f398aa60-da48-45c3-9eb4-8bb4a858c345,,,0.73
2026-08-10 16:43:37.147072+00:00,orchestrator,end_to_end_latency_ms,45.415771484375,normal,f398aa60-da48-45c3-9eb4-8bb4a858c345,,,0.73
2026-08-10 16:43:37.147072+00:00,orchestrator,xai_latency_ms,0.0017000002117129043,normal,f398aa60-da48-45c3-9eb4-8bb4a858c345,,deterministic,0.73
2026-08-10 16:43:37.162058+00:00,detector,events_processed,17.0,normal,f398aa60-da48-45c3-9eb4-8bb4a858c345,,,0.74
2026-08-10 16:43:37.162058+00:00,detector,alerts_emitted,17.0,normal,f398aa60-da48-45c3-9eb4-8bb4a858c345,,,0.74
2026-08-10 16:43:37.162058+00:00,orchestrator,events_received,17.0,normal,f398aa60-da48-45c3-9eb4-8bb4a858c345,,,0.74
2026-08-10 16:43:37.162058+00:00,detector,throughput_eps,26.464933301767626,normal,f398aa60-da48-45c3-9eb4-8bb4a858c345,,,0.74
2026-08-10 16:43:37.163059+00:00,detector,queue_wait_ms,1.992919921875,normal,f398aa60-da48-45c3-9eb4-8bb4a858c345,,,0.74
2026-08-10 16:43:37.163059+00:00,detector,stage_latency_ms,19.81540000087989,normal,f398aa60-da48-45c3-9eb4-8bb4a858c345,,,0.74
2026-08-10 16:43:37.163059+00:00,detector,end_to_end_latency_ms,21.9794921875,normal,f398aa60-da48-45c3-9eb4-8bb4a858c345,,,0.74
2026-08-10 16:43:37.182443+00:00,generator,throughput_eps,26.40391560744388,normal,f398aa60-da48-45c3-9eb4-8bb4a858c345,,,0.76
2026-08-10 16:43:37.182443+00:00,generator,events_sent,18.0,normal,f398aa60-da48-45c3-9eb4-8bb4a858c345,,,0.76
2026-08-10 16:43:37.187444+00:00,orchestrator,events_processed,17.0,normal,f398aa60-da48-45c3-9eb4-8bb4a858c345,,,0.77
2026-08-10 16:43:37.187444+00:00,orchestrator,throughput_eps,26.485290979780565,normal,f398aa60-da48-45c3-9eb4-8bb4a858c345,,,0.77
2026-08-10 16:43:37.187444+00:00,orchestrator,queue_wait_ms,1.986328125,normal,f398aa60-da48-45c3-9eb4-8bb4a858c345,,,0.77
2026-08-10 16:43:37.187444+00:00,orchestrator,stage_latency_ms,24.719200000618002,normal,f398aa60-da48-45c3-9eb4-8bb4a858c345,,,0.77
2026-08-10 16:43:37.188443+00:00,orchestrator,end_to_end_latency_ms,47.365478515625,normal,f398aa60-da48-45c3-9eb4-8bb4a858c345,,,0.77
2026-08-10 16:43:37.188443+00:00,orchestrator,xai_latency_ms,0.0018000009731622413,normal,f398aa60-da48-45c3-9eb4-8bb4a858c345,,deterministic,0.77
2026-08-10 16:43:37.201445+00:00,detector,events_processed,18.0,normal,f398aa60-da48-45c3-9eb4-8bb4a858c345,,,0.78
2026-08-10 16:43:37.201445+00:00,detector,alerts_emitted,18.0,normal,f398aa60-da48-45c3-9eb4-8bb4a858c345,,,0.78
2026-08-10 16:43:37.202446+00:00,detector,stage_latency_ms,18.944999999803258,normal,f398aa60-da48-45c3-9eb4-8bb4a858c345,,,0.78
2026-08-10 16:43:37.202446+00:00,orchestrator,events_received,18.0,normal,f398aa60-da48-45c3-9eb4-8bb4a858c345,,,0.78
2026-08-10 16:43:37.202446+00:00,detector,throughput_eps,26.390688371570885,normal,f398aa60-da48-45c3-9eb4-8bb4a858c345,,,0.78
2026-08-10 16:43:37.202446+00:00,detector,queue_wait_ms,2.0009765625,normal,f398aa60-da48-45c3-9eb4-8bb4a858c345,,,0.78
2026-08-10 16:43:37.203444+00:00,detector,end_to_end_latency_ms,21.002197265625,normal,f398aa60-da48-45c3-9eb4-8bb4a858c345,,,0.78
2026-08-10 16:43:37.221726+00:00,generator,throughput_eps,26.348972229013082,normal,f398aa60-da48-45c3-9eb4-8bb4a858c345,,,0.8
2026-08-10 16:43:37.221726+00:00,generator,events_sent,19.0,normal,f398aa60-da48-45c3-9eb4-8bb4a858c345,,,0.8
2026-08-10 16:43:37.226733+00:00,orchestrator,events_processed,18.0,normal,f398aa60-da48-45c3-9eb4-8bb4a858c345,,,0.81
2026-08-10 16:43:37.226733+00:00,orchestrator,throughput_eps,26.395347338661892,normal,f398aa60-da48-45c3-9eb4-8bb4a858c345,,,0.81
2026-08-10 16:43:37.227733+00:00,orchestrator,queue_wait_ms,3.00048828125,normal,f398aa60-da48-45c3-9eb4-8bb4a858c345,,,0.81
2026-08-10 16:43:37.227733+00:00,orchestrator,stage_latency_ms,24.93729999878269,normal,f398aa60-da48-45c3-9eb4-8bb4a858c345,,,0.81
2026-08-10 16:43:37.227733+00:00,orchestrator,end_to_end_latency_ms,46.29052734375,normal,f398aa60-da48-45c3-9eb4-8bb4a858c345,,,0.81
2026-08-10 16:43:37.228733+00:00,orchestrator,xai_latency_ms,0.0021000014385208488,normal,f398aa60-da48-45c3-9eb4-8bb4a858c345,,deterministic,0.81
2026-08-10 16:43:37.241041+00:00,detector,events_processed,19.0,normal,f398aa60-da48-45c3-9eb4-8bb4a858c345,,,0.82
2026-08-10 16:43:37.241041+00:00,detector,alerts_emitted,19.0,normal,f398aa60-da48-45c3-9eb4-8bb4a858c345,,,0.82
2026-08-10 16:43:37.241041+00:00,orchestrator,events_received,19.0,normal,f398aa60-da48-45c3-9eb4-8bb4a858c345,,,0.82
2026-08-10 16:43:37.241041+00:00,detector,throughput_eps,26.335718374029703,normal,f398aa60-da48-45c3-9eb4-8bb4a858c345,,,0.82
2026-08-10 16:43:37.242039+00:00,detector,stage_latency_ms,19.00469999964116,normal,f398aa60-da48-45c3-9eb4-8bb4a858c345,,,0.82
2026-08-10 16:43:37.242039+00:00,detector,queue_wait_ms,2.0009765625,normal,f398aa60-da48-45c3-9eb4-8bb4a858c345,,,0.82
2026-08-10 16:43:37.242039+00:00,detector,end_to_end_latency_ms,21.316162109375,normal,f398aa60-da48-45c3-9eb4-8bb4a858c345,,,0.82
2026-08-10 16:43:37.262707+00:00,generator,throughput_eps,26.240799664886637,normal,f398aa60-da48-45c3-9eb4-8bb4a858c345,,,0.84
2026-08-10 16:43:37.262707+00:00,generator,events_sent,20.0,normal,f398aa60-da48-45c3-9eb4-8bb4a858c345,,,0.84
2026-08-10 16:43:37.266708+00:00,orchestrator,events_processed,19.0,normal,f398aa60-da48-45c3-9eb4-8bb4a858c345,,,0.85
2026-08-10 16:43:37.267708+00:00,orchestrator,throughput_eps,26.307900949571124,normal,f398aa60-da48-45c3-9eb4-8bb4a858c345,,,0.85
2026-08-10 16:43:37.267708+00:00,orchestrator,queue_wait_ms,2.306640625,normal,f398aa60-da48-45c3-9eb4-8bb4a858c345,,,0.85
2026-08-10 16:43:37.267708+00:00,orchestrator,stage_latency_ms,25.83079999931215,normal,f398aa60-da48-45c3-9eb4-8bb4a858c345,,,0.85
2026-08-10 16:43:37.268708+00:00,orchestrator,end_to_end_latency_ms,46.982421875,normal,f398aa60-da48-45c3-9eb4-8bb4a858c345,,,0.85
2026-08-10 16:43:37.268708+00:00,orchestrator,xai_latency_ms,0.002200000380980782,normal,f398aa60-da48-45c3-9eb4-8bb4a858c345,,deterministic,0.85
2026-08-10 16:43:37.283708+00:00,detector,events_processed,20.0,normal,f398aa60-da48-45c3-9eb4-8bb4a858c345,,,0.86
2026-08-10 16:43:37.283708+00:00,detector,alerts_emitted,20.0,normal,f398aa60-da48-45c3-9eb4-8bb4a858c345,,,0.86
2026-08-10 16:43:37.283708+00:00,orchestrator,events_received,20.0,normal,f398aa60-da48-45c3-9eb4-8bb4a858c345,,,0.86
2026-08-10 16:43:37.283708+00:00,detector,throughput_eps,26.161635118728523,normal,f398aa60-da48-45c3-9eb4-8bb4a858c345,,,0.86
2026-08-10 16:43:37.284711+00:00,detector,stage_latency_ms,20.685299999968265,normal,f398aa60-da48-45c3-9eb4-8bb4a858c345,,,0.86
2026-08-10 16:43:37.284711+00:00,detector,queue_wait_ms,2.000732421875,normal,f398aa60-da48-45c3-9eb4-8bb4a858c345,,,0.86
2026-08-10 16:43:37.285707+00:00,detector,end_to_end_latency_ms,23.001708984375,normal,f398aa60-da48-45c3-9eb4-8bb4a858c345,,,0.87
2026-08-10 16:43:37.301922+00:00,generator,events_sent,21.0,normal,f398aa60-da48-45c3-9eb4-8bb4a858c345,,,0.88
2026-08-10 16:43:37.302921+00:00,generator,throughput_eps,26.187755469709817,normal,f398aa60-da48-45c3-9eb4-8bb4a858c345,,,0.88
2026-08-10 16:43:37.308888+00:00,orchestrator,events_processed,20.0,normal,f398aa60-da48-45c3-9eb4-8bb4a858c345,,,0.89
2026-08-10 16:43:37.308888+00:00,orchestrator,throughput_eps,26.18687533100312,normal,f398aa60-da48-45c3-9eb4-8bb4a858c345,,,0.89
2026-08-10 16:43:37.308888+00:00,orchestrator,queue_wait_ms,2.001220703125,normal,f398aa60-da48-45c3-9eb4-8bb4a858c345,,,0.89
2026-08-10 16:43:37.308888+00:00,orchestrator,stage_latency_ms,24.358000000574975,normal,f398aa60-da48-45c3-9eb4-8bb4a858c345,,,0.89
2026-08-10 16:43:37.309887+00:00,orchestrator,end_to_end_latency_ms,48.18115234375,normal,f398aa60-da48-45c3-9eb4-8bb4a858c345,,,0.89
2026-08-10 16:43:37.309887+00:00,orchestrator,xai_latency_ms,0.0016999983927235007,normal,f398aa60-da48-45c3-9eb4-8bb4a858c345,,deterministic,0.89
2026-08-10 16:43:37.321923+00:00,detector,events_processed,21.0,normal,f398aa60-da48-45c3-9eb4-8bb4a858c345,,,0.9
2026-08-10 16:43:37.321923+00:00,detector,alerts_emitted,21.0,normal,f398aa60-da48-45c3-9eb4-8bb4a858c345,,,0.9
2026-08-10 16:43:37.322887+00:00,detector,queue_wait_ms,2.6875,normal,f398aa60-da48-45c3-9eb4-8bb4a858c345,,,0.9
2026-08-10 16:43:37.322887+00:00,detector,stage_latency_ms,19.539299999451032,normal,f398aa60-da48-45c3-9eb4-8bb4a858c345,,,0.9
2026-08-10 16:43:37.322887+00:00,detector,throughput_eps,26.154037078310466,normal,f398aa60-da48-45c3-9eb4-8bb4a858c345,,,0.9
2026-08-10 16:43:37.322887+00:00,orchestrator,events_received,21.0,normal,f398aa60-da48-45c3-9eb4-8bb4a858c345,,,0.9
2026-08-10 16:43:37.323888+00:00,detector,end_to_end_latency_ms,21.689697265625,normal,f398aa60-da48-45c3-9eb4-8bb4a858c345,,,0.9
2026-08-10 16:43:37.342373+00:00,generator,events_sent,22.0,normal,f398aa60-da48-45c3-9eb4-8bb4a858c345,,,0.92
2026-08-10 16:43:37.342373+00:00,generator,throughput_eps,26.12761498544339,normal,f398aa60-da48-45c3-9eb4-8bb4a858c345,,,0.92
2026-08-10 16:43:37.347380+00:00,orchestrator,events_processed,21.0,normal,f398aa60-da48-45c3-9eb4-8bb4a858c345,,,0.93
2026-08-10 16:43:37.348379+00:00,orchestrator,throughput_eps,26.15354116333236,normal,f398aa60-da48-45c3-9eb4-8bb4a858c345,,,0.93
2026-08-10 16:43:37.348379+00:00,orchestrator,queue_wait_ms,2.966552734375,normal,f398aa60-da48-45c3-9eb4-8bb4a858c345,,,0.93
2026-08-10 16:43:37.348379+00:00,orchestrator,stage_latency_ms,25.033400001120754,normal,f398aa60-da48-45c3-9eb4-8bb4a858c345,,,0.93
2026-08-10 16:43:37.349380+00:00,orchestrator,end_to_end_latency_ms,47.146728515625,normal,f398aa60-da48-45c3-9eb4-8bb4a858c345,,,0.93
2026-08-10 16:43:37.349380+00:00,orchestrator,xai_latency_ms,0.0017999991541728377,normal,f398aa60-da48-45c3-9eb4-8bb4a858c345,,deterministic,0.93
2026-08-10 16:43:37.361921+00:00,orchestrator,events_received,22.0,normal,f398aa60-da48-45c3-9eb4-8bb4a858c345,,,0.94
2026-08-10 16:43:37.361921+00:00,detector,events_processed,22.0,normal,f398aa60-da48-45c3-9eb4-8bb4a858c345,,,0.94
2026-08-10 16:43:37.361921+00:00,detector,alerts_emitted,22.0,normal,f398aa60-da48-45c3-9eb4-8bb4a858c345,,,0.94
2026-08-10 16:43:37.361921+00:00,detector,throughput_eps,26.1070832992338,normal,f398aa60-da48-45c3-9eb4-8bb4a858c345,,,0.94
2026-08-10 16:43:37.362921+00:00,detector,stage_latency_ms,19.19579999957932,normal,f398aa60-da48-45c3-9eb4-8bb4a858c345,,,0.94
2026-08-10 16:43:37.362921+00:00,detector,queue_wait_ms,2.0,normal,f398aa60-da48-45c3-9eb4-8bb4a858c345,,,0.94
2026-08-10 16:43:37.363920+00:00,detector,end_to_end_latency_ms,21.5478515625,normal,f398aa60-da48-45c3-9eb4-8bb4a858c345,,,0.94
2026-08-10 16:43:37.382528+00:00,generator,events_sent,23.0,normal,f398aa60-da48-45c3-9eb4-8bb4a858c345,,,0.96
2026-08-10 16:43:37.382528+00:00,generator,throughput_eps,26.066424833408504,normal,f398aa60-da48-45c3-9eb4-8bb4a858c345,,,0.96
2026-08-10 16:43:37.386526+00:00,orchestrator,events_processed,22.0,normal,f398aa60-da48-45c3-9eb4-8bb4a858c345,,,0.97
2026-08-10 16:43:37.386526+00:00,orchestrator,throughput_eps,26.124484912219042,normal,f398aa60-da48-45c3-9eb4-8bb4a858c345,,,0.97
2026-08-10 16:43:37.387526+00:00,orchestrator,queue_wait_ms,2.54248046875,normal,f398aa60-da48-45c3-9eb4-8bb4a858c345,,,0.97
2026-08-10 16:43:37.387526+00:00,orchestrator,stage_latency_ms,24.604300000646617,normal,f398aa60-da48-45c3-9eb4-8bb4a858c345,,,0.97
2026-08-10 16:43:37.387526+00:00,orchestrator,end_to_end_latency_ms,46.15283203125,normal,f398aa60-da48-45c3-9eb4-8bb4a858c345,,,0.97
2026-08-10 16:43:37.388527+00:00,orchestrator,xai_latency_ms,0.0015999994502635673,normal,f398aa60-da48-45c3-9eb4-8bb4a858c345,,deterministic,0.97
2026-08-10 16:43:37.401526+00:00,detector,events_processed,23.0,normal,f398aa60-da48-45c3-9eb4-8bb4a858c345,,,0.98
2026-08-10 16:43:37.402529+00:00,orchestrator,events_received,23.0,normal,f398aa60-da48-45c3-9eb4-8bb4a858c345,,,0.98
2026-08-10 16:43:37.402529+00:00,detector,alerts_emitted,23.0,normal,f398aa60-da48-45c3-9eb4-8bb4a858c345,,,0.98
2026-08-10 16:43:37.402529+00:00,detector,throughput_eps,26.04827431956779,normal,f398aa60-da48-45c3-9eb4-8bb4a858c345,,,0.98
2026-08-10 16:43:37.403526+00:00,detector,end_to_end_latency_ms,20.999267578125,normal,f398aa60-da48-45c3-9eb4-8bb4a858c345,,,0.98
2026-08-10 16:43:37.403526+00:00,detector,queue_wait_ms,2.0009765625,normal,f398aa60-da48-45c3-9eb4-8bb4a858c345,,,0.98
2026-08-10 16:43:37.403526+00:00,detector,stage_latency_ms,19.12850000007893,normal,f398aa60-da48-45c3-9eb4-8bb4a858c345,,,0.98
2026-08-10 16:43:37.421808+00:00,generator,events_sent,24.0,normal,f398aa60-da48-45c3-9eb4-8bb4a858c345,,,1.0
2026-08-10 16:43:37.421808+00:00,generator,throughput_eps,26.03842660428899,normal,f398aa60-da48-45c3-9eb4-8bb4a858c345,,,1.0
2026-08-10 16:43:37.426808+00:00,orchestrator,events_processed,23.0,normal,f398aa60-da48-45c3-9eb4-8bb4a858c345,,,1.01
2026-08-10 16:43:37.427808+00:00,orchestrator,throughput_eps,26.053564707912663,normal,f398aa60-da48-45c3-9eb4-8bb4a858c345,,,1.01
2026-08-10 16:43:37.427808+00:00,orchestrator,queue_wait_ms,3.00341796875,normal,f398aa60-da48-45c3-9eb4-8bb4a858c345,,,1.01
2026-08-10 16:43:37.427808+00:00,orchestrator,stage_latency_ms,24.941399999079295,normal,f398aa60-da48-45c3-9eb4-8bb4a858c345,,,1.01
2026-08-10 16:43:37.428807+00:00,orchestrator,xai_latency_ms,0.0018999999156221747,normal,f398aa60-da48-45c3-9eb4-8bb4a858c345,,deterministic,1.01
2026-08-10 16:43:37.428807+00:00,orchestrator,end_to_end_latency_ms,46.281494140625,normal,f398aa60-da48-45c3-9eb4-8bb4a858c345,,,1.01
2026-08-10 16:43:37.441118+00:00,detector,alerts_emitted,24.0,normal,f398aa60-da48-45c3-9eb4-8bb4a858c345,,,1.02
2026-08-10 16:43:37.441118+00:00,orchestrator,events_received,24.0,normal,f398aa60-da48-45c3-9eb4-8bb4a858c345,,,1.02
2026-08-10 16:43:37.441118+00:00,detector,events_processed,24.0,normal,f398aa60-da48-45c3-9eb4-8bb4a858c345,,,1.02
2026-08-10 16:43:37.442118+00:00,detector,stage_latency_ms,19.068600000537117,normal,f398aa60-da48-45c3-9eb4-8bb4a858c345,,,1.02
2026-08-10 16:43:37.442118+00:00,detector,end_to_end_latency_ms,21.308837890625,normal,f398aa60-da48-45c3-9eb4-8bb4a858c345,,,1.02
2026-08-10 16:43:37.442118+00:00,detector,throughput_eps,26.025718841635534,normal,f398aa60-da48-45c3-9eb4-8bb4a858c345,,,1.02
2026-08-10 16:43:37.442118+00:00,detector,queue_wait_ms,1.998291015625,normal,f398aa60-da48-45c3-9eb4-8bb4a858c345,,,1.02
2026-08-10 16:43:37.462697+00:00,generator,events_sent,25.0,normal,f398aa60-da48-45c3-9eb4-8bb4a858c345,,,1.04
2026-08-10 16:43:37.462697+00:00,generator,throughput_eps,25.96597483568329,normal,f398aa60-da48-45c3-9eb4-8bb4a858c345,,,1.04
2026-08-10 16:43:37.465697+00:00,orchestrator,events_processed,24.0,normal,f398aa60-da48-45c3-9eb4-8bb4a858c345,,,1.05
2026-08-10 16:43:37.465697+00:00,orchestrator,throughput_eps,26.045503306109815,normal,f398aa60-da48-45c3-9eb4-8bb4a858c345,,,1.05
2026-08-10 16:43:37.466698+00:00,orchestrator,queue_wait_ms,2.31005859375,normal,f398aa60-da48-45c3-9eb4-8bb4a858c345,,,1.05
2026-08-10 16:43:37.466698+00:00,orchestrator,stage_latency_ms,24.52159999847936,normal,f398aa60-da48-45c3-9eb4-8bb4a858c345,,,1.05
2026-08-10 16:43:37.466698+00:00,orchestrator,end_to_end_latency_ms,45.8876953125,normal,f398aa60-da48-45c3-9eb4-8bb4a858c345,,,1.05
2026-08-10 16:43:37.467698+00:00,orchestrator,xai_latency_ms,0.0017000002117129043,normal,f398aa60-da48-45c3-9eb4-8bb4a858c345,,deterministic,1.05
2026-08-10 16:43:37.481698+00:00,detector,events_processed,25.0,normal,f398aa60-da48-45c3-9eb4-8bb4a858c345,,,1.06
2026-08-10 16:43:37.482700+00:00,orchestrator,events_received,25.0,normal,f398aa60-da48-45c3-9eb4-8bb4a858c345,,,1.06
2026-08-10 16:43:37.482700+00:00,detector,alerts_emitted,25.0,normal,f398aa60-da48-45c3-9eb4-8bb4a858c345,,,1.06
2026-08-10 16:43:37.482700+00:00,detector,throughput_eps,25.952017315148925,normal,f398aa60-da48-45c3-9eb4-8bb4a858c345,,,1.06
2026-08-10 16:43:37.483698+00:00,detector,stage_latency_ms,19.04620000095747,normal,f398aa60-da48-45c3-9eb4-8bb4a858c345,,,1.06
2026-08-10 16:43:37.483698+00:00,detector,queue_wait_ms,1.99169921875,normal,f398aa60-da48-45c3-9eb4-8bb4a858c345,,,1.06
2026-08-10 16:43:37.484698+00:00,detector,end_to_end_latency_ms,20.9921875,normal,f398aa60-da48-45c3-9eb4-8bb4a858c345,,,1.06
2026-08-10 16:43:37.501786+00:00,generator,events_sent,26.0,normal,f398aa60-da48-45c3-9eb4-8bb4a858c345,,,1.08
2026-08-10 16:43:37.501786+00:00,generator,throughput_eps,25.94982321420141,normal,f398aa60-da48-45c3-9eb4-8bb4a858c345,,,1.08
2026-08-10 16:43:37.506827+00:00,orchestrator,events_processed,25.0,normal,f398aa60-da48-45c3-9eb4-8bb4a858c345,,,1.09
2026-08-10 16:43:37.507827+00:00,orchestrator,throughput_eps,25.966300718528853,normal,f398aa60-da48-45c3-9eb4-8bb4a858c345,,,1.09
2026-08-10 16:43:37.507827+00:00,orchestrator,queue_wait_ms,3.00244140625,normal,f398aa60-da48-45c3-9eb4-8bb4a858c345,,,1.09
2026-08-10 16:43:37.507827+00:00,orchestrator,stage_latency_ms,24.686900000233436,normal,f398aa60-da48-45c3-9eb4-8bb4a858c345,,,1.09
2026-08-10 16:43:37.507827+00:00,orchestrator,end_to_end_latency_ms,46.12158203125,normal,f398aa60-da48-45c3-9eb4-8bb4a858c345,,,1.09
2026-08-10 16:43:37.508827+00:00,orchestrator,xai_latency_ms,0.0016000012692529708,normal,f398aa60-da48-45c3-9eb4-8bb4a858c345,,deterministic,1.09
2026-08-10 16:43:37.520825+00:00,detector,events_processed,26.0,normal,f398aa60-da48-45c3-9eb4-8bb4a858c345,,,1.1
2026-08-10 16:43:37.521827+00:00,detector,stage_latency_ms,18.951199999719393,normal,f398aa60-da48-45c3-9eb4-8bb4a858c345,,,1.1
2026-08-10 16:43:37.521827+00:00,detector,queue_wait_ms,1.99853515625,normal,f398aa60-da48-45c3-9eb4-8bb4a858c345,,,1.1
2026-08-10 16:43:37.521827+00:00,detector,throughput_eps,25.941930752032334,normal,f398aa60-da48-45c3-9eb4-8bb4a858c345,,,1.1
2026-08-10 16:43:37.521827+00:00,orchestrator,events_received,26.0,normal,f398aa60-da48-45c3-9eb4-8bb4a858c345,,,1.1
2026-08-10 16:43:37.521827+00:00,detector,alerts_emitted,26.0,normal,f398aa60-da48-45c3-9eb4-8bb4a858c345,,,1.1
2026-08-10 16:43:37.522824+00:00,detector,end_to_end_latency_ms,21.0380859375,normal,f398aa60-da48-45c3-9eb4-8bb4a858c345,,,1.1
2026-08-10 16:43:37.542438+00:00,generator,events_sent,27.0,normal,f398aa60-da48-45c3-9eb4-8bb4a858c345,,,1.12
2026-08-10 16:43:37.542438+00:00,generator,throughput_eps,25.900993452508324,normal,f398aa60-da48-45c3-9eb4-8bb4a858c345,,,1.12
2026-08-10 16:43:37.561465+00:00,detector,events_processed,27.0,normal,f398aa60-da48-45c3-9eb4-8bb4a858c345,,,1.14
2026-08-10 16:43:37.561465+00:00,detector,alerts_emitted,27.0,normal,f398aa60-da48-45c3-9eb4-8bb4a858c345,,,1.14
2026-08-10 16:43:37.562470+00:00,detector,throughput_eps,25.89137274565348,normal,f398aa60-da48-45c3-9eb4-8bb4a858c345,,,1.14
2026-08-10 16:43:37.562470+00:00,detector,queue_wait_ms,2.00048828125,normal,f398aa60-da48-45c3-9eb4-8bb4a858c345,,,1.14
2026-08-10 16:43:37.563471+00:00,detector,stage_latency_ms,18.93920000111393,normal,f398aa60-da48-45c3-9eb4-8bb4a858c345,,,1.14
2026-08-10 16:43:37.563471+00:00,detector,end_to_end_latency_ms,21.027587890625,normal,f398aa60-da48-45c3-9eb4-8bb4a858c345,,,1.14
2026-08-10 16:43:37.582479+00:00,generator,events_sent,28.0,normal,f398aa60-da48-45c3-9eb4-8bb4a858c345,,,1.16
2026-08-10 16:43:37.582479+00:00,generator,throughput_eps,25.862262189302758,normal,f398aa60-da48-45c3-9eb4-8bb4a858c345,,,1.16
2026-08-10 16:43:37.586478+00:00,orchestrator,events_processed,26.0,normal,f398aa60-da48-45c3-9eb4-8bb4a858c345,,,1.17
2026-08-10 16:43:37.587479+00:00,orchestrator,throughput_eps,24.898766594783723,normal,f398aa60-da48-45c3-9eb4-8bb4a858c345,,,1.17
2026-08-10 16:43:37.587479+00:00,orchestrator,queue_wait_ms,2.97265625,normal,f398aa60-da48-45c3-9eb4-8bb4a858c345,,,1.17
2026-08-10 16:43:37.587479+00:00,orchestrator,stage_latency_ms,65.49980000090727,normal,f398aa60-da48-45c3-9eb4-8bb4a858c345,,,1.17
2026-08-10 16:43:37.588480+00:00,orchestrator,end_to_end_latency_ms,86.691162109375,normal,f398aa60-da48-45c3-9eb4-8bb4a858c345,,,1.17
2026-08-10 16:43:37.588480+00:00,orchestrator,xai_latency_ms,0.001999998858082108,normal,f398aa60-da48-45c3-9eb4-8bb4a858c345,,deterministic,1.17
2026-08-10 16:43:37.590479+00:00,orchestrator,events_received,27.0,normal,f398aa60-da48-45c3-9eb4-8bb4a858c345,,,1.17
2026-08-10 16:43:37.602479+00:00,detector,events_processed,28.0,normal,f398aa60-da48-45c3-9eb4-8bb4a858c345,,,1.18
2026-08-10 16:43:37.602479+00:00,detector,alerts_emitted,28.0,normal,f398aa60-da48-45c3-9eb4-8bb4a858c345,,,1.18
2026-08-10 16:43:37.602479+00:00,detector,throughput_eps,25.8387695233106,normal,f398aa60-da48-45c3-9eb4-8bb4a858c345,,,1.18
2026-08-10 16:43:37.603478+00:00,detector,queue_wait_ms,1.9990234375,normal,f398aa60-da48-45c3-9eb4-8bb4a858c345,,,1.18
2026-08-10 16:43:37.603478+00:00,detector,stage_latency_ms,19.50369999940449,normal,f398aa60-da48-45c3-9eb4-8bb4a858c345,,,1.18
2026-08-10 16:43:37.603478+00:00,detector,end_to_end_latency_ms,21.9990234375,normal,f398aa60-da48-45c3-9eb4-8bb4a858c345,,,1.18
2026-08-10 16:43:37.614985+00:00,orchestrator,events_processed,27.0,normal,f398aa60-da48-45c3-9eb4-8bb4a858c345,,,1.19
2026-08-10 16:43:37.614985+00:00,orchestrator,throughput_eps,25.18602787665099,normal,f398aa60-da48-45c3-9eb4-8bb4a858c345,,,1.19
2026-08-10 16:43:37.615985+00:00,orchestrator,end_to_end_latency_ms,74.5478515625,normal,f398aa60-da48-45c3-9eb4-8bb4a858c345,,,1.2
2026-08-10 16:43:37.615985+00:00,orchestrator,stage_latency_ms,24.391299999479088,normal,f398aa60-da48-45c3-9eb4-8bb4a858c345,,,1.2
2026-08-10 16:43:37.615985+00:00,orchestrator,queue_wait_ms,31.00927734375,normal,f398aa60-da48-45c3-9eb4-8bb4a858c345,,,1.2
2026-08-10 16:43:37.616985+00:00,orchestrator,xai_latency_ms,0.0018999999156221747,normal,f398aa60-da48-45c3-9eb4-8bb4a858c345,,deterministic,1.2
2026-08-10 16:43:37.618986+00:00,orchestrator,events_received,28.0,normal,f398aa60-da48-45c3-9eb4-8bb4a858c345,,,1.2
2026-08-10 16:43:37.620985+00:00,generator,events_sent,29.0,normal,f398aa60-da48-45c3-9eb4-8bb4a858c345,,,1.2
2026-08-10 16:43:37.621986+00:00,generator,throughput_eps,25.855376657894645,normal,f398aa60-da48-45c3-9eb4-8bb4a858c345,,,1.2
2026-08-10 16:43:37.640207+00:00,detector,events_processed,29.0,normal,f398aa60-da48-45c3-9eb4-8bb4a858c345,,,1.22
2026-08-10 16:43:37.640207+00:00,detector,alerts_emitted,29.0,normal,f398aa60-da48-45c3-9eb4-8bb4a858c345,,,1.22
2026-08-10 16:43:37.641209+00:00,detector,throughput_eps,25.854872904817125,normal,f398aa60-da48-45c3-9eb4-8bb4a858c345,,,1.22
2026-08-10 16:43:37.641209+00:00,detector,queue_wait_ms,2.0009765625,normal,f398aa60-da48-45c3-9eb4-8bb4a858c345,,,1.22
2026-08-10 16:43:37.641209+00:00,detector,stage_latency_ms,18.607699999847682,normal,f398aa60-da48-45c3-9eb4-8bb4a858c345,,,1.22
2026-08-10 16:43:37.642209+00:00,detector,end_to_end_latency_ms,20.222412109375,normal,f398aa60-da48-45c3-9eb4-8bb4a858c345,,,1.22
2026-08-10 16:43:37.643208+00:00,orchestrator,events_processed,28.0,normal,f398aa60-da48-45c3-9eb4-8bb4a858c345,,,1.22
2026-08-10 16:43:37.643208+00:00,orchestrator,throughput_eps,25.46283896694636,normal,f398aa60-da48-45c3-9eb4-8bb4a858c345,,,1.22
2026-08-10 16:43:37.644207+00:00,orchestrator,end_to_end_latency_ms,62.72900390625,normal,f398aa60-da48-45c3-9eb4-8bb4a858c345,,,1.22
2026-08-10 16:43:37.644207+00:00,orchestrator,stage_latency_ms,24.018800000703777,normal,f398aa60-da48-45c3-9eb4-8bb4a858c345,,,1.22
2026-08-10 16:43:37.644207+00:00,orchestrator,queue_wait_ms,19.50830078125,normal,f398aa60-da48-45c3-9eb4-8bb4a858c345,,,1.22
2026-08-10 16:43:37.645208+00:00,orchestrator,xai_latency_ms,0.0015999994502635673,normal,f398aa60-da48-45c3-9eb4-8bb4a858c345,,deterministic,1.22
2026-08-10 16:43:37.647208+00:00,orchestrator,events_received,29.0,normal,f398aa60-da48-45c3-9eb4-8bb4a858c345,,,1.23
2026-08-10 16:43:37.661815+00:00,generator,events_sent,30.0,normal,f398aa60-da48-45c3-9eb4-8bb4a858c345,,,1.24
2026-08-10 16:43:37.661815+00:00,generator,throughput_eps,25.819561861590493,normal,f398aa60-da48-45c3-9eb4-8bb4a858c345,,,1.24
2026-08-10 16:43:37.679816+00:00,detector,events_processed,30.0,normal,f398aa60-da48-45c3-9eb4-8bb4a858c345,,,1.26
2026-08-10 16:43:37.680816+00:00,detector,alerts_emitted,30.0,normal,f398aa60-da48-45c3-9eb4-8bb4a858c345,,,1.26
2026-08-10 16:43:37.680816+00:00,detector,throughput_eps,25.82494905583715,normal,f398aa60-da48-45c3-9eb4-8bb4a858c345,,,1.26
2026-08-10 16:43:37.680816+00:00,detector,queue_wait_ms,1.98095703125,normal,f398aa60-da48-45c3-9eb4-8bb4a858c345,,,1.26
2026-08-10 16:43:37.681816+00:00,detector,stage_latency_ms,18.301599999176688,normal,f398aa60-da48-45c3-9eb4-8bb4a858c345,,,1.26
2026-08-10 16:43:37.681816+00:00,detector,end_to_end_latency_ms,19.9814453125,normal,f398aa60-da48-45c3-9eb4-8bb4a858c345,,,1.26
2026-08-10 16:43:37.701982+00:00,generator,events_sent,31.0,normal,f398aa60-da48-45c3-9eb4-8bb4a858c345,,,1.28
2026-08-10 16:43:37.701982+00:00,generator,throughput_eps,25.787427700640084,normal,f398aa60-da48-45c3-9eb4-8bb4a858c345,,,1.28
2026-08-10 16:43:37.716984+00:00,orchestrator,throughput_eps,24.683959367034475,normal,f398aa60-da48-45c3-9eb4-8bb4a858c345,,,1.3
2026-08-10 16:43:37.716984+00:00,orchestrator,events_processed,29.0,normal,f398aa60-da48-45c3-9eb4-8bb4a858c345,,,1.3
2026-08-10 16:43:37.717984+00:00,orchestrator,queue_wait_ms,9.0009765625,normal,f398aa60-da48-45c3-9eb4-8bb4a858c345,,,1.3
2026-08-10 16:43:37.717984+00:00,orchestrator,stage_latency_ms,70.09690000086266,normal,f398aa60-da48-45c3-9eb4-8bb4a858c345,,,1.3
2026-08-10 16:43:37.718984+00:00,orchestrator,end_to_end_latency_ms,96.999267578125,normal,f398aa60-da48-45c3-9eb4-8bb4a858c345,,,1.3
2026-08-10 16:43:37.718984+00:00,orchestrator,xai_latency_ms,0.002099999619531445,normal,f398aa60-da48-45c3-9eb4-8bb4a858c345,,deterministic,1.3
2026-08-10 16:43:37.720984+00:00,detector,events_processed,31.0,normal,f398aa60-da48-45c3-9eb4-8bb4a858c345,,,1.3
2026-08-10 16:43:37.720984+00:00,detector,alerts_emitted,31.0,normal,f398aa60-da48-45c3-9eb4-8bb4a858c345,,,1.3
2026-08-10 16:43:37.720984+00:00,detector,throughput_eps,25.781989217952702,normal,f398aa60-da48-45c3-9eb4-8bb4a858c345,,,1.3
2026-08-10 16:43:37.721982+00:00,detector,queue_wait_ms,2.00048828125,normal,f398aa60-da48-45c3-9eb4-8bb4a858c345,,,1.3
2026-08-10 16:43:37.721982+00:00,detector,stage_latency_ms,18.768400001135888,normal,f398aa60-da48-45c3-9eb4-8bb4a858c345,,,1.3
2026-08-10 16:43:37.721982+00:00,orchestrator,events_received,30.0,normal,f398aa60-da48-45c3-9eb4-8bb4a858c345,,,1.3
2026-08-10 16:43:37.721982+00:00,detector,end_to_end_latency_ms,21.00244140625,normal,f398aa60-da48-45c3-9eb4-8bb4a858c345,,,1.3
2026-08-10 16:43:37.741797+00:00,generator,events_sent,32.0,normal,f398aa60-da48-45c3-9eb4-8bb4a858c345,,,1.32
2026-08-10 16:43:37.741797+00:00,generator,throughput_eps,25.764734727121287,normal,f398aa60-da48-45c3-9eb4-8bb4a858c345,,,1.32
2026-08-10 16:43:37.747804+00:00,orchestrator,stage_latency_ms,25.074200000744895,normal,f398aa60-da48-45c3-9eb4-8bb4a858c345,,,1.33
2026-08-10 16:43:37.747804+00:00,orchestrator,queue_wait_ms,44.166259765625,normal,f398aa60-da48-45c3-9eb4-8bb4a858c345,,,1.33
2026-08-10 16:43:37.747804+00:00,orchestrator,events_processed,30.0,normal,f398aa60-da48-45c3-9eb4-8bb4a858c345,,,1.33
2026-08-10 16:43:37.747804+00:00,orchestrator,throughput_eps,24.904200411135236,normal,f398aa60-da48-45c3-9eb4-8bb4a858c345,,,1.33
2026-08-10 16:43:37.748804+00:00,orchestrator,end_to_end_latency_ms,87.969482421875,normal,f398aa60-da48-45c3-9eb4-8bb4a858c345,,,1.33
2026-08-10 16:43:37.748804+00:00,orchestrator,xai_latency_ms,0.0017000002117129043,normal,f398aa60-da48-45c3-9eb4-8bb4a858c345,,deterministic,1.33
2026-08-10 16:43:37.748804+00:00,orchestrator,events_received,31.0,normal,f398aa60-da48-45c3-9eb4-8bb4a858c345,,,1.33
2026-08-10 16:43:37.760803+00:00,detector,events_processed,32.0,normal,f398aa60-da48-45c3-9eb4-8bb4a858c345,,,1.34
2026-08-10 16:43:37.760803+00:00,detector,alerts_emitted,32.0,normal,f398aa60-da48-45c3-9eb4-8bb4a858c345,,,1.34
2026-08-10 16:43:37.761804+00:00,detector,throughput_eps,25.75857336723865,normal,f398aa60-da48-45c3-9eb4-8bb4a858c345,,,1.34
2026-08-10 16:43:37.761804+00:00,detector,queue_wait_ms,1.9921875,normal,f398aa60-da48-45c3-9eb4-8bb4a858c345,,,1.34
2026-08-10 16:43:37.761804+00:00,detector,stage_latency_ms,18.782800001645228,normal,f398aa60-da48-45c3-9eb4-8bb4a858c345,,,1.34
2026-08-10 16:43:37.762805+00:00,detector,end_to_end_latency_ms,20.99853515625,normal,f398aa60-da48-45c3-9eb4-8bb4a858c345,,,1.34
2026-08-10 16:43:37.772675+00:00,orchestrator,events_processed,31.0,normal,f398aa60-da48-45c3-9eb4-8bb4a858c345,,,1.35
2026-08-10 16:43:37.773720+00:00,orchestrator,end_to_end_latency_ms,72.693603515625,normal,f398aa60-da48-45c3-9eb4-8bb4a858c345,,,1.35
2026-08-10 16:43:37.773720+00:00,orchestrator,stage_latency_ms,23.953300000357558,normal,f398aa60-da48-45c3-9eb4-8bb4a858c345,,,1.35
2026-08-10 16:43:37.773720+00:00,orchestrator,throughput_eps,25.2051298488315,normal,f398aa60-da48-45c3-9eb4-8bb4a858c345,,,1.35
2026-08-10 16:43:37.773720+00:00,orchestrator,queue_wait_ms,29.820556640625,normal,f398aa60-da48-45c3-9eb4-8bb4a858c345,,,1.35
2026-08-10 16:43:37.774682+00:00,orchestrator,xai_latency_ms,0.0020000006770715117,normal,f398aa60-da48-45c3-9eb4-8bb4a858c345,,deterministic,1.35
2026-08-10 16:43:37.777196+00:00,orchestrator,events_received,32.0,normal,f398aa60-da48-45c3-9eb4-8bb4a858c345,,,1.36
2026-08-10 16:43:37.780724+00:00,generator,events_sent,33.0,normal,f398aa60-da48-45c3-9eb4-8bb4a858c345,,,1.36
2026-08-10 16:43:37.781724+00:00,generator,throughput_eps,25.750044479155175,normal,f398aa60-da48-45c3-9eb4-8bb4a858c345,,,1.36
2026-08-10 16:43:37.800724+00:00,detector,events_processed,33.0,normal,f398aa60-da48-45c3-9eb4-8bb4a858c345,,,1.38
2026-08-10 16:43:37.800724+00:00,detector,alerts_emitted,33.0,normal,f398aa60-da48-45c3-9eb4-8bb4a858c345,,,1.38
2026-08-10 16:43:37.801726+00:00,detector,throughput_eps,25.738179017406015,normal,f398aa60-da48-45c3-9eb4-8bb4a858c345,,,1.38
2026-08-10 16:43:37.801726+00:00,detector,queue_wait_ms,2.009033203125,normal,f398aa60-da48-45c3-9eb4-8bb4a858c345,,,1.38
2026-08-10 16:43:37.801726+00:00,detector,stage_latency_ms,19.148299999869778,normal,f398aa60-da48-45c3-9eb4-8bb4a858c345,,,1.38
2026-08-10 16:43:37.801726+00:00,detector,end_to_end_latency_ms,21.00830078125,normal,f398aa60-da48-45c3-9eb4-8bb4a858c345,,,1.38
2026-08-10 16:43:37.822079+00:00,generator,events_sent,34.0,normal,f398aa60-da48-45c3-9eb4-8bb4a858c345,,,1.4
2026-08-10 16:43:37.822079+00:00,generator,throughput_eps,25.713428822615338,normal,f398aa60-da48-45c3-9eb4-8bb4a858c345,,,1.4
2026-08-10 16:43:37.841636+00:00,detector,alerts_emitted,34.0,normal,f398aa60-da48-45c3-9eb4-8bb4a858c345,,,1.42
2026-08-10 16:43:37.841636+00:00,detector,events_processed,34.0,normal,f398aa60-da48-45c3-9eb4-8bb4a858c345,,,1.42
2026-08-10 16:43:37.842641+00:00,detector,throughput_eps,25.697336151820785,normal,f398aa60-da48-45c3-9eb4-8bb4a858c345,,,1.42
2026-08-10 16:43:37.842641+00:00,detector,queue_wait_ms,1.999755859375,normal,f398aa60-da48-45c3-9eb4-8bb4a858c345,,,1.42
2026-08-10 16:43:37.842641+00:00,detector,stage_latency_ms,19.408500000281492,normal,f398aa60-da48-45c3-9eb4-8bb4a858c345,,,1.42
2026-08-10 16:43:37.842641+00:00,detector,end_to_end_latency_ms,21.557373046875,normal,f398aa60-da48-45c3-9eb4-8bb4a858c345,,,1.42
2026-08-10 16:43:37.847089+00:00,orchestrator,events_processed,32.0,normal,f398aa60-da48-45c3-9eb4-8bb4a858c345,,,1.43
2026-08-10 16:43:37.847089+00:00,orchestrator,throughput_eps,24.5273636367616,normal,f398aa60-da48-45c3-9eb4-8bb4a858c345,,,1.43
2026-08-10 16:43:37.847089+00:00,orchestrator,queue_wait_ms,18.392822265625,normal,f398aa60-da48-45c3-9eb4-8bb4a858c345,,,1.43
2026-08-10 16:43:37.848089+00:00,orchestrator,stage_latency_ms,69.67470000017784,normal,f398aa60-da48-45c3-9eb4-8bb4a858c345,,,1.43
2026-08-10 16:43:37.848089+00:00,orchestrator,end_to_end_latency_ms,107.28369140625,normal,f398aa60-da48-45c3-9eb4-8bb4a858c345,,,1.43
2026-08-10 16:43:37.848089+00:00,orchestrator,xai_latency_ms,0.002499999027349986,normal,f398aa60-da48-45c3-9eb4-8bb4a858c345,,deterministic,1.43
2026-08-10 16:43:37.851088+00:00,orchestrator,events_received,33.0,normal,f398aa60-da48-45c3-9eb4-8bb4a858c345,,,1.43
2026-08-10 16:43:37.862124+00:00,generator,events_sent,35.0,normal,f398aa60-da48-45c3-9eb4-8bb4a858c345,,,1.44
2026-08-10 16:43:37.862124+00:00,generator,throughput_eps,25.688566925488754,normal,f398aa60-da48-45c3-9eb4-8bb4a858c345,,,1.44
2026-08-10 16:43:37.876124+00:00,orchestrator,events_processed,33.0,normal,f398aa60-da48-45c3-9eb4-8bb4a858c345,,,1.46
2026-08-10 16:43:37.877154+00:00,orchestrator,throughput_eps,24.734766012196367,normal,f398aa60-da48-45c3-9eb4-8bb4a858c345,,,1.46
2026-08-10 16:43:37.877154+00:00,orchestrator,queue_wait_ms,52.365478515625,normal,f398aa60-da48-45c3-9eb4-8bb4a858c345,,,1.46
2026-08-10 16:43:37.878122+00:00,orchestrator,stage_latency_ms,25.115499998719315,normal,f398aa60-da48-45c3-9eb4-8bb4a858c345,,,1.46
2026-08-10 16:43:37.878122+00:00,orchestrator,end_to_end_latency_ms,96.408935546875,normal,f398aa60-da48-45c3-9eb4-8bb4a858c345,,,1.46
2026-08-10 16:43:37.879123+00:00,orchestrator,xai_latency_ms,0.0018000009731622413,normal,f398aa60-da48-45c3-9eb4-8bb4a858c345,,deterministic,1.46
2026-08-10 16:43:37.879123+00:00,orchestrator,events_received,34.0,normal,f398aa60-da48-45c3-9eb4-8bb4a858c345,,,1.46
2026-08-10 16:43:37.882123+00:00,detector,events_processed,35.0,normal,f398aa60-da48-45c3-9eb4-8bb4a858c345,,,1.46
2026-08-10 16:43:37.883123+00:00,detector,alerts_emitted,35.0,normal,f398aa60-da48-45c3-9eb4-8bb4a858c345,,,1.46
2026-08-10 16:43:37.883123+00:00,detector,throughput_eps,25.65682413037459,normal,f398aa60-da48-45c3-9eb4-8bb4a858c345,,,1.46
2026-08-10 16:43:37.883123+00:00,detector,queue_wait_ms,2.036865234375,normal,f398aa60-da48-45c3-9eb4-8bb4a858c345,,,1.46
2026-08-10 16:43:37.884124+00:00,detector,stage_latency_ms,20.286399998440174,normal,f398aa60-da48-45c3-9eb4-8bb4a858c345,,,1.46
2026-08-10 16:43:37.884124+00:00,detector,end_to_end_latency_ms,22.0361328125,normal,f398aa60-da48-45c3-9eb4-8bb4a858c345,,,1.46
2026-08-10 16:43:37.902602+00:00,generator,events_sent,36.0,normal,f398aa60-da48-45c3-9eb4-8bb4a858c345,,,1.48
2026-08-10 16:43:37.903111+00:00,generator,throughput_eps,25.660772216189823,normal,f398aa60-da48-45c3-9eb4-8bb4a858c345,,,1.48
2026-08-10 16:43:37.903599+00:00,orchestrator,events_processed,34.0,normal,f398aa60-da48-45c3-9eb4-8bb4a858c345,,,1.48
2026-08-10 16:43:37.904600+00:00,orchestrator,throughput_eps,24.978128998860896,normal,f398aa60-da48-45c3-9eb4-8bb4a858c345,,,1.48
2026-08-10 16:43:37.904600+00:00,orchestrator,queue_wait_ms,40.044189453125,normal,f398aa60-da48-45c3-9eb4-8bb4a858c345,,,1.48
2026-08-10 16:43:37.904600+00:00,orchestrator,stage_latency_ms,25.01710000069579,normal,f398aa60-da48-45c3-9eb4-8bb4a858c345,,,1.48
2026-08-10 16:43:37.905600+00:00,orchestrator,end_to_end_latency_ms,83.52001953125,normal,f398aa60-da48-45c3-9eb4-8bb4a858c345,,,1.48
2026-08-10 16:43:37.905600+00:00,orchestrator,xai_latency_ms,0.002200000380980782,normal,f398aa60-da48-45c3-9eb4-8bb4a858c345,,deterministic,1.48
2026-08-10 16:43:37.908599+00:00,orchestrator,events_received,35.0,normal,f398aa60-da48-45c3-9eb4-8bb4a858c345,,,1.49
2026-08-10 16:43:37.921684+00:00,detector,events_processed,36.0,normal,f398aa60-da48-45c3-9eb4-8bb4a858c345,,,1.5
2026-08-10 16:43:37.921684+00:00,detector,alerts_emitted,36.0,normal,f398aa60-da48-45c3-9eb4-8bb4a858c345,,,1.5
2026-08-10 16:43:37.921684+00:00,detector,throughput_eps,25.661716692572696,normal,f398aa60-da48-45c3-9eb4-8bb4a858c345,,,1.5
2026-08-10 16:43:37.922652+00:00,detector,queue_wait_ms,2.002197265625,normal,f398aa60-da48-45c3-9eb4-8bb4a858c345,,,1.5
2026-08-10 16:43:37.922652+00:00,detector,stage_latency_ms,18.62310000069556,normal,f398aa60-da48-45c3-9eb4-8bb4a858c345,,,1.5
2026-08-10 16:43:37.922652+00:00,detector,end_to_end_latency_ms,21.08447265625,normal,f398aa60-da48-45c3-9eb4-8bb4a858c345,,,1.5
2026-08-10 16:43:37.933786+00:00,orchestrator,stage_latency_ms,24.957400000857888,normal,f398aa60-da48-45c3-9eb4-8bb4a858c345,,,1.51
2026-08-10 16:43:37.933786+00:00,orchestrator,queue_wait_ms,28.477294921875,normal,f398aa60-da48-45c3-9eb4-8bb4a858c345,,,1.51
2026-08-10 16:43:37.933786+00:00,orchestrator,throughput_eps,25.175415259208723,normal,f398aa60-da48-45c3-9eb4-8bb4a858c345,,,1.51
2026-08-10 16:43:37.933786+00:00,orchestrator,events_processed,35.0,normal,f398aa60-da48-45c3-9eb4-8bb4a858c345,,,1.51
2026-08-10 16:43:37.934786+00:00,orchestrator,end_to_end_latency_ms,73.698974609375,normal,f398aa60-da48-45c3-9eb4-8bb4a858c345,,,1.51
2026-08-10 16:43:37.934786+00:00,orchestrator,xai_latency_ms,0.0019000017346115783,normal,f398aa60-da48-45c3-9eb4-8bb4a858c345,,deterministic,1.51
2026-08-10 16:43:37.937785+00:00,orchestrator,events_received,36.0,normal,f398aa60-da48-45c3-9eb4-8bb4a858c345,,,1.52
2026-08-10 16:43:37.940786+00:00,generator,events_sent,37.0,normal,f398aa60-da48-45c3-9eb4-8bb4a858c345,,,1.52
2026-08-10 16:43:37.941786+00:00,generator,throughput_eps,25.662001219791613,normal,f398aa60-da48-45c3-9eb4-8bb4a858c345,,,1.52
2026-08-10 16:43:37.960786+00:00,detector,events_processed,37.0,normal,f398aa60-da48-45c3-9eb4-8bb4a858c345,,,1.54
2026-08-10 16:43:37.961787+00:00,detector,alerts_emitted,37.0,normal,f398aa60-da48-45c3-9eb4-8bb4a858c345,,,1.54
2026-08-10 16:43:37.961787+00:00,detector,throughput_eps,25.64554831750306,normal,f398aa60-da48-45c3-9eb4-8bb4a858c345,,,1.54
2026-08-10 16:43:37.961787+00:00,detector,queue_wait_ms,1.9921875,normal,f398aa60-da48-45c3-9eb4-8bb4a858c345,,,1.54
2026-08-10 16:43:37.962789+00:00,detector,stage_latency_ms,19.49650000096881,normal,f398aa60-da48-45c3-9eb4-8bb4a858c345,,,1.54
2026-08-10 16:43:37.962789+00:00,detector,end_to_end_latency_ms,20.992431640625,normal,f398aa60-da48-45c3-9eb4-8bb4a858c345,,,1.54
2026-08-10 16:43:37.962789+00:00,orchestrator,throughput_eps,25.370693007735436,normal,f398aa60-da48-45c3-9eb4-8bb4a858c345,,,1.54
2026-08-10 16:43:37.962789+00:00,orchestrator,queue_wait_ms,18.185546875,normal,f398aa60-da48-45c3-9eb4-8bb4a858c345,,,1.54
2026-08-10 16:43:37.963787+00:00,orchestrator,end_to_end_latency_ms,62.189453125,normal,f398aa60-da48-45c3-9eb4-8bb4a858c345,,,1.54
2026-08-10 16:43:37.963787+00:00,orchestrator,stage_latency_ms,24.892999999792664,normal,f398aa60-da48-45c3-9eb4-8bb4a858c345,,,1.54
2026-08-10 16:43:37.964787+00:00,orchestrator,xai_latency_ms,0.0020000006770715117,normal,f398aa60-da48-45c3-9eb4-8bb4a858c345,,deterministic,1.54
2026-08-10 16:43:37.966785+00:00,orchestrator,events_received,37.0,normal,f398aa60-da48-45c3-9eb4-8bb4a858c345,,,1.55
2026-08-10 16:43:37.982689+00:00,generator,events_sent,38.0,normal,f398aa60-da48-45c3-9eb4-8bb4a858c345,,,1.56
2026-08-10 16:43:37.982689+00:00,generator,throughput_eps,25.619557055846506,normal,f398aa60-da48-45c3-9eb4-8bb4a858c345,,,1.56
2026-08-10 16:43:37.991689+00:00,orchestrator,events_processed,37.0,normal,f398aa60-da48-45c3-9eb4-8bb4a858c345,,,1.57
2026-08-10 16:43:37.992689+00:00,orchestrator,throughput_eps,25.54756776153489,normal,f398aa60-da48-45c3-9eb4-8bb4a858c345,,,1.57
2026-08-10 16:43:37.992689+00:00,orchestrator,queue_wait_ms,8.00048828125,normal,f398aa60-da48-45c3-9eb4-8bb4a858c345,,,1.57
2026-08-10 16:43:37.992689+00:00,orchestrator,stage_latency_ms,24.81390000139072,normal,f398aa60-da48-45c3-9eb4-8bb4a858c345,,,1.57
2026-08-10 16:43:37.993692+00:00,orchestrator,end_to_end_latency_ms,51.895263671875,normal,f398aa60-da48-45c3-9eb4-8bb4a858c345,,,1.57
2026-08-10 16:43:37.993692+00:00,orchestrator,xai_latency_ms,0.0017000002117129043,normal,f398aa60-da48-45c3-9eb4-8bb4a858c345,,deterministic,1.57
2026-08-10 16:43:38.001690+00:00,detector,events_processed,38.0,normal,f398aa60-da48-45c3-9eb4-8bb4a858c345,,,1.58
2026-08-10 16:43:38.002689+00:00,detector,queue_wait_ms,1.999755859375,normal,f398aa60-da48-45c3-9eb4-8bb4a858c345,,,1.58
2026-08-10 16:43:38.002689+00:00,detector,throughput_eps,25.608387812861846,normal,f398aa60-da48-45c3-9eb4-8bb4a858c345,,,1.58
2026-08-10 16:43:38.002689+00:00,detector,alerts_emitted,38.0,normal,f398aa60-da48-45c3-9eb4-8bb4a858c345,,,1.58
2026-08-10 16:43:38.002689+00:00,orchestrator,events_received,38.0,normal,f398aa60-da48-45c3-9eb4-8bb4a858c345,,,1.58
2026-08-10 16:43:38.003690+00:00,detector,stage_latency_ms,19.135200000164332,normal,f398aa60-da48-45c3-9eb4-8bb4a858c345,,,1.58
2026-08-10 16:43:38.003690+00:00,detector,end_to_end_latency_ms,21.000244140625,normal,f398aa60-da48-45c3-9eb4-8bb4a858c345,,,1.58
2026-08-10 16:43:38.021842+00:00,generator,events_sent,39.0,normal,f398aa60-da48-45c3-9eb4-8bb4a858c345,,,1.6
2026-08-10 16:43:38.021842+00:00,generator,throughput_eps,25.617947016800066,normal,f398aa60-da48-45c3-9eb4-8bb4a858c345,,,1.6
2026-08-10 16:43:38.040320+00:00,detector,events_processed,39.0,normal,f398aa60-da48-45c3-9eb4-8bb4a858c345,,,1.62
2026-08-10 16:43:38.041327+00:00,detector,alerts_emitted,39.0,normal,f398aa60-da48-45c3-9eb4-8bb4a858c345,,,1.62
2026-08-10 16:43:38.041327+00:00,detector,throughput_eps,25.615852275786665,normal,f398aa60-da48-45c3-9eb4-8bb4a858c345,,,1.62
2026-08-10 16:43:38.041327+00:00,detector,queue_wait_ms,1.992431640625,normal,f398aa60-da48-45c3-9eb4-8bb4a858c345,,,1.62
2026-08-10 16:43:38.042327+00:00,detector,stage_latency_ms,18.724800000200048,normal,f398aa60-da48-45c3-9eb4-8bb4a858c345,,,1.62
2026-08-10 16:43:38.042327+00:00,detector,end_to_end_latency_ms,20.47021484375,normal,f398aa60-da48-45c3-9eb4-8bb4a858c345,,,1.62
2026-08-10 16:43:38.062173+00:00,generator,events_sent,40.0,normal,f398aa60-da48-45c3-9eb4-8bb4a858c345,,,1.64
2026-08-10 16:43:38.062680+00:00,generator,throughput_eps,25.59905732453411,normal,f398aa60-da48-45c3-9eb4-8bb4a858c345,,,1.64
2026-08-10 16:43:38.077173+00:00,orchestrator,events_processed,38.0,normal,f398aa60-da48-45c3-9eb4-8bb4a858c345,,,1.66
2026-08-10 16:43:38.077173+00:00,orchestrator,throughput_eps,24.76241301282298,normal,f398aa60-da48-45c3-9eb4-8bb4a858c345,,,1.66
2026-08-10 16:43:38.078173+00:00,orchestrator,queue_wait_ms,2.999755859375,normal,f398aa60-da48-45c3-9eb4-8bb4a858c345,,,1.66
2026-08-10 16:43:38.079173+00:00,orchestrator,stage_latency_ms,74.44269999905373,normal,f398aa60-da48-45c3-9eb4-8bb4a858c345,,,1.66
2026-08-10 16:43:38.079173+00:00,orchestrator,end_to_end_latency_ms,96.4833984375,normal,f398aa60-da48-45c3-9eb4-8bb4a858c345,,,1.66
2026-08-10 16:43:38.079173+00:00,orchestrator,xai_latency_ms,0.002499999027349986,normal,f398aa60-da48-45c3-9eb4-8bb4a858c345,,deterministic,1.66
2026-08-10 16:43:38.081175+00:00,detector,events_processed,40.0,normal,f398aa60-da48-45c3-9eb4-8bb4a858c345,,,1.66
2026-08-10 16:43:38.082176+00:00,detector,alerts_emitted,40.0,normal,f398aa60-da48-45c3-9eb4-8bb4a858c345,,,1.66
2026-08-10 16:43:38.082176+00:00,detector,throughput_eps,25.586045082341673,normal,f398aa60-da48-45c3-9eb4-8bb4a858c345,,,1.66
2026-08-10 16:43:38.082176+00:00,detector,queue_wait_ms,1.9931640625,normal,f398aa60-da48-45c3-9eb4-8bb4a858c345,,,1.66
2026-08-10 16:43:38.083175+00:00,orchestrator,events_received,39.0,normal,f398aa60-da48-45c3-9eb4-8bb4a858c345,,,1.66
2026-08-10 16:43:38.083175+00:00,detector,stage_latency_ms,19.422499999564025,normal,f398aa60-da48-45c3-9eb4-8bb4a858c345,,,1.66
2026-08-10 16:43:38.101173+00:00,generator,events_sent,41.0,normal,f398aa60-da48-45c3-9eb4-8bb4a858c345,,,1.68
2026-08-10 16:43:38.102173+00:00,generator,throughput_eps,25.588591991562595,normal,f398aa60-da48-45c3-9eb4-8bb4a858c345,,,1.68
2026-08-10 16:43:38.107553+00:00,orchestrator,events_processed,39.0,normal,f398aa60-da48-45c3-9eb4-8bb4a858c345,,,1.69
2026-08-10 16:43:38.107553+00:00,orchestrator,throughput_eps,24.929629560132557,normal,f398aa60-da48-45c3-9eb4-8bb4a858c345,,,1.69
2026-08-10 16:43:38.107553+00:00,orchestrator,queue_wait_ms,45.212158203125,normal,f398aa60-da48-45c3-9eb4-8bb4a858c345,,,1.69
2026-08-10 16:43:38.107553+00:00,orchestrator,stage_latency_ms,24.101900000459864,normal,f398aa60-da48-45c3-9eb4-8bb4a858c345,,,1.69
2026-08-10 16:43:38.108554+00:00,orchestrator,end_to_end_latency_ms,87.703125,normal,f398aa60-da48-45c3-9eb4-8bb4a858c345,,,1.69
2026-08-10 16:43:38.108554+00:00,orchestrator,xai_latency_ms,0.0018999999156221747,normal,f398aa60-da48-45c3-9eb4-8bb4a858c345,,deterministic,1.69
2026-08-10 16:43:38.108554+00:00,orchestrator,events_received,40.0,normal,f398aa60-da48-45c3-9eb4-8bb4a858c345,,,1.69
2026-08-10 16:43:38.121319+00:00,detector,events_processed,41.0,normal,f398aa60-da48-45c3-9eb4-8bb4a858c345,,,1.7
2026-08-10 16:43:38.122356+00:00,detector,alerts_emitted,41.0,normal,f398aa60-da48-45c3-9eb4-8bb4a858c345,,,1.7
2026-08-10 16:43:38.122356+00:00,detector,throughput_eps,25.57325160632506,normal,f398aa60-da48-45c3-9eb4-8bb4a858c345,,,1.7
2026-08-10 16:43:38.122356+00:00,detector,queue_wait_ms,1.999755859375,normal,f398aa60-da48-45c3-9eb4-8bb4a858c345,,,1.7
2026-08-10 16:43:38.122356+00:00,detector,stage_latency_ms,19.52259999961825,normal,f398aa60-da48-45c3-9eb4-8bb4a858c345,,,1.7
2026-08-10 16:43:38.123356+00:00,detector,end_to_end_latency_ms,21.146484375,normal,f398aa60-da48-45c3-9eb4-8bb4a858c345,,,1.7
2026-08-10 16:43:38.133059+00:00,orchestrator,throughput_eps,25.154720883213002,normal,f398aa60-da48-45c3-9eb4-8bb4a858c345,,,1.71
2026-08-10 16:43:38.133059+00:00,orchestrator,events_processed,40.0,normal,f398aa60-da48-45c3-9eb4-8bb4a858c345,,,1.71
2026-08-10 16:43:38.134059+00:00,orchestrator,queue_wait_ms,29.380859375,normal,f398aa60-da48-45c3-9eb4-8bb4a858c345,,,1.71
2026-08-10 16:43:38.134059+00:00,orchestrator,stage_latency_ms,24.37400000053458,normal,f398aa60-da48-45c3-9eb4-8bb4a858c345,,,1.71
2026-08-10 16:43:38.134059+00:00,orchestrator,end_to_end_latency_ms,72.878662109375,normal,f398aa60-da48-45c3-9eb4-8bb4a858c345,,,1.71
2026-08-10 16:43:38.135060+00:00,orchestrator,xai_latency_ms,0.0017999991541728377,normal,f398aa60-da48-45c3-9eb4-8bb4a858c345,,deterministic,1.71
2026-08-10 16:43:38.137059+00:00,orchestrator,events_received,41.0,normal,f398aa60-da48-45c3-9eb4-8bb4a858c345,,,1.72
2026-08-10 16:43:38.141059+00:00,generator,events_sent,42.0,normal,f398aa60-da48-45c3-9eb4-8bb4a858c345,,,1.72
2026-08-10 16:43:38.142060+00:00,generator,throughput_eps,25.576132004264732,normal,f398aa60-da48-45c3-9eb4-8bb4a858c345,,,1.72
2026-08-10 16:43:38.160386+00:00,detector,events_processed,42.0,normal,f398aa60-da48-45c3-9eb4-8bb4a858c345,,,1.74
2026-08-10 16:43:38.161386+00:00,detector,alerts_emitted,42.0,normal,f398aa60-da48-45c3-9eb4-8bb4a858c345,,,1.74
2026-08-10 16:43:38.161386+00:00,detector,throughput_eps,25.573010070532852,normal,f398aa60-da48-45c3-9eb4-8bb4a858c345,,,1.74
2026-08-10 16:43:38.161386+00:00,detector,queue_wait_ms,1.991455078125,normal,f398aa60-da48-45c3-9eb4-8bb4a858c345,,,1.74
2026-08-10 16:43:38.161386+00:00,detector,stage_latency_ms,18.718799999987823,normal,f398aa60-da48-45c3-9eb4-8bb4a858c345,,,1.74
2026-08-10 16:43:38.162385+00:00,orchestrator,stage_latency_ms,24.71700000023702,normal,f398aa60-da48-45c3-9eb4-8bb4a858c345,,,1.74
2026-08-10 16:43:38.162385+00:00,orchestrator,queue_wait_ms,17.50732421875,normal,f398aa60-da48-45c3-9eb4-8bb4a858c345,,,1.74
2026-08-10 16:43:38.162385+00:00,orchestrator,throughput_eps,25.331075574577746,normal,f398aa60-da48-45c3-9eb4-8bb4a858c345,,,1.74
2026-08-10 16:43:38.162385+00:00,orchestrator,events_processed,41.0,normal,f398aa60-da48-45c3-9eb4-8bb4a858c345,,,1.74
2026-08-10 16:43:38.163385+00:00,orchestrator,end_to_end_latency_ms,62.21240234375,normal,f398aa60-da48-45c3-9eb4-8bb4a858c345,,,1.74
2026-08-10 16:43:38.163385+00:00,orchestrator,xai_latency_ms,0.0017999991541728377,normal,f398aa60-da48-45c3-9eb4-8bb4a858c345,,deterministic,1.74
2026-08-10 16:43:38.166385+00:00,orchestrator,events_received,42.0,normal,f398aa60-da48-45c3-9eb4-8bb4a858c345,,,1.75
2026-08-10 16:43:38.182187+00:00,generator,events_sent,43.0,normal,f398aa60-da48-45c3-9eb4-8bb4a858c345,,,1.76
2026-08-10 16:43:38.182187+00:00,generator,throughput_eps,25.55418353925999,normal,f398aa60-da48-45c3-9eb4-8bb4a858c345,,,1.76
2026-08-10 16:43:38.189698+00:00,orchestrator,events_processed,42.0,normal,f398aa60-da48-45c3-9eb4-8bb4a858c345,,,1.77
2026-08-10 16:43:38.190697+00:00,orchestrator,throughput_eps,25.511475528368912,normal,f398aa60-da48-45c3-9eb4-8bb4a858c345,,,1.77
2026-08-10 16:43:38.190697+00:00,orchestrator,queue_wait_ms,8.00048828125,normal,f398aa60-da48-45c3-9eb4-8bb4a858c345,,,1.77
2026-08-10 16:43:38.190697+00:00,orchestrator,stage_latency_ms,24.110699998345808,normal,f398aa60-da48-45c3-9eb4-8bb4a858c345,,,1.77
2026-08-10 16:43:38.191698+00:00,orchestrator,end_to_end_latency_ms,49.629638671875,normal,f398aa60-da48-45c3-9eb4-8bb4a858c345,,,1.77
2026-08-10 16:43:38.191698+00:00,orchestrator,xai_latency_ms,0.0018000009731622413,normal,f398aa60-da48-45c3-9eb4-8bb4a858c345,,deterministic,1.77
2026-08-10 16:43:38.201698+00:00,detector,throughput_eps,25.545092745111184,normal,f398aa60-da48-45c3-9eb4-8bb4a858c345,,,1.78
2026-08-10 16:43:38.201698+00:00,orchestrator,events_received,43.0,normal,f398aa60-da48-45c3-9eb4-8bb4a858c345,,,1.78
2026-08-10 16:43:38.201698+00:00,detector,alerts_emitted,43.0,normal,f398aa60-da48-45c3-9eb4-8bb4a858c345,,,1.78
2026-08-10 16:43:38.201698+00:00,detector,events_processed,43.0,normal,f398aa60-da48-45c3-9eb4-8bb4a858c345,,,1.78
2026-08-10 16:43:38.202938+00:00,detector,queue_wait_ms,2.000244140625,normal,f398aa60-da48-45c3-9eb4-8bb4a858c345,,,1.78
2026-08-10 16:43:38.202938+00:00,detector,stage_latency_ms,19.161299998813774,normal,f398aa60-da48-45c3-9eb4-8bb4a858c345,,,1.78
2026-08-10 16:43:38.202938+00:00,detector,end_to_end_latency_ms,21.510986328125,normal,f398aa60-da48-45c3-9eb4-8bb4a858c345,,,1.78
2026-08-10 16:43:38.222597+00:00,generator,events_sent,44.0,normal,f398aa60-da48-45c3-9eb4-8bb4a858c345,,,1.8
2026-08-10 16:43:38.222597+00:00,generator,throughput_eps,25.534208297618036,normal,f398aa60-da48-45c3-9eb4-8bb4a858c345,,,1.8
2026-08-10 16:43:38.226599+00:00,orchestrator,events_processed,43.0,normal,f398aa60-da48-45c3-9eb4-8bb4a858c345,,,1.81
2026-08-10 16:43:38.227597+00:00,orchestrator,throughput_eps,25.548596807193636,normal,f398aa60-da48-45c3-9eb4-8bb4a858c345,,,1.81
2026-08-10 16:43:38.227597+00:00,orchestrator,queue_wait_ms,3.000732421875,normal,f398aa60-da48-45c3-9eb4-8bb4a858c345,,,1.81
2026-08-10 16:43:38.227597+00:00,orchestrator,stage_latency_ms,24.93750000030559,normal,f398aa60-da48-45c3-9eb4-8bb4a858c345,,,1.81
2026-08-10 16:43:38.228598+00:00,orchestrator,end_to_end_latency_ms,46.41162109375,normal,f398aa60-da48-45c3-9eb4-8bb4a858c345,,,1.81
2026-08-10 16:43:38.228598+00:00,orchestrator,xai_latency_ms,0.0017000002117129043,normal,f398aa60-da48-45c3-9eb4-8bb4a858c345,,deterministic,1.81
2026-08-10 16:43:38.242599+00:00,detector,events_processed,44.0,normal,f398aa60-da48-45c3-9eb4-8bb4a858c345,,,1.82
2026-08-10 16:43:38.243599+00:00,orchestrator,events_received,44.0,normal,f398aa60-da48-45c3-9eb4-8bb4a858c345,,,1.82
2026-08-10 16:43:38.243599+00:00,detector,alerts_emitted,44.0,normal,f398aa60-da48-45c3-9eb4-8bb4a858c345,,,1.82
2026-08-10 16:43:38.243599+00:00,detector,throughput_eps,25.512105078529594,normal,f398aa60-da48-45c3-9eb4-8bb4a858c345,,,1.82
2026-08-10 16:43:38.243599+00:00,detector,queue_wait_ms,1.991943359375,normal,f398aa60-da48-45c3-9eb4-8bb4a858c345,,,1.82
2026-08-10 16:43:38.243599+00:00,detector,stage_latency_ms,19.869300000209478,normal,f398aa60-da48-45c3-9eb4-8bb4a858c345,,,1.82
2026-08-10 16:43:38.244600+00:00,detector,end_to_end_latency_ms,21.993408203125,normal,f398aa60-da48-45c3-9eb4-8bb4a858c345,,,1.82
2026-08-10 16:43:38.261773+00:00,generator,events_sent,45.0,normal,f398aa60-da48-45c3-9eb4-8bb4a858c345,,,1.84
2026-08-10 16:43:38.261773+00:00,generator,throughput_eps,25.53260136006474,normal,f398aa60-da48-45c3-9eb4-8bb4a858c345,,,1.84
2026-08-10 16:43:38.268773+00:00,orchestrator,events_processed,44.0,normal,f398aa60-da48-45c3-9eb4-8bb4a858c345,,,1.85
2026-08-10 16:43:38.268773+00:00,orchestrator,throughput_eps,25.510700492983112,normal,f398aa60-da48-45c3-9eb4-8bb4a858c345,,,1.85
2026-08-10 16:43:38.268773+00:00,orchestrator,queue_wait_ms,2.999267578125,normal,f398aa60-da48-45c3-9eb4-8bb4a858c345,,,1.85
2026-08-10 16:43:38.268773+00:00,orchestrator,stage_latency_ms,25.352099999508937,normal,f398aa60-da48-45c3-9eb4-8bb4a858c345,,,1.85
2026-08-10 16:43:38.269773+00:00,orchestrator,xai_latency_ms,0.0018999999156221747,normal,f398aa60-da48-45c3-9eb4-8bb4a858c345,,deterministic,1.85
2026-08-10 16:43:38.269773+00:00,orchestrator,end_to_end_latency_ms,48.167236328125,normal,f398aa60-da48-45c3-9eb4-8bb4a858c345,,,1.85
2026-08-10 16:43:38.281028+00:00,detector,events_processed,45.0,normal,f398aa60-da48-45c3-9eb4-8bb4a858c345,,,1.86
2026-08-10 16:43:38.281028+00:00,detector,alerts_emitted,45.0,normal,f398aa60-da48-45c3-9eb4-8bb4a858c345,,,1.86
2026-08-10 16:43:38.281028+00:00,orchestrator,events_received,45.0,normal,f398aa60-da48-45c3-9eb4-8bb4a858c345,,,1.86
2026-08-10 16:43:38.281028+00:00,detector,throughput_eps,25.530934643989845,normal,f398aa60-da48-45c3-9eb4-8bb4a858c345,,,1.86
2026-08-10 16:43:38.282027+00:00,detector,queue_wait_ms,1.99072265625,normal,f398aa60-da48-45c3-9eb4-8bb4a858c345,,,1.86
2026-08-10 16:43:38.282027+00:00,detector,stage_latency_ms,18.65619999989576,normal,f398aa60-da48-45c3-9eb4-8bb4a858c345,,,1.86
2026-08-10 16:43:38.282027+00:00,detector,end_to_end_latency_ms,21.24609375,normal,f398aa60-da48-45c3-9eb4-8bb4a858c345,,,1.86
2026-08-10 16:43:38.302464+00:00,generator,events_sent,46.0,normal,f398aa60-da48-45c3-9eb4-8bb4a858c345,,,1.88
2026-08-10 16:43:38.302464+00:00,generator,throughput_eps,25.51278862545562,normal,f398aa60-da48-45c3-9eb4-8bb4a858c345,,,1.88
2026-08-10 16:43:38.322983+00:00,detector,throughput_eps,25.492018618907455,normal,f398aa60-da48-45c3-9eb4-8bb4a858c345,,,1.9
2026-08-10 16:43:38.322983+00:00,detector,events_processed,46.0,normal,f398aa60-da48-45c3-9eb4-8bb4a858c345,,,1.9
2026-08-10 16:43:38.322983+00:00,detector,alerts_emitted,46.0,normal,f398aa60-da48-45c3-9eb4-8bb4a858c345,,,1.9
2026-08-10 16:43:38.323989+00:00,detector,stage_latency_ms,19.99419999992824,normal,f398aa60-da48-45c3-9eb4-8bb4a858c345,,,1.9
2026-08-10 16:43:38.323989+00:00,detector,end_to_end_latency_ms,22.488037109375,normal,f398aa60-da48-45c3-9eb4-8bb4a858c345,,,1.9
2026-08-10 16:43:38.323989+00:00,detector,queue_wait_ms,1.969482421875,normal,f398aa60-da48-45c3-9eb4-8bb4a858c345,,,1.9
2026-08-10 16:43:38.342747+00:00,generator,events_sent,47.0,normal,f398aa60-da48-45c3-9eb4-8bb4a858c345,,,1.92
2026-08-10 16:43:38.342747+00:00,generator,throughput_eps,25.495765153407607,normal,f398aa60-da48-45c3-9eb4-8bb4a858c345,,,1.92
2026-08-10 16:43:38.346748+00:00,orchestrator,events_processed,45.0,normal,f398aa60-da48-45c3-9eb4-8bb4a858c345,,,1.93
2026-08-10 16:43:38.346748+00:00,orchestrator,throughput_eps,24.94248772517309,normal,f398aa60-da48-45c3-9eb4-8bb4a858c345,,,1.93
2026-08-10 16:43:38.347748+00:00,orchestrator,queue_wait_ms,2.2568359375,normal,f398aa60-da48-45c3-9eb4-8bb4a858c345,,,1.93
2026-08-10 16:43:38.347748+00:00,orchestrator,stage_latency_ms,65.7671000008122,normal,f398aa60-da48-45c3-9eb4-8bb4a858c345,,,1.93
2026-08-10 16:43:38.347748+00:00,orchestrator,end_to_end_latency_ms,86.965576171875,normal,f398aa60-da48-45c3-9eb4-8bb4a858c345,,,1.93
2026-08-10 16:43:38.348748+00:00,orchestrator,xai_latency_ms,0.0021000014385208488,normal,f398aa60-da48-45c3-9eb4-8bb4a858c345,,deterministic,1.93
2026-08-10 16:43:38.350748+00:00,orchestrator,events_received,46.0,normal,f398aa60-da48-45c3-9eb4-8bb4a858c345,,,1.93
2026-08-10 16:43:38.361983+00:00,detector,throughput_eps,25.494191037718778,normal,f398aa60-da48-45c3-9eb4-8bb4a858c345,,,1.94
2026-08-10 16:43:38.361983+00:00,detector,events_processed,47.0,normal,f398aa60-da48-45c3-9eb4-8bb4a858c345,,,1.94
2026-08-10 16:43:38.361983+00:00,detector,alerts_emitted,47.0,normal,f398aa60-da48-45c3-9eb4-8bb4a858c345,,,1.94
2026-08-10 16:43:38.362982+00:00,detector,end_to_end_latency_ms,21.336669921875,normal,f398aa60-da48-45c3-9eb4-8bb4a858c345,,,1.94
2026-08-10 16:43:38.362982+00:00,detector,stage_latency_ms,18.74160000079428,normal,f398aa60-da48-45c3-9eb4-8bb4a858c345,,,1.94
2026-08-10 16:43:38.362982+00:00,detector,queue_wait_ms,2.10107421875,normal,f398aa60-da48-45c3-9eb4-8bb4a858c345,,,1.94
2026-08-10 16:43:38.375807+00:00,orchestrator,events_processed,46.0,normal,f398aa60-da48-45c3-9eb4-8bb4a858c345,,,1.96
2026-08-10 16:43:38.376806+00:00,orchestrator,throughput_eps,25.09483337532971,normal,f398aa60-da48-45c3-9eb4-8bb4a858c345,,,1.96
2026-08-10 16:43:38.376806+00:00,orchestrator,queue_wait_ms,30.28271484375,normal,f398aa60-da48-45c3-9eb4-8bb4a858c345,,,1.96
2026-08-10 16:43:38.376806+00:00,orchestrator,stage_latency_ms,24.83820000088599,normal,f398aa60-da48-45c3-9eb4-8bb4a858c345,,,1.96
2026-08-10 16:43:38.377807+00:00,orchestrator,end_to_end_latency_ms,75.311767578125,normal,f398aa60-da48-45c3-9eb4-8bb4a858c345,,,1.96
2026-08-10 16:43:38.377807+00:00,orchestrator,xai_latency_ms,0.0018999999156221747,normal,f398aa60-da48-45c3-9eb4-8bb4a858c345,,deterministic,1.96
2026-08-10 16:43:38.380808+00:00,orchestrator,events_received,47.0,normal,f398aa60-da48-45c3-9eb4-8bb4a858c345,,,1.96
2026-08-10 16:43:38.380808+00:00,generator,events_sent,48.0,normal,f398aa60-da48-45c3-9eb4-8bb4a858c345,,,1.96
2026-08-10 16:43:38.381808+00:00,generator,throughput_eps,25.505894493596973,normal,f398aa60-da48-45c3-9eb4-8bb4a858c345,,,1.96
2026-08-10 16:43:38.400807+00:00,detector,alerts_emitted,48.0,normal,f398aa60-da48-45c3-9eb4-8bb4a858c345,,,1.98
2026-08-10 16:43:38.400807+00:00,detector,throughput_eps,25.499288271452862,normal,f398aa60-da48-45c3-9eb4-8bb4a858c345,,,1.98
2026-08-10 16:43:38.400807+00:00,detector,events_processed,48.0,normal,f398aa60-da48-45c3-9eb4-8bb4a858c345,,,1.98
2026-08-10 16:43:38.401809+00:00,detector,end_to_end_latency_ms,21.000244140625,normal,f398aa60-da48-45c3-9eb4-8bb4a858c345,,,1.98
2026-08-10 16:43:38.401809+00:00,detector,stage_latency_ms,19.06349999990198,normal,f398aa60-da48-45c3-9eb4-8bb4a858c345,,,1.98
2026-08-10 16:43:38.401809+00:00,detector,queue_wait_ms,2.00146484375,normal,f398aa60-da48-45c3-9eb4-8bb4a858c345,,,1.98
2026-08-10 16:43:38.422147+00:00,generator,events_sent,49.0,normal,f398aa60-da48-45c3-9eb4-8bb4a858c345,,,2.0
2026-08-10 16:43:38.422147+00:00,generator,throughput_eps,25.483768193480735,normal,f398aa60-da48-45c3-9eb4-8bb4a858c345,,,2.0
2026-08-10 16:43:38.441145+00:00,detector,events_processed,49.0,normal,f398aa60-da48-45c3-9eb4-8bb4a858c345,,,2.02
2026-08-10 16:43:38.442145+00:00,detector,alerts_emitted,49.0,normal,f398aa60-da48-45c3-9eb4-8bb4a858c345,,,2.02
2026-08-10 16:43:38.442145+00:00,detector,throughput_eps,25.478018043726802,normal,f398aa60-da48-45c3-9eb4-8bb4a858c345,,,2.02
2026-08-10 16:43:38.442145+00:00,detector,queue_wait_ms,2.000732421875,normal,f398aa60-da48-45c3-9eb4-8bb4a858c345,,,2.02
2026-08-10 16:43:38.443147+00:00,detector,stage_latency_ms,18.983899999511777,normal,f398aa60-da48-45c3-9eb4-8bb4a858c345,,,2.02
2026-08-10 16:43:38.443147+00:00,detector,end_to_end_latency_ms,20.999267578125,normal,f398aa60-da48-45c3-9eb4-8bb4a858c345,,,2.02
2026-08-10 16:43:38.456822+00:00,orchestrator,events_processed,47.0,normal,f398aa60-da48-45c3-9eb4-8bb4a858c345,,,2.04
2026-08-10 16:43:38.456822+00:00,orchestrator,throughput_eps,24.545624472977536,normal,f398aa60-da48-45c3-9eb4-8bb4a858c345,,,2.04
2026-08-10 16:43:38.457823+00:00,orchestrator,end_to_end_latency_ms,116.17578125,normal,f398aa60-da48-45c3-9eb4-8bb4a858c345,,,2.04
2026-08-10 16:43:38.457823+00:00,orchestrator,xai_latency_ms,0.002499999027349986,normal,f398aa60-da48-45c3-9eb4-8bb4a858c345,,deterministic,2.04
2026-08-10 16:43:38.457823+00:00,orchestrator,queue_wait_ms,21.060546875,normal,f398aa60-da48-45c3-9eb4-8bb4a858c345,,,2.04
2026-08-10 16:43:38.457823+00:00,orchestrator,stage_latency_ms,76.47459999861894,normal,f398aa60-da48-45c3-9eb4-8bb4a858c345,,,2.04
2026-08-10 16:43:38.460821+00:00,generator,events_sent,50.0,normal,f398aa60-da48-45c3-9eb4-8bb4a858c345,,,2.04
2026-08-10 16:43:38.460821+00:00,orchestrator,events_received,48.0,normal,f398aa60-da48-45c3-9eb4-8bb4a858c345,,,2.04
2026-08-10 16:43:38.461823+00:00,generator,throughput_eps,25.4845006647389,normal,f398aa60-da48-45c3-9eb4-8bb4a858c345,,,2.04
2026-08-10 16:43:38.480936+00:00,detector,events_processed,50.0,normal,f398aa60-da48-45c3-9eb4-8bb4a858c345,,,2.06
2026-08-10 16:43:38.480936+00:00,detector,alerts_emitted,50.0,normal,f398aa60-da48-45c3-9eb4-8bb4a858c345,,,2.06
2026-08-10 16:43:38.481940+00:00,detector,throughput_eps,25.473073973074055,normal,f398aa60-da48-45c3-9eb4-8bb4a858c345,,,2.06
2026-08-10 16:43:38.481940+00:00,detector,queue_wait_ms,2.002685546875,normal,f398aa60-da48-45c3-9eb4-8bb4a858c345,,,2.06
2026-08-10 16:43:38.481940+00:00,detector,stage_latency_ms,19.37309999993886,normal,f398aa60-da48-45c3-9eb4-8bb4a858c345,,,2.06
2026-08-10 16:43:38.482936+00:00,detector,end_to_end_latency_ms,21.1162109375,normal,f398aa60-da48-45c3-9eb4-8bb4a858c345,,,2.06
2026-08-10 16:43:38.485935+00:00,orchestrator,events_processed,48.0,normal,f398aa60-da48-45c3-9eb4-8bb4a858c345,,,2.07
2026-08-10 16:43:38.486935+00:00,orchestrator,stage_latency_ms,25.14770000016142,normal,f398aa60-da48-45c3-9eb4-8bb4a858c345,,,2.07
2026-08-10 16:43:38.486935+00:00,orchestrator,throughput_eps,24.691367104778156,normal,f398aa60-da48-45c3-9eb4-8bb4a858c345,,,2.07
2026-08-10 16:43:38.486935+00:00,orchestrator,queue_wait_ms,63.0146484375,normal,f398aa60-da48-45c3-9eb4-8bb4a858c345,,,2.07
2026-08-10 16:43:38.487935+00:00,orchestrator,events_received,49.0,normal,f398aa60-da48-45c3-9eb4-8bb4a858c345,,,2.07
2026-08-10 16:43:38.487935+00:00,orchestrator,end_to_end_latency_ms,106.12841796875,normal,f398aa60-da48-45c3-9eb4-8bb4a858c345,,,2.07
2026-08-10 16:43:38.487935+00:00,orchestrator,xai_latency_ms,0.0018000009731622413,normal,f398aa60-da48-45c3-9eb4-8bb4a858c345,,deterministic,2.07
2026-08-10 16:43:38.501944+00:00,generator,events_sent,51.0,normal,f398aa60-da48-45c3-9eb4-8bb4a858c345,,,2.08
2026-08-10 16:43:38.501944+00:00,generator,throughput_eps,25.467871541471425,normal,f398aa60-da48-45c3-9eb4-8bb4a858c345,,,2.08
2026-08-10 16:43:38.521428+00:00,detector,events_processed,51.0,normal,f398aa60-da48-45c3-9eb4-8bb4a858c345,,,2.1
2026-08-10 16:43:38.521428+00:00,detector,alerts_emitted,51.0,normal,f398aa60-da48-45c3-9eb4-8bb4a858c345,,,2.1
2026-08-10 16:43:38.521428+00:00,detector,throughput_eps,25.459002909345088,normal,f398aa60-da48-45c3-9eb4-8bb4a858c345,,,2.1
2026-08-10 16:43:38.522433+00:00,detector,queue_wait_ms,1.9990234375,normal,f398aa60-da48-45c3-9eb4-8bb4a858c345,,,2.1
2026-08-10 16:43:38.522433+00:00,detector,stage_latency_ms,19.270499999038293,normal,f398aa60-da48-45c3-9eb4-8bb4a858c345,,,2.1
2026-08-10 16:43:38.522433+00:00,detector,end_to_end_latency_ms,21.482666015625,normal,f398aa60-da48-45c3-9eb4-8bb4a858c345,,,2.1
2026-08-10 16:43:38.542632+00:00,generator,events_sent,52.0,normal,f398aa60-da48-45c3-9eb4-8bb4a858c345,,,2.12
2026-08-10 16:43:38.543272+00:00,generator,throughput_eps,25.448717017894744,normal,f398aa60-da48-45c3-9eb4-8bb4a858c345,,,2.12
2026-08-10 16:43:38.556632+00:00,orchestrator,events_processed,49.0,normal,f398aa60-da48-45c3-9eb4-8bb4a858c345,,,2.14
2026-08-10 16:43:38.557633+00:00,orchestrator,queue_wait_ms,48.78955078125,normal,f398aa60-da48-45c3-9eb4-8bb4a858c345,,,2.14
2026-08-10 16:43:38.557633+00:00,orchestrator,stage_latency_ms,68.73450000057346,normal,f398aa60-da48-45c3-9eb4-8bb4a858c345,,,2.14
2026-08-10 16:43:38.557633+00:00,orchestrator,throughput_eps,24.31357583457105,normal,f398aa60-da48-45c3-9eb4-8bb4a858c345,,,2.14
2026-08-10 16:43:38.558632+00:00,orchestrator,end_to_end_latency_ms,136.486328125,normal,f398aa60-da48-45c3-9eb4-8bb4a858c345,,,2.14
2026-08-10 16:43:38.558632+00:00,orchestrator,xai_latency_ms,0.0022999993234407157,normal,f398aa60-da48-45c3-9eb4-8bb4a858c345,,deterministic,2.14
2026-08-10 16:43:38.561633+00:00,detector,events_processed,52.0,normal,f398aa60-da48-45c3-9eb4-8bb4a858c345,,,2.14
2026-08-10 16:43:38.561633+00:00,detector,alerts_emitted,52.0,normal,f398aa60-da48-45c3-9eb4-8bb4a858c345,,,2.14
2026-08-10 16:43:38.561633+00:00,orchestrator,events_received,50.0,normal,f398aa60-da48-45c3-9eb4-8bb4a858c345,,,2.14
2026-08-10 16:43:38.561633+00:00,detector,throughput_eps,25.447289756367635,normal,f398aa60-da48-45c3-9eb4-8bb4a858c345,,,2.14
2026-08-10 16:43:38.562633+00:00,detector,queue_wait_ms,1.986083984375,normal,f398aa60-da48-45c3-9eb4-8bb4a858c345,,,2.14
2026-08-10 16:43:38.562633+00:00,detector,stage_latency_ms,18.70000000053551,normal,f398aa60-da48-45c3-9eb4-8bb4a858c345,,,2.14
2026-08-10 16:43:38.562633+00:00,detector,end_to_end_latency_ms,20.98681640625,normal,f398aa60-da48-45c3-9eb4-8bb4a858c345,,,2.14
2026-08-10 16:43:38.581768+00:00,generator,events_sent,53.0,normal,f398aa60-da48-45c3-9eb4-8bb4a858c345,,,2.16
2026-08-10 16:43:38.582768+00:00,generator,throughput_eps,25.44546071331033,normal,f398aa60-da48-45c3-9eb4-8bb4a858c345,,,2.16
2026-08-10 16:43:38.586767+00:00,orchestrator,queue_wait_ms,82.811279296875,normal,f398aa60-da48-45c3-9eb4-8bb4a858c345,,,2.17
2026-08-10 16:43:38.586767+00:00,orchestrator,events_processed,50.0,normal,f398aa60-da48-45c3-9eb4-8bb4a858c345,,,2.17
2026-08-10 16:43:38.586767+00:00,orchestrator,throughput_eps,24.45325149643836,normal,f398aa60-da48-45c3-9eb4-8bb4a858c345,,,2.17
2026-08-10 16:43:38.587767+00:00,orchestrator,stage_latency_ms,24.842499999067513,normal,f398aa60-da48-45c3-9eb4-8bb4a858c345,,,2.17
2026-08-10 16:43:38.587767+00:00,orchestrator,end_to_end_latency_ms,126.94677734375,normal,f398aa60-da48-45c3-9eb4-8bb4a858c345,,,2.17
2026-08-10 16:43:38.587767+00:00,orchestrator,xai_latency_ms,0.002200000380980782,normal,f398aa60-da48-45c3-9eb4-8bb4a858c345,,deterministic,2.17
2026-08-10 16:43:38.588766+00:00,orchestrator,events_received,51.0,normal,f398aa60-da48-45c3-9eb4-8bb4a858c345,,,2.17
2026-08-10 16:43:38.600767+00:00,detector,events_processed,53.0,normal,f398aa60-da48-45c3-9eb4-8bb4a858c345,,,2.18
2026-08-10 16:43:38.600767+00:00,detector,alerts_emitted,53.0,normal,f398aa60-da48-45c3-9eb4-8bb4a858c345,,,2.18
2026-08-10 16:43:38.601769+00:00,detector,throughput_eps,25.448215255490478,normal,f398aa60-da48-45c3-9eb4-8bb4a858c345,,,2.18
2026-08-10 16:43:38.601769+00:00,detector,queue_wait_ms,2.011474609375,normal,f398aa60-da48-45c3-9eb4-8bb4a858c345,,,2.18
2026-08-10 16:43:38.601769+00:00,detector,stage_latency_ms,18.467300000338582,normal,f398aa60-da48-45c3-9eb4-8bb4a858c345,,,2.18
2026-08-10 16:43:38.602767+00:00,detector,end_to_end_latency_ms,21.0107421875,normal,f398aa60-da48-45c3-9eb4-8bb4a858c345,,,2.18
2026-08-10 16:43:38.612831+00:00,orchestrator,events_processed,51.0,normal,f398aa60-da48-45c3-9eb4-8bb4a858c345,,,2.19
2026-08-10 16:43:38.613831+00:00,orchestrator,end_to_end_latency_ms,112.885986328125,normal,f398aa60-da48-45c3-9eb4-8bb4a858c345,,,2.19
2026-08-10 16:43:38.613831+00:00,orchestrator,stage_latency_ms,24.42470000096364,normal,f398aa60-da48-45c3-9eb4-8bb4a858c345,,,2.19
2026-08-10 16:43:38.613831+00:00,orchestrator,throughput_eps,24.628065720097503,normal,f398aa60-da48-45c3-9eb4-8bb4a858c345,,,2.19
2026-08-10 16:43:38.613831+00:00,orchestrator,queue_wait_ms,69.820556640625,normal,f398aa60-da48-45c3-9eb4-8bb4a858c345,,,2.19
2026-08-10 16:43:38.614833+00:00,orchestrator,xai_latency_ms,0.0017999991541728377,normal,f398aa60-da48-45c3-9eb4-8bb4a858c345,,deterministic,2.19
2026-08-10 16:43:38.617832+00:00,orchestrator,events_received,52.0,normal,f398aa60-da48-45c3-9eb4-8bb4a858c345,,,2.2
2026-08-10 16:43:38.620832+00:00,generator,events_sent,54.0,normal,f398aa60-da48-45c3-9eb4-8bb4a858c345,,,2.2
2026-08-10 16:43:38.621831+00:00,generator,throughput_eps,25.445379356759865,normal,f398aa60-da48-45c3-9eb4-8bb4a858c345,,,2.2
2026-08-10 16:43:38.640830+00:00,detector,events_processed,54.0,normal,f398aa60-da48-45c3-9eb4-8bb4a858c345,,,2.22
2026-08-10 16:43:38.640830+00:00,detector,alerts_emitted,54.0,normal,f398aa60-da48-45c3-9eb4-8bb4a858c345,,,2.22
2026-08-10 16:43:38.641831+00:00,detector,stage_latency_ms,19.20380000046862,normal,f398aa60-da48-45c3-9eb4-8bb4a858c345,,,2.22
2026-08-10 16:43:38.641831+00:00,detector,throughput_eps,25.437830661792294,normal,f398aa60-da48-45c3-9eb4-8bb4a858c345,,,2.22
2026-08-10 16:43:38.641831+00:00,detector,queue_wait_ms,1.999755859375,normal,f398aa60-da48-45c3-9eb4-8bb4a858c345,,,2.22
2026-08-10 16:43:38.642831+00:00,detector,end_to_end_latency_ms,20.9990234375,normal,f398aa60-da48-45c3-9eb4-8bb4a858c345,,,2.22
2026-08-10 16:43:38.662599+00:00,generator,throughput_eps,25.42243495045341,normal,f398aa60-da48-45c3-9eb4-8bb4a858c345,,,2.24
2026-08-10 16:43:38.662599+00:00,generator,events_sent,55.0,normal,f398aa60-da48-45c3-9eb4-8bb4a858c345,,,2.24
2026-08-10 16:43:38.682602+00:00,detector,events_processed,55.0,normal,f398aa60-da48-45c3-9eb4-8bb4a858c345,,,2.26
2026-08-10 16:43:38.682602+00:00,detector,alerts_emitted,55.0,normal,f398aa60-da48-45c3-9eb4-8bb4a858c345,,,2.26
2026-08-10 16:43:38.682602+00:00,detector,throughput_eps,25.413395946920705,normal,f398aa60-da48-45c3-9eb4-8bb4a858c345,,,2.26
2026-08-10 16:43:38.683599+00:00,detector,queue_wait_ms,1.97021484375,normal,f398aa60-da48-45c3-9eb4-8bb4a858c345,,,2.26
2026-08-10 16:43:38.683599+00:00,detector,stage_latency_ms,19.340700000611832,normal,f398aa60-da48-45c3-9eb4-8bb4a858c345,,,2.26
2026-08-10 16:43:38.683599+00:00,detector,end_to_end_latency_ms,21.972900390625,normal,f398aa60-da48-45c3-9eb4-8bb4a858c345,,,2.26
2026-08-10 16:43:38.696600+00:00,orchestrator,events_processed,52.0,normal,f398aa60-da48-45c3-9eb4-8bb4a858c345,,,2.28
2026-08-10 16:43:38.697601+00:00,orchestrator,throughput_eps,24.12431686202279,normal,f398aa60-da48-45c3-9eb4-8bb4a858c345,,,2.28
2026-08-10 16:43:38.697601+00:00,orchestrator,queue_wait_ms,58.199462890625,normal,f398aa60-da48-45c3-9eb4-8bb4a858c345,,,2.28
2026-08-10 16:43:38.697601+00:00,orchestrator,stage_latency_ms,79.54349999999977,normal,f398aa60-da48-45c3-9eb4-8bb4a858c345,,,2.28
2026-08-10 16:43:38.698600+00:00,orchestrator,xai_latency_ms,0.0021999985619913787,normal,f398aa60-da48-45c3-9eb4-8bb4a858c345,,deterministic,2.28
2026-08-10 16:43:38.698600+00:00,orchestrator,end_to_end_latency_ms,155.9541015625,normal,f398aa60-da48-45c3-9eb4-8bb4a858c345,,,2.28
2026-08-10 16:43:38.699600+00:00,orchestrator,events_received,53.0,normal,f398aa60-da48-45c3-9eb4-8bb4a858c345,,,2.28
2026-08-10 16:43:38.702601+00:00,generator,events_sent,56.0,normal,f398aa60-da48-45c3-9eb4-8bb4a858c345,,,2.28
2026-08-10 16:43:38.702601+00:00,generator,throughput_eps,25.413571216676992,normal,f398aa60-da48-45c3-9eb4-8bb4a858c345,,,2.28
2026-08-10 16:43:38.723600+00:00,orchestrator,events_processed,53.0,normal,f398aa60-da48-45c3-9eb4-8bb4a858c345,,,2.3
2026-08-10 16:43:38.724600+00:00,orchestrator,throughput_eps,24.28557330928428,normal,f398aa60-da48-45c3-9eb4-8bb4a858c345,,,2.3
2026-08-10 16:43:38.724600+00:00,orchestrator,queue_wait_ms,100.830078125,normal,f398aa60-da48-45c3-9eb4-8bb4a858c345,,,2.3
2026-08-10 16:43:38.725600+00:00,orchestrator,stage_latency_ms,24.967499999547726,normal,f398aa60-da48-45c3-9eb4-8bb4a858c345,,,2.3
2026-08-10 16:43:38.725600+00:00,orchestrator,end_to_end_latency_ms,143.843505859375,normal,f398aa60-da48-45c3-9eb4-8bb4a858c345,,,2.3
2026-08-10 16:43:38.725600+00:00,orchestrator,xai_latency_ms,0.0017000002117129043,normal,f398aa60-da48-45c3-9eb4-8bb4a858c345,,deterministic,2.3
2026-08-10 16:43:38.728602+00:00,detector,events_processed,56.0,normal,f398aa60-da48-45c3-9eb4-8bb4a858c345,,,2.31
2026-08-10 16:43:38.729599+00:00,detector,alerts_emitted,56.0,normal,f398aa60-da48-45c3-9eb4-8bb4a858c345,,,2.31
2026-08-10 16:43:38.729599+00:00,detector,throughput_eps,25.32555424399756,normal,f398aa60-da48-45c3-9eb4-8bb4a858c345,,,2.31
2026-08-10 16:43:38.730599+00:00,detector,stage_latency_ms,25.841900000159512,normal,f398aa60-da48-45c3-9eb4-8bb4a858c345,,,2.31
2026-08-10 16:43:38.730599+00:00,detector,queue_wait_ms,2.997802734375,normal,f398aa60-da48-45c3-9eb4-8bb4a858c345,,,2.31
2026-08-10 16:43:38.730599+00:00,detector,end_to_end_latency_ms,28.000732421875,normal,f398aa60-da48-45c3-9eb4-8bb4a858c345,,,2.31
2026-08-10 16:43:38.741598+00:00,generator,events_sent,57.0,normal,f398aa60-da48-45c3-9eb4-8bb4a858c345,,,2.32
2026-08-10 16:43:38.742599+00:00,generator,throughput_eps,25.411414199183483,normal,f398aa60-da48-45c3-9eb4-8bb4a858c345,,,2.32
2026-08-10 16:43:38.753599+00:00,orchestrator,events_processed,54.0,normal,f398aa60-da48-45c3-9eb4-8bb4a858c345,,,2.33
2026-08-10 16:43:38.754598+00:00,orchestrator,throughput_eps,24.411790987158316,normal,f398aa60-da48-45c3-9eb4-8bb4a858c345,,,2.33
2026-08-10 16:43:38.754598+00:00,orchestrator,queue_wait_ms,89.771240234375,normal,f398aa60-da48-45c3-9eb4-8bb4a858c345,,,2.33
2026-08-10 16:43:38.754598+00:00,orchestrator,stage_latency_ms,24.950999999418855,normal,f398aa60-da48-45c3-9eb4-8bb4a858c345,,,2.33
2026-08-10 16:43:38.755598+00:00,orchestrator,end_to_end_latency_ms,133.767578125,normal,f398aa60-da48-45c3-9eb4-8bb4a858c345,,,2.33
2026-08-10 16:43:38.755598+00:00,orchestrator,xai_latency_ms,0.0017999991541728377,normal,f398aa60-da48-45c3-9eb4-8bb4a858c345,,deterministic,2.33
2026-08-10 16:43:38.755598+00:00,orchestrator,events_received,55.0,normal,f398aa60-da48-45c3-9eb4-8bb4a858c345,,,2.33
2026-08-10 16:43:38.764598+00:00,detector,events_processed,57.0,normal,f398aa60-da48-45c3-9eb4-8bb4a858c345,,,2.34
2026-08-10 16:43:38.765601+00:00,detector,alerts_emitted,57.0,normal,f398aa60-da48-45c3-9eb4-8bb4a858c345,,,2.34
2026-08-10 16:43:38.765601+00:00,detector,throughput_eps,25.368500114607752,normal,f398aa60-da48-45c3-9eb4-8bb4a858c345,,,2.34
2026-08-10 16:43:38.765601+00:00,detector,queue_wait_ms,2.00048828125,normal,f398aa60-da48-45c3-9eb4-8bb4a858c345,,,2.34
2026-08-10 16:43:38.765601+00:00,detector,stage_latency_ms,22.30750000126136,normal,f398aa60-da48-45c3-9eb4-8bb4a858c345,,,2.34
2026-08-10 16:43:38.766600+00:00,detector,end_to_end_latency_ms,23.99951171875,normal,f398aa60-da48-45c3-9eb4-8bb4a858c345,,,2.35
2026-08-10 16:43:38.780599+00:00,orchestrator,events_processed,55.0,normal,f398aa60-da48-45c3-9eb4-8bb4a858c345,,,2.36
2026-08-10 16:43:38.781600+00:00,orchestrator,throughput_eps,24.56551116870344,normal,f398aa60-da48-45c3-9eb4-8bb4a858c345,,,2.36
2026-08-10 16:43:38.781600+00:00,orchestrator,queue_wait_ms,75.997802734375,normal,f398aa60-da48-45c3-9eb4-8bb4a858c345,,,2.36
2026-08-10 16:43:38.781600+00:00,orchestrator,stage_latency_ms,25.21379999961937,normal,f398aa60-da48-45c3-9eb4-8bb4a858c345,,,2.36
2026-08-10 16:43:38.782601+00:00,generator,events_sent,58.0,normal,f398aa60-da48-45c3-9eb4-8bb4a858c345,,,2.36
2026-08-10 16:43:38.782601+00:00,orchestrator,end_to_end_latency_ms,119.9697265625,normal,f398aa60-da48-45c3-9eb4-8bb4a858c345,,,2.36
2026-08-10 16:43:38.783161+00:00,generator,throughput_eps,25.402084922896194,normal,f398aa60-da48-45c3-9eb4-8bb4a858c345,,,2.36
2026-08-10 16:43:38.783161+00:00,orchestrator,xai_latency_ms,0.001999998858082108,normal,f398aa60-da48-45c3-9eb4-8bb4a858c345,,deterministic,2.36
2026-08-10 16:43:38.786599+00:00,orchestrator,events_received,56.0,normal,f398aa60-da48-45c3-9eb4-8bb4a858c345,,,2.37
2026-08-10 16:43:38.802598+00:00,detector,events_processed,58.0,normal,f398aa60-da48-45c3-9eb4-8bb4a858c345,,,2.38
2026-08-10 16:43:38.802598+00:00,detector,alerts_emitted,58.0,normal,f398aa60-da48-45c3-9eb4-8bb4a858c345,,,2.38
2026-08-10 16:43:38.802598+00:00,detector,throughput_eps,25.390955002366233,normal,f398aa60-da48-45c3-9eb4-8bb4a858c345,,,2.38
2026-08-10 16:43:38.803600+00:00,detector,end_to_end_latency_ms,21.9990234375,normal,f398aa60-da48-45c3-9eb4-8bb4a858c345,,,2.38
2026-08-10 16:43:38.803600+00:00,detector,queue_wait_ms,2.002197265625,normal,f398aa60-da48-45c3-9eb4-8bb4a858c345,,,2.38
2026-08-10 16:43:38.803600+00:00,detector,stage_latency_ms,19.56410000093456,normal,f398aa60-da48-45c3-9eb4-8bb4a858c345,,,2.38
2026-08-10 16:43:38.811598+00:00,orchestrator,events_processed,56.0,normal,f398aa60-da48-45c3-9eb4-8bb4a858c345,,,2.39
2026-08-10 16:43:38.811598+00:00,orchestrator,throughput_eps,24.680625968879863,normal,f398aa60-da48-45c3-9eb4-8bb4a858c345,,,2.39
2026-08-10 16:43:38.811598+00:00,orchestrator,queue_wait_ms,59.998779296875,normal,f398aa60-da48-45c3-9eb4-8bb4a858c345,,,2.39
2026-08-10 16:43:38.812598+00:00,orchestrator,stage_latency_ms,24.953500000265194,normal,f398aa60-da48-45c3-9eb4-8bb4a858c345,,,2.39
2026-08-10 16:43:38.812598+00:00,orchestrator,end_to_end_latency_ms,110.996826171875,normal,f398aa60-da48-45c3-9eb4-8bb4a858c345,,,2.39
2026-08-10 16:43:38.812598+00:00,orchestrator,xai_latency_ms,0.001999998858082108,normal,f398aa60-da48-45c3-9eb4-8bb4a858c345,,deterministic,2.39
2026-08-10 16:43:38.813598+00:00,orchestrator,events_received,57.0,normal,f398aa60-da48-45c3-9eb4-8bb4a858c345,,,2.39
2026-08-10 16:43:38.822598+00:00,generator,events_sent,59.0,normal,f398aa60-da48-45c3-9eb4-8bb4a858c345,,,2.4
2026-08-10 16:43:38.822598+00:00,generator,throughput_eps,25.396937716068273,normal,f398aa60-da48-45c3-9eb4-8bb4a858c345,,,2.4
2026-08-10 16:43:38.838598+00:00,orchestrator,queue_wait_ms,52.0,normal,f398aa60-da48-45c3-9eb4-8bb4a858c345,,,2.42
2026-08-10 16:43:38.838598+00:00,orchestrator,throughput_eps,24.82950223719341,normal,f398aa60-da48-45c3-9eb4-8bb4a858c345,,,2.42
2026-08-10 16:43:38.838598+00:00,orchestrator,events_processed,57.0,normal,f398aa60-da48-45c3-9eb4-8bb4a858c345,,,2.42
2026-08-10 16:43:38.839600+00:00,orchestrator,stage_latency_ms,25.1114000002417,normal,f398aa60-da48-45c3-9eb4-8bb4a858c345,,,2.42
2026-08-10 16:43:38.839600+00:00,orchestrator,end_to_end_latency_ms,97.999267578125,normal,f398aa60-da48-45c3-9eb4-8bb4a858c345,,,2.42
2026-08-10 16:43:38.839600+00:00,orchestrator,xai_latency_ms,0.0018999999156221747,normal,f398aa60-da48-45c3-9eb4-8bb4a858c345,,deterministic,2.42
2026-08-10 16:43:38.841599+00:00,detector,events_processed,59.0,normal,f398aa60-da48-45c3-9eb4-8bb4a858c345,,,2.42
2026-08-10 16:43:38.842598+00:00,detector,alerts_emitted,59.0,normal,f398aa60-da48-45c3-9eb4-8bb4a858c345,,,2.42
2026-08-10 16:43:38.842598+00:00,detector,throughput_eps,25.385481824100246,normal,f398aa60-da48-45c3-9eb4-8bb4a858c345,,,2.42
2026-08-10 16:43:38.842598+00:00,orchestrator,events_received,58.0,normal,f398aa60-da48-45c3-9eb4-8bb4a858c345,,,2.42
2026-08-10 16:43:38.843598+00:00,detector,queue_wait_ms,2.0,normal,f398aa60-da48-45c3-9eb4-8bb4a858c345,,,2.42
2026-08-10 16:43:38.843598+00:00,detector,stage_latency_ms,19.606200001362595,normal,f398aa60-da48-45c3-9eb4-8bb4a858c345,,,2.42
2026-08-10 16:43:38.843598+00:00,detector,end_to_end_latency_ms,21.000732421875,normal,f398aa60-da48-45c3-9eb4-8bb4a858c345,,,2.42
2026-08-10 16:43:38.861598+00:00,generator,events_sent,60.0,normal,f398aa60-da48-45c3-9eb4-8bb4a858c345,,,2.44
2026-08-10 16:43:38.862598+00:00,generator,throughput_eps,25.39078133888748,normal,f398aa60-da48-45c3-9eb4-8bb4a858c345,,,2.44
2026-08-10 16:43:38.868599+00:00,orchestrator,throughput_eps,24.94005635577143,normal,f398aa60-da48-45c3-9eb4-8bb4a858c345,,,2.45
2026-08-10 16:43:38.868599+00:00,orchestrator,queue_wait_ms,42.998046875,normal,f398aa60-da48-45c3-9eb4-8bb4a858c345,,,2.45
2026-08-10 16:43:38.868599+00:00,orchestrator,events_processed,58.0,normal,f398aa60-da48-45c3-9eb4-8bb4a858c345,,,2.45
2026-08-10 16:43:38.869599+00:00,orchestrator,stage_latency_ms,25.381199999173987,normal,f398aa60-da48-45c3-9eb4-8bb4a858c345,,,2.45
2026-08-10 16:43:38.869599+00:00,orchestrator,end_to_end_latency_ms,87.999755859375,normal,f398aa60-da48-45c3-9eb4-8bb4a858c345,,,2.45
2026-08-10 16:43:38.869599+00:00,orchestrator,xai_latency_ms,0.002499999027349986,normal,f398aa60-da48-45c3-9eb4-8bb4a858c345,,deterministic,2.45
2026-08-10 16:43:38.870598+00:00,orchestrator,events_received,59.0,normal,f398aa60-da48-45c3-9eb4-8bb4a858c345,,,2.45
2026-08-10 16:43:38.882598+00:00,detector,events_processed,60.0,normal,f398aa60-da48-45c3-9eb4-8bb4a858c345,,,2.46
2026-08-10 16:43:38.883598+00:00,detector,alerts_emitted,60.0,normal,f398aa60-da48-45c3-9eb4-8bb4a858c345,,,2.46
2026-08-10 16:43:38.883598+00:00,detector,throughput_eps,25.371852449683043,normal,f398aa60-da48-45c3-9eb4-8bb4a858c345,,,2.46
2026-08-10 16:43:38.883598+00:00,detector,queue_wait_ms,2.00048828125,normal,f398aa60-da48-45c3-9eb4-8bb4a858c345,,,2.46
2026-08-10 16:43:38.884598+00:00,detector,stage_latency_ms,20.29240000047139,normal,f398aa60-da48-45c3-9eb4-8bb4a858c345,,,2.46
2026-08-10 16:43:38.884598+00:00,detector,end_to_end_latency_ms,22.000732421875,normal,f398aa60-da48-45c3-9eb4-8bb4a858c345,,,2.46
2026-08-10 16:43:38.896598+00:00,orchestrator,throughput_eps,25.073125988085,normal,f398aa60-da48-45c3-9eb4-8bb4a858c345,,,2.48
2026-08-10 16:43:38.896598+00:00,orchestrator,events_processed,59.0,normal,f398aa60-da48-45c3-9eb4-8bb4a858c345,,,2.48
2026-08-10 16:43:38.896598+00:00,orchestrator,queue_wait_ms,30.998046875,normal,f398aa60-da48-45c3-9eb4-8bb4a858c345,,,2.48
2026-08-10 16:43:38.897600+00:00,orchestrator,xai_latency_ms,0.0022999993234407157,normal,f398aa60-da48-45c3-9eb4-8bb4a858c345,,deterministic,2.48
2026-08-10 16:43:38.897600+00:00,orchestrator,stage_latency_ms,25.949700000637677,normal,f398aa60-da48-45c3-9eb4-8bb4a858c345,,,2.48
2026-08-10 16:43:38.897600+00:00,orchestrator,end_to_end_latency_ms,75.99951171875,normal,f398aa60-da48-45c3-9eb4-8bb4a858c345,,,2.48
2026-08-10 16:43:38.901599+00:00,orchestrator,events_received,60.0,normal,f398aa60-da48-45c3-9eb4-8bb4a858c345,,,2.48
2026-08-10 16:43:38.902600+00:00,generator,events_sent,61.0,normal,f398aa60-da48-45c3-9eb4-8bb4a858c345,,,2.48
2026-08-10 16:43:38.902600+00:00,generator,throughput_eps,25.382921465097517,normal,f398aa60-da48-45c3-9eb4-8bb4a858c345,,,2.48
2026-08-10 16:43:38.922599+00:00,detector,events_processed,61.0,normal,f398aa60-da48-45c3-9eb4-8bb4a858c345,,,2.5
2026-08-10 16:43:38.923597+00:00,detector,alerts_emitted,61.0,normal,f398aa60-da48-45c3-9eb4-8bb4a858c345,,,2.5
2026-08-10 16:43:38.923597+00:00,detector,throughput_eps,25.3623969494019,normal,f398aa60-da48-45c3-9eb4-8bb4a858c345,,,2.5
2026-08-10 16:43:38.923597+00:00,detector,queue_wait_ms,2.000732421875,normal,f398aa60-da48-45c3-9eb4-8bb4a858c345,,,2.5
2026-08-10 16:43:38.924599+00:00,detector,stage_latency_ms,20.503700001427205,normal,f398aa60-da48-45c3-9eb4-8bb4a858c345,,,2.5
2026-08-10 16:43:38.924599+00:00,detector,end_to_end_latency_ms,21.999755859375,normal,f398aa60-da48-45c3-9eb4-8bb4a858c345,,,2.5
2026-08-10 16:43:38.925597+00:00,orchestrator,events_processed,60.0,normal,f398aa60-da48-45c3-9eb4-8bb4a858c345,,,2.5
2026-08-10 16:43:38.926597+00:00,orchestrator,end_to_end_latency_ms,65.0,normal,f398aa60-da48-45c3-9eb4-8bb4a858c345,,,2.51
2026-08-10 16:43:38.926597+00:00,orchestrator,stage_latency_ms,24.60080000128073,normal,f398aa60-da48-45c3-9eb4-8bb4a858c345,,,2.51
2026-08-10 16:43:38.926597+00:00,orchestrator,throughput_eps,25.181625676240916,normal,f398aa60-da48-45c3-9eb4-8bb4a858c345,,,2.51
2026-08-10 16:43:38.926597+00:00,orchestrator,queue_wait_ms,22.0,normal,f398aa60-da48-45c3-9eb4-8bb4a858c345,,,2.51
2026-08-10 16:43:38.927597+00:00,orchestrator,xai_latency_ms,0.001999998858082108,normal,f398aa60-da48-45c3-9eb4-8bb4a858c345,,deterministic,2.51
2026-08-10 16:43:38.929597+00:00,orchestrator,events_received,61.0,normal,f398aa60-da48-45c3-9eb4-8bb4a858c345,,,2.51
2026-08-10 16:43:38.942597+00:00,generator,events_sent,62.0,normal,f398aa60-da48-45c3-9eb4-8bb4a858c345,,,2.52
2026-08-10 16:43:38.943015+00:00,generator,throughput_eps,25.376299318515382,normal,f398aa60-da48-45c3-9eb4-8bb4a858c345,,,2.52
2026-08-10 16:43:38.954599+00:00,orchestrator,events_processed,61.0,normal,f398aa60-da48-45c3-9eb4-8bb4a858c345,,,2.53
2026-08-10 16:43:38.954599+00:00,orchestrator,throughput_eps,25.29560656628954,normal,f398aa60-da48-45c3-9eb4-8bb4a858c345,,,2.53
2026-08-10 16:43:38.955599+00:00,orchestrator,queue_wait_ms,8.000732421875,normal,f398aa60-da48-45c3-9eb4-8bb4a858c345,,,2.53
2026-08-10 16:43:38.955599+00:00,orchestrator,stage_latency_ms,25.221999998393585,normal,f398aa60-da48-45c3-9eb4-8bb4a858c345,,,2.53
2026-08-10 16:43:38.955599+00:00,orchestrator,end_to_end_latency_ms,54.000244140625,normal,f398aa60-da48-45c3-9eb4-8bb4a858c345,,,2.53
2026-08-10 16:43:38.956599+00:00,orchestrator,xai_latency_ms,0.0020000006770715117,normal,f398aa60-da48-45c3-9eb4-8bb4a858c345,,deterministic,2.54
2026-08-10 16:43:38.961598+00:00,detector,events_processed,62.0,normal,f398aa60-da48-45c3-9eb4-8bb4a858c345,,,2.54
2026-08-10 16:43:38.962627+00:00,detector,alerts_emitted,62.0,normal,f398aa60-da48-45c3-9eb4-8bb4a858c345,,,2.54
2026-08-10 16:43:38.962627+00:00,detector,throughput_eps,25.368035086391465,normal,f398aa60-da48-45c3-9eb4-8bb4a858c345,,,2.54
2026-08-10 16:43:38.962627+00:00,orchestrator,events_received,62.0,normal,f398aa60-da48-45c3-9eb4-8bb4a858c345,,,2.54
2026-08-10 16:43:38.962627+00:00,detector,queue_wait_ms,1.9921875,normal,f398aa60-da48-45c3-9eb4-8bb4a858c345,,,2.54
2026-08-10 16:43:38.962627+00:00,detector,stage_latency_ms,19.413099998928374,normal,f398aa60-da48-45c3-9eb4-8bb4a858c345,,,2.54
2026-08-10 16:43:38.963597+00:00,detector,end_to_end_latency_ms,20.993408203125,normal,f398aa60-da48-45c3-9eb4-8bb4a858c345,,,2.54
2026-08-10 16:43:38.982684+00:00,generator,events_sent,63.0,normal,f398aa60-da48-45c3-9eb4-8bb4a858c345,,,2.56
2026-08-10 16:43:38.983686+00:00,generator,throughput_eps,25.362879396960434,normal,f398aa60-da48-45c3-9eb4-8bb4a858c345,,,2.56
2026-08-10 16:43:38.987684+00:00,orchestrator,throughput_eps,25.370670697802986,normal,f398aa60-da48-45c3-9eb4-8bb4a858c345,,,2.57
2026-08-10 16:43:38.987684+00:00,orchestrator,queue_wait_ms,3.028564453125,normal,f398aa60-da48-45c3-9eb4-8bb4a858c345,,,2.57
2026-08-10 16:43:38.987684+00:00,orchestrator,events_processed,62.0,normal,f398aa60-da48-45c3-9eb4-8bb4a858c345,,,2.57
2026-08-10 16:43:38.987684+00:00,orchestrator,stage_latency_ms,24.7417000009591,normal,f398aa60-da48-45c3-9eb4-8bb4a858c345,,,2.57
2026-08-10 16:43:38.988684+00:00,orchestrator,end_to_end_latency_ms,47.078857421875,normal,f398aa60-da48-45c3-9eb4-8bb4a858c345,,,2.57
2026-08-10 16:43:38.988684+00:00,orchestrator,xai_latency_ms,0.002099999619531445,normal,f398aa60-da48-45c3-9eb4-8bb4a858c345,,deterministic,2.57
2026-08-10 16:43:39.001251+00:00,detector,events_processed,63.0,normal,f398aa60-da48-45c3-9eb4-8bb4a858c345,,,2.58
2026-08-10 16:43:39.002289+00:00,orchestrator,events_received,63.0,normal,f398aa60-da48-45c3-9eb4-8bb4a858c345,,,2.58
2026-08-10 16:43:39.002289+00:00,detector,queue_wait_ms,1.99951171875,normal,f398aa60-da48-45c3-9eb4-8bb4a858c345,,,2.58
2026-08-10 16:43:39.002289+00:00,detector,alerts_emitted,63.0,normal,f398aa60-da48-45c3-9eb4-8bb4a858c345,,,2.58
2026-08-10 16:43:39.002289+00:00,detector,throughput_eps,25.36505427016604,normal,f398aa60-da48-45c3-9eb4-8bb4a858c345,,,2.58
2026-08-10 16:43:39.003256+00:00,detector,end_to_end_latency_ms,20.56591796875,normal,f398aa60-da48-45c3-9eb4-8bb4a858c345,,,2.58
2026-08-10 16:43:39.003256+00:00,detector,stage_latency_ms,18.469499998900574,normal,f398aa60-da48-45c3-9eb4-8bb4a858c345,,,2.58
2026-08-10 16:43:39.021756+00:00,generator,events_sent,64.0,normal,f398aa60-da48-45c3-9eb4-8bb4a858c345,,,2.6
2026-08-10 16:43:39.021756+00:00,generator,throughput_eps,25.369458852114068,normal,f398aa60-da48-45c3-9eb4-8bb4a858c345,,,2.6
2026-08-10 16:43:39.040993+00:00,detector,events_processed,64.0,normal,f398aa60-da48-45c3-9eb4-8bb4a858c345,,,2.62
2026-08-10 16:43:39.041993+00:00,detector,alerts_emitted,64.0,normal,f398aa60-da48-45c3-9eb4-8bb4a858c345,,,2.62
2026-08-10 16:43:39.041993+00:00,detector,throughput_eps,25.363039706349607,normal,f398aa60-da48-45c3-9eb4-8bb4a858c345,,,2.62
2026-08-10 16:43:39.041993+00:00,detector,queue_wait_ms,2.042724609375,normal,f398aa60-da48-45c3-9eb4-8bb4a858c345,,,2.62
2026-08-10 16:43:39.042992+00:00,detector,stage_latency_ms,19.193000000086613,normal,f398aa60-da48-45c3-9eb4-8bb4a858c345,,,2.62
2026-08-10 16:43:39.042992+00:00,detector,end_to_end_latency_ms,21.280029296875,normal,f398aa60-da48-45c3-9eb4-8bb4a858c345,,,2.62
2026-08-10 16:43:39.062657+00:00,generator,events_sent,65.0,normal,f398aa60-da48-45c3-9eb4-8bb4a858c345,,,2.64
2026-08-10 16:43:39.062657+00:00,generator,throughput_eps,25.356546723592896,normal,f398aa60-da48-45c3-9eb4-8bb4a858c345,,,2.64
2026-08-10 16:43:39.077655+00:00,orchestrator,events_processed,63.0,normal,f398aa60-da48-45c3-9eb4-8bb4a858c345,,,2.66
2026-08-10 16:43:39.077655+00:00,orchestrator,throughput_eps,24.856335392786345,normal,f398aa60-da48-45c3-9eb4-8bb4a858c345,,,2.66
2026-08-10 16:43:39.077655+00:00,orchestrator,queue_wait_ms,2.604248046875,normal,f398aa60-da48-45c3-9eb4-8bb4a858c345,,,2.66
2026-08-10 16:43:39.078656+00:00,orchestrator,xai_latency_ms,0.0024000000848900527,normal,f398aa60-da48-45c3-9eb4-8bb4a858c345,,deterministic,2.66
2026-08-10 16:43:39.078656+00:00,orchestrator,end_to_end_latency_ms,96.97021484375,normal,f398aa60-da48-45c3-9eb4-8bb4a858c345,,,2.66
2026-08-10 16:43:39.078656+00:00,orchestrator,stage_latency_ms,74.94629999928293,normal,f398aa60-da48-45c3-9eb4-8bb4a858c345,,,2.66
2026-08-10 16:43:39.081658+00:00,detector,events_processed,65.0,normal,f398aa60-da48-45c3-9eb4-8bb4a858c345,,,2.66
2026-08-10 16:43:39.082657+00:00,detector,alerts_emitted,65.0,normal,f398aa60-da48-45c3-9eb4-8bb4a858c345,,,2.66
2026-08-10 16:43:39.082657+00:00,detector,throughput_eps,25.350830740771496,normal,f398aa60-da48-45c3-9eb4-8bb4a858c345,,,2.66
2026-08-10 16:43:39.082657+00:00,orchestrator,events_received,64.0,normal,f398aa60-da48-45c3-9eb4-8bb4a858c345,,,2.66
2026-08-10 16:43:39.082657+00:00,detector,queue_wait_ms,2.001220703125,normal,f398aa60-da48-45c3-9eb4-8bb4a858c345,,,2.66
2026-08-10 16:43:39.082657+00:00,detector,stage_latency_ms,19.122599998809164,normal,f398aa60-da48-45c3-9eb4-8bb4a858c345,,,2.66
2026-08-10 16:43:39.083658+00:00,detector,end_to_end_latency_ms,21.0029296875,normal,f398aa60-da48-45c3-9eb4-8bb4a858c345,,,2.66
2026-08-10 16:43:39.101845+00:00,generator,events_sent,66.0,normal,f398aa60-da48-45c3-9eb4-8bb4a858c345,,,2.68
2026-08-10 16:43:39.101845+00:00,generator,throughput_eps,25.358904576462013,normal,f398aa60-da48-45c3-9eb4-8bb4a858c345,,,2.68
2026-08-10 16:43:39.107251+00:00,orchestrator,events_processed,64.0,normal,f398aa60-da48-45c3-9eb4-8bb4a858c345,,,2.69
2026-08-10 16:43:39.107251+00:00,orchestrator,throughput_eps,24.958758622653065,normal,f398aa60-da48-45c3-9eb4-8bb4a858c345,,,2.69
2026-08-10 16:43:39.107251+00:00,orchestrator,queue_wait_ms,43.632568359375,normal,f398aa60-da48-45c3-9eb4-8bb4a858c345,,,2.69
2026-08-10 16:43:39.108251+00:00,orchestrator,xai_latency_ms,0.0019000017346115783,normal,f398aa60-da48-45c3-9eb4-8bb4a858c345,,deterministic,2.69
2026-08-10 16:43:39.108251+00:00,orchestrator,stage_latency_ms,24.455100001432584,normal,f398aa60-da48-45c3-9eb4-8bb4a858c345,,,2.69
2026-08-10 16:43:39.108251+00:00,orchestrator,end_to_end_latency_ms,87.5380859375,normal,f398aa60-da48-45c3-9eb4-8bb4a858c345,,,2.69
2026-08-10 16:43:39.109250+00:00,orchestrator,events_received,65.0,normal,f398aa60-da48-45c3-9eb4-8bb4a858c345,,,2.69
2026-08-10 16:43:39.121251+00:00,detector,events_processed,66.0,normal,f398aa60-da48-45c3-9eb4-8bb4a858c345,,,2.7
2026-08-10 16:43:39.121251+00:00,detector,alerts_emitted,66.0,normal,f398aa60-da48-45c3-9eb4-8bb4a858c345,,,2.7
2026-08-10 16:43:39.122251+00:00,detector,throughput_eps,25.352708835516218,normal,f398aa60-da48-45c3-9eb4-8bb4a858c345,,,2.7
2026-08-10 16:43:39.122251+00:00,detector,queue_wait_ms,2.000244140625,normal,f398aa60-da48-45c3-9eb4-8bb4a858c345,,,2.7
2026-08-10 16:43:39.122251+00:00,detector,stage_latency_ms,19.224699999540462,normal,f398aa60-da48-45c3-9eb4-8bb4a858c345,,,2.7
2026-08-10 16:43:39.122251+00:00,detector,end_to_end_latency_ms,21.40576171875,normal,f398aa60-da48-45c3-9eb4-8bb4a858c345,,,2.7
2026-08-10 16:43:39.134274+00:00,orchestrator,events_processed,65.0,normal,f398aa60-da48-45c3-9eb4-8bb4a858c345,,,2.71
2026-08-10 16:43:39.134274+00:00,orchestrator,throughput_eps,25.086234912433348,normal,f398aa60-da48-45c3-9eb4-8bb4a858c345,,,2.71
2026-08-10 16:43:39.134274+00:00,orchestrator,queue_wait_ms,29.593994140625,normal,f398aa60-da48-45c3-9eb4-8bb4a858c345,,,2.71
2026-08-10 16:43:39.135275+00:00,orchestrator,stage_latency_ms,25.17269999952987,normal,f398aa60-da48-45c3-9eb4-8bb4a858c345,,,2.71
2026-08-10 16:43:39.135275+00:00,orchestrator,end_to_end_latency_ms,73.618408203125,normal,f398aa60-da48-45c3-9eb4-8bb4a858c345,,,2.71
2026-08-10 16:43:39.136274+00:00,orchestrator,xai_latency_ms,0.0017000002117129043,normal,f398aa60-da48-45c3-9eb4-8bb4a858c345,,deterministic,2.72
2026-08-10 16:43:39.139273+00:00,orchestrator,events_received,66.0,normal,f398aa60-da48-45c3-9eb4-8bb4a858c345,,,2.72
2026-08-10 16:43:39.141273+00:00,generator,events_sent,67.0,normal,f398aa60-da48-45c3-9eb4-8bb4a858c345,,,2.72
2026-08-10 16:43:39.142273+00:00,generator,throughput_eps,25.352964159074812,normal,f398aa60-da48-45c3-9eb4-8bb4a858c345,,,2.72
2026-08-10 16:43:39.163521+00:00,detector,events_processed,67.0,normal,f398aa60-da48-45c3-9eb4-8bb4a858c345,,,2.74
2026-08-10 16:43:39.163521+00:00,detector,alerts_emitted,67.0,normal,f398aa60-da48-45c3-9eb4-8bb4a858c345,,,2.74
2026-08-10 16:43:39.163521+00:00,detector,throughput_eps,25.328959866254998,normal,f398aa60-da48-45c3-9eb4-8bb4a858c345,,,2.74
2026-08-10 16:43:39.164522+00:00,detector,queue_wait_ms,1.999755859375,normal,f398aa60-da48-45c3-9eb4-8bb4a858c345,,,2.74
2026-08-10 16:43:39.164522+00:00,orchestrator,throughput_eps,25.177910017319345,normal,f398aa60-da48-45c3-9eb4-8bb4a858c345,,,2.74
2026-08-10 16:43:39.164522+00:00,detector,stage_latency_ms,21.019899999373592,normal,f398aa60-da48-45c3-9eb4-8bb4a858c345,,,2.74
2026-08-10 16:43:39.165521+00:00,detector,end_to_end_latency_ms,23.247802734375,normal,f398aa60-da48-45c3-9eb4-8bb4a858c345,,,2.74
2026-08-10 16:43:39.165521+00:00,orchestrator,stage_latency_ms,25.72650000001886,normal,f398aa60-da48-45c3-9eb4-8bb4a858c345,,,2.74
2026-08-10 16:43:39.165521+00:00,orchestrator,queue_wait_ms,20.021484375,normal,f398aa60-da48-45c3-9eb4-8bb4a858c345,,,2.74
2026-08-10 16:43:39.165521+00:00,orchestrator,end_to_end_latency_ms,64.6767578125,normal,f398aa60-da48-45c3-9eb4-8bb4a858c345,,,2.74
2026-08-10 16:43:39.166521+00:00,orchestrator,xai_latency_ms,0.0017000002117129043,normal,f398aa60-da48-45c3-9eb4-8bb4a858c345,,deterministic,2.75
2026-08-10 16:43:39.168521+00:00,orchestrator,events_received,67.0,normal,f398aa60-da48-45c3-9eb4-8bb4a858c345,,,2.75
2026-08-10 16:43:39.182522+00:00,generator,events_sent,68.0,normal,f398aa60-da48-45c3-9eb4-8bb4a858c345,,,2.76
2026-08-10 16:43:39.182522+00:00,generator,throughput_eps,25.340659784533756,normal,f398aa60-da48-45c3-9eb4-8bb4a858c345,,,2.76
2026-08-10 16:43:39.193521+00:00,orchestrator,events_processed,67.0,normal,f398aa60-da48-45c3-9eb4-8bb4a858c345,,,2.77
2026-08-10 16:43:39.194521+00:00,orchestrator,throughput_eps,25.27818740994814,normal,f398aa60-da48-45c3-9eb4-8bb4a858c345,,,2.77
2026-08-10 16:43:39.194521+00:00,orchestrator,queue_wait_ms,7.0,normal,f398aa60-da48-45c3-9eb4-8bb4a858c345,,,2.77
2026-08-10 16:43:39.194521+00:00,orchestrator,stage_latency_ms,24.902800001655123,normal,f398aa60-da48-45c3-9eb4-8bb4a858c345,,,2.77
2026-08-10 16:43:39.195521+00:00,orchestrator,end_to_end_latency_ms,53.2470703125,normal,f398aa60-da48-45c3-9eb4-8bb4a858c345,,,2.77
2026-08-10 16:43:39.195521+00:00,orchestrator,xai_latency_ms,0.0019000017346115783,normal,f398aa60-da48-45c3-9eb4-8bb4a858c345,,deterministic,2.77
2026-08-10 16:43:39.201521+00:00,detector,events_processed,68.0,normal,f398aa60-da48-45c3-9eb4-8bb4a858c345,,,2.78
2026-08-10 16:43:39.201521+00:00,detector,alerts_emitted,68.0,normal,f398aa60-da48-45c3-9eb4-8bb4a858c345,,,2.78
2026-08-10 16:43:39.202520+00:00,detector,queue_wait_ms,2.002685546875,normal,f398aa60-da48-45c3-9eb4-8bb4a858c345,,,2.78
2026-08-10 16:43:39.202520+00:00,detector,stage_latency_ms,18.912100000306964,normal,f398aa60-da48-45c3-9eb4-8bb4a858c345,,,2.78
2026-08-10 16:43:39.202520+00:00,orchestrator,events_received,68.0,normal,f398aa60-da48-45c3-9eb4-8bb4a858c345,,,2.78
2026-08-10 16:43:39.202520+00:00,detector,throughput_eps,25.33724247906537,normal,f398aa60-da48-45c3-9eb4-8bb4a858c345,,,2.78
2026-08-10 16:43:39.203521+00:00,detector,end_to_end_latency_ms,21.001220703125,normal,f398aa60-da48-45c3-9eb4-8bb4a858c345,,,2.78
2026-08-10 16:43:39.222547+00:00,generator,events_sent,69.0,normal,f398aa60-da48-45c3-9eb4-8bb4a858c345,,,2.8
2026-08-10 16:43:39.222547+00:00,generator,throughput_eps,25.335050453629577,normal,f398aa60-da48-45c3-9eb4-8bb4a858c345,,,2.8
2026-08-10 16:43:39.227545+00:00,orchestrator,events_processed,68.0,normal,f398aa60-da48-45c3-9eb4-8bb4a858c345,,,2.81
2026-08-10 16:43:39.227545+00:00,orchestrator,throughput_eps,25.337047013308137,normal,f398aa60-da48-45c3-9eb4-8bb4a858c345,,,2.81
2026-08-10 16:43:39.227545+00:00,orchestrator,queue_wait_ms,2.99951171875,normal,f398aa60-da48-45c3-9eb4-8bb4a858c345,,,2.81
2026-08-10 16:43:39.228545+00:00,orchestrator,stage_latency_ms,25.086800000281073,normal,f398aa60-da48-45c3-9eb4-8bb4a858c345,,,2.81
2026-08-10 16:43:39.228545+00:00,orchestrator,end_to_end_latency_ms,47.025146484375,normal,f398aa60-da48-45c3-9eb4-8bb4a858c345,,,2.81
2026-08-10 16:43:39.228545+00:00,orchestrator,xai_latency_ms,0.002200000380980782,normal,f398aa60-da48-45c3-9eb4-8bb4a858c345,,deterministic,2.81
2026-08-10 16:43:39.241864+00:00,detector,throughput_eps,25.33277770106981,normal,f398aa60-da48-45c3-9eb4-8bb4a858c345,,,2.82
2026-08-10 16:43:39.241864+00:00,detector,events_processed,69.0,normal,f398aa60-da48-45c3-9eb4-8bb4a858c345,,,2.82
2026-08-10 16:43:39.241864+00:00,detector,alerts_emitted,69.0,normal,f398aa60-da48-45c3-9eb4-8bb4a858c345,,,2.82
2026-08-10 16:43:39.241864+00:00,orchestrator,events_received,69.0,normal,f398aa60-da48-45c3-9eb4-8bb4a858c345,,,2.82
2026-08-10 16:43:39.242896+00:00,detector,end_to_end_latency_ms,21.302734375,normal,f398aa60-da48-45c3-9eb4-8bb4a858c345,,,2.82
2026-08-10 16:43:39.242896+00:00,detector,queue_wait_ms,1.985107421875,normal,f398aa60-da48-45c3-9eb4-8bb4a858c345,,,2.82
2026-08-10 16:43:39.242896+00:00,detector,stage_latency_ms,18.82560000012745,normal,f398aa60-da48-45c3-9eb4-8bb4a858c345,,,2.82
2026-08-10 16:43:39.261704+00:00,generator,events_sent,70.0,normal,f398aa60-da48-45c3-9eb4-8bb4a858c345,,,2.84
2026-08-10 16:43:39.261704+00:00,generator,throughput_eps,25.337990431484247,normal,f398aa60-da48-45c3-9eb4-8bb4a858c345,,,2.84
2026-08-10 16:43:39.267707+00:00,orchestrator,events_processed,69.0,normal,f398aa60-da48-45c3-9eb4-8bb4a858c345,,,2.85
2026-08-10 16:43:39.267707+00:00,orchestrator,throughput_eps,25.329439155551473,normal,f398aa60-da48-45c3-9eb4-8bb4a858c345,,,2.85
2026-08-10 16:43:39.267707+00:00,orchestrator,queue_wait_ms,2.3193359375,normal,f398aa60-da48-45c3-9eb4-8bb4a858c345,,,2.85
2026-08-10 16:43:39.268704+00:00,orchestrator,stage_latency_ms,25.415199999770266,normal,f398aa60-da48-45c3-9eb4-8bb4a858c345,,,2.85
2026-08-10 16:43:39.268704+00:00,orchestrator,end_to_end_latency_ms,47.14501953125,normal,f398aa60-da48-45c3-9eb4-8bb4a858c345,,,2.85
2026-08-10 16:43:39.268704+00:00,orchestrator,xai_latency_ms,0.0018999999156221747,normal,f398aa60-da48-45c3-9eb4-8bb4a858c345,,deterministic,2.85
2026-08-10 16:43:39.280705+00:00,orchestrator,events_received,70.0,normal,f398aa60-da48-45c3-9eb4-8bb4a858c345,,,2.86
2026-08-10 16:43:39.281704+00:00,detector,stage_latency_ms,18.89090000076976,normal,f398aa60-da48-45c3-9eb4-8bb4a858c345,,,2.86
2026-08-10 16:43:39.281704+00:00,detector,queue_wait_ms,1.971435546875,normal,f398aa60-da48-45c3-9eb4-8bb4a858c345,,,2.86
2026-08-10 16:43:39.281704+00:00,detector,throughput_eps,25.335569619615608,normal,f398aa60-da48-45c3-9eb4-8bb4a858c345,,,2.86
2026-08-10 16:43:39.281704+00:00,detector,alerts_emitted,70.0,normal,f398aa60-da48-45c3-9eb4-8bb4a858c345,,,2.86
2026-08-10 16:43:39.282705+00:00,detector,end_to_end_latency_ms,20.972412109375,normal,f398aa60-da48-45c3-9eb4-8bb4a858c345,,,2.86
2026-08-10 16:43:39.302456+00:00,generator,events_sent,71.0,normal,f398aa60-da48-45c3-9eb4-8bb4a858c345,,,2.88
2026-08-10 16:43:39.302456+00:00,generator,throughput_eps,25.32764474431802,normal,f398aa60-da48-45c3-9eb4-8bb4a858c345,,,2.88
2026-08-10 16:43:39.305455+00:00,orchestrator,events_processed,70.0,normal,f398aa60-da48-45c3-9eb4-8bb4a858c345,,,2.88
2026-08-10 16:43:39.305455+00:00,orchestrator,throughput_eps,25.341872883401006,normal,f398aa60-da48-45c3-9eb4-8bb4a858c345,,,2.88
2026-08-10 16:43:39.306455+00:00,orchestrator,queue_wait_ms,2.001953125,normal,f398aa60-da48-45c3-9eb4-8bb4a858c345,,,2.89
2026-08-10 16:43:39.306455+00:00,orchestrator,stage_latency_ms,24.76790000036999,normal,f398aa60-da48-45c3-9eb4-8bb4a858c345,,,2.89
2026-08-10 16:43:39.306455+00:00,orchestrator,end_to_end_latency_ms,45.722412109375,normal,f398aa60-da48-45c3-9eb4-8bb4a858c345,,,2.89
2026-08-10 16:43:39.307456+00:00,orchestrator,xai_latency_ms,0.0017000002117129043,normal,f398aa60-da48-45c3-9eb4-8bb4a858c345,,deterministic,2.89
2026-08-10 16:43:39.321970+00:00,orchestrator,events_received,71.0,normal,f398aa60-da48-45c3-9eb4-8bb4a858c345,,,2.9
2026-08-10 16:43:39.321970+00:00,detector,throughput_eps,25.320650774003095,normal,f398aa60-da48-45c3-9eb4-8bb4a858c345,,,2.9
2026-08-10 16:43:39.321970+00:00,detector,events_processed,71.0,normal,f398aa60-da48-45c3-9eb4-8bb4a858c345,,,2.9
2026-08-10 16:43:39.323003+00:00,detector,end_to_end_latency_ms,21.51513671875,normal,f398aa60-da48-45c3-9eb4-8bb4a858c345,,,2.9
2026-08-10 16:43:39.323003+00:00,detector,stage_latency_ms,19.3024999989575,normal,f398aa60-da48-45c3-9eb4-8bb4a858c345,,,2.9
2026-08-10 16:43:39.323003+00:00,detector,queue_wait_ms,2.0009765625,normal,f398aa60-da48-45c3-9eb4-8bb4a858c345,,,2.9
2026-08-10 16:43:39.342378+00:00,generator,events_sent,72.0,normal,f398aa60-da48-45c3-9eb4-8bb4a858c345,,,2.92
2026-08-10 16:43:39.342378+00:00,generator,throughput_eps,25.32426020969765,normal,f398aa60-da48-45c3-9eb4-8bb4a858c345,,,2.92
2026-08-10 16:43:39.361201+00:00,detector,events_processed,72.0,normal,f398aa60-da48-45c3-9eb4-8bb4a858c345,,,2.94
2026-08-10 16:43:39.361201+00:00,detector,alerts_emitted,72.0,normal,f398aa60-da48-45c3-9eb4-8bb4a858c345,,,2.94
2026-08-10 16:43:39.362242+00:00,detector,throughput_eps,25.320965527642915,normal,f398aa60-da48-45c3-9eb4-8bb4a858c345,,,2.94
2026-08-10 16:43:39.362242+00:00,detector,queue_wait_ms,2.049072265625,normal,f398aa60-da48-45c3-9eb4-8bb4a858c345,,,2.94
2026-08-10 16:43:39.362242+00:00,detector,stage_latency_ms,18.90590000039083,normal,f398aa60-da48-45c3-9eb4-8bb4a858c345,,,2.94
2026-08-10 16:43:39.363206+00:00,detector,end_to_end_latency_ms,20.871337890625,normal,f398aa60-da48-45c3-9eb4-8bb4a858c345,,,2.94
2026-08-10 16:43:39.381704+00:00,generator,events_sent,73.0,normal,f398aa60-da48-45c3-9eb4-8bb4a858c345,,,2.96
2026-08-10 16:43:39.381704+00:00,generator,throughput_eps,25.322804205119553,normal,f398aa60-da48-45c3-9eb4-8bb4a858c345,,,2.96
2026-08-10 16:43:39.397706+00:00,orchestrator,stage_latency_ms,75.20449999901757,normal,f398aa60-da48-45c3-9eb4-8bb4a858c345,,,2.98
2026-08-10 16:43:39.397706+00:00,orchestrator,queue_wait_ms,2.447265625,normal,f398aa60-da48-45c3-9eb4-8bb4a858c345,,,2.98
2026-08-10 16:43:39.397706+00:00,orchestrator,events_processed,71.0,normal,f398aa60-da48-45c3-9eb4-8bb4a858c345,,,2.98
2026-08-10 16:43:39.397706+00:00,orchestrator,throughput_eps,24.871454551948254,normal,f398aa60-da48-45c3-9eb4-8bb4a858c345,,,2.98
2026-08-10 16:43:39.398704+00:00,orchestrator,end_to_end_latency_ms,97.25048828125,normal,f398aa60-da48-45c3-9eb4-8bb4a858c345,,,2.98
2026-08-10 16:43:39.398704+00:00,orchestrator,xai_latency_ms,0.0020000006770715117,normal,f398aa60-da48-45c3-9eb4-8bb4a858c345,,deterministic,2.98
2026-08-10 16:43:39.400703+00:00,detector,events_processed,73.0,normal,f398aa60-da48-45c3-9eb4-8bb4a858c345,,,2.98
2026-08-10 16:43:39.400703+00:00,detector,alerts_emitted,73.0,normal,f398aa60-da48-45c3-9eb4-8bb4a858c345,,,2.98
2026-08-10 16:43:39.400703+00:00,detector,throughput_eps,25.322685753585972,normal,f398aa60-da48-45c3-9eb4-8bb4a858c345,,,2.98
2026-08-10 16:43:39.401704+00:00,detector,queue_wait_ms,2.00537109375,normal,f398aa60-da48-45c3-9eb4-8bb4a858c345,,,2.98
2026-08-10 16:43:39.401704+00:00,detector,stage_latency_ms,18.53049999954237,normal,f398aa60-da48-45c3-9eb4-8bb4a858c345,,,2.98
2026-08-10 16:43:39.401704+00:00,detector,end_to_end_latency_ms,21.005126953125,normal,f398aa60-da48-45c3-9eb4-8bb4a858c345,,,2.98
2026-08-10 16:43:39.422161+00:00,generator,events_sent,74.0,normal,f398aa60-da48-45c3-9eb4-8bb4a858c345,,,3.0
2026-08-10 16:43:39.422161+00:00,generator,throughput_eps,25.314774482628504,normal,f398aa60-da48-45c3-9eb4-8bb4a858c345,,,3.0
2026-08-10 16:43:39.426160+00:00,orchestrator,throughput_eps,24.969415982242676,normal,f398aa60-da48-45c3-9eb4-8bb4a858c345,,,3.01
2026-08-10 16:43:39.426160+00:00,orchestrator,events_processed,72.0,normal,f398aa60-da48-45c3-9eb4-8bb4a858c345,,,3.01
2026-08-10 16:43:39.427159+00:00,orchestrator,end_to_end_latency_ms,85.83056640625,normal,f398aa60-da48-45c3-9eb4-8bb4a858c345,,,3.01
2026-08-10 16:43:39.427159+00:00,orchestrator,queue_wait_ms,42.2529296875,normal,f398aa60-da48-45c3-9eb4-8bb4a858c345,,,3.01
2026-08-10 16:43:39.427159+00:00,orchestrator,stage_latency_ms,24.336000000403146,normal,f398aa60-da48-45c3-9eb4-8bb4a858c345,,,3.01
2026-08-10 16:43:39.428160+00:00,orchestrator,xai_latency_ms,0.0018999999156221747,normal,f398aa60-da48-45c3-9eb4-8bb4a858c345,,deterministic,3.01
2026-08-10 16:43:39.428160+00:00,orchestrator,events_received,73.0,normal,f398aa60-da48-45c3-9eb4-8bb4a858c345,,,3.01
2026-08-10 16:43:39.440896+00:00,detector,events_processed,74.0,normal,f398aa60-da48-45c3-9eb4-8bb4a858c345,,,3.02
2026-08-10 16:43:39.440896+00:00,detector,alerts_emitted,74.0,normal,f398aa60-da48-45c3-9eb4-8bb4a858c345,,,3.02
2026-08-10 16:43:39.441933+00:00,detector,throughput_eps,25.315108073829276,normal,f398aa60-da48-45c3-9eb4-8bb4a858c345,,,3.02
2026-08-10 16:43:39.441933+00:00,detector,queue_wait_ms,1.994384765625,normal,f398aa60-da48-45c3-9eb4-8bb4a858c345,,,3.02
2026-08-10 16:43:39.441933+00:00,detector,stage_latency_ms,18.531300000176998,normal,f398aa60-da48-45c3-9eb4-8bb4a858c345,,,3.02
2026-08-10 16:43:39.442933+00:00,detector,end_to_end_latency_ms,20.729248046875,normal,f398aa60-da48-45c3-9eb4-8bb4a858c345,,,3.02
2026-08-10 16:43:39.452347+00:00,orchestrator,events_processed,73.0,normal,f398aa60-da48-45c3-9eb4-8bb4a858c345,,,3.03
2026-08-10 16:43:39.453346+00:00,orchestrator,stage_latency_ms,24.634500001411652,normal,f398aa60-da48-45c3-9eb4-8bb4a858c345,,,3.03
2026-08-10 16:43:39.453346+00:00,orchestrator,queue_wait_ms,29.455810546875,normal,f398aa60-da48-45c3-9eb4-8bb4a858c345,,,3.03
2026-08-10 16:43:39.453346+00:00,orchestrator,throughput_eps,25.08815961867907,normal,f398aa60-da48-45c3-9eb4-8bb4a858c345,,,3.03
2026-08-10 16:43:39.454347+00:00,orchestrator,end_to_end_latency_ms,72.648681640625,normal,f398aa60-da48-45c3-9eb4-8bb4a858c345,,,3.03
2026-08-10 16:43:39.454347+00:00,orchestrator,xai_latency_ms,0.0018999999156221747,normal,f398aa60-da48-45c3-9eb4-8bb4a858c345,,deterministic,3.03
2026-08-10 16:43:39.456347+00:00,orchestrator,events_received,74.0,normal,f398aa60-da48-45c3-9eb4-8bb4a858c345,,,3.04
2026-08-10 16:43:39.461347+00:00,generator,events_sent,75.0,normal,f398aa60-da48-45c3-9eb4-8bb4a858c345,,,3.04
2026-08-10 16:43:39.461347+00:00,generator,throughput_eps,25.315147068503805,normal,f398aa60-da48-45c3-9eb4-8bb4a858c345,,,3.04
2026-08-10 16:43:39.480362+00:00,detector,events_processed,75.0,normal,f398aa60-da48-45c3-9eb4-8bb4a858c345,,,3.06
2026-08-10 16:43:39.481363+00:00,detector,alerts_emitted,75.0,normal,f398aa60-da48-45c3-9eb4-8bb4a858c345,,,3.06
2026-08-10 16:43:39.481363+00:00,detector,throughput_eps,25.312061806301966,normal,f398aa60-da48-45c3-9eb4-8bb4a858c345,,,3.06
2026-08-10 16:43:39.482361+00:00,detector,queue_wait_ms,0.9892578125,normal,f398aa60-da48-45c3-9eb4-8bb4a858c345,,,3.06
2026-08-10 16:43:39.482361+00:00,orchestrator,events_processed,74.0,normal,f398aa60-da48-45c3-9eb4-8bb4a858c345,,,3.06
2026-08-10 16:43:39.482361+00:00,detector,stage_latency_ms,18.98049999908835,normal,f398aa60-da48-45c3-9eb4-8bb4a858c345,,,3.06
2026-08-10 16:43:39.483360+00:00,orchestrator,stage_latency_ms,25.630099999034428,normal,f398aa60-da48-45c3-9eb4-8bb4a858c345,,,3.06
2026-08-10 16:43:39.483360+00:00,orchestrator,queue_wait_ms,17.188232421875,normal,f398aa60-da48-45c3-9eb4-8bb4a858c345,,,3.06
2026-08-10 16:43:39.483360+00:00,orchestrator,end_to_end_latency_ms,62.194580078125,normal,f398aa60-da48-45c3-9eb4-8bb4a858c345,,,3.06
2026-08-10 16:43:39.483360+00:00,orchestrator,throughput_eps,25.176358668067476,normal,f398aa60-da48-45c3-9eb4-8bb4a858c345,,,3.06
2026-08-10 16:43:39.483360+00:00,detector,end_to_end_latency_ms,20.004638671875,normal,f398aa60-da48-45c3-9eb4-8bb4a858c345,,,3.06
2026-08-10 16:43:39.484361+00:00,orchestrator,xai_latency_ms,0.0018999999156221747,normal,f398aa60-da48-45c3-9eb4-8bb4a858c345,,deterministic,3.06
2026-08-10 16:43:39.486362+00:00,orchestrator,events_received,75.0,normal,f398aa60-da48-45c3-9eb4-8bb4a858c345,,,3.07
2026-08-10 16:43:39.502220+00:00,generator,events_sent,76.0,normal,f398aa60-da48-45c3-9eb4-8bb4a858c345,,,3.08
2026-08-10 16:43:39.502220+00:00,generator,throughput_eps,25.308379226417966,normal,f398aa60-da48-45c3-9eb4-8bb4a858c345,,,3.08
2026-08-10 16:43:39.511219+00:00,orchestrator,events_processed,75.0,normal,f398aa60-da48-45c3-9eb4-8bb4a858c345,,,3.09
2026-08-10 16:43:39.511219+00:00,orchestrator,throughput_eps,25.269049645047062,normal,f398aa60-da48-45c3-9eb4-8bb4a858c345,,,3.09
2026-08-10 16:43:39.512219+00:00,orchestrator,queue_wait_ms,7.99951171875,normal,f398aa60-da48-45c3-9eb4-8bb4a858c345,,,3.09
2026-08-10 16:43:39.512219+00:00,orchestrator,stage_latency_ms,24.706000000151107,normal,f398aa60-da48-45c3-9eb4-8bb4a858c345,,,3.09
2026-08-10 16:43:39.512219+00:00,orchestrator,end_to_end_latency_ms,50.861328125,normal,f398aa60-da48-45c3-9eb4-8bb4a858c345,,,3.09
2026-08-10 16:43:39.513219+00:00,orchestrator,xai_latency_ms,0.002099999619531445,normal,f398aa60-da48-45c3-9eb4-8bb4a858c345,,deterministic,3.09
2026-08-10 16:43:39.521395+00:00,detector,alerts_emitted,76.0,normal,f398aa60-da48-45c3-9eb4-8bb4a858c345,,,3.1
2026-08-10 16:43:39.521395+00:00,detector,throughput_eps,25.30461697919942,normal,f398aa60-da48-45c3-9eb4-8bb4a858c345,,,3.1
2026-08-10 16:43:39.521395+00:00,detector,events_processed,76.0,normal,f398aa60-da48-45c3-9eb4-8bb4a858c345,,,3.1
2026-08-10 16:43:39.521395+00:00,orchestrator,events_received,76.0,normal,f398aa60-da48-45c3-9eb4-8bb4a858c345,,,3.1
2026-08-10 16:43:39.522395+00:00,detector,queue_wait_ms,2.417236328125,normal,f398aa60-da48-45c3-9eb4-8bb4a858c345,,,3.1
2026-08-10 16:43:39.522395+00:00,detector,stage_latency_ms,19.010599999091937,normal,f398aa60-da48-45c3-9eb4-8bb4a858c345,,,3.1
2026-08-10 16:43:39.522395+00:00,detector,end_to_end_latency_ms,21.59228515625,normal,f398aa60-da48-45c3-9eb4-8bb4a858c345,,,3.1
2026-08-10 16:43:39.541897+00:00,generator,events_sent,77.0,normal,f398aa60-da48-45c3-9eb4-8bb4a858c345,,,3.12
2026-08-10 16:43:39.541897+00:00,generator,throughput_eps,25.30585454939622,normal,f398aa60-da48-45c3-9eb4-8bb4a858c345,,,3.12
2026-08-10 16:43:39.545897+00:00,orchestrator,events_processed,76.0,normal,f398aa60-da48-45c3-9eb4-8bb4a858c345,,,3.13
2026-08-10 16:43:39.545897+00:00,orchestrator,throughput_eps,25.310271019342878,normal,f398aa60-da48-45c3-9eb4-8bb4a858c345,,,3.13
2026-08-10 16:43:39.546897+00:00,orchestrator,queue_wait_ms,2.177490234375,normal,f398aa60-da48-45c3-9eb4-8bb4a858c345,,,3.13
2026-08-10 16:43:39.546897+00:00,orchestrator,stage_latency_ms,24.41770000041288,normal,f398aa60-da48-45c3-9eb4-8bb4a858c345,,,3.13
2026-08-10 16:43:39.547898+00:00,orchestrator,end_to_end_latency_ms,46.093994140625,normal,f398aa60-da48-45c3-9eb4-8bb4a858c345,,,3.13
2026-08-10 16:43:39.547898+00:00,orchestrator,xai_latency_ms,0.0017000002117129043,normal,f398aa60-da48-45c3-9eb4-8bb4a858c345,,deterministic,3.13
2026-08-10 16:43:39.561897+00:00,detector,alerts_emitted,77.0,normal,f398aa60-da48-45c3-9eb4-8bb4a858c345,,,3.14
2026-08-10 16:43:39.561897+00:00,detector,events_processed,77.0,normal,f398aa60-da48-45c3-9eb4-8bb4a858c345,,,3.14
2026-08-10 16:43:39.562898+00:00,detector,queue_wait_ms,1.993896484375,normal,f398aa60-da48-45c3-9eb4-8bb4a858c345,,,3.14
2026-08-10 16:43:39.562898+00:00,orchestrator,events_received,77.0,normal,f398aa60-da48-45c3-9eb4-8bb4a858c345,,,3.14
2026-08-10 16:43:39.562898+00:00,detector,throughput_eps,25.294307589299873,normal,f398aa60-da48-45c3-9eb4-8bb4a858c345,,,3.14
2026-08-10 16:43:39.563898+00:00,detector,stage_latency_ms,19.895899999028188,normal,f398aa60-da48-45c3-9eb4-8bb4a858c345,,,3.14
2026-08-10 16:43:39.563898+00:00,detector,end_to_end_latency_ms,21.993896484375,normal,f398aa60-da48-45c3-9eb4-8bb4a858c345,,,3.14
2026-08-10 16:43:39.581897+00:00,generator,events_sent,78.0,normal,f398aa60-da48-45c3-9eb4-8bb4a858c345,,,3.16
2026-08-10 16:43:39.581897+00:00,generator,throughput_eps,25.30187353143662,normal,f398aa60-da48-45c3-9eb4-8bb4a858c345,,,3.16
2026-08-10 16:43:39.587670+00:00,orchestrator,events_processed,77.0,normal,f398aa60-da48-45c3-9eb4-8bb4a858c345,,,3.17
2026-08-10 16:43:39.587670+00:00,orchestrator,throughput_eps,25.29500297216185,normal,f398aa60-da48-45c3-9eb4-8bb4a858c345,,,3.17
2026-08-10 16:43:39.587670+00:00,orchestrator,queue_wait_ms,3.001220703125,normal,f398aa60-da48-45c3-9eb4-8bb4a858c345,,,3.17
2026-08-10 16:43:39.588671+00:00,orchestrator,stage_latency_ms,24.892000001273118,normal,f398aa60-da48-45c3-9eb4-8bb4a858c345,,,3.17
2026-08-10 16:43:39.588671+00:00,orchestrator,end_to_end_latency_ms,47.767578125,normal,f398aa60-da48-45c3-9eb4-8bb4a858c345,,,3.17
2026-08-10 16:43:39.588671+00:00,orchestrator,xai_latency_ms,0.002300001142430119,normal,f398aa60-da48-45c3-9eb4-8bb4a858c345,,deterministic,3.17
2026-08-10 16:43:39.600851+00:00,detector,throughput_eps,25.3016174601076,normal,f398aa60-da48-45c3-9eb4-8bb4a858c345,,,3.18
2026-08-10 16:43:39.600851+00:00,orchestrator,events_received,78.0,normal,f398aa60-da48-45c3-9eb4-8bb4a858c345,,,3.18
2026-08-10 16:43:39.600851+00:00,detector,alerts_emitted,78.0,normal,f398aa60-da48-45c3-9eb4-8bb4a858c345,,,3.18
2026-08-10 16:43:39.600851+00:00,detector,events_processed,78.0,normal,f398aa60-da48-45c3-9eb4-8bb4a858c345,,,3.18
2026-08-10 16:43:39.601849+00:00,detector,queue_wait_ms,1.988525390625,normal,f398aa60-da48-45c3-9eb4-8bb4a858c345,,,3.18
2026-08-10 16:43:39.601849+00:00,detector,stage_latency_ms,18.63760000014736,normal,f398aa60-da48-45c3-9eb4-8bb4a858c345,,,3.18
2026-08-10 16:43:39.601849+00:00,detector,end_to_end_latency_ms,20.94287109375,normal,f398aa60-da48-45c3-9eb4-8bb4a858c345,,,3.18
2026-08-10 16:43:39.622131+00:00,generator,events_sent,79.0,normal,f398aa60-da48-45c3-9eb4-8bb4a858c345,,,3.2
2026-08-10 16:43:39.622131+00:00,generator,throughput_eps,25.294614153997955,normal,f398aa60-da48-45c3-9eb4-8bb4a858c345,,,3.2
2026-08-10 16:43:39.641077+00:00,detector,events_processed,79.0,normal,f398aa60-da48-45c3-9eb4-8bb4a858c345,,,3.22
2026-08-10 16:43:39.641077+00:00,detector,alerts_emitted,79.0,normal,f398aa60-da48-45c3-9eb4-8bb4a858c345,,,3.22
2026-08-10 16:43:39.642084+00:00,detector,throughput_eps,25.292543939628437,normal,f398aa60-da48-45c3-9eb4-8bb4a858c345,,,3.22
2026-08-10 16:43:39.642084+00:00,detector,queue_wait_ms,1.989990234375,normal,f398aa60-da48-45c3-9eb4-8bb4a858c345,,,3.22
2026-08-10 16:43:39.642084+00:00,detector,stage_latency_ms,18.79729999927804,normal,f398aa60-da48-45c3-9eb4-8bb4a858c345,,,3.22
2026-08-10 16:43:39.643083+00:00,detector,end_to_end_latency_ms,20.93603515625,normal,f398aa60-da48-45c3-9eb4-8bb4a858c345,,,3.22
2026-08-10 16:43:39.661716+00:00,generator,throughput_eps,25.29644795282699,normal,f398aa60-da48-45c3-9eb4-8bb4a858c345,,,3.24
2026-08-10 16:43:39.661716+00:00,generator,events_sent,80.0,normal,f398aa60-da48-45c3-9eb4-8bb4a858c345,,,3.24
2026-08-10 16:43:39.666716+00:00,orchestrator,throughput_eps,24.9691995195629,normal,f398aa60-da48-45c3-9eb4-8bb4a858c345,,,3.25
2026-08-10 16:43:39.666716+00:00,orchestrator,events_processed,78.0,normal,f398aa60-da48-45c3-9eb4-8bb4a858c345,,,3.25
2026-08-10 16:43:39.667716+00:00,orchestrator,queue_wait_ms,2.18017578125,normal,f398aa60-da48-45c3-9eb4-8bb4a858c345,,,3.25
2026-08-10 16:43:39.667716+00:00,orchestrator,stage_latency_ms,65.62940000003437,normal,f398aa60-da48-45c3-9eb4-8bb4a858c345,,,3.25
2026-08-10 16:43:39.667716+00:00,orchestrator,end_to_end_latency_ms,86.807861328125,normal,f398aa60-da48-45c3-9eb4-8bb4a858c345,,,3.25
2026-08-10 16:43:39.668716+00:00,orchestrator,xai_latency_ms,0.001999998858082108,normal,f398aa60-da48-45c3-9eb4-8bb4a858c345,,deterministic,3.25
2026-08-10 16:43:39.670716+00:00,orchestrator,events_received,79.0,normal,f398aa60-da48-45c3-9eb4-8bb4a858c345,,,3.25
2026-08-10 16:43:39.681026+00:00,detector,events_processed,80.0,normal,f398aa60-da48-45c3-9eb4-8bb4a858c345,,,3.26
2026-08-10 16:43:39.681026+00:00,detector,alerts_emitted,80.0,normal,f398aa60-da48-45c3-9eb4-8bb4a858c345,,,3.26
2026-08-10 16:43:39.681026+00:00,detector,throughput_eps,25.29188840155908,normal,f398aa60-da48-45c3-9eb4-8bb4a858c345,,,3.26
2026-08-10 16:43:39.682032+00:00,detector,queue_wait_ms,2.0107421875,normal,f398aa60-da48-45c3-9eb4-8bb4a858c345,,,3.26
2026-08-10 16:43:39.682032+00:00,detector,stage_latency_ms,19.08489999914309,normal,f398aa60-da48-45c3-9eb4-8bb4a858c345,,,3.26
2026-08-10 16:43:39.682032+00:00,detector,end_to_end_latency_ms,21.320068359375,normal,f398aa60-da48-45c3-9eb4-8bb4a858c345,,,3.26
2026-08-10 16:43:39.695668+00:00,orchestrator,events_processed,79.0,normal,f398aa60-da48-45c3-9eb4-8bb4a858c345,,,3.28
2026-08-10 16:43:39.696667+00:00,orchestrator,end_to_end_latency_ms,75.52685546875,normal,f398aa60-da48-45c3-9eb4-8bb4a858c345,,,3.28
2026-08-10 16:43:39.696667+00:00,orchestrator,stage_latency_ms,24.986700000226847,normal,f398aa60-da48-45c3-9eb4-8bb4a858c345,,,3.28
2026-08-10 16:43:39.696667+00:00,orchestrator,queue_wait_ms,31.58544921875,normal,f398aa60-da48-45c3-9eb4-8bb4a858c345,,,3.28
2026-08-10 16:43:39.696667+00:00,orchestrator,throughput_eps,25.05576272423495,normal,f398aa60-da48-45c3-9eb4-8bb4a858c345,,,3.28
2026-08-10 16:43:39.697669+00:00,orchestrator,xai_latency_ms,0.0017000002117129043,normal,f398aa60-da48-45c3-9eb4-8bb4a858c345,,deterministic,3.28
2026-08-10 16:43:39.699668+00:00,orchestrator,events_received,80.0,normal,f398aa60-da48-45c3-9eb4-8bb4a858c345,,,3.28
2026-08-10 16:43:39.701668+00:00,generator,events_sent,81.0,normal,f398aa60-da48-45c3-9eb4-8bb4a858c345,,,3.28
2026-08-10 16:43:39.702669+00:00,generator,throughput_eps,25.287735710533997,normal,f398aa60-da48-45c3-9eb4-8bb4a858c345,,,3.28
2026-08-10 16:43:39.720839+00:00,detector,events_processed,81.0,normal,f398aa60-da48-45c3-9eb4-8bb4a858c345,,,3.3
2026-08-10 16:43:39.720839+00:00,detector,alerts_emitted,81.0,normal,f398aa60-da48-45c3-9eb4-8bb4a858c345,,,3.3
2026-08-10 16:43:39.721840+00:00,detector,throughput_eps,25.287898776333503,normal,f398aa60-da48-45c3-9eb4-8bb4a858c345,,,3.3
2026-08-10 16:43:39.721840+00:00,detector,queue_wait_ms,2.0009765625,normal,f398aa60-da48-45c3-9eb4-8bb4a858c345,,,3.3
2026-08-10 16:43:39.721840+00:00,detector,stage_latency_ms,18.573500001366483,normal,f398aa60-da48-45c3-9eb4-8bb4a858c345,,,3.3
2026-08-10 16:43:39.722840+00:00,detector,end_to_end_latency_ms,20.17041015625,normal,f398aa60-da48-45c3-9eb4-8bb4a858c345,,,3.3
2026-08-10 16:43:39.724839+00:00,orchestrator,stage_latency_ms,24.394400001256145,normal,f398aa60-da48-45c3-9eb4-8bb4a858c345,,,3.3
2026-08-10 16:43:39.724839+00:00,orchestrator,queue_wait_ms,20.95361328125,normal,f398aa60-da48-45c3-9eb4-8bb4a858c345,,,3.3
2026-08-10 16:43:39.724839+00:00,orchestrator,throughput_eps,25.146752788663093,normal,f398aa60-da48-45c3-9eb4-8bb4a858c345,,,3.3
2026-08-10 16:43:39.724839+00:00,orchestrator,events_processed,80.0,normal,f398aa60-da48-45c3-9eb4-8bb4a858c345,,,3.3
2026-08-10 16:43:39.725838+00:00,orchestrator,end_to_end_latency_ms,65.1337890625,normal,f398aa60-da48-45c3-9eb4-8bb4a858c345,,,3.31
2026-08-10 16:43:39.725838+00:00,orchestrator,xai_latency_ms,0.0018000009731622413,normal,f398aa60-da48-45c3-9eb4-8bb4a858c345,,deterministic,3.31
2026-08-10 16:43:39.727840+00:00,orchestrator,events_received,81.0,normal,f398aa60-da48-45c3-9eb4-8bb4a858c345,,,3.31
2026-08-10 16:43:39.741759+00:00,generator,events_sent,82.0,normal,f398aa60-da48-45c3-9eb4-8bb4a858c345,,,3.32
2026-08-10 16:43:39.741759+00:00,generator,throughput_eps,25.289081520226954,normal,f398aa60-da48-45c3-9eb4-8bb4a858c345,,,3.32
2026-08-10 16:43:39.753759+00:00,orchestrator,events_processed,81.0,normal,f398aa60-da48-45c3-9eb4-8bb4a858c345,,,3.33
2026-08-10 16:43:39.753759+00:00,orchestrator,throughput_eps,25.22979056719443,normal,f398aa60-da48-45c3-9eb4-8bb4a858c345,,,3.33
2026-08-10 16:43:39.754758+00:00,orchestrator,queue_wait_ms,9.001220703125,normal,f398aa60-da48-45c3-9eb4-8bb4a858c345,,,3.33
2026-08-10 16:43:39.754758+00:00,orchestrator,stage_latency_ms,25.451199999224627,normal,f398aa60-da48-45c3-9eb4-8bb4a858c345,,,3.33
2026-08-10 16:43:39.754758+00:00,orchestrator,end_to_end_latency_ms,53.091064453125,normal,f398aa60-da48-45c3-9eb4-8bb4a858c345,,,3.33
2026-08-10 16:43:39.755759+00:00,orchestrator,xai_latency_ms,0.0032999996619764715,normal,f398aa60-da48-45c3-9eb4-8bb4a858c345,,deterministic,3.34
2026-08-10 16:43:39.761296+00:00,detector,throughput_eps,25.282691706481458,normal,f398aa60-da48-45c3-9eb4-8bb4a858c345,,,3.34
2026-08-10 16:43:39.761296+00:00,orchestrator,events_received,82.0,normal,f398aa60-da48-45c3-9eb4-8bb4a858c345,,,3.34
2026-08-10 16:43:39.761296+00:00,detector,alerts_emitted,82.0,normal,f398aa60-da48-45c3-9eb4-8bb4a858c345,,,3.34
2026-08-10 16:43:39.761296+00:00,detector,events_processed,82.0,normal,f398aa60-da48-45c3-9eb4-8bb4a858c345,,,3.34
2026-08-10 16:43:39.762296+00:00,detector,queue_wait_ms,2.047119140625,normal,f398aa60-da48-45c3-9eb4-8bb4a858c345,,,3.34
2026-08-10 16:43:39.762296+00:00,detector,stage_latency_ms,19.357500001206063,normal,f398aa60-da48-45c3-9eb4-8bb4a858c345,,,3.34
2026-08-10 16:43:39.762296+00:00,detector,end_to_end_latency_ms,21.583984375,normal,f398aa60-da48-45c3-9eb4-8bb4a858c345,,,3.34
2026-08-10 16:43:39.782634+00:00,generator,events_sent,83.0,normal,f398aa60-da48-45c3-9eb4-8bb4a858c345,,,3.36
2026-08-10 16:43:39.782634+00:00,generator,throughput_eps,25.275734373359775,normal,f398aa60-da48-45c3-9eb4-8bb4a858c345,,,3.36
2026-08-10 16:43:39.785632+00:00,orchestrator,events_processed,82.0,normal,f398aa60-da48-45c3-9eb4-8bb4a858c345,,,3.36
2026-08-10 16:43:39.786631+00:00,orchestrator,throughput_eps,25.28763435303919,normal,f398aa60-da48-45c3-9eb4-8bb4a858c345,,,3.37
2026-08-10 16:43:39.786631+00:00,orchestrator,queue_wait_ms,2.538818359375,normal,f398aa60-da48-45c3-9eb4-8bb4a858c345,,,3.37
2026-08-10 16:43:39.786631+00:00,orchestrator,stage_latency_ms,24.509399998351,normal,f398aa60-da48-45c3-9eb4-8bb4a858c345,,,3.37
2026-08-10 16:43:39.787632+00:00,orchestrator,end_to_end_latency_ms,45.920166015625,normal,f398aa60-da48-45c3-9eb4-8bb4a858c345,,,3.37
2026-08-10 16:43:39.787632+00:00,orchestrator,xai_latency_ms,0.0017999991541728377,normal,f398aa60-da48-45c3-9eb4-8bb4a858c345,,deterministic,3.37
2026-08-10 16:43:39.800872+00:00,detector,events_processed,83.0,normal,f398aa60-da48-45c3-9eb4-8bb4a858c345,,,3.38
2026-08-10 16:43:39.801909+00:00,detector,alerts_emitted,83.0,normal,f398aa60-da48-45c3-9eb4-8bb4a858c345,,,3.38
2026-08-10 16:43:39.801909+00:00,orchestrator,events_received,83.0,normal,f398aa60-da48-45c3-9eb4-8bb4a858c345,,,3.38
2026-08-10 16:43:39.801909+00:00,detector,throughput_eps,25.277351890360446,normal,f398aa60-da48-45c3-9eb4-8bb4a858c345,,,3.38
2026-08-10 16:43:39.801909+00:00,detector,queue_wait_ms,2.00244140625,normal,f398aa60-da48-45c3-9eb4-8bb4a858c345,,,3.38
2026-08-10 16:43:39.802878+00:00,detector,stage_latency_ms,18.338099998800317,normal,f398aa60-da48-45c3-9eb4-8bb4a858c345,,,3.38
2026-08-10 16:43:39.802878+00:00,detector,end_to_end_latency_ms,20.239990234375,normal,f398aa60-da48-45c3-9eb4-8bb4a858c345,,,3.38
2026-08-10 16:43:39.822398+00:00,generator,events_sent,84.0,normal,f398aa60-da48-45c3-9eb4-8bb4a858c345,,,3.4
2026-08-10 16:43:39.822398+00:00,generator,throughput_eps,25.274263826153263,normal,f398aa60-da48-45c3-9eb4-8bb4a858c345,,,3.4
2026-08-10 16:43:39.826397+00:00,orchestrator,events_processed,83.0,normal,f398aa60-da48-45c3-9eb4-8bb4a858c345,,,3.41
2026-08-10 16:43:39.826397+00:00,orchestrator,throughput_eps,25.282861260176116,normal,f398aa60-da48-45c3-9eb4-8bb4a858c345,,,3.41
2026-08-10 16:43:39.826397+00:00,orchestrator,queue_wait_ms,2.276123046875,normal,f398aa60-da48-45c3-9eb4-8bb4a858c345,,,3.41
2026-08-10 16:43:39.827397+00:00,orchestrator,end_to_end_latency_ms,45.765869140625,normal,f398aa60-da48-45c3-9eb4-8bb4a858c345,,,3.41
2026-08-10 16:43:39.827397+00:00,orchestrator,xai_latency_ms,0.0017000002117129043,normal,f398aa60-da48-45c3-9eb4-8bb4a858c345,,deterministic,3.41
2026-08-10 16:43:39.827397+00:00,orchestrator,stage_latency_ms,24.323499999809428,normal,f398aa60-da48-45c3-9eb4-8bb4a858c345,,,3.41
2026-08-10 16:43:39.842165+00:00,detector,events_processed,84.0,normal,f398aa60-da48-45c3-9eb4-8bb4a858c345,,,3.42
2026-08-10 16:43:39.842165+00:00,detector,alerts_emitted,84.0,normal,f398aa60-da48-45c3-9eb4-8bb4a858c345,,,3.42
2026-08-10 16:43:39.842165+00:00,orchestrator,events_received,84.0,normal,f398aa60-da48-45c3-9eb4-8bb4a858c345,,,3.42
2026-08-10 16:43:39.842165+00:00,detector,throughput_eps,25.26906761980254,normal,f398aa60-da48-45c3-9eb4-8bb4a858c345,,,3.42
2026-08-10 16:43:39.843165+00:00,detector,queue_wait_ms,1.93505859375,normal,f398aa60-da48-45c3-9eb4-8bb4a858c345,,,3.42
2026-08-10 16:43:39.843165+00:00,detector,stage_latency_ms,19.240600000557606,normal,f398aa60-da48-45c3-9eb4-8bb4a858c345,,,3.42
2026-08-10 16:43:39.843165+00:00,detector,end_to_end_latency_ms,21.7021484375,normal,f398aa60-da48-45c3-9eb4-8bb4a858c345,,,3.42
2026-08-10 16:43:39.862006+00:00,generator,events_sent,85.0,normal,f398aa60-da48-45c3-9eb4-8bb4a858c345,,,3.44
2026-08-10 16:43:39.862006+00:00,generator,throughput_eps,25.27524972622982,normal,f398aa60-da48-45c3-9eb4-8bb4a858c345,,,3.44
2026-08-10 16:43:39.868007+00:00,orchestrator,queue_wait_ms,2.76611328125,normal,f398aa60-da48-45c3-9eb4-8bb4a858c345,,,3.45
2026-08-10 16:43:39.868007+00:00,orchestrator,events_processed,84.0,normal,f398aa60-da48-45c3-9eb4-8bb4a858c345,,,3.45
2026-08-10 16:43:39.868007+00:00,orchestrator,throughput_eps,25.266478393862126,normal,f398aa60-da48-45c3-9eb4-8bb4a858c345,,,3.45
2026-08-10 16:43:39.869007+00:00,orchestrator,end_to_end_latency_ms,47.54345703125,normal,f398aa60-da48-45c3-9eb4-8bb4a858c345,,,3.45
2026-08-10 16:43:39.869007+00:00,orchestrator,xai_latency_ms,0.0017000002117129043,normal,f398aa60-da48-45c3-9eb4-8bb4a858c345,,deterministic,3.45
2026-08-10 16:43:39.869007+00:00,orchestrator,stage_latency_ms,25.46749999964959,normal,f398aa60-da48-45c3-9eb4-8bb4a858c345,,,3.45
2026-08-10 16:43:39.881006+00:00,detector,events_processed,85.0,normal,f398aa60-da48-45c3-9eb4-8bb4a858c345,,,3.46
2026-08-10 16:43:39.881006+00:00,detector,alerts_emitted,85.0,normal,f398aa60-da48-45c3-9eb4-8bb4a858c345,,,3.46
2026-08-10 16:43:39.882010+00:00,orchestrator,events_received,85.0,normal,f398aa60-da48-45c3-9eb4-8bb4a858c345,,,3.46
2026-08-10 16:43:39.882010+00:00,detector,throughput_eps,25.27222625357758,normal,f398aa60-da48-45c3-9eb4-8bb4a858c345,,,3.46
2026-08-10 16:43:39.882010+00:00,detector,queue_wait_ms,2.0,normal,f398aa60-da48-45c3-9eb4-8bb4a858c345,,,3.46
2026-08-10 16:43:39.883007+00:00,detector,stage_latency_ms,18.95669999976235,normal,f398aa60-da48-45c3-9eb4-8bb4a858c345,,,3.46
2026-08-10 16:43:39.883007+00:00,detector,end_to_end_latency_ms,20.999755859375,normal,f398aa60-da48-45c3-9eb4-8bb4a858c345,,,3.46
2026-08-10 16:43:39.901950+00:00,generator,events_sent,86.0,normal,f398aa60-da48-45c3-9eb4-8bb4a858c345,,,3.48
2026-08-10 16:43:39.901950+00:00,generator,throughput_eps,25.27323488901707,normal,f398aa60-da48-45c3-9eb4-8bb4a858c345,,,3.48
2026-08-10 16:43:39.906951+00:00,orchestrator,events_processed,85.0,normal,f398aa60-da48-45c3-9eb4-8bb4a858c345,,,3.49
2026-08-10 16:43:39.906951+00:00,orchestrator,throughput_eps,25.272060500587916,normal,f398aa60-da48-45c3-9eb4-8bb4a858c345,,,3.49
2026-08-10 16:43:39.906951+00:00,orchestrator,queue_wait_ms,3.003662109375,normal,f398aa60-da48-45c3-9eb4-8bb4a858c345,,,3.49
2026-08-10 16:43:39.907951+00:00,orchestrator,end_to_end_latency_ms,46.9443359375,normal,f398aa60-da48-45c3-9eb4-8bb4a858c345,,,3.49
2026-08-10 16:43:39.907951+00:00,orchestrator,xai_latency_ms,0.002499999027349986,normal,f398aa60-da48-45c3-9eb4-8bb4a858c345,,deterministic,3.49
2026-08-10 16:43:39.907951+00:00,orchestrator,stage_latency_ms,25.099000000409433,normal,f398aa60-da48-45c3-9eb4-8bb4a858c345,,,3.49
2026-08-10 16:43:39.920951+00:00,detector,events_processed,86.0,normal,f398aa60-da48-45c3-9eb4-8bb4a858c345,,,3.5
2026-08-10 16:43:39.920951+00:00,detector,alerts_emitted,86.0,normal,f398aa60-da48-45c3-9eb4-8bb4a858c345,,,3.5
2026-08-10 16:43:39.920951+00:00,orchestrator,events_received,86.0,normal,f398aa60-da48-45c3-9eb4-8bb4a858c345,,,3.5
2026-08-10 16:43:39.920951+00:00,detector,throughput_eps,25.271937193589793,normal,f398aa60-da48-45c3-9eb4-8bb4a858c345,,,3.5
2026-08-10 16:43:39.921952+00:00,detector,queue_wait_ms,1.99951171875,normal,f398aa60-da48-45c3-9eb4-8bb4a858c345,,,3.5
2026-08-10 16:43:39.921952+00:00,detector,stage_latency_ms,18.722800001341966,normal,f398aa60-da48-45c3-9eb4-8bb4a858c345,,,3.5
2026-08-10 16:43:39.922950+00:00,detector,end_to_end_latency_ms,21.0009765625,normal,f398aa60-da48-45c3-9eb4-8bb4a858c345,,,3.5
2026-08-10 16:43:39.942349+00:00,generator,events_sent,87.0,normal,f398aa60-da48-45c3-9eb4-8bb4a858c345,,,3.52
2026-08-10 16:43:39.942349+00:00,generator,throughput_eps,25.26547922634688,normal,f398aa60-da48-45c3-9eb4-8bb4a858c345,,,3.52
2026-08-10 16:43:39.945348+00:00,orchestrator,events_processed,86.0,normal,f398aa60-da48-45c3-9eb4-8bb4a858c345,,,3.52
2026-08-10 16:43:39.945348+00:00,orchestrator,throughput_eps,25.277878980158345,normal,f398aa60-da48-45c3-9eb4-8bb4a858c345,,,3.52
2026-08-10 16:43:39.946348+00:00,orchestrator,queue_wait_ms,2.00146484375,normal,f398aa60-da48-45c3-9eb4-8bb4a858c345,,,3.53
2026-08-10 16:43:39.946348+00:00,orchestrator,stage_latency_ms,24.22639999895182,normal,f398aa60-da48-45c3-9eb4-8bb4a858c345,,,3.53
2026-08-10 16:43:39.947349+00:00,orchestrator,xai_latency_ms,0.0017999991541728377,normal,f398aa60-da48-45c3-9eb4-8bb4a858c345,,deterministic,3.53
2026-08-10 16:43:39.947349+00:00,orchestrator,end_to_end_latency_ms,45.398193359375,normal,f398aa60-da48-45c3-9eb4-8bb4a858c345,,,3.53
2026-08-10 16:43:39.961490+00:00,detector,events_processed,87.0,normal,f398aa60-da48-45c3-9eb4-8bb4a858c345,,,3.54
2026-08-10 16:43:39.961490+00:00,detector,alerts_emitted,87.0,normal,f398aa60-da48-45c3-9eb4-8bb4a858c345,,,3.54
2026-08-10 16:43:39.961490+00:00,orchestrator,events_received,87.0,normal,f398aa60-da48-45c3-9eb4-8bb4a858c345,,,3.54
2026-08-10 16:43:39.961490+00:00,detector,throughput_eps,25.264100180729365,normal,f398aa60-da48-45c3-9eb4-8bb4a858c345,,,3.54
2026-08-10 16:43:39.962522+00:00,detector,queue_wait_ms,1.989501953125,normal,f398aa60-da48-45c3-9eb4-8bb4a858c345,,,3.54
2026-08-10 16:43:39.962522+00:00,detector,stage_latency_ms,18.771499999274965,normal,f398aa60-da48-45c3-9eb4-8bb4a858c345,,,3.54
2026-08-10 16:43:39.962522+00:00,detector,end_to_end_latency_ms,21.130615234375,normal,f398aa60-da48-45c3-9eb4-8bb4a858c345,,,3.54
2026-08-10 16:43:39.981977+00:00,generator,events_sent,88.0,normal,f398aa60-da48-45c3-9eb4-8bb4a858c345,,,3.56
2026-08-10 16:43:39.981977+00:00,generator,throughput_eps,25.26663047438448,normal,f398aa60-da48-45c3-9eb4-8bb4a858c345,,,3.56
2026-08-10 16:43:39.986977+00:00,orchestrator,throughput_eps,25.266381105635084,normal,f398aa60-da48-45c3-9eb4-8bb4a858c345,,,3.57
2026-08-10 16:43:39.986977+00:00,orchestrator,queue_wait_ms,2.142822265625,normal,f398aa60-da48-45c3-9eb4-8bb4a858c345,,,3.57
2026-08-10 16:43:39.986977+00:00,orchestrator,events_processed,87.0,normal,f398aa60-da48-45c3-9eb4-8bb4a858c345,,,3.57
2026-08-10 16:43:39.987978+00:00,orchestrator,stage_latency_ms,24.914499999795225,normal,f398aa60-da48-45c3-9eb4-8bb4a858c345,,,3.57
2026-08-10 16:43:39.987978+00:00,orchestrator,end_to_end_latency_ms,46.6171875,normal,f398aa60-da48-45c3-9eb4-8bb4a858c345,,,3.57
2026-08-10 16:43:39.987978+00:00,orchestrator,xai_latency_ms,0.0017999991541728377,normal,f398aa60-da48-45c3-9eb4-8bb4a858c345,,deterministic,3.57
2026-08-10 16:43:40.000977+00:00,detector,events_processed,88.0,normal,f398aa60-da48-45c3-9eb4-8bb4a858c345,,,3.58
2026-08-10 16:43:40.000977+00:00,detector,alerts_emitted,88.0,normal,f398aa60-da48-45c3-9eb4-8bb4a858c345,,,3.58
2026-08-10 16:43:40.000977+00:00,orchestrator,events_received,88.0,normal,f398aa60-da48-45c3-9eb4-8bb4a858c345,,,3.58
2026-08-10 16:43:40.000977+00:00,detector,throughput_eps,25.264979541032236,normal,f398aa60-da48-45c3-9eb4-8bb4a858c345,,,3.58
2026-08-10 16:43:40.001977+00:00,detector,queue_wait_ms,1.992919921875,normal,f398aa60-da48-45c3-9eb4-8bb4a858c345,,,3.58
2026-08-10 16:43:40.001977+00:00,detector,stage_latency_ms,18.820200000845944,normal,f398aa60-da48-45c3-9eb4-8bb4a858c345,,,3.58
2026-08-10 16:43:40.002977+00:00,detector,end_to_end_latency_ms,20.99267578125,normal,f398aa60-da48-45c3-9eb4-8bb4a858c345,,,3.58
2026-08-10 16:43:40.022260+00:00,generator,throughput_eps,25.262441601763374,normal,f398aa60-da48-45c3-9eb4-8bb4a858c345,,,3.6
2026-08-10 16:43:40.022260+00:00,generator,events_sent,89.0,normal,f398aa60-da48-45c3-9eb4-8bb4a858c345,,,3.6
2026-08-10 16:43:40.026261+00:00,orchestrator,throughput_eps,25.26789193288141,normal,f398aa60-da48-45c3-9eb4-8bb4a858c345,,,3.61
2026-08-10 16:43:40.026261+00:00,orchestrator,queue_wait_ms,2.0,normal,f398aa60-da48-45c3-9eb4-8bb4a858c345,,,3.61
2026-08-10 16:43:40.026261+00:00,orchestrator,events_processed,88.0,normal,f398aa60-da48-45c3-9eb4-8bb4a858c345,,,3.61
2026-08-10 16:43:40.027260+00:00,orchestrator,stage_latency_ms,24.67630000137433,normal,f398aa60-da48-45c3-9eb4-8bb4a858c345,,,3.61
2026-08-10 16:43:40.027260+00:00,orchestrator,end_to_end_latency_ms,46.27734375,normal,f398aa60-da48-45c3-9eb4-8bb4a858c345,,,3.61
2026-08-10 16:43:40.027260+00:00,orchestrator,xai_latency_ms,0.0020000006770715117,normal,f398aa60-da48-45c3-9eb4-8bb4a858c345,,deterministic,3.61
2026-08-10 16:43:40.041455+00:00,detector,events_processed,89.0,normal,f398aa60-da48-45c3-9eb4-8bb4a858c345,,,3.62
2026-08-10 16:43:40.041455+00:00,detector,alerts_emitted,89.0,normal,f398aa60-da48-45c3-9eb4-8bb4a858c345,,,3.62
2026-08-10 16:43:40.041455+00:00,orchestrator,events_received,89.0,normal,f398aa60-da48-45c3-9eb4-8bb4a858c345,,,3.62
2026-08-10 16:43:40.041455+00:00,detector,throughput_eps,25.259858642960488,normal,f398aa60-da48-45c3-9eb4-8bb4a858c345,,,3.62
2026-08-10 16:43:40.042485+00:00,detector,queue_wait_ms,2.00048828125,normal,f398aa60-da48-45c3-9eb4-8bb4a858c345,,,3.62
2026-08-10 16:43:40.042485+00:00,detector,stage_latency_ms,18.892600000981474,normal,f398aa60-da48-45c3-9eb4-8bb4a858c345,,,3.62
2026-08-10 16:43:40.042485+00:00,detector,end_to_end_latency_ms,21.195068359375,normal,f398aa60-da48-45c3-9eb4-8bb4a858c345,,,3.62
2026-08-10 16:43:40.062354+00:00,generator,throughput_eps,25.25706799891583,normal,f398aa60-da48-45c3-9eb4-8bb4a858c345,,,3.64
2026-08-10 16:43:40.062354+00:00,generator,events_sent,90.0,normal,f398aa60-da48-45c3-9eb4-8bb4a858c345,,,3.64
2026-08-10 16:43:40.067354+00:00,orchestrator,queue_wait_ms,2.1953125,normal,f398aa60-da48-45c3-9eb4-8bb4a858c345,,,3.65
2026-08-10 16:43:40.067354+00:00,orchestrator,throughput_eps,25.25578658859875,normal,f398aa60-da48-45c3-9eb4-8bb4a858c345,,,3.65
2026-08-10 16:43:40.067354+00:00,orchestrator,events_processed,89.0,normal,f398aa60-da48-45c3-9eb4-8bb4a858c345,,,3.65
2026-08-10 16:43:40.068355+00:00,orchestrator,stage_latency_ms,25.73359999951208,normal,f398aa60-da48-45c3-9eb4-8bb4a858c345,,,3.65
2026-08-10 16:43:40.068355+00:00,orchestrator,end_to_end_latency_ms,47.094482421875,normal,f398aa60-da48-45c3-9eb4-8bb4a858c345,,,3.65
2026-08-10 16:43:40.068355+00:00,orchestrator,xai_latency_ms,0.0017000002117129043,normal,f398aa60-da48-45c3-9eb4-8bb4a858c345,,deterministic,3.65
2026-08-10 16:43:40.081355+00:00,detector,events_processed,90.0,normal,f398aa60-da48-45c3-9eb4-8bb4a858c345,,,3.66
2026-08-10 16:43:40.081355+00:00,detector,alerts_emitted,90.0,normal,f398aa60-da48-45c3-9eb4-8bb4a858c345,,,3.66
2026-08-10 16:43:40.081355+00:00,orchestrator,events_received,90.0,normal,f398aa60-da48-45c3-9eb4-8bb4a858c345,,,3.66
2026-08-10 16:43:40.082354+00:00,detector,stage_latency_ms,18.718600000283914,normal,f398aa60-da48-45c3-9eb4-8bb4a858c345,,,3.66
2026-08-10 16:43:40.082354+00:00,detector,throughput_eps,25.256192861047275,normal,f398aa60-da48-45c3-9eb4-8bb4a858c345,,,3.66
2026-08-10 16:43:40.082354+00:00,detector,queue_wait_ms,1.989013671875,normal,f398aa60-da48-45c3-9eb4-8bb4a858c345,,,3.66
2026-08-10 16:43:40.083354+00:00,detector,end_to_end_latency_ms,20.990234375,normal,f398aa60-da48-45c3-9eb4-8bb4a858c345,,,3.66
2026-08-10 16:43:40.101808+00:00,generator,throughput_eps,25.258133918959217,normal,f398aa60-da48-45c3-9eb4-8bb4a858c345,,,3.68
2026-08-10 16:43:40.101808+00:00,generator,events_sent,91.0,normal,f398aa60-da48-45c3-9eb4-8bb4a858c345,,,3.68
2026-08-10 16:43:40.106807+00:00,orchestrator,queue_wait_ms,2.001708984375,normal,f398aa60-da48-45c3-9eb4-8bb4a858c345,,,3.69
2026-08-10 16:43:40.106807+00:00,orchestrator,throughput_eps,25.258571858206366,normal,f398aa60-da48-45c3-9eb4-8bb4a858c345,,,3.69
2026-08-10 16:43:40.106807+00:00,orchestrator,events_processed,90.0,normal,f398aa60-da48-45c3-9eb4-8bb4a858c345,,,3.69
2026-08-10 16:43:40.107806+00:00,orchestrator,stage_latency_ms,24.85999999953492,normal,f398aa60-da48-45c3-9eb4-8bb4a858c345,,,3.69
2026-08-10 16:43:40.107806+00:00,orchestrator,end_to_end_latency_ms,46.44189453125,normal,f398aa60-da48-45c3-9eb4-8bb4a858c345,,,3.69
2026-08-10 16:43:40.107806+00:00,orchestrator,xai_latency_ms,0.002099999619531445,normal,f398aa60-da48-45c3-9eb4-8bb4a858c345,,deterministic,3.69
2026-08-10 16:43:40.120806+00:00,detector,events_processed,91.0,normal,f398aa60-da48-45c3-9eb4-8bb4a858c345,,,3.7
2026-08-10 16:43:40.121808+00:00,detector,alerts_emitted,91.0,normal,f398aa60-da48-45c3-9eb4-8bb4a858c345,,,3.7
2026-08-10 16:43:40.121808+00:00,orchestrator,events_received,91.0,normal,f398aa60-da48-45c3-9eb4-8bb4a858c345,,,3.7
2026-08-10 16:43:40.121808+00:00,detector,throughput_eps,25.254702797469125,normal,f398aa60-da48-45c3-9eb4-8bb4a858c345,,,3.7
2026-08-10 16:43:40.121808+00:00,detector,queue_wait_ms,2.001708984375,normal,f398aa60-da48-45c3-9eb4-8bb4a858c345,,,3.7
2026-08-10 16:43:40.122806+00:00,detector,stage_latency_ms,19.0413999989687,normal,f398aa60-da48-45c3-9eb4-8bb4a858c345,,,3.7
2026-08-10 16:43:40.122806+00:00,detector,end_to_end_latency_ms,21.000244140625,normal,f398aa60-da48-45c3-9eb4-8bb4a858c345,,,3.7
2026-08-10 16:43:40.141806+00:00,generator,events_sent,92.0,normal,f398aa60-da48-45c3-9eb4-8bb4a858c345,,,3.72
2026-08-10 16:43:40.141806+00:00,generator,throughput_eps,25.256544039935555,normal,f398aa60-da48-45c3-9eb4-8bb4a858c345,,,3.72
2026-08-10 16:43:40.146805+00:00,orchestrator,queue_wait_ms,3.0009765625,normal,f398aa60-da48-45c3-9eb4-8bb4a858c345,,,3.73
2026-08-10 16:43:40.146805+00:00,orchestrator,throughput_eps,25.25498484995333,normal,f398aa60-da48-45c3-9eb4-8bb4a858c345,,,3.73
2026-08-10 16:43:40.146805+00:00,orchestrator,events_processed,91.0,normal,f398aa60-da48-45c3-9eb4-8bb4a858c345,,,3.73
2026-08-10 16:43:40.147808+00:00,orchestrator,stage_latency_ms,24.995199999466422,normal,f398aa60-da48-45c3-9eb4-8bb4a858c345,,,3.73
2026-08-10 16:43:40.147808+00:00,orchestrator,end_to_end_latency_ms,46.999267578125,normal,f398aa60-da48-45c3-9eb4-8bb4a858c345,,,3.73
2026-08-10 16:43:40.147808+00:00,orchestrator,xai_latency_ms,0.0020000006770715117,normal,f398aa60-da48-45c3-9eb4-8bb4a858c345,,deterministic,3.73
2026-08-10 16:43:40.160808+00:00,detector,events_processed,92.0,normal,f398aa60-da48-45c3-9eb4-8bb4a858c345,,,3.74
2026-08-10 16:43:40.160808+00:00,detector,alerts_emitted,92.0,normal,f398aa60-da48-45c3-9eb4-8bb4a858c345,,,3.74
2026-08-10 16:43:40.161807+00:00,orchestrator,events_received,92.0,normal,f398aa60-da48-45c3-9eb4-8bb4a858c345,,,3.74
2026-08-10 16:43:40.161807+00:00,detector,throughput_eps,25.252773323391878,normal,f398aa60-da48-45c3-9eb4-8bb4a858c345,,,3.74
2026-08-10 16:43:40.161807+00:00,detector,queue_wait_ms,2.000732421875,normal,f398aa60-da48-45c3-9eb4-8bb4a858c345,,,3.74
2026-08-10 16:43:40.161807+00:00,detector,stage_latency_ms,19.069599999056663,normal,f398aa60-da48-45c3-9eb4-8bb4a858c345,,,3.74
2026-08-10 16:43:40.162808+00:00,detector,end_to_end_latency_ms,21.0029296875,normal,f398aa60-da48-45c3-9eb4-8bb4a858c345,,,3.74
2026-08-10 16:43:40.181806+00:00,generator,events_sent,93.0,normal,f398aa60-da48-45c3-9eb4-8bb4a858c345,,,3.76
2026-08-10 16:43:40.181806+00:00,generator,throughput_eps,25.250549954229843,normal,f398aa60-da48-45c3-9eb4-8bb4a858c345,,,3.76
2026-08-10 16:43:40.186805+00:00,orchestrator,queue_wait_ms,3.00146484375,normal,f398aa60-da48-45c3-9eb4-8bb4a858c345,,,3.77
2026-08-10 16:43:40.186805+00:00,orchestrator,events_processed,92.0,normal,f398aa60-da48-45c3-9eb4-8bb4a858c345,,,3.77
2026-08-10 16:43:40.186805+00:00,orchestrator,throughput_eps,25.251770558416215,normal,f398aa60-da48-45c3-9eb4-8bb4a858c345,,,3.77
2026-08-10 16:43:40.187806+00:00,orchestrator,stage_latency_ms,25.208099999872502,normal,f398aa60-da48-45c3-9eb4-8bb4a858c345,,,3.77
2026-08-10 16:43:40.187806+00:00,orchestrator,end_to_end_latency_ms,47.000244140625,normal,f398aa60-da48-45c3-9eb4-8bb4a858c345,,,3.77
2026-08-10 16:43:40.187806+00:00,orchestrator,xai_latency_ms,0.0027999994927085936,normal,f398aa60-da48-45c3-9eb4-8bb4a858c345,,deterministic,3.77
2026-08-10 16:43:40.201806+00:00,detector,events_processed,93.0,normal,f398aa60-da48-45c3-9eb4-8bb4a858c345,,,3.78
2026-08-10 16:43:40.202807+00:00,detector,alerts_emitted,93.0,normal,f398aa60-da48-45c3-9eb4-8bb4a858c345,,,3.78
2026-08-10 16:43:40.202807+00:00,detector,throughput_eps,25.240338087743897,normal,f398aa60-da48-45c3-9eb4-8bb4a858c345,,,3.78
2026-08-10 16:43:40.203806+00:00,detector,queue_wait_ms,3.00390625,normal,f398aa60-da48-45c3-9eb4-8bb4a858c345,,,3.78
2026-08-10 16:43:40.203806+00:00,detector,stage_latency_ms,19.758000000365428,normal,f398aa60-da48-45c3-9eb4-8bb4a858c345,,,3.78
2026-08-10 16:43:40.203806+00:00,detector,end_to_end_latency_ms,22.00048828125,normal,f398aa60-da48-45c3-9eb4-8bb4a858c345,,,3.78
2026-08-10 16:43:40.221809+00:00,generator,events_sent,94.0,normal,f398aa60-da48-45c3-9eb4-8bb4a858c345,,,3.8
2026-08-10 16:43:40.221809+00:00,generator,throughput_eps,25.248842272707904,normal,f398aa60-da48-45c3-9eb4-8bb4a858c345,,,3.8
2026-08-10 16:43:40.226814+00:00,orchestrator,events_processed,93.0,normal,f398aa60-da48-45c3-9eb4-8bb4a858c345,,,3.81
2026-08-10 16:43:40.227813+00:00,orchestrator,stage_latency_ms,24.466400000164867,normal,f398aa60-da48-45c3-9eb4-8bb4a858c345,,,3.81
2026-08-10 16:43:40.227813+00:00,orchestrator,throughput_eps,25.244536554070084,normal,f398aa60-da48-45c3-9eb4-8bb4a858c345,,,3.81
2026-08-10 16:43:40.227813+00:00,orchestrator,queue_wait_ms,3.001708984375,normal,f398aa60-da48-45c3-9eb4-8bb4a858c345,,,3.81
2026-08-10 16:43:40.228813+00:00,orchestrator,end_to_end_latency_ms,47.00830078125,normal,f398aa60-da48-45c3-9eb4-8bb4a858c345,,,3.81
2026-08-10 16:43:40.228813+00:00,orchestrator,xai_latency_ms,0.001999998858082108,normal,f398aa60-da48-45c3-9eb4-8bb4a858c345,,deterministic,3.81
2026-08-10 16:43:40.240814+00:00,detector,events_processed,94.0,normal,f398aa60-da48-45c3-9eb4-8bb4a858c345,,,3.82
2026-08-10 16:43:40.240814+00:00,orchestrator,events_received,94.0,normal,f398aa60-da48-45c3-9eb4-8bb4a858c345,,,3.82
2026-08-10 16:43:40.241813+00:00,detector,stage_latency_ms,18.844000000171945,normal,f398aa60-da48-45c3-9eb4-8bb4a858c345,,,3.82
2026-08-10 16:43:40.241813+00:00,detector,alerts_emitted,94.0,normal,f398aa60-da48-45c3-9eb4-8bb4a858c345,,,3.82
2026-08-10 16:43:40.241813+00:00,detector,throughput_eps,25.246833952000173,normal,f398aa60-da48-45c3-9eb4-8bb4a858c345,,,3.82
2026-08-10 16:43:40.241813+00:00,detector,queue_wait_ms,2.004150390625,normal,f398aa60-da48-45c3-9eb4-8bb4a858c345,,,3.82
2026-08-10 16:43:40.242814+00:00,detector,end_to_end_latency_ms,21.00927734375,normal,f398aa60-da48-45c3-9eb4-8bb4a858c345,,,3.82
2026-08-10 16:43:40.261814+00:00,generator,events_sent,95.0,normal,f398aa60-da48-45c3-9eb4-8bb4a858c345,,,3.84
2026-08-10 16:43:40.261814+00:00,generator,throughput_eps,25.24548006535285,normal,f398aa60-da48-45c3-9eb4-8bb4a858c345,,,3.84
2026-08-10 16:43:40.265813+00:00,orchestrator,events_processed,94.0,normal,f398aa60-da48-45c3-9eb4-8bb4a858c345,,,3.85
2026-08-10 16:43:40.266813+00:00,orchestrator,stage_latency_ms,24.99830000124348,normal,f398aa60-da48-45c3-9eb4-8bb4a858c345,,,3.85
2026-08-10 16:43:40.266813+00:00,orchestrator,queue_wait_ms,2.001220703125,normal,f398aa60-da48-45c3-9eb4-8bb4a858c345,,,3.85
2026-08-10 16:43:40.266813+00:00,orchestrator,throughput_eps,25.24835215814728,normal,f398aa60-da48-45c3-9eb4-8bb4a858c345,,,3.85
2026-08-10 16:43:40.267814+00:00,orchestrator,end_to_end_latency_ms,46.008056640625,normal,f398aa60-da48-45c3-9eb4-8bb4a858c345,,,3.85
2026-08-10 16:43:40.267814+00:00,orchestrator,xai_latency_ms,0.0027999994927085936,normal,f398aa60-da48-45c3-9eb4-8bb4a858c345,,deterministic,3.85
2026-08-10 16:43:40.280814+00:00,detector,events_processed,95.0,normal,f398aa60-da48-45c3-9eb4-8bb4a858c345,,,3.86
2026-08-10 16:43:40.281813+00:00,orchestrator,events_received,95.0,normal,f398aa60-da48-45c3-9eb4-8bb4a858c345,,,3.86
2026-08-10 16:43:40.281813+00:00,detector,alerts_emitted,95.0,normal,f398aa60-da48-45c3-9eb4-8bb4a858c345,,,3.86
2026-08-10 16:43:40.281813+00:00,detector,throughput_eps,25.242798800145156,normal,f398aa60-da48-45c3-9eb4-8bb4a858c345,,,3.86
2026-08-10 16:43:40.281813+00:00,detector,queue_wait_ms,2.00146484375,normal,f398aa60-da48-45c3-9eb4-8bb4a858c345,,,3.86
2026-08-10 16:43:40.282813+00:00,detector,stage_latency_ms,19.02930000142078,normal,f398aa60-da48-45c3-9eb4-8bb4a858c345,,,3.86
2026-08-10 16:43:40.282813+00:00,detector,end_to_end_latency_ms,21.002197265625,normal,f398aa60-da48-45c3-9eb4-8bb4a858c345,,,3.86
2026-08-10 16:43:40.301813+00:00,generator,events_sent,96.0,normal,f398aa60-da48-45c3-9eb4-8bb4a858c345,,,3.88
2026-08-10 16:43:40.301813+00:00,generator,throughput_eps,25.243261337949264,normal,f398aa60-da48-45c3-9eb4-8bb4a858c345,,,3.88
2026-08-10 16:43:40.306813+00:00,orchestrator,stage_latency_ms,24.967699999251636,normal,f398aa60-da48-45c3-9eb4-8bb4a858c345,,,3.89
2026-08-10 16:43:40.306813+00:00,orchestrator,queue_wait_ms,3.00048828125,normal,f398aa60-da48-45c3-9eb4-8bb4a858c345,,,3.89
2026-08-10 16:43:40.306813+00:00,orchestrator,throughput_eps,25.24494512272473,normal,f398aa60-da48-45c3-9eb4-8bb4a858c345,,,3.89
2026-08-10 16:43:40.306813+00:00,orchestrator,events_processed,95.0,normal,f398aa60-da48-45c3-9eb4-8bb4a858c345,,,3.89
2026-08-10 16:43:40.307812+00:00,orchestrator,end_to_end_latency_ms,47.0009765625,normal,f398aa60-da48-45c3-9eb4-8bb4a858c345,,,3.89
2026-08-10 16:43:40.307812+00:00,orchestrator,xai_latency_ms,0.0020000006770715117,normal,f398aa60-da48-45c3-9eb4-8bb4a858c345,,deterministic,3.89
2026-08-10 16:43:40.321353+00:00,detector,events_processed,96.0,normal,f398aa60-da48-45c3-9eb4-8bb4a858c345,,,3.9
2026-08-10 16:43:40.321353+00:00,detector,alerts_emitted,96.0,normal,f398aa60-da48-45c3-9eb4-8bb4a858c345,,,3.9
2026-08-10 16:43:40.321353+00:00,orchestrator,events_received,96.0,normal,f398aa60-da48-45c3-9eb4-8bb4a858c345,,,3.9
2026-08-10 16:43:40.322353+00:00,detector,throughput_eps,25.23901345743986,normal,f398aa60-da48-45c3-9eb4-8bb4a858c345,,,3.9
2026-08-10 16:43:40.322353+00:00,detector,queue_wait_ms,2.00146484375,normal,f398aa60-da48-45c3-9eb4-8bb4a858c345,,,3.9
2026-08-10 16:43:40.322353+00:00,detector,stage_latency_ms,19.161600001098122,normal,f398aa60-da48-45c3-9eb4-8bb4a858c345,,,3.9
2026-08-10 16:43:40.323354+00:00,detector,end_to_end_latency_ms,21.540771484375,normal,f398aa60-da48-45c3-9eb4-8bb4a858c345,,,3.9
2026-08-10 16:43:40.342352+00:00,generator,events_sent,97.0,normal,f398aa60-da48-45c3-9eb4-8bb4a858c345,,,3.92
2026-08-10 16:43:40.342352+00:00,generator,throughput_eps,25.238075232904066,normal,f398aa60-da48-45c3-9eb4-8bb4a858c345,,,3.92
2026-08-10 16:43:40.346353+00:00,orchestrator,events_processed,96.0,normal,f398aa60-da48-45c3-9eb4-8bb4a858c345,,,3.93
2026-08-10 16:43:40.347353+00:00,orchestrator,throughput_eps,25.23989322940715,normal,f398aa60-da48-45c3-9eb4-8bb4a858c345,,,3.93
2026-08-10 16:43:40.347353+00:00,orchestrator,queue_wait_ms,1.9990234375,normal,f398aa60-da48-45c3-9eb4-8bb4a858c345,,,3.93
2026-08-10 16:43:40.347353+00:00,orchestrator,stage_latency_ms,24.965300000985735,normal,f398aa60-da48-45c3-9eb4-8bb4a858c345,,,3.93
2026-08-10 16:43:40.348353+00:00,orchestrator,end_to_end_latency_ms,46.54052734375,normal,f398aa60-da48-45c3-9eb4-8bb4a858c345,,,3.93
2026-08-10 16:43:40.348353+00:00,orchestrator,xai_latency_ms,0.0017000002117129043,normal,f398aa60-da48-45c3-9eb4-8bb4a858c345,,deterministic,3.93
2026-08-10 16:43:40.361353+00:00,detector,events_processed,97.0,normal,f398aa60-da48-45c3-9eb4-8bb4a858c345,,,3.94
2026-08-10 16:43:40.362354+00:00,detector,alerts_emitted,97.0,normal,f398aa60-da48-45c3-9eb4-8bb4a858c345,,,3.94
2026-08-10 16:43:40.362354+00:00,orchestrator,events_received,97.0,normal,f398aa60-da48-45c3-9eb4-8bb4a858c345,,,3.94
2026-08-10 16:43:40.362354+00:00,detector,throughput_eps,25.233298933689653,normal,f398aa60-da48-45c3-9eb4-8bb4a858c345,,,3.94
2026-08-10 16:43:40.362354+00:00,detector,queue_wait_ms,1.99951171875,normal,f398aa60-da48-45c3-9eb4-8bb4a858c345,,,3.94
2026-08-10 16:43:40.363353+00:00,detector,stage_latency_ms,19.29030000064813,normal,f398aa60-da48-45c3-9eb4-8bb4a858c345,,,3.94
2026-08-10 16:43:40.363353+00:00,detector,end_to_end_latency_ms,21.0,normal,f398aa60-da48-45c3-9eb4-8bb4a858c345,,,3.94
2026-08-10 16:43:40.382352+00:00,generator,throughput_eps,25.234670074499007,normal,f398aa60-da48-45c3-9eb4-8bb4a858c345,,,3.96
2026-08-10 16:43:40.382352+00:00,generator,events_sent,98.0,normal,f398aa60-da48-45c3-9eb4-8bb4a858c345,,,3.96
2026-08-10 16:43:40.387353+00:00,orchestrator,events_processed,97.0,normal,f398aa60-da48-45c3-9eb4-8bb4a858c345,,,3.97
2026-08-10 16:43:40.387353+00:00,orchestrator,throughput_eps,25.23539630244396,normal,f398aa60-da48-45c3-9eb4-8bb4a858c345,,,3.97
2026-08-10 16:43:40.387353+00:00,orchestrator,queue_wait_ms,3.00146484375,normal,f398aa60-da48-45c3-9eb4-8bb4a858c345,,,3.97
2026-08-10 16:43:40.388352+00:00,orchestrator,stage_latency_ms,24.86279999902763,normal,f398aa60-da48-45c3-9eb4-8bb4a858c345,,,3.97
2026-08-10 16:43:40.388352+00:00,orchestrator,end_to_end_latency_ms,46.999755859375,normal,f398aa60-da48-45c3-9eb4-8bb4a858c345,,,3.97
2026-08-10 16:43:40.388352+00:00,orchestrator,xai_latency_ms,0.002099999619531445,normal,f398aa60-da48-45c3-9eb4-8bb4a858c345,,deterministic,3.97
2026-08-10 16:43:40.402352+00:00,detector,events_processed,98.0,normal,f398aa60-da48-45c3-9eb4-8bb4a858c345,,,3.98
2026-08-10 16:43:40.402352+00:00,orchestrator,events_received,98.0,normal,f398aa60-da48-45c3-9eb4-8bb4a858c345,,,3.98
2026-08-10 16:43:40.402352+00:00,detector,alerts_emitted,98.0,normal,f398aa60-da48-45c3-9eb4-8bb4a858c345,,,3.98
2026-08-10 16:43:40.403352+00:00,detector,stage_latency_ms,19.36510000086855,normal,f398aa60-da48-45c3-9eb4-8bb4a858c345,,,3.98
2026-08-10 16:43:40.403352+00:00,detector,throughput_eps,25.22985044003913,normal,f398aa60-da48-45c3-9eb4-8bb4a858c345,,,3.98
2026-08-10 16:43:40.403352+00:00,detector,queue_wait_ms,1.9990234375,normal,f398aa60-da48-45c3-9eb4-8bb4a858c345,,,3.98
2026-08-10 16:43:40.403352+00:00,detector,end_to_end_latency_ms,21.99951171875,normal,f398aa60-da48-45c3-9eb4-8bb4a858c345,,,3.98
2026-08-10 16:43:40.422352+00:00,generator,throughput_eps,25.23400743924196,normal,f398aa60-da48-45c3-9eb4-8bb4a858c345,,,4.0
2026-08-10 16:43:40.422352+00:00,generator,events_sent,99.0,normal,f398aa60-da48-45c3-9eb4-8bb4a858c345,,,4.0
2026-08-10 16:43:40.441351+00:00,detector,events_processed,99.0,normal,f398aa60-da48-45c3-9eb4-8bb4a858c345,,,4.02
2026-08-10 16:43:40.441351+00:00,detector,alerts_emitted,99.0,normal,f398aa60-da48-45c3-9eb4-8bb4a858c345,,,4.02
2026-08-10 16:43:40.442352+00:00,detector,throughput_eps,25.23236172948496,normal,f398aa60-da48-45c3-9eb4-8bb4a858c345,,,4.02
2026-08-10 16:43:40.442352+00:00,detector,queue_wait_ms,1.988037109375,normal,f398aa60-da48-45c3-9eb4-8bb4a858c345,,,4.02
2026-08-10 16:43:40.442352+00:00,detector,stage_latency_ms,18.839200000002165,normal,f398aa60-da48-45c3-9eb4-8bb4a858c345,,,4.02
2026-08-10 16:43:40.443352+00:00,detector,end_to_end_latency_ms,20.988037109375,normal,f398aa60-da48-45c3-9eb4-8bb4a858c345,,,4.02
2026-08-10 16:43:40.462351+00:00,generator,events_sent,100.0,normal,f398aa60-da48-45c3-9eb4-8bb4a858c345,,,4.04
2026-08-10 16:43:40.462351+00:00,generator,throughput_eps,25.23058139133507,normal,f398aa60-da48-45c3-9eb4-8bb4a858c345,,,4.04
2026-08-10 16:43:40.467352+00:00,orchestrator,events_processed,98.0,normal,f398aa60-da48-45c3-9eb4-8bb4a858c345,,,4.05
2026-08-10 16:43:40.467352+00:00,orchestrator,throughput_eps,24.973954997033232,normal,f398aa60-da48-45c3-9eb4-8bb4a858c345,,,4.05
2026-08-10 16:43:40.467352+00:00,orchestrator,queue_wait_ms,3.000244140625,normal,f398aa60-da48-45c3-9eb4-8bb4a858c345,,,4.05
2026-08-10 16:43:40.468352+00:00,orchestrator,end_to_end_latency_ms,86.999267578125,normal,f398aa60-da48-45c3-9eb4-8bb4a858c345,,,4.05
2026-08-10 16:43:40.468352+00:00,orchestrator,xai_latency_ms,0.0024000000848900527,normal,f398aa60-da48-45c3-9eb4-8bb4a858c345,,deterministic,4.05
2026-08-10 16:43:40.468352+00:00,orchestrator,stage_latency_ms,64.60539999898174,normal,f398aa60-da48-45c3-9eb4-8bb4a858c345,,,4.05
2026-08-10 16:43:40.471352+00:00,orchestrator,events_received,99.0,normal,f398aa60-da48-45c3-9eb4-8bb4a858c345,,,4.05
2026-08-10 16:43:40.482352+00:00,detector,events_processed,100.0,normal,f398aa60-da48-45c3-9eb4-8bb4a858c345,,,4.06
2026-08-10 16:43:40.482352+00:00,detector,alerts_emitted,100.0,normal,f398aa60-da48-45c3-9eb4-8bb4a858c345,,,4.06
2026-08-10 16:43:40.482352+00:00,detector,throughput_eps,25.225599029623456,normal,f398aa60-da48-45c3-9eb4-8bb4a858c345,,,4.06
2026-08-10 16:43:40.483352+00:00,detector,queue_wait_ms,1.999267578125,normal,f398aa60-da48-45c3-9eb4-8bb4a858c345,,,4.06
2026-08-10 16:43:40.483352+00:00,detector,stage_latency_ms,19.35579999917536,normal,f398aa60-da48-45c3-9eb4-8bb4a858c345,,,4.06
2026-08-10 16:43:40.483352+00:00,detector,end_to_end_latency_ms,22.0,normal,f398aa60-da48-45c3-9eb4-8bb4a858c345,,,4.06
2026-08-10 16:43:40.495352+00:00,orchestrator,events_processed,99.0,normal,f398aa60-da48-45c3-9eb4-8bb4a858c345,,,4.07
2026-08-10 16:43:40.495352+00:00,orchestrator,throughput_eps,25.04694705189727,normal,f398aa60-da48-45c3-9eb4-8bb4a858c345,,,4.07
2026-08-10 16:43:40.496352+00:00,orchestrator,queue_wait_ms,32.001708984375,normal,f398aa60-da48-45c3-9eb4-8bb4a858c345,,,4.08
2026-08-10 16:43:40.496352+00:00,orchestrator,stage_latency_ms,24.005299999771523,normal,f398aa60-da48-45c3-9eb4-8bb4a858c345,,,4.08
2026-08-10 16:43:40.497351+00:00,orchestrator,end_to_end_latency_ms,74.988037109375,normal,f398aa60-da48-45c3-9eb4-8bb4a858c345,,,4.08
2026-08-10 16:43:40.497351+00:00,orchestrator,xai_latency_ms,0.0017000002117129043,normal,f398aa60-da48-45c3-9eb4-8bb4a858c345,,deterministic,4.08
2026-08-10 16:43:40.499352+00:00,orchestrator,events_received,100.0,normal,f398aa60-da48-45c3-9eb4-8bb4a858c345,,,4.08
2026-08-10 16:43:40.501352+00:00,generator,events_sent,101.0,normal,f398aa60-da48-45c3-9eb4-8bb4a858c345,,,4.08
2026-08-10 16:43:40.501352+00:00,generator,throughput_eps,25.23196056748975,normal,f398aa60-da48-45c3-9eb4-8bb4a858c345,,,4.08
2026-08-10 16:43:40.521351+00:00,detector,events_processed,101.0,normal,f398aa60-da48-45c3-9eb4-8bb4a858c345,,,4.1
2026-08-10 16:43:40.521351+00:00,detector,alerts_emitted,101.0,normal,f398aa60-da48-45c3-9eb4-8bb4a858c345,,,4.1
2026-08-10 16:43:40.522354+00:00,detector,throughput_eps,25.22689192733217,normal,f398aa60-da48-45c3-9eb4-8bb4a858c345,,,4.1
2026-08-10 16:43:40.522354+00:00,detector,queue_wait_ms,2.0,normal,f398aa60-da48-45c3-9eb4-8bb4a858c345,,,4.1
2026-08-10 16:43:40.523352+00:00,detector,stage_latency_ms,19.358900000952417,normal,f398aa60-da48-45c3-9eb4-8bb4a858c345,,,4.1
2026-08-10 16:43:40.523352+00:00,detector,end_to_end_latency_ms,21.000732421875,normal,f398aa60-da48-45c3-9eb4-8bb4a858c345,,,4.1
2026-08-10 16:43:40.524352+00:00,orchestrator,events_processed,100.0,normal,f398aa60-da48-45c3-9eb4-8bb4a858c345,,,4.1
2026-08-10 16:43:40.525351+00:00,orchestrator,throughput_eps,25.115008983048686,normal,f398aa60-da48-45c3-9eb4-8bb4a858c345,,,4.1
2026-08-10 16:43:40.525351+00:00,orchestrator,queue_wait_ms,19.999755859375,normal,f398aa60-da48-45c3-9eb4-8bb4a858c345,,,4.1
2026-08-10 16:43:40.525351+00:00,orchestrator,stage_latency_ms,25.01720000145724,normal,f398aa60-da48-45c3-9eb4-8bb4a858c345,,,4.1
2026-08-10 16:43:40.526353+00:00,orchestrator,xai_latency_ms,0.0018000009731622413,normal,f398aa60-da48-45c3-9eb4-8bb4a858c345,,deterministic,4.11
2026-08-10 16:43:40.526353+00:00,orchestrator,end_to_end_latency_ms,64.0009765625,normal,f398aa60-da48-45c3-9eb4-8bb4a858c345,,,4.11
2026-08-10 16:43:40.529351+00:00,orchestrator,events_received,101.0,normal,f398aa60-da48-45c3-9eb4-8bb4a858c345,,,4.11
2026-08-10 16:43:40.542353+00:00,generator,events_sent,102.0,normal,f398aa60-da48-45c3-9eb4-8bb4a858c345,,,4.12
2026-08-10 16:43:40.542353+00:00,generator,throughput_eps,25.227364746981277,normal,f398aa60-da48-45c3-9eb4-8bb4a858c345,,,4.12
2026-08-10 16:43:40.553351+00:00,orchestrator,events_processed,101.0,normal,f398aa60-da48-45c3-9eb4-8bb4a858c345,,,4.13
2026-08-10 16:43:40.553351+00:00,orchestrator,throughput_eps,25.18563576554054,normal,f398aa60-da48-45c3-9eb4-8bb4a858c345,,,4.13
2026-08-10 16:43:40.554352+00:00,orchestrator,queue_wait_ms,10.00048828125,normal,f398aa60-da48-45c3-9eb4-8bb4a858c345,,,4.13
2026-08-10 16:43:40.554352+00:00,orchestrator,stage_latency_ms,24.464400001306785,normal,f398aa60-da48-45c3-9eb4-8bb4a858c345,,,4.13
2026-08-10 16:43:40.554352+00:00,orchestrator,end_to_end_latency_ms,53.000732421875,normal,f398aa60-da48-45c3-9eb4-8bb4a858c345,,,4.13
2026-08-10 16:43:40.555351+00:00,orchestrator,xai_latency_ms,0.0017999991541728377,normal,f398aa60-da48-45c3-9eb4-8bb4a858c345,,deterministic,4.13
2026-08-10 16:43:40.561352+00:00,detector,events_processed,102.0,normal,f398aa60-da48-45c3-9eb4-8bb4a858c345,,,4.14
2026-08-10 16:43:40.562351+00:00,detector,throughput_eps,25.22242558323265,normal,f398aa60-da48-45c3-9eb4-8bb4a858c345,,,4.14
2026-08-10 16:43:40.562351+00:00,orchestrator,events_received,102.0,normal,f398aa60-da48-45c3-9eb4-8bb4a858c345,,,4.14
2026-08-10 16:43:40.562351+00:00,detector,alerts_emitted,102.0,normal,f398aa60-da48-45c3-9eb4-8bb4a858c345,,,4.14
2026-08-10 16:43:40.562351+00:00,detector,queue_wait_ms,2.00146484375,normal,f398aa60-da48-45c3-9eb4-8bb4a858c345,,,4.14
2026-08-10 16:43:40.563351+00:00,detector,end_to_end_latency_ms,21.00048828125,normal,f398aa60-da48-45c3-9eb4-8bb4a858c345,,,4.14
2026-08-10 16:43:40.563351+00:00,detector,stage_latency_ms,19.39970000057656,normal,f398aa60-da48-45c3-9eb4-8bb4a858c345,,,4.14
2026-08-10 16:43:40.582352+00:00,generator,events_sent,103.0,normal,f398aa60-da48-45c3-9eb4-8bb4a858c345,,,4.16
2026-08-10 16:43:40.582352+00:00,generator,throughput_eps,25.22498522915317,normal,f398aa60-da48-45c3-9eb4-8bb4a858c345,,,4.16
2026-08-10 16:43:40.601351+00:00,detector,events_processed,103.0,normal,f398aa60-da48-45c3-9eb4-8bb4a858c345,,,4.18
2026-08-10 16:43:40.601351+00:00,detector,alerts_emitted,103.0,normal,f398aa60-da48-45c3-9eb4-8bb4a858c345,,,4.18
2026-08-10 16:43:40.601351+00:00,detector,throughput_eps,25.224837383880114,normal,f398aa60-da48-45c3-9eb4-8bb4a858c345,,,4.18
2026-08-10 16:43:40.602351+00:00,detector,queue_wait_ms,2.00048828125,normal,f398aa60-da48-45c3-9eb4-8bb4a858c345,,,4.18
2026-08-10 16:43:40.602351+00:00,detector,stage_latency_ms,18.65930000167282,normal,f398aa60-da48-45c3-9eb4-8bb4a858c345,,,4.18
2026-08-10 16:43:40.602351+00:00,detector,end_to_end_latency_ms,20.9990234375,normal,f398aa60-da48-45c3-9eb4-8bb4a858c345,,,4.18
2026-08-10 16:43:40.622350+00:00,generator,events_sent,104.0,normal,f398aa60-da48-45c3-9eb4-8bb4a858c345,,,4.2
2026-08-10 16:43:40.622350+00:00,generator,throughput_eps,25.22311930544749,normal,f398aa60-da48-45c3-9eb4-8bb4a858c345,,,4.2
2026-08-10 16:43:40.636350+00:00,orchestrator,events_processed,102.0,normal,f398aa60-da48-45c3-9eb4-8bb4a858c345,,,4.22
2026-08-10 16:43:40.637351+00:00,orchestrator,queue_wait_ms,3.000244140625,normal,f398aa60-da48-45c3-9eb4-8bb4a858c345,,,4.22
2026-08-10 16:43:40.637351+00:00,orchestrator,stage_latency_ms,74.57079999949201,normal,f398aa60-da48-45c3-9eb4-8bb4a858c345,,,4.22
2026-08-10 16:43:40.637351+00:00,orchestrator,throughput_eps,24.913844349496806,normal,f398aa60-da48-45c3-9eb4-8bb4a858c345,,,4.22
2026-08-10 16:43:40.638351+00:00,orchestrator,end_to_end_latency_ms,95.998779296875,normal,f398aa60-da48-45c3-9eb4-8bb4a858c345,,,4.22
2026-08-10 16:43:40.638351+00:00,orchestrator,xai_latency_ms,0.0025000008463393897,normal,f398aa60-da48-45c3-9eb4-8bb4a858c345,,deterministic,4.22
2026-08-10 16:43:40.641350+00:00,detector,events_processed,104.0,normal,f398aa60-da48-45c3-9eb4-8bb4a858c345,,,4.22
2026-08-10 16:43:40.641350+00:00,orchestrator,events_received,103.0,normal,f398aa60-da48-45c3-9eb4-8bb4a858c345,,,4.22
2026-08-10 16:43:40.641350+00:00,detector,alerts_emitted,104.0,normal,f398aa60-da48-45c3-9eb4-8bb4a858c345,,,4.22
2026-08-10 16:43:40.641350+00:00,detector,throughput_eps,25.222841972205476,normal,f398aa60-da48-45c3-9eb4-8bb4a858c345,,,4.22
2026-08-10 16:43:40.642350+00:00,detector,queue_wait_ms,1.999267578125,normal,f398aa60-da48-45c3-9eb4-8bb4a858c345,,,4.22
2026-08-10 16:43:40.642350+00:00,detector,stage_latency_ms,18.573600000308943,normal,f398aa60-da48-45c3-9eb4-8bb4a858c345,,,4.22
2026-08-10 16:43:40.642350+00:00,detector,end_to_end_latency_ms,20.999267578125,normal,f398aa60-da48-45c3-9eb4-8bb4a858c345,,,4.22
2026-08-10 16:43:40.662350+00:00,generator,events_sent,105.0,normal,f398aa60-da48-45c3-9eb4-8bb4a858c345,,,4.24
2026-08-10 16:43:40.662350+00:00,generator,throughput_eps,25.219801482328116,normal,f398aa60-da48-45c3-9eb4-8bb4a858c345,,,4.24
2026-08-10 16:43:40.665350+00:00,orchestrator,throughput_eps,24.983999218144778,normal,f398aa60-da48-45c3-9eb4-8bb4a858c345,,,4.24
2026-08-10 16:43:40.665350+00:00,orchestrator,events_processed,103.0,normal,f398aa60-da48-45c3-9eb4-8bb4a858c345,,,4.24
2026-08-10 16:43:40.666352+00:00,orchestrator,end_to_end_latency_ms,84.998779296875,normal,f398aa60-da48-45c3-9eb4-8bb4a858c345,,,4.25
2026-08-10 16:43:40.666352+00:00,orchestrator,queue_wait_ms,41.999267578125,normal,f398aa60-da48-45c3-9eb4-8bb4a858c345,,,4.25
2026-08-10 16:43:40.666352+00:00,orchestrator,stage_latency_ms,24.438700000246172,normal,f398aa60-da48-45c3-9eb4-8bb4a858c345,,,4.25
2026-08-10 16:43:40.667350+00:00,orchestrator,xai_latency_ms,0.0018000009731622413,normal,f398aa60-da48-45c3-9eb4-8bb4a858c345,,deterministic,4.25
2026-08-10 16:43:40.669351+00:00,orchestrator,events_received,104.0,normal,f398aa60-da48-45c3-9eb4-8bb4a858c345,,,4.25
2026-08-10 16:43:40.681350+00:00,detector,events_processed,105.0,normal,f398aa60-da48-45c3-9eb4-8bb4a858c345,,,4.26
2026-08-10 16:43:40.682351+00:00,detector,alerts_emitted,105.0,normal,f398aa60-da48-45c3-9eb4-8bb4a858c345,,,4.26
2026-08-10 16:43:40.682351+00:00,detector,throughput_eps,25.216232222103447,normal,f398aa60-da48-45c3-9eb4-8bb4a858c345,,,4.26
2026-08-10 16:43:40.682351+00:00,detector,queue_wait_ms,2.0009765625,normal,f398aa60-da48-45c3-9eb4-8bb4a858c345,,,4.26
2026-08-10 16:43:40.683350+00:00,detector,stage_latency_ms,19.173299999238225,normal,f398aa60-da48-45c3-9eb4-8bb4a858c345,,,4.26
2026-08-10 16:43:40.683350+00:00,detector,end_to_end_latency_ms,21.0009765625,normal,f398aa60-da48-45c3-9eb4-8bb4a858c345,,,4.26
2026-08-10 16:43:40.693350+00:00,orchestrator,events_processed,104.0,normal,f398aa60-da48-45c3-9eb4-8bb4a858c345,,,4.27
2026-08-10 16:43:40.693350+00:00,orchestrator,throughput_eps,25.05747284146447,normal,f398aa60-da48-45c3-9eb4-8bb4a858c345,,,4.27
2026-08-10 16:43:40.694350+00:00,orchestrator,end_to_end_latency_ms,72.9990234375,normal,f398aa60-da48-45c3-9eb4-8bb4a858c345,,,4.27
2026-08-10 16:43:40.694350+00:00,orchestrator,xai_latency_ms,0.0020000006770715117,normal,f398aa60-da48-45c3-9eb4-8bb4a858c345,,deterministic,4.27
2026-08-10 16:43:40.694350+00:00,orchestrator,stage_latency_ms,23.988400000234833,normal,f398aa60-da48-45c3-9eb4-8bb4a858c345,,,4.27
2026-08-10 16:43:40.694350+00:00,orchestrator,queue_wait_ms,30.000244140625,normal,f398aa60-da48-45c3-9eb4-8bb4a858c345,,,4.27
2026-08-10 16:43:40.697351+00:00,orchestrator,events_received,105.0,normal,f398aa60-da48-45c3-9eb4-8bb4a858c345,,,4.28
2026-08-10 16:43:40.701350+00:00,generator,events_sent,106.0,normal,f398aa60-da48-45c3-9eb4-8bb4a858c345,,,4.28
2026-08-10 16:43:40.702350+00:00,generator,throughput_eps,25.220223592885464,normal,f398aa60-da48-45c3-9eb4-8bb4a858c345,,,4.28
2026-08-10 16:43:40.721350+00:00,detector,events_processed,106.0,normal,f398aa60-da48-45c3-9eb4-8bb4a858c345,,,4.3
2026-08-10 16:43:40.721350+00:00,detector,alerts_emitted,106.0,normal,f398aa60-da48-45c3-9eb4-8bb4a858c345,,,4.3
2026-08-10 16:43:40.722350+00:00,orchestrator,events_processed,105.0,normal,f398aa60-da48-45c3-9eb4-8bb4a858c345,,,4.3
2026-08-10 16:43:40.722350+00:00,detector,throughput_eps,25.21678933833749,normal,f398aa60-da48-45c3-9eb4-8bb4a858c345,,,4.3
2026-08-10 16:43:40.722350+00:00,orchestrator,throughput_eps,25.12667953732775,normal,f398aa60-da48-45c3-9eb4-8bb4a858c345,,,4.3
2026-08-10 16:43:40.722350+00:00,detector,queue_wait_ms,2.0,normal,f398aa60-da48-45c3-9eb4-8bb4a858c345,,,4.3
2026-08-10 16:43:40.722350+00:00,orchestrator,queue_wait_ms,18.000244140625,normal,f398aa60-da48-45c3-9eb4-8bb4a858c345,,,4.3
2026-08-10 16:43:40.723350+00:00,orchestrator,end_to_end_latency_ms,62.00048828125,normal,f398aa60-da48-45c3-9eb4-8bb4a858c345,,,4.3
2026-08-10 16:43:40.723350+00:00,orchestrator,xai_latency_ms,0.0017000002117129043,normal,f398aa60-da48-45c3-9eb4-8bb4a858c345,,deterministic,4.3
2026-08-10 16:43:40.723350+00:00,detector,end_to_end_latency_ms,20.999755859375,normal,f398aa60-da48-45c3-9eb4-8bb4a858c345,,,4.3
2026-08-10 16:43:40.723350+00:00,orchestrator,stage_latency_ms,24.55270000064047,normal,f398aa60-da48-45c3-9eb4-8bb4a858c345,,,4.3
2026-08-10 16:43:40.723350+00:00,detector,stage_latency_ms,19.129700000121375,normal,f398aa60-da48-45c3-9eb4-8bb4a858c345,,,4.3
2026-08-10 16:43:40.726349+00:00,orchestrator,events_received,106.0,normal,f398aa60-da48-45c3-9eb4-8bb4a858c345,,,4.31
2026-08-10 16:43:40.741350+00:00,generator,events_sent,107.0,normal,f398aa60-da48-45c3-9eb4-8bb4a858c345,,,4.32
2026-08-10 16:43:40.742350+00:00,generator,throughput_eps,25.217691123869237,normal,f398aa60-da48-45c3-9eb4-8bb4a858c345,,,4.32
2026-08-10 16:43:40.750350+00:00,orchestrator,events_processed,106.0,normal,f398aa60-da48-45c3-9eb4-8bb4a858c345,,,4.33
2026-08-10 16:43:40.750350+00:00,orchestrator,throughput_eps,25.19514902678069,normal,f398aa60-da48-45c3-9eb4-8bb4a858c345,,,4.33
2026-08-10 16:43:40.751351+00:00,orchestrator,queue_wait_ms,7.999267578125,normal,f398aa60-da48-45c3-9eb4-8bb4a858c345,,,4.33
2026-08-10 16:43:40.751351+00:00,orchestrator,stage_latency_ms,24.290700001074583,normal,f398aa60-da48-45c3-9eb4-8bb4a858c345,,,4.33
2026-08-10 16:43:40.751351+00:00,orchestrator,end_to_end_latency_ms,50.0,normal,f398aa60-da48-45c3-9eb4-8bb4a858c345,,,4.33
2026-08-10 16:43:40.751351+00:00,orchestrator,xai_latency_ms,0.0017999991541728377,normal,f398aa60-da48-45c3-9eb4-8bb4a858c345,,deterministic,4.33
2026-08-10 16:43:40.761350+00:00,detector,events_processed,107.0,normal,f398aa60-da48-45c3-9eb4-8bb4a858c345,,,4.34
2026-08-10 16:43:40.762350+00:00,detector,queue_wait_ms,2.00146484375,normal,f398aa60-da48-45c3-9eb4-8bb4a858c345,,,4.34
2026-08-10 16:43:40.762350+00:00,detector,throughput_eps,25.21205838522591,normal,f398aa60-da48-45c3-9eb4-8bb4a858c345,,,4.34
2026-08-10 16:43:40.762350+00:00,orchestrator,events_received,107.0,normal,f398aa60-da48-45c3-9eb4-8bb4a858c345,,,4.34
2026-08-10 16:43:40.762350+00:00,detector,alerts_emitted,107.0,normal,f398aa60-da48-45c3-9eb4-8bb4a858c345,,,4.34
2026-08-10 16:43:40.763349+00:00,detector,stage_latency_ms,19.461099998807185,normal,f398aa60-da48-45c3-9eb4-8bb4a858c345,,,4.34
2026-08-10 16:43:40.763349+00:00,detector,end_to_end_latency_ms,21.001220703125,normal,f398aa60-da48-45c3-9eb4-8bb4a858c345,,,4.34
2026-08-10 16:43:40.782351+00:00,generator,events_sent,108.0,normal,f398aa60-da48-45c3-9eb4-8bb4a858c345,,,4.36
2026-08-10 16:43:40.782351+00:00,generator,throughput_eps,25.2114041029655,normal,f398aa60-da48-45c3-9eb4-8bb4a858c345,,,4.36
2026-08-10 16:43:40.787350+00:00,orchestrator,events_processed,107.0,normal,f398aa60-da48-45c3-9eb4-8bb4a858c345,,,4.37
2026-08-10 16:43:40.787350+00:00,orchestrator,throughput_eps,25.212523736040684,normal,f398aa60-da48-45c3-9eb4-8bb4a858c345,,,4.37
2026-08-10 16:43:40.787350+00:00,orchestrator,queue_wait_ms,2.99951171875,normal,f398aa60-da48-45c3-9eb4-8bb4a858c345,,,4.37
2026-08-10 16:43:40.788350+00:00,orchestrator,stage_latency_ms,24.972799999886774,normal,f398aa60-da48-45c3-9eb4-8bb4a858c345,,,4.37
2026-08-10 16:43:40.788350+00:00,orchestrator,end_to_end_latency_ms,47.0009765625,normal,f398aa60-da48-45c3-9eb4-8bb4a858c345,,,4.37
2026-08-10 16:43:40.788350+00:00,orchestrator,xai_latency_ms,0.0020000006770715117,normal,f398aa60-da48-45c3-9eb4-8bb4a858c345,,deterministic,4.37
2026-08-10 16:43:40.801349+00:00,detector,throughput_eps,25.213650934532197,normal,f398aa60-da48-45c3-9eb4-8bb4a858c345,,,4.38
2026-08-10 16:43:40.801349+00:00,orchestrator,events_received,108.0,normal,f398aa60-da48-45c3-9eb4-8bb4a858c345,,,4.38
2026-08-10 16:43:40.801349+00:00,detector,events_processed,108.0,normal,f398aa60-da48-45c3-9eb4-8bb4a858c345,,,4.38
2026-08-10 16:43:40.801349+00:00,detector,alerts_emitted,108.0,normal,f398aa60-da48-45c3-9eb4-8bb4a858c345,,,4.38
2026-08-10 16:43:40.802349+00:00,detector,queue_wait_ms,2.00146484375,normal,f398aa60-da48-45c3-9eb4-8bb4a858c345,,,4.38
2026-08-10 16:43:40.802349+00:00,detector,stage_latency_ms,18.296799999006907,normal,f398aa60-da48-45c3-9eb4-8bb4a858c345,,,4.38
2026-08-10 16:43:40.802349+00:00,detector,end_to_end_latency_ms,20.999755859375,normal,f398aa60-da48-45c3-9eb4-8bb4a858c345,,,4.38
2026-08-10 16:43:40.822349+00:00,generator,events_sent,109.0,normal,f398aa60-da48-45c3-9eb4-8bb4a858c345,,,4.4
2026-08-10 16:43:40.822349+00:00,generator,throughput_eps,25.211419344316102,normal,f398aa60-da48-45c3-9eb4-8bb4a858c345,,,4.4
2026-08-10 16:43:40.825350+00:00,orchestrator,events_processed,108.0,normal,f398aa60-da48-45c3-9eb4-8bb4a858c345,,,4.4
2026-08-10 16:43:40.826350+00:00,orchestrator,throughput_eps,25.219394591223402,normal,f398aa60-da48-45c3-9eb4-8bb4a858c345,,,4.41
2026-08-10 16:43:40.826350+00:00,orchestrator,queue_wait_ms,1.99951171875,normal,f398aa60-da48-45c3-9eb4-8bb4a858c345,,,4.41
2026-08-10 16:43:40.826350+00:00,orchestrator,stage_latency_ms,24.220899998908862,normal,f398aa60-da48-45c3-9eb4-8bb4a858c345,,,4.41
2026-08-10 16:43:40.826350+00:00,orchestrator,end_to_end_latency_ms,45.000244140625,normal,f398aa60-da48-45c3-9eb4-8bb4a858c345,,,4.41
2026-08-10 16:43:40.827349+00:00,orchestrator,xai_latency_ms,0.0015999994502635673,normal,f398aa60-da48-45c3-9eb4-8bb4a858c345,,deterministic,4.41
2026-08-10 16:43:40.842352+00:00,detector,throughput_eps,25.206803148124497,normal,f398aa60-da48-45c3-9eb4-8bb4a858c345,,,4.42
2026-08-10 16:43:40.842352+00:00,detector,alerts_emitted,109.0,normal,f398aa60-da48-45c3-9eb4-8bb4a858c345,,,4.42
2026-08-10 16:43:40.842352+00:00,detector,events_processed,109.0,normal,f398aa60-da48-45c3-9eb4-8bb4a858c345,,,4.42
2026-08-10 16:43:40.842352+00:00,orchestrator,events_received,109.0,normal,f398aa60-da48-45c3-9eb4-8bb4a858c345,,,4.42
2026-08-10 16:43:40.843349+00:00,detector,queue_wait_ms,2.001220703125,normal,f398aa60-da48-45c3-9eb4-8bb4a858c345,,,4.42
2026-08-10 16:43:40.843349+00:00,detector,stage_latency_ms,19.335599999976694,normal,f398aa60-da48-45c3-9eb4-8bb4a858c345,,,4.42
2026-08-10 16:43:40.843349+00:00,detector,end_to_end_latency_ms,22.00341796875,normal,f398aa60-da48-45c3-9eb4-8bb4a858c345,,,4.42
2026-08-10 16:43:40.862350+00:00,generator,events_sent,110.0,normal,f398aa60-da48-45c3-9eb4-8bb4a858c345,,,4.44
2026-08-10 16:43:40.862350+00:00,generator,throughput_eps,25.209089740928224,normal,f398aa60-da48-45c3-9eb4-8bb4a858c345,,,4.44
2026-08-10 16:43:40.867351+00:00,orchestrator,throughput_eps,25.20649369690434,normal,f398aa60-da48-45c3-9eb4-8bb4a858c345,,,4.45
2026-08-10 16:43:40.867351+00:00,orchestrator,events_processed,109.0,normal,f398aa60-da48-45c3-9eb4-8bb4a858c345,,,4.45
2026-08-10 16:43:40.868349+00:00,orchestrator,stage_latency_ms,25.299899998572073,normal,f398aa60-da48-45c3-9eb4-8bb4a858c345,,,4.45
2026-08-10 16:43:40.868349+00:00,orchestrator,end_to_end_latency_ms,47.00244140625,normal,f398aa60-da48-45c3-9eb4-8bb4a858c345,,,4.45
2026-08-10 16:43:40.868349+00:00,orchestrator,queue_wait_ms,3.002197265625,normal,f398aa60-da48-45c3-9eb4-8bb4a858c345,,,4.45
2026-08-10 16:43:40.868349+00:00,orchestrator,xai_latency_ms,0.0020000006770715117,normal,f398aa60-da48-45c3-9eb4-8bb4a858c345,,deterministic,4.45
2026-08-10 16:43:40.881350+00:00,detector,events_processed,110.0,normal,f398aa60-da48-45c3-9eb4-8bb4a858c345,,,4.46
2026-08-10 16:43:40.882349+00:00,detector,alerts_emitted,110.0,normal,f398aa60-da48-45c3-9eb4-8bb4a858c345,,,4.46
2026-08-10 16:43:40.882349+00:00,detector,throughput_eps,25.205240608881276,normal,f398aa60-da48-45c3-9eb4-8bb4a858c345,,,4.46
2026-08-10 16:43:40.882349+00:00,orchestrator,events_received,110.0,normal,f398aa60-da48-45c3-9eb4-8bb4a858c345,,,4.46
2026-08-10 16:43:40.883348+00:00,detector,queue_wait_ms,2.001953125,normal,f398aa60-da48-45c3-9eb4-8bb4a858c345,,,4.46
2026-08-10 16:43:40.883348+00:00,detector,stage_latency_ms,19.244099999923492,normal,f398aa60-da48-45c3-9eb4-8bb4a858c345,,,4.46
2026-08-10 16:43:40.883348+00:00,detector,end_to_end_latency_ms,21.001220703125,normal,f398aa60-da48-45c3-9eb4-8bb4a858c345,,,4.46
2026-08-10 16:43:40.902350+00:00,generator,events_sent,111.0,normal,f398aa60-da48-45c3-9eb4-8bb4a858c345,,,4.48
2026-08-10 16:43:40.902350+00:00,generator,throughput_eps,25.207733494306122,normal,f398aa60-da48-45c3-9eb4-8bb4a858c345,,,4.48
2026-08-10 16:43:40.907349+00:00,orchestrator,events_processed,110.0,normal,f398aa60-da48-45c3-9eb4-8bb4a858c345,,,4.49
2026-08-10 16:43:40.907349+00:00,orchestrator,throughput_eps,25.20794997687969,normal,f398aa60-da48-45c3-9eb4-8bb4a858c345,,,4.49
2026-08-10 16:43:40.907349+00:00,orchestrator,queue_wait_ms,2.999755859375,normal,f398aa60-da48-45c3-9eb4-8bb4a858c345,,,4.49
2026-08-10 16:43:40.907349+00:00,orchestrator,stage_latency_ms,24.846999998771935,normal,f398aa60-da48-45c3-9eb4-8bb4a858c345,,,4.49
2026-08-10 16:43:40.908349+00:00,orchestrator,end_to_end_latency_ms,47.000244140625,normal,f398aa60-da48-45c3-9eb4-8bb4a858c345,,,4.49
2026-08-10 16:43:40.908349+00:00,orchestrator,xai_latency_ms,0.0020000006770715117,normal,f398aa60-da48-45c3-9eb4-8bb4a858c345,,deterministic,4.49
2026-08-10 16:43:40.922349+00:00,detector,alerts_emitted,111.0,normal,f398aa60-da48-45c3-9eb4-8bb4a858c345,,,4.5
2026-08-10 16:43:40.922349+00:00,detector,events_processed,111.0,normal,f398aa60-da48-45c3-9eb4-8bb4a858c345,,,4.5
2026-08-10 16:43:40.923348+00:00,detector,throughput_eps,25.202121587911993,normal,f398aa60-da48-45c3-9eb4-8bb4a858c345,,,4.5
2026-08-10 16:43:40.923348+00:00,detector,queue_wait_ms,2.001220703125,normal,f398aa60-da48-45c3-9eb4-8bb4a858c345,,,4.5
2026-08-10 16:43:40.923348+00:00,detector,stage_latency_ms,19.589999999880092,normal,f398aa60-da48-45c3-9eb4-8bb4a858c345,,,4.5
2026-08-10 16:43:40.924349+00:00,detector,end_to_end_latency_ms,22.0009765625,normal,f398aa60-da48-45c3-9eb4-8bb4a858c345,,,4.5
2026-08-10 16:43:40.942349+00:00,generator,events_sent,112.0,normal,f398aa60-da48-45c3-9eb4-8bb4a858c345,,,4.52
2026-08-10 16:43:40.942349+00:00,generator,throughput_eps,25.204476996312124,normal,f398aa60-da48-45c3-9eb4-8bb4a858c345,,,4.52
2026-08-10 16:43:40.947348+00:00,orchestrator,events_processed,111.0,normal,f398aa60-da48-45c3-9eb4-8bb4a858c345,,,4.53
2026-08-10 16:43:40.947348+00:00,orchestrator,throughput_eps,25.20558188150712,normal,f398aa60-da48-45c3-9eb4-8bb4a858c345,,,4.53
2026-08-10 16:43:40.947348+00:00,orchestrator,queue_wait_ms,3.00048828125,normal,f398aa60-da48-45c3-9eb4-8bb4a858c345,,,4.53
2026-08-10 16:43:40.948348+00:00,orchestrator,xai_latency_ms,0.002099999619531445,normal,f398aa60-da48-45c3-9eb4-8bb4a858c345,,deterministic,4.53
2026-08-10 16:43:40.948348+00:00,orchestrator,stage_latency_ms,24.44400000058522,normal,f398aa60-da48-45c3-9eb4-8bb4a858c345,,,4.53
2026-08-10 16:43:40.948348+00:00,orchestrator,end_to_end_latency_ms,47.0,normal,f398aa60-da48-45c3-9eb4-8bb4a858c345,,,4.53
2026-08-10 16:43:40.961349+00:00,detector,throughput_eps,25.205814559049628,normal,f398aa60-da48-45c3-9eb4-8bb4a858c345,,,4.54
2026-08-10 16:43:40.961349+00:00,orchestrator,events_received,112.0,normal,f398aa60-da48-45c3-9eb4-8bb4a858c345,,,4.54
2026-08-10 16:43:40.961349+00:00,detector,events_processed,112.0,normal,f398aa60-da48-45c3-9eb4-8bb4a858c345,,,4.54
2026-08-10 16:43:40.961349+00:00,detector,alerts_emitted,112.0,normal,f398aa60-da48-45c3-9eb4-8bb4a858c345,,,4.54
2026-08-10 16:43:40.962348+00:00,detector,queue_wait_ms,2.000244140625,normal,f398aa60-da48-45c3-9eb4-8bb4a858c345,,,4.54
2026-08-10 16:43:40.962348+00:00,detector,stage_latency_ms,18.313400001716218,normal,f398aa60-da48-45c3-9eb4-8bb4a858c345,,,4.54
2026-08-10 16:43:40.962348+00:00,detector,end_to_end_latency_ms,21.0,normal,f398aa60-da48-45c3-9eb4-8bb4a858c345,,,4.54
2026-08-10 16:43:40.982349+00:00,generator,events_sent,113.0,normal,f398aa60-da48-45c3-9eb4-8bb4a858c345,,,4.56
2026-08-10 16:43:40.982349+00:00,generator,throughput_eps,25.203604052362618,normal,f398aa60-da48-45c3-9eb4-8bb4a858c345,,,4.56
2026-08-10 16:43:40.987348+00:00,orchestrator,events_processed,112.0,normal,f398aa60-da48-45c3-9eb4-8bb4a858c345,,,4.57
2026-08-10 16:43:40.987348+00:00,orchestrator,throughput_eps,25.203272910641584,normal,f398aa60-da48-45c3-9eb4-8bb4a858c345,,,4.57
2026-08-10 16:43:40.987348+00:00,orchestrator,queue_wait_ms,2.000732421875,normal,f398aa60-da48-45c3-9eb4-8bb4a858c345,,,4.57
2026-08-10 16:43:40.988348+00:00,orchestrator,stage_latency_ms,25.563000001056935,normal,f398aa60-da48-45c3-9eb4-8bb4a858c345,,,4.57
2026-08-10 16:43:40.988348+00:00,orchestrator,end_to_end_latency_ms,46.999267578125,normal,f398aa60-da48-45c3-9eb4-8bb4a858c345,,,4.57
2026-08-10 16:43:40.988348+00:00,orchestrator,xai_latency_ms,0.0017000002117129043,normal,f398aa60-da48-45c3-9eb4-8bb4a858c345,,deterministic,4.57
2026-08-10 16:43:41.001349+00:00,detector,alerts_emitted,113.0,normal,f398aa60-da48-45c3-9eb4-8bb4a858c345,,,4.58
2026-08-10 16:43:41.001349+00:00,detector,throughput_eps,25.20293198309415,normal,f398aa60-da48-45c3-9eb4-8bb4a858c345,,,4.58
2026-08-10 16:43:41.001349+00:00,detector,events_processed,113.0,normal,f398aa60-da48-45c3-9eb4-8bb4a858c345,,,4.58
2026-08-10 16:43:41.001349+00:00,orchestrator,events_received,113.0,normal,f398aa60-da48-45c3-9eb4-8bb4a858c345,,,4.58
2026-08-10 16:43:41.002349+00:00,detector,queue_wait_ms,2.0,normal,f398aa60-da48-45c3-9eb4-8bb4a858c345,,,4.58
2026-08-10 16:43:41.002349+00:00,detector,stage_latency_ms,18.685199998799362,normal,f398aa60-da48-45c3-9eb4-8bb4a858c345,,,4.58
2026-08-10 16:43:41.002349+00:00,detector,end_to_end_latency_ms,21.000732421875,normal,f398aa60-da48-45c3-9eb4-8bb4a858c345,,,4.58
2026-08-10 16:43:41.022348+00:00,generator,events_sent,114.0,normal,f398aa60-da48-45c3-9eb4-8bb4a858c345,,,4.6
2026-08-10 16:43:41.022348+00:00,generator,throughput_eps,25.20082324175439,normal,f398aa60-da48-45c3-9eb4-8bb4a858c345,,,4.6
2026-08-10 16:43:41.027347+00:00,orchestrator,events_processed,113.0,normal,f398aa60-da48-45c3-9eb4-8bb4a858c345,,,4.61
2026-08-10 16:43:41.027347+00:00,orchestrator,throughput_eps,25.20250777553685,normal,f398aa60-da48-45c3-9eb4-8bb4a858c345,,,4.61
2026-08-10 16:43:41.027347+00:00,orchestrator,queue_wait_ms,2.001708984375,normal,f398aa60-da48-45c3-9eb4-8bb4a858c345,,,4.61
2026-08-10 16:43:41.027347+00:00,orchestrator,stage_latency_ms,25.17690000058792,normal,f398aa60-da48-45c3-9eb4-8bb4a858c345,,,4.61
2026-08-10 16:43:41.028349+00:00,orchestrator,end_to_end_latency_ms,46.99853515625,normal,f398aa60-da48-45c3-9eb4-8bb4a858c345,,,4.61
2026-08-10 16:43:41.028349+00:00,orchestrator,xai_latency_ms,0.002599999788799323,normal,f398aa60-da48-45c3-9eb4-8bb4a858c345,,deterministic,4.61
2026-08-10 16:43:41.041348+00:00,detector,events_processed,114.0,normal,f398aa60-da48-45c3-9eb4-8bb4a858c345,,,4.62
2026-08-10 16:43:41.042348+00:00,detector,throughput_eps,25.19811066795913,normal,f398aa60-da48-45c3-9eb4-8bb4a858c345,,,4.62
2026-08-10 16:43:41.042348+00:00,orchestrator,events_received,114.0,normal,f398aa60-da48-45c3-9eb4-8bb4a858c345,,,4.62
2026-08-10 16:43:41.042348+00:00,detector,alerts_emitted,114.0,normal,f398aa60-da48-45c3-9eb4-8bb4a858c345,,,4.62
2026-08-10 16:43:41.043348+00:00,detector,queue_wait_ms,2.001220703125,normal,f398aa60-da48-45c3-9eb4-8bb4a858c345,,,4.62
2026-08-10 16:43:41.043348+00:00,detector,stage_latency_ms,19.090699999651406,normal,f398aa60-da48-45c3-9eb4-8bb4a858c345,,,4.62
2026-08-10 16:43:41.043348+00:00,detector,end_to_end_latency_ms,21.001220703125,normal,f398aa60-da48-45c3-9eb4-8bb4a858c345,,,4.62
2026-08-10 16:43:41.062348+00:00,generator,events_sent,115.0,normal,f398aa60-da48-45c3-9eb4-8bb4a858c345,,,4.64
2026-08-10 16:43:41.062348+00:00,generator,throughput_eps,25.200291474526143,normal,f398aa60-da48-45c3-9eb4-8bb4a858c345,,,4.64
2026-08-10 16:43:41.081348+00:00,detector,events_processed,115.0,normal,f398aa60-da48-45c3-9eb4-8bb4a858c345,,,4.66
2026-08-10 16:43:41.081348+00:00,detector,alerts_emitted,115.0,normal,f398aa60-da48-45c3-9eb4-8bb4a858c345,,,4.66
2026-08-10 16:43:41.082348+00:00,detector,end_to_end_latency_ms,21.000244140625,normal,f398aa60-da48-45c3-9eb4-8bb4a858c345,,,4.66
2026-08-10 16:43:41.082348+00:00,detector,throughput_eps,25.199192989215167,normal,f398aa60-da48-45c3-9eb4-8bb4a858c345,,,4.66
2026-08-10 16:43:41.082348+00:00,detector,queue_wait_ms,2.000244140625,normal,f398aa60-da48-45c3-9eb4-8bb4a858c345,,,4.66
2026-08-10 16:43:41.082348+00:00,detector,stage_latency_ms,18.60120000128518,normal,f398aa60-da48-45c3-9eb4-8bb4a858c345,,,4.66
2026-08-10 16:43:41.102347+00:00,generator,throughput_eps,25.19908482182183,normal,f398aa60-da48-45c3-9eb4-8bb4a858c345,,,4.68
2026-08-10 16:43:41.102347+00:00,generator,events_sent,116.0,normal,f398aa60-da48-45c3-9eb4-8bb4a858c345,,,4.68
2026-08-10 16:43:41.117347+00:00,orchestrator,events_processed,114.0,normal,f398aa60-da48-45c3-9eb4-8bb4a858c345,,,4.7
2026-08-10 16:43:41.117347+00:00,orchestrator,throughput_eps,24.922065613135587,normal,f398aa60-da48-45c3-9eb4-8bb4a858c345,,,4.7
2026-08-10 16:43:41.117347+00:00,orchestrator,queue_wait_ms,3.000732421875,normal,f398aa60-da48-45c3-9eb4-8bb4a858c345,,,4.7
2026-08-10 16:43:41.118347+00:00,orchestrator,stage_latency_ms,74.91350000054808,normal,f398aa60-da48-45c3-9eb4-8bb4a858c345,,,4.7
2026-08-10 16:43:41.118347+00:00,orchestrator,end_to_end_latency_ms,97.000244140625,normal,f398aa60-da48-45c3-9eb4-8bb4a858c345,,,4.7
2026-08-10 16:43:41.118347+00:00,orchestrator,xai_latency_ms,0.0018999999156221747,normal,f398aa60-da48-45c3-9eb4-8bb4a858c345,,deterministic,4.7
2026-08-10 16:43:41.121347+00:00,detector,alerts_emitted,116.0,normal,f398aa60-da48-45c3-9eb4-8bb4a858c345,,,4.7
2026-08-10 16:43:41.121347+00:00,detector,events_processed,116.0,normal,f398aa60-da48-45c3-9eb4-8bb4a858c345,,,4.7
2026-08-10 16:43:41.121347+00:00,orchestrator,events_received,115.0,normal,f398aa60-da48-45c3-9eb4-8bb4a858c345,,,4.7
2026-08-10 16:43:41.121347+00:00,detector,throughput_eps,25.199104147743764,normal,f398aa60-da48-45c3-9eb4-8bb4a858c345,,,4.7
2026-08-10 16:43:41.122347+00:00,detector,stage_latency_ms,18.485499998860178,normal,f398aa60-da48-45c3-9eb4-8bb4a858c345,,,4.7
2026-08-10 16:43:41.122347+00:00,detector,queue_wait_ms,2.000732421875,normal,f398aa60-da48-45c3-9eb4-8bb4a858c345,,,4.7
2026-08-10 16:43:41.122347+00:00,detector,end_to_end_latency_ms,21.0009765625,normal,f398aa60-da48-45c3-9eb4-8bb4a858c345,,,4.7
2026-08-10 16:43:41.142347+00:00,generator,events_sent,117.0,normal,f398aa60-da48-45c3-9eb4-8bb4a858c345,,,4.72
2026-08-10 16:43:41.142979+00:00,generator,throughput_eps,25.19658987614543,normal,f398aa60-da48-45c3-9eb4-8bb4a858c345,,,4.72
2026-08-10 16:43:41.146348+00:00,orchestrator,events_processed,115.0,normal,f398aa60-da48-45c3-9eb4-8bb4a858c345,,,4.73
2026-08-10 16:43:41.146348+00:00,orchestrator,throughput_eps,24.983133097903718,normal,f398aa60-da48-45c3-9eb4-8bb4a858c345,,,4.73
2026-08-10 16:43:41.146348+00:00,orchestrator,queue_wait_ms,41.999755859375,normal,f398aa60-da48-45c3-9eb4-8bb4a858c345,,,4.73
2026-08-10 16:43:41.147349+00:00,orchestrator,stage_latency_ms,24.735000000873697,normal,f398aa60-da48-45c3-9eb4-8bb4a858c345,,,4.73
2026-08-10 16:43:41.147349+00:00,orchestrator,end_to_end_latency_ms,86.00048828125,normal,f398aa60-da48-45c3-9eb4-8bb4a858c345,,,4.73
2026-08-10 16:43:41.147349+00:00,orchestrator,xai_latency_ms,0.0024000000848900527,normal,f398aa60-da48-45c3-9eb4-8bb4a858c345,,deterministic,4.73
2026-08-10 16:43:41.150347+00:00,orchestrator,events_received,116.0,normal,f398aa60-da48-45c3-9eb4-8bb4a858c345,,,4.73
2026-08-10 16:43:41.161347+00:00,detector,events_processed,117.0,normal,f398aa60-da48-45c3-9eb4-8bb4a858c345,,,4.74
2026-08-10 16:43:41.162347+00:00,detector,throughput_eps,25.19403862133237,normal,f398aa60-da48-45c3-9eb4-8bb4a858c345,,,4.74
2026-08-10 16:43:41.162347+00:00,detector,queue_wait_ms,2.000244140625,normal,f398aa60-da48-45c3-9eb4-8bb4a858c345,,,4.74
2026-08-10 16:43:41.162347+00:00,detector,alerts_emitted,117.0,normal,f398aa60-da48-45c3-9eb4-8bb4a858c345,,,4.74
2026-08-10 16:43:41.163348+00:00,detector,stage_latency_ms,19.098000000667525,normal,f398aa60-da48-45c3-9eb4-8bb4a858c345,,,4.74
2026-08-10 16:43:41.163348+00:00,detector,end_to_end_latency_ms,21.00048828125,normal,f398aa60-da48-45c3-9eb4-8bb4a858c345,,,4.74
2026-08-10 16:43:41.174348+00:00,orchestrator,events_processed,116.0,normal,f398aa60-da48-45c3-9eb4-8bb4a858c345,,,4.75
2026-08-10 16:43:41.175347+00:00,orchestrator,throughput_eps,25.04398758645252,normal,f398aa60-da48-45c3-9eb4-8bb4a858c345,,,4.75
2026-08-10 16:43:41.175347+00:00,orchestrator,queue_wait_ms,30.99951171875,normal,f398aa60-da48-45c3-9eb4-8bb4a858c345,,,4.75
2026-08-10 16:43:41.175347+00:00,orchestrator,stage_latency_ms,24.61330000005546,normal,f398aa60-da48-45c3-9eb4-8bb4a858c345,,,4.75
2026-08-10 16:43:41.176348+00:00,orchestrator,end_to_end_latency_ms,74.001708984375,normal,f398aa60-da48-45c3-9eb4-8bb4a858c345,,,4.76
2026-08-10 16:43:41.176348+00:00,orchestrator,xai_latency_ms,0.0020000006770715117,normal,f398aa60-da48-45c3-9eb4-8bb4a858c345,,deterministic,4.76
2026-08-10 16:43:41.178347+00:00,orchestrator,events_received,117.0,normal,f398aa60-da48-45c3-9eb4-8bb4a858c345,,,4.76
2026-08-10 16:43:41.181347+00:00,generator,events_sent,118.0,normal,f398aa60-da48-45c3-9eb4-8bb4a858c345,,,4.76
2026-08-10 16:43:41.182484+00:00,generator,throughput_eps,25.197334432137737,normal,f398aa60-da48-45c3-9eb4-8bb4a858c345,,,4.76
2026-08-10 16:43:41.201347+00:00,detector,alerts_emitted,118.0,normal,f398aa60-da48-45c3-9eb4-8bb4a858c345,,,4.78
2026-08-10 16:43:41.201347+00:00,detector,throughput_eps,25.196013680531564,normal,f398aa60-da48-45c3-9eb4-8bb4a858c345,,,4.78
2026-08-10 16:43:41.201347+00:00,detector,events_processed,118.0,normal,f398aa60-da48-45c3-9eb4-8bb4a858c345,,,4.78
2026-08-10 16:43:41.201347+00:00,detector,queue_wait_ms,1.998291015625,normal,f398aa60-da48-45c3-9eb4-8bb4a858c345,,,4.78
2026-08-10 16:43:41.202349+00:00,detector,stage_latency_ms,18.92299999963143,normal,f398aa60-da48-45c3-9eb4-8bb4a858c345,,,4.78
2026-08-10 16:43:41.203349+00:00,detector,end_to_end_latency_ms,20.999267578125,normal,f398aa60-da48-45c3-9eb4-8bb4a858c345,,,4.78
2026-08-10 16:43:41.204349+00:00,orchestrator,events_processed,117.0,normal,f398aa60-da48-45c3-9eb4-8bb4a858c345,,,4.78
2026-08-10 16:43:41.205347+00:00,orchestrator,throughput_eps,25.098029441200804,normal,f398aa60-da48-45c3-9eb4-8bb4a858c345,,,4.78
2026-08-10 16:43:41.205347+00:00,orchestrator,queue_wait_ms,18.999755859375,normal,f398aa60-da48-45c3-9eb4-8bb4a858c345,,,4.78
2026-08-10 16:43:41.205347+00:00,orchestrator,stage_latency_ms,26.032499999928405,normal,f398aa60-da48-45c3-9eb4-8bb4a858c345,,,4.78
2026-08-10 16:43:41.206349+00:00,orchestrator,end_to_end_latency_ms,64.002197265625,normal,f398aa60-da48-45c3-9eb4-8bb4a858c345,,,4.79
2026-08-10 16:43:41.206349+00:00,orchestrator,xai_latency_ms,0.0018000009731622413,normal,f398aa60-da48-45c3-9eb4-8bb4a858c345,,deterministic,4.79
2026-08-10 16:43:41.208347+00:00,orchestrator,events_received,118.0,normal,f398aa60-da48-45c3-9eb4-8bb4a858c345,,,4.79
2026-08-10 16:43:41.222347+00:00,generator,events_sent,119.0,normal,f398aa60-da48-45c3-9eb4-8bb4a858c345,,,4.8
2026-08-10 16:43:41.222347+00:00,generator,throughput_eps,25.194196008793416,normal,f398aa60-da48-45c3-9eb4-8bb4a858c345,,,4.8
2026-08-10 16:43:41.234350+00:00,orchestrator,events_processed,118.0,normal,f398aa60-da48-45c3-9eb4-8bb4a858c345,,,4.81
2026-08-10 16:43:41.234350+00:00,orchestrator,throughput_eps,25.153710671094682,normal,f398aa60-da48-45c3-9eb4-8bb4a858c345,,,4.81
2026-08-10 16:43:41.234350+00:00,orchestrator,queue_wait_ms,10.0,normal,f398aa60-da48-45c3-9eb4-8bb4a858c345,,,4.81
2026-08-10 16:43:41.235347+00:00,orchestrator,end_to_end_latency_ms,54.002197265625,normal,f398aa60-da48-45c3-9eb4-8bb4a858c345,,,4.81
2026-08-10 16:43:41.235347+00:00,orchestrator,xai_latency_ms,0.0021999985619913787,normal,f398aa60-da48-45c3-9eb4-8bb4a858c345,,deterministic,4.81
2026-08-10 16:43:41.235347+00:00,orchestrator,stage_latency_ms,25.4410999987158,normal,f398aa60-da48-45c3-9eb4-8bb4a858c345,,,4.81
2026-08-10 16:43:41.241347+00:00,detector,events_processed,119.0,normal,f398aa60-da48-45c3-9eb4-8bb4a858c345,,,4.82
2026-08-10 16:43:41.241347+00:00,detector,alerts_emitted,119.0,normal,f398aa60-da48-45c3-9eb4-8bb4a858c345,,,4.82
2026-08-10 16:43:41.241347+00:00,orchestrator,events_received,119.0,normal,f398aa60-da48-45c3-9eb4-8bb4a858c345,,,4.82
2026-08-10 16:43:41.241347+00:00,detector,throughput_eps,25.19239571378014,normal,f398aa60-da48-45c3-9eb4-8bb4a858c345,,,4.82
2026-08-10 16:43:41.242349+00:00,detector,queue_wait_ms,2.0,normal,f398aa60-da48-45c3-9eb4-8bb4a858c345,,,4.82
2026-08-10 16:43:41.242349+00:00,detector,stage_latency_ms,18.731000000116182,normal,f398aa60-da48-45c3-9eb4-8bb4a858c345,,,4.82
2026-08-10 16:43:41.242349+00:00,detector,end_to_end_latency_ms,21.000244140625,normal,f398aa60-da48-45c3-9eb4-8bb4a858c345,,,4.82
2026-08-10 16:43:41.262192+00:00,generator,events_sent,120.0,normal,f398aa60-da48-45c3-9eb4-8bb4a858c345,,,4.84
2026-08-10 16:43:41.262192+00:00,generator,throughput_eps,25.19298247990665,normal,f398aa60-da48-45c3-9eb4-8bb4a858c345,,,4.84
2026-08-10 16:43:41.267192+00:00,orchestrator,events_processed,119.0,normal,f398aa60-da48-45c3-9eb4-8bb4a858c345,,,4.85
2026-08-10 16:43:41.267192+00:00,orchestrator,throughput_eps,25.19002457948732,normal,f398aa60-da48-45c3-9eb4-8bb4a858c345,,,4.85
2026-08-10 16:43:41.268193+00:00,orchestrator,stage_latency_ms,25.568400000338443,normal,f398aa60-da48-45c3-9eb4-8bb4a858c345,,,4.85
2026-08-10 16:43:41.268193+00:00,orchestrator,queue_wait_ms,2.001220703125,normal,f398aa60-da48-45c3-9eb4-8bb4a858c345,,,4.85
2026-08-10 16:43:41.268193+00:00,orchestrator,end_to_end_latency_ms,46.84521484375,normal,f398aa60-da48-45c3-9eb4-8bb4a858c345,,,4.85
2026-08-10 16:43:41.269191+00:00,orchestrator,xai_latency_ms,0.001999998858082108,normal,f398aa60-da48-45c3-9eb4-8bb4a858c345,,deterministic,4.85
2026-08-10 16:43:41.281742+00:00,detector,events_processed,120.0,normal,f398aa60-da48-45c3-9eb4-8bb4a858c345,,,4.86
2026-08-10 16:43:41.281742+00:00,detector,alerts_emitted,120.0,normal,f398aa60-da48-45c3-9eb4-8bb4a858c345,,,4.86
2026-08-10 16:43:41.281742+00:00,orchestrator,events_received,120.0,normal,f398aa60-da48-45c3-9eb4-8bb4a858c345,,,4.86
2026-08-10 16:43:41.282749+00:00,detector,throughput_eps,25.188878487833556,normal,f398aa60-da48-45c3-9eb4-8bb4a858c345,,,4.86
2026-08-10 16:43:41.282749+00:00,detector,queue_wait_ms,2.0,normal,f398aa60-da48-45c3-9eb4-8bb4a858c345,,,4.86
2026-08-10 16:43:41.282749+00:00,detector,stage_latency_ms,19.415700000536162,normal,f398aa60-da48-45c3-9eb4-8bb4a858c345,,,4.86
2026-08-10 16:43:41.282749+00:00,detector,end_to_end_latency_ms,21.550537109375,normal,f398aa60-da48-45c3-9eb4-8bb4a858c345,,,4.86
2026-08-10 16:43:41.302496+00:00,generator,events_sent,121.0,normal,f398aa60-da48-45c3-9eb4-8bb4a858c345,,,4.88
2026-08-10 16:43:41.302496+00:00,generator,throughput_eps,25.188343212579042,normal,f398aa60-da48-45c3-9eb4-8bb4a858c345,,,4.88
2026-08-10 16:43:41.321691+00:00,detector,events_processed,121.0,normal,f398aa60-da48-45c3-9eb4-8bb4a858c345,,,4.9
2026-08-10 16:43:41.321691+00:00,detector,alerts_emitted,121.0,normal,f398aa60-da48-45c3-9eb4-8bb4a858c345,,,4.9
2026-08-10 16:43:41.321691+00:00,detector,throughput_eps,25.18907919914545,normal,f398aa60-da48-45c3-9eb4-8bb4a858c345,,,4.9
2026-08-10 16:43:41.322691+00:00,detector,stage_latency_ms,18.355199999859906,normal,f398aa60-da48-45c3-9eb4-8bb4a858c345,,,4.9
2026-08-10 16:43:41.322691+00:00,detector,queue_wait_ms,2.0,normal,f398aa60-da48-45c3-9eb4-8bb4a858c345,,,4.9
2026-08-10 16:43:41.323692+00:00,detector,end_to_end_latency_ms,21.194580078125,normal,f398aa60-da48-45c3-9eb4-8bb4a858c345,,,4.9
2026-08-10 16:43:41.342212+00:00,generator,events_sent,122.0,normal,f398aa60-da48-45c3-9eb4-8bb4a858c345,,,4.92
2026-08-10 16:43:41.342802+00:00,generator,throughput_eps,25.189627935450087,normal,f398aa60-da48-45c3-9eb4-8bb4a858c345,,,4.92
2026-08-10 16:43:41.346214+00:00,orchestrator,events_processed,120.0,normal,f398aa60-da48-45c3-9eb4-8bb4a858c345,,,4.93
2026-08-10 16:43:41.347213+00:00,orchestrator,throughput_eps,24.979943624249884,normal,f398aa60-da48-45c3-9eb4-8bb4a858c345,,,4.93
2026-08-10 16:43:41.347213+00:00,orchestrator,queue_wait_ms,2.5498046875,normal,f398aa60-da48-45c3-9eb4-8bb4a858c345,,,4.93
2026-08-10 16:43:41.347213+00:00,orchestrator,stage_latency_ms,64.52519999947981,normal,f398aa60-da48-45c3-9eb4-8bb4a858c345,,,4.93
2026-08-10 16:43:41.348212+00:00,orchestrator,end_to_end_latency_ms,86.0224609375,normal,f398aa60-da48-45c3-9eb4-8bb4a858c345,,,4.93
2026-08-10 16:43:41.348212+00:00,orchestrator,xai_latency_ms,0.002300001142430119,normal,f398aa60-da48-45c3-9eb4-8bb4a858c345,,deterministic,4.93
2026-08-10 16:43:41.351212+00:00,orchestrator,events_received,121.0,normal,f398aa60-da48-45c3-9eb4-8bb4a858c345,,,4.93
2026-08-10 16:43:41.361398+00:00,detector,throughput_eps,25.187590827546497,normal,f398aa60-da48-45c3-9eb4-8bb4a858c345,,,4.94
2026-08-10 16:43:41.361398+00:00,detector,events_processed,122.0,normal,f398aa60-da48-45c3-9eb4-8bb4a858c345,,,4.94
2026-08-10 16:43:41.361398+00:00,detector,alerts_emitted,122.0,normal,f398aa60-da48-45c3-9eb4-8bb4a858c345,,,4.94
2026-08-10 16:43:41.362404+00:00,detector,stage_latency_ms,18.962599999213126,normal,f398aa60-da48-45c3-9eb4-8bb4a858c345,,,4.94
2026-08-10 16:43:41.362404+00:00,detector,queue_wait_ms,1.9912109375,normal,f398aa60-da48-45c3-9eb4-8bb4a858c345,,,4.94
2026-08-10 16:43:41.363403+00:00,detector,end_to_end_latency_ms,21.177001953125,normal,f398aa60-da48-45c3-9eb4-8bb4a858c345,,,4.94
2026-08-10 16:43:41.375439+00:00,orchestrator,events_processed,121.0,normal,f398aa60-da48-45c3-9eb4-8bb4a858c345,,,4.95
2026-08-10 16:43:41.376438+00:00,orchestrator,throughput_eps,25.03709663150929,normal,f398aa60-da48-45c3-9eb4-8bb4a858c345,,,4.96
2026-08-10 16:43:41.376438+00:00,orchestrator,queue_wait_ms,32.583984375,normal,f398aa60-da48-45c3-9eb4-8bb4a858c345,,,4.96
2026-08-10 16:43:41.376438+00:00,orchestrator,stage_latency_ms,24.878099999114056,normal,f398aa60-da48-45c3-9eb4-8bb4a858c345,,,4.96
2026-08-10 16:43:41.376438+00:00,orchestrator,end_to_end_latency_ms,74.943115234375,normal,f398aa60-da48-45c3-9eb4-8bb4a858c345,,,4.96
2026-08-10 16:43:41.377439+00:00,orchestrator,xai_latency_ms,0.0018999999156221747,normal,f398aa60-da48-45c3-9eb4-8bb4a858c345,,deterministic,4.96
2026-08-10 16:43:41.379439+00:00,orchestrator,events_received,122.0,normal,f398aa60-da48-45c3-9eb4-8bb4a858c345,,,4.96
2026-08-10 16:43:41.381439+00:00,generator,events_sent,123.0,normal,f398aa60-da48-45c3-9eb4-8bb4a858c345,,,4.96
2026-08-10 16:43:41.382440+00:00,generator,throughput_eps,25.188707291380116,normal,f398aa60-da48-45c3-9eb4-8bb4a858c345,,,4.96
2026-08-10 16:43:41.401440+00:00,detector,events_processed,123.0,normal,f398aa60-da48-45c3-9eb4-8bb4a858c345,,,4.98
2026-08-10 16:43:41.402439+00:00,detector,throughput_eps,25.18291777459656,normal,f398aa60-da48-45c3-9eb4-8bb4a858c345,,,4.98
2026-08-10 16:43:41.402439+00:00,detector,queue_wait_ms,1.999755859375,normal,f398aa60-da48-45c3-9eb4-8bb4a858c345,,,4.98
2026-08-10 16:43:41.402439+00:00,detector,alerts_emitted,123.0,normal,f398aa60-da48-45c3-9eb4-8bb4a858c345,,,4.98
2026-08-10 16:43:41.403440+00:00,detector,stage_latency_ms,19.700400000147056,normal,f398aa60-da48-45c3-9eb4-8bb4a858c345,,,4.98
2026-08-10 16:43:41.403440+00:00,detector,end_to_end_latency_ms,21.0,normal,f398aa60-da48-45c3-9eb4-8bb4a858c345,,,4.98
2026-08-10 16:43:41.403440+00:00,orchestrator,events_processed,122.0,normal,f398aa60-da48-45c3-9eb4-8bb4a858c345,,,4.98
2026-08-10 16:43:41.404440+00:00,orchestrator,throughput_eps,25.098364847747614,normal,f398aa60-da48-45c3-9eb4-8bb4a858c345,,,4.98
2026-08-10 16:43:41.404440+00:00,orchestrator,queue_wait_ms,20.226318359375,normal,f398aa60-da48-45c3-9eb4-8bb4a858c345,,,4.98
2026-08-10 16:43:41.405440+00:00,orchestrator,stage_latency_ms,24.308000000019092,normal,f398aa60-da48-45c3-9eb4-8bb4a858c345,,,4.98
2026-08-10 16:43:41.405440+00:00,orchestrator,end_to_end_latency_ms,63.218505859375,normal,f398aa60-da48-45c3-9eb4-8bb4a858c345,,,4.98
2026-08-10 16:43:41.405440+00:00,orchestrator,xai_latency_ms,0.0017000002117129043,normal,f398aa60-da48-45c3-9eb4-8bb4a858c345,,deterministic,4.98
2026-08-10 16:43:41.408440+00:00,orchestrator,events_received,123.0,normal,f398aa60-da48-45c3-9eb4-8bb4a858c345,,,4.99
2026-08-10 16:43:41.422617+00:00,generator,events_sent,124.0,normal,f398aa60-da48-45c3-9eb4-8bb4a858c345,,,5.0
2026-08-10 16:43:41.423196+00:00,generator,throughput_eps,25.184667598932002,normal,f398aa60-da48-45c3-9eb4-8bb4a858c345,,,5.0
2026-08-10 16:43:41.432617+00:00,orchestrator,events_processed,123.0,normal,f398aa60-da48-45c3-9eb4-8bb4a858c345,,,5.01
2026-08-10 16:43:41.433616+00:00,orchestrator,stage_latency_ms,24.80199999990873,normal,f398aa60-da48-45c3-9eb4-8bb4a858c345,,,5.01
2026-08-10 16:43:41.433616+00:00,orchestrator,queue_wait_ms,8.96923828125,normal,f398aa60-da48-45c3-9eb4-8bb4a858c345,,,5.01
2026-08-10 16:43:41.433616+00:00,orchestrator,throughput_eps,25.15339810140974,normal,f398aa60-da48-45c3-9eb4-8bb4a858c345,,,5.01
2026-08-10 16:43:41.434616+00:00,orchestrator,end_to_end_latency_ms,52.177490234375,normal,f398aa60-da48-45c3-9eb4-8bb4a858c345,,,5.01
2026-08-10 16:43:41.434616+00:00,orchestrator,xai_latency_ms,0.002099999619531445,normal,f398aa60-da48-45c3-9eb4-8bb4a858c345,,deterministic,5.01
2026-08-10 16:43:41.441617+00:00,detector,events_processed,124.0,normal,f398aa60-da48-45c3-9eb4-8bb4a858c345,,,5.02
2026-08-10 16:43:41.441617+00:00,detector,alerts_emitted,124.0,normal,f398aa60-da48-45c3-9eb4-8bb4a858c345,,,5.02
2026-08-10 16:43:41.442616+00:00,orchestrator,events_received,124.0,normal,f398aa60-da48-45c3-9eb4-8bb4a858c345,,,5.02
2026-08-10 16:43:41.442616+00:00,detector,throughput_eps,25.182120473349016,normal,f398aa60-da48-45c3-9eb4-8bb4a858c345,,,5.02
2026-08-10 16:43:41.442616+00:00,detector,queue_wait_ms,2.000732421875,normal,f398aa60-da48-45c3-9eb4-8bb4a858c345,,,5.02
2026-08-10 16:43:41.442616+00:00,detector,stage_latency_ms,19.032199999855948,normal,f398aa60-da48-45c3-9eb4-8bb4a858c345,,,5.02
2026-08-10 16:43:41.443617+00:00,detector,end_to_end_latency_ms,21.00146484375,normal,f398aa60-da48-45c3-9eb4-8bb4a858c345,,,5.02
2026-08-10 16:43:41.462667+00:00,generator,events_sent,125.0,normal,f398aa60-da48-45c3-9eb4-8bb4a858c345,,,5.04
2026-08-10 16:43:41.462667+00:00,generator,throughput_eps,25.182218737865462,normal,f398aa60-da48-45c3-9eb4-8bb4a858c345,,,5.04
2026-08-10 16:43:41.466667+00:00,orchestrator,events_processed,124.0,normal,f398aa60-da48-45c3-9eb4-8bb4a858c345,,,5.05
2026-08-10 16:43:41.467667+00:00,orchestrator,stage_latency_ms,24.977200000648736,normal,f398aa60-da48-45c3-9eb4-8bb4a858c345,,,5.05
2026-08-10 16:43:41.467667+00:00,orchestrator,throughput_eps,25.183092857660334,normal,f398aa60-da48-45c3-9eb4-8bb4a858c345,,,5.05
2026-08-10 16:43:41.467667+00:00,orchestrator,queue_wait_ms,2.00146484375,normal,f398aa60-da48-45c3-9eb4-8bb4a858c345,,,5.05
2026-08-10 16:43:41.468668+00:00,orchestrator,end_to_end_latency_ms,46.05126953125,normal,f398aa60-da48-45c3-9eb4-8bb4a858c345,,,5.05
2026-08-10 16:43:41.468668+00:00,orchestrator,xai_latency_ms,0.0018999999156221747,normal,f398aa60-da48-45c3-9eb4-8bb4a858c345,,deterministic,5.05
2026-08-10 16:43:41.481667+00:00,detector,events_processed,125.0,normal,f398aa60-da48-45c3-9eb4-8bb4a858c345,,,5.06
2026-08-10 16:43:41.481667+00:00,detector,alerts_emitted,125.0,normal,f398aa60-da48-45c3-9eb4-8bb4a858c345,,,5.06
2026-08-10 16:43:41.481667+00:00,orchestrator,events_received,125.0,normal,f398aa60-da48-45c3-9eb4-8bb4a858c345,,,5.06
2026-08-10 16:43:41.482667+00:00,detector,queue_wait_ms,1.991943359375,normal,f398aa60-da48-45c3-9eb4-8bb4a858c345,,,5.06
2026-08-10 16:43:41.482667+00:00,detector,stage_latency_ms,18.74150000003283,normal,f398aa60-da48-45c3-9eb4-8bb4a858c345,,,5.06
2026-08-10 16:43:41.482667+00:00,detector,end_to_end_latency_ms,20.991943359375,normal,f398aa60-da48-45c3-9eb4-8bb4a858c345,,,5.06
2026-08-10 16:43:41.502375+00:00,generator,throughput_eps,25.18250314040345,normal,f398aa60-da48-45c3-9eb4-8bb4a858c345,,,5.08
2026-08-10 16:43:41.502375+00:00,generator,events_sent,126.0,normal,f398aa60-da48-45c3-9eb4-8bb4a858c345,,,5.08
2026-08-10 16:43:41.506376+00:00,orchestrator,throughput_eps,25.185428734597696,normal,f398aa60-da48-45c3-9eb4-8bb4a858c345,,,5.09
2026-08-10 16:43:41.506376+00:00,orchestrator,queue_wait_ms,2.000732421875,normal,f398aa60-da48-45c3-9eb4-8bb4a858c345,,,5.09
2026-08-10 16:43:41.506376+00:00,orchestrator,events_processed,125.0,normal,f398aa60-da48-45c3-9eb4-8bb4a858c345,,,5.09
2026-08-10 16:43:41.507375+00:00,orchestrator,xai_latency_ms,0.001999998858082108,normal,f398aa60-da48-45c3-9eb4-8bb4a858c345,,deterministic,5.09
2026-08-10 16:43:41.507375+00:00,orchestrator,end_to_end_latency_ms,45.701171875,normal,f398aa60-da48-45c3-9eb4-8bb4a858c345,,,5.09
2026-08-10 16:43:41.507375+00:00,orchestrator,stage_latency_ms,24.258900000859285,normal,f398aa60-da48-45c3-9eb4-8bb4a858c345,,,5.09
2026-08-10 16:43:41.522376+00:00,detector,events_processed,126.0,normal,f398aa60-da48-45c3-9eb4-8bb4a858c345,,,5.1
2026-08-10 16:43:41.522376+00:00,detector,alerts_emitted,126.0,normal,f398aa60-da48-45c3-9eb4-8bb4a858c345,,,5.1
2026-08-10 16:43:41.522376+00:00,detector,throughput_eps,25.178182979564987,normal,f398aa60-da48-45c3-9eb4-8bb4a858c345,,,5.1
2026-08-10 16:43:41.523375+00:00,detector,queue_wait_ms,1.9921875,normal,f398aa60-da48-45c3-9eb4-8bb4a858c345,,,5.1
2026-08-10 16:43:41.523375+00:00,detector,stage_latency_ms,19.497699999192264,normal,f398aa60-da48-45c3-9eb4-8bb4a858c345,,,5.1
2026-08-10 16:43:41.523375+00:00,detector,end_to_end_latency_ms,21.99365234375,normal,f398aa60-da48-45c3-9eb4-8bb4a858c345,,,5.1
2026-08-10 16:43:41.542355+00:00,generator,events_sent,127.0,normal,f398aa60-da48-45c3-9eb4-8bb4a858c345,,,5.12
2026-08-10 16:43:41.542355+00:00,generator,throughput_eps,24.997601036673704,normal,f398aa60-da48-45c3-9eb4-8bb4a858c345,,,5.12
2026-08-10 16:43:41.547364+00:00,orchestrator,events_processed,126.0,normal,f398aa60-da48-45c3-9eb4-8bb4a858c345,,,5.13
2026-08-10 16:43:41.548364+00:00,orchestrator,throughput_eps,25.176470948405356,normal,f398aa60-da48-45c3-9eb4-8bb4a858c345,,,5.13
2026-08-10 16:43:41.548364+00:00,orchestrator,queue_wait_ms,3.001708984375,normal,f398aa60-da48-45c3-9eb4-8bb4a858c345,,,5.13
2026-08-10 16:43:41.548364+00:00,orchestrator,stage_latency_ms,25.446199999350938,normal,f398aa60-da48-45c3-9eb4-8bb4a858c345,,,5.13
2026-08-10 16:43:41.549363+00:00,orchestrator,xai_latency_ms,0.0020000006770715117,normal,f398aa60-da48-45c3-9eb4-8bb4a858c345,,deterministic,5.13
2026-08-10 16:43:41.549363+00:00,orchestrator,end_to_end_latency_ms,46.981689453125,normal,f398aa60-da48-45c3-9eb4-8bb4a858c345,,,5.13
2026-08-10 16:43:41.562746+00:00,detector,events_processed,127.0,normal,f398aa60-da48-45c3-9eb4-8bb4a858c345,,,5.14
2026-08-10 16:43:41.563752+00:00,orchestrator,events_received,127.0,normal,f398aa60-da48-45c3-9eb4-8bb4a858c345,,,5.14
2026-08-10 16:43:41.563752+00:00,detector,throughput_eps,25.090875638846406,normal,f398aa60-da48-45c3-9eb4-8bb4a858c345,,,5.14
2026-08-10 16:43:41.563752+00:00,detector,queue_wait_ms,2.000732421875,normal,f398aa60-da48-45c3-9eb4-8bb4a858c345,,,5.14
2026-08-10 16:43:41.564751+00:00,detector,stage_latency_ms,20.540399998935754,normal,f398aa60-da48-45c3-9eb4-8bb4a858c345,,,5.14
2026-08-10 16:43:41.564751+00:00,detector,end_to_end_latency_ms,22.391845703125,normal,f398aa60-da48-45c3-9eb4-8bb4a858c345,,,5.14
2026-08-10 16:43:41.582502+00:00,generator,events_sent,128.0,normal,f398aa60-da48-45c3-9eb4-8bb4a858c345,,,5.16
2026-08-10 16:43:41.582502+00:00,generator,throughput_eps,24.996340253565783,normal,f398aa60-da48-45c3-9eb4-8bb4a858c345,,,5.16
2026-08-10 16:43:41.588510+00:00,orchestrator,events_processed,127.0,normal,f398aa60-da48-45c3-9eb4-8bb4a858c345,,,5.17
2026-08-10 16:43:41.588510+00:00,orchestrator,throughput_eps,25.116925820095073,normal,f398aa60-da48-45c3-9eb4-8bb4a858c345,,,5.17
2026-08-10 16:43:41.588510+00:00,orchestrator,queue_wait_ms,3.355224609375,normal,f398aa60-da48-45c3-9eb4-8bb4a858c345,,,5.17
2026-08-10 16:43:41.589511+00:00,orchestrator,end_to_end_latency_ms,48.155517578125,normal,f398aa60-da48-45c3-9eb4-8bb4a858c345,,,5.17
2026-08-10 16:43:41.589511+00:00,orchestrator,xai_latency_ms,0.002499999027349986,normal,f398aa60-da48-45c3-9eb4-8bb4a858c345,,deterministic,5.17
2026-08-10 16:43:41.589511+00:00,orchestrator,stage_latency_ms,24.865900000804686,normal,f398aa60-da48-45c3-9eb4-8bb4a858c345,,,5.17
2026-08-10 16:43:41.601510+00:00,detector,events_processed,128.0,normal,f398aa60-da48-45c3-9eb4-8bb4a858c345,,,5.18
2026-08-10 16:43:41.601510+00:00,detector,alerts_emitted,128.0,normal,f398aa60-da48-45c3-9eb4-8bb4a858c345,,,5.18
2026-08-10 16:43:41.601510+00:00,orchestrator,events_received,128.0,normal,f398aa60-da48-45c3-9eb4-8bb4a858c345,,,5.18
2026-08-10 16:43:41.602510+00:00,detector,throughput_eps,25.01102435932413,normal,f398aa60-da48-45c3-9eb4-8bb4a858c345,,,5.18
2026-08-10 16:43:41.602510+00:00,detector,queue_wait_ms,2.0,normal,f398aa60-da48-45c3-9eb4-8bb4a858c345,,,5.18
2026-08-10 16:43:41.602510+00:00,detector,stage_latency_ms,18.611199999213568,normal,f398aa60-da48-45c3-9eb4-8bb4a858c345,,,5.18
2026-08-10 16:43:41.603510+00:00,detector,end_to_end_latency_ms,21.008056640625,normal,f398aa60-da48-45c3-9eb4-8bb4a858c345,,,5.18
2026-08-10 16:43:41.622327+00:00,generator,events_sent,129.0,normal,f398aa60-da48-45c3-9eb4-8bb4a858c345,,,5.2
2026-08-10 16:43:41.622327+00:00,generator,throughput_eps,25.001523278288914,normal,f398aa60-da48-45c3-9eb4-8bb4a858c345,,,5.2
2026-08-10 16:43:41.626327+00:00,orchestrator,events_processed,128.0,normal,f398aa60-da48-45c3-9eb4-8bb4a858c345,,,5.21
2026-08-10 16:43:41.627326+00:00,orchestrator,queue_wait_ms,2.000732421875,normal,f398aa60-da48-45c3-9eb4-8bb4a858c345,,,5.21
2026-08-10 16:43:41.627326+00:00,orchestrator,throughput_eps,25.07041728666039,normal,f398aa60-da48-45c3-9eb4-8bb4a858c345,,,5.21
2026-08-10 16:43:41.627326+00:00,orchestrator,stage_latency_ms,24.90860000034445,normal,f398aa60-da48-45c3-9eb4-8bb4a858c345,,,5.21
2026-08-10 16:43:41.628327+00:00,orchestrator,xai_latency_ms,0.0021000014385208488,normal,f398aa60-da48-45c3-9eb4-8bb4a858c345,,deterministic,5.21
2026-08-10 16:43:41.628327+00:00,orchestrator,end_to_end_latency_ms,45.824951171875,normal,f398aa60-da48-45c3-9eb4-8bb4a858c345,,,5.21
2026-08-10 16:43:41.641533+00:00,detector,events_processed,129.0,normal,f398aa60-da48-45c3-9eb4-8bb4a858c345,,,5.22
2026-08-10 16:43:41.641533+00:00,detector,alerts_emitted,129.0,normal,f398aa60-da48-45c3-9eb4-8bb4a858c345,,,5.22
2026-08-10 16:43:41.641533+00:00,orchestrator,events_received,129.0,normal,f398aa60-da48-45c3-9eb4-8bb4a858c345,,,5.22
2026-08-10 16:43:41.641533+00:00,detector,throughput_eps,25.00156814271868,normal,f398aa60-da48-45c3-9eb4-8bb4a858c345,,,5.22
2026-08-10 16:43:41.642533+00:00,detector,queue_wait_ms,2.0,normal,f398aa60-da48-45c3-9eb4-8bb4a858c345,,,5.22
2026-08-10 16:43:41.642533+00:00,detector,stage_latency_ms,18.964700000651646,normal,f398aa60-da48-45c3-9eb4-8bb4a858c345,,,5.22
2026-08-10 16:43:41.642533+00:00,detector,end_to_end_latency_ms,21.206298828125,normal,f398aa60-da48-45c3-9eb4-8bb4a858c345,,,5.22
2026-08-10 16:43:41.661781+00:00,generator,events_sent,130.0,normal,f398aa60-da48-45c3-9eb4-8bb4a858c345,,,5.24
2026-08-10 16:43:41.661781+00:00,generator,throughput_eps,25.00347448280968,normal,f398aa60-da48-45c3-9eb4-8bb4a858c345,,,5.24
2026-08-10 16:43:41.681103+00:00,detector,alerts_emitted,130.0,normal,f398aa60-da48-45c3-9eb4-8bb4a858c345,,,5.26
2026-08-10 16:43:41.681103+00:00,detector,throughput_eps,25.004243220073683,normal,f398aa60-da48-45c3-9eb4-8bb4a858c345,,,5.26
2026-08-10 16:43:41.681103+00:00,detector,events_processed,130.0,normal,f398aa60-da48-45c3-9eb4-8bb4a858c345,,,5.26
2026-08-10 16:43:41.682110+00:00,detector,end_to_end_latency_ms,21.311279296875,normal,f398aa60-da48-45c3-9eb4-8bb4a858c345,,,5.26
2026-08-10 16:43:41.682110+00:00,detector,stage_latency_ms,18.80639999944833,normal,f398aa60-da48-45c3-9eb4-8bb4a858c345,,,5.26
2026-08-10 16:43:41.682110+00:00,detector,queue_wait_ms,1.98876953125,normal,f398aa60-da48-45c3-9eb4-8bb4a858c345,,,5.26
2026-08-10 16:43:41.701880+00:00,generator,events_sent,131.0,normal,f398aa60-da48-45c3-9eb4-8bb4a858c345,,,5.28
2026-08-10 16:43:41.701880+00:00,generator,throughput_eps,25.004516815916684,normal,f398aa60-da48-45c3-9eb4-8bb4a858c345,,,5.28
2026-08-10 16:43:41.706879+00:00,orchestrator,events_processed,129.0,normal,f398aa60-da48-45c3-9eb4-8bb4a858c345,,,5.29
2026-08-10 16:43:41.706879+00:00,orchestrator,throughput_eps,25.05135527831734,normal,f398aa60-da48-45c3-9eb4-8bb4a858c345,,,5.29
2026-08-10 16:43:41.707879+00:00,orchestrator,queue_wait_ms,2.206787109375,normal,f398aa60-da48-45c3-9eb4-8bb4a858c345,,,5.29
2026-08-10 16:43:41.707879+00:00,orchestrator,stage_latency_ms,65.0948000002245,normal,f398aa60-da48-45c3-9eb4-8bb4a858c345,,,5.29
2026-08-10 16:43:41.707879+00:00,orchestrator,end_to_end_latency_ms,86.55224609375,normal,f398aa60-da48-45c3-9eb4-8bb4a858c345,,,5.29
2026-08-10 16:43:41.707879+00:00,orchestrator,xai_latency_ms,0.0025000008463393897,normal,f398aa60-da48-45c3-9eb4-8bb4a858c345,,deterministic,5.29
2026-08-10 16:43:41.710879+00:00,orchestrator,events_received,130.0,normal,f398aa60-da48-45c3-9eb4-8bb4a858c345,,,5.29
2026-08-10 16:43:41.720879+00:00,detector,events_processed,131.0,normal,f398aa60-da48-45c3-9eb4-8bb4a858c345,,,5.3
2026-08-10 16:43:41.721879+00:00,detector,alerts_emitted,131.0,normal,f398aa60-da48-45c3-9eb4-8bb4a858c345,,,5.3
2026-08-10 16:43:41.721879+00:00,detector,throughput_eps,25.000734021546517,normal,f398aa60-da48-45c3-9eb4-8bb4a858c345,,,5.3
2026-08-10 16:43:41.721879+00:00,detector,queue_wait_ms,1.88623046875,normal,f398aa60-da48-45c3-9eb4-8bb4a858c345,,,5.3
2026-08-10 16:43:41.722879+00:00,detector,end_to_end_latency_ms,20.885498046875,normal,f398aa60-da48-45c3-9eb4-8bb4a858c345,,,5.3
2026-08-10 16:43:41.722879+00:00,detector,stage_latency_ms,19.252800000685966,normal,f398aa60-da48-45c3-9eb4-8bb4a858c345,,,5.3
2026-08-10 16:43:41.734757+00:00,orchestrator,events_processed,130.0,normal,f398aa60-da48-45c3-9eb4-8bb4a858c345,,,5.31
2026-08-10 16:43:41.735756+00:00,orchestrator,throughput_eps,25.05845887871728,normal,f398aa60-da48-45c3-9eb4-8bb4a858c345,,,5.32
2026-08-10 16:43:41.735756+00:00,orchestrator,queue_wait_ms,32.0986328125,normal,f398aa60-da48-45c3-9eb4-8bb4a858c345,,,5.32
2026-08-10 16:43:41.735756+00:00,orchestrator,stage_latency_ms,24.089700000331504,normal,f398aa60-da48-45c3-9eb4-8bb4a858c345,,,5.32
2026-08-10 16:43:41.735756+00:00,orchestrator,end_to_end_latency_ms,74.96484375,normal,f398aa60-da48-45c3-9eb4-8bb4a858c345,,,5.32
2026-08-10 16:43:41.736756+00:00,orchestrator,xai_latency_ms,0.0022999993234407157,normal,f398aa60-da48-45c3-9eb4-8bb4a858c345,,deterministic,5.32
2026-08-10 16:43:41.739757+00:00,orchestrator,events_received,131.0,normal,f398aa60-da48-45c3-9eb4-8bb4a858c345,,,5.32
2026-08-10 16:43:41.740758+00:00,generator,events_sent,132.0,normal,f398aa60-da48-45c3-9eb4-8bb4a858c345,,,5.32
2026-08-10 16:43:41.741757+00:00,generator,throughput_eps,25.00616802140172,normal,f398aa60-da48-45c3-9eb4-8bb4a858c345,,,5.32
2026-08-10 16:43:41.760756+00:00,detector,events_processed,132.0,normal,f398aa60-da48-45c3-9eb4-8bb4a858c345,,,5.34
2026-08-10 16:43:41.760756+00:00,detector,alerts_emitted,132.0,normal,f398aa60-da48-45c3-9eb4-8bb4a858c345,,,5.34
2026-08-10 16:43:41.761756+00:00,detector,end_to_end_latency_ms,20.999267578125,normal,f398aa60-da48-45c3-9eb4-8bb4a858c345,,,5.34
2026-08-10 16:43:41.761756+00:00,detector,stage_latency_ms,19.287500001155422,normal,f398aa60-da48-45c3-9eb4-8bb4a858c345,,,5.34
2026-08-10 16:43:41.761756+00:00,detector,queue_wait_ms,2.00048828125,normal,f398aa60-da48-45c3-9eb4-8bb4a858c345,,,5.34
2026-08-10 16:43:41.761756+00:00,detector,throughput_eps,25.001679612837435,normal,f398aa60-da48-45c3-9eb4-8bb4a858c345,,,5.34
2026-08-10 16:43:41.763757+00:00,orchestrator,events_processed,131.0,normal,f398aa60-da48-45c3-9eb4-8bb4a858c345,,,5.34
2026-08-10 16:43:41.764756+00:00,orchestrator,throughput_eps,25.05782644725681,normal,f398aa60-da48-45c3-9eb4-8bb4a858c345,,,5.34
2026-08-10 16:43:41.764756+00:00,orchestrator,queue_wait_ms,20.878173828125,normal,f398aa60-da48-45c3-9eb4-8bb4a858c345,,,5.34
2026-08-10 16:43:41.764756+00:00,orchestrator,stage_latency_ms,24.865600000339327,normal,f398aa60-da48-45c3-9eb4-8bb4a858c345,,,5.34
2026-08-10 16:43:41.765756+00:00,orchestrator,end_to_end_latency_ms,63.762939453125,normal,f398aa60-da48-45c3-9eb4-8bb4a858c345,,,5.35
2026-08-10 16:43:41.765756+00:00,orchestrator,xai_latency_ms,0.002499999027349986,normal,f398aa60-da48-45c3-9eb4-8bb4a858c345,,deterministic,5.35
2026-08-10 16:43:41.768661+00:00,orchestrator,events_received,132.0,normal,f398aa60-da48-45c3-9eb4-8bb4a858c345,,,5.35
2026-08-10 16:43:41.780989+00:00,generator,events_sent,133.0,normal,f398aa60-da48-45c3-9eb4-8bb4a858c345,,,5.36
2026-08-10 16:43:41.782025+00:00,generator,throughput_eps,25.00162310537029,normal,f398aa60-da48-45c3-9eb4-8bb4a858c345,,,5.36
2026-08-10 16:43:41.792994+00:00,orchestrator,events_processed,132.0,normal,f398aa60-da48-45c3-9eb4-8bb4a858c345,,,5.37
2026-08-10 16:43:41.793994+00:00,orchestrator,queue_wait_ms,9.905029296875,normal,f398aa60-da48-45c3-9eb4-8bb4a858c345,,,5.37
2026-08-10 16:43:41.793994+00:00,orchestrator,stage_latency_ms,24.91339999869524,normal,f398aa60-da48-45c3-9eb4-8bb4a858c345,,,5.37
2026-08-10 16:43:41.793994+00:00,orchestrator,throughput_eps,25.321666702888944,normal,f398aa60-da48-45c3-9eb4-8bb4a858c345,,,5.37
2026-08-10 16:43:41.794993+00:00,orchestrator,end_to_end_latency_ms,53.237060546875,normal,f398aa60-da48-45c3-9eb4-8bb4a858c345,,,5.37
2026-08-10 16:43:41.794993+00:00,orchestrator,xai_latency_ms,0.0018999999156221747,normal,f398aa60-da48-45c3-9eb4-8bb4a858c345,,deterministic,5.37
2026-08-10 16:43:41.801369+00:00,detector,events_processed,133.0,normal,f398aa60-da48-45c3-9eb4-8bb4a858c345,,,5.38
2026-08-10 16:43:41.801369+00:00,detector,alerts_emitted,133.0,normal,f398aa60-da48-45c3-9eb4-8bb4a858c345,,,5.38
2026-08-10 16:43:41.801369+00:00,orchestrator,events_received,133.0,normal,f398aa60-da48-45c3-9eb4-8bb4a858c345,,,5.38
2026-08-10 16:43:41.801369+00:00,detector,throughput_eps,25.00214868465589,normal,f398aa60-da48-45c3-9eb4-8bb4a858c345,,,5.38
2026-08-10 16:43:41.802368+00:00,detector,queue_wait_ms,2.31103515625,normal,f398aa60-da48-45c3-9eb4-8bb4a858c345,,,5.38
2026-08-10 16:43:41.802368+00:00,detector,stage_latency_ms,19.28849999967497,normal,f398aa60-da48-45c3-9eb4-8bb4a858c345,,,5.38
2026-08-10 16:43:41.802368+00:00,detector,end_to_end_latency_ms,21.655029296875,normal,f398aa60-da48-45c3-9eb4-8bb4a858c345,,,5.38
2026-08-10 16:43:41.821796+00:00,generator,events_sent,134.0,normal,f398aa60-da48-45c3-9eb4-8bb4a858c345,,,5.4
2026-08-10 16:43:41.821796+00:00,generator,throughput_eps,25.002884332732524,normal,f398aa60-da48-45c3-9eb4-8bb4a858c345,,,5.4
2026-08-10 16:43:41.825795+00:00,orchestrator,throughput_eps,25.35711828345357,normal,f398aa60-da48-45c3-9eb4-8bb4a858c345,,,5.41
2026-08-10 16:43:41.825795+00:00,orchestrator,events_processed,133.0,normal,f398aa60-da48-45c3-9eb4-8bb4a858c345,,,5.41
2026-08-10 16:43:41.826794+00:00,orchestrator,end_to_end_latency_ms,46.0810546875,normal,f398aa60-da48-45c3-9eb4-8bb4a858c345,,,5.41
2026-08-10 16:43:41.826794+00:00,orchestrator,queue_wait_ms,2.37548828125,normal,f398aa60-da48-45c3-9eb4-8bb4a858c345,,,5.41
2026-08-10 16:43:41.826794+00:00,orchestrator,stage_latency_ms,24.56510000047274,normal,f398aa60-da48-45c3-9eb4-8bb4a858c345,,,5.41
2026-08-10 16:43:41.827794+00:00,orchestrator,xai_latency_ms,0.0018999999156221747,normal,f398aa60-da48-45c3-9eb4-8bb4a858c345,,deterministic,5.41
2026-08-10 16:43:41.841696+00:00,detector,events_processed,134.0,normal,f398aa60-da48-45c3-9eb4-8bb4a858c345,,,5.42
2026-08-10 16:43:41.841696+00:00,detector,alerts_emitted,134.0,normal,f398aa60-da48-45c3-9eb4-8bb4a858c345,,,5.42
2026-08-10 16:43:41.841696+00:00,orchestrator,events_received,134.0,normal,f398aa60-da48-45c3-9eb4-8bb4a858c345,,,5.42
2026-08-10 16:43:41.841696+00:00,detector,throughput_eps,24.997112228767246,normal,f398aa60-da48-45c3-9eb4-8bb4a858c345,,,5.42
2026-08-10 16:43:41.842696+00:00,detector,queue_wait_ms,2.011962890625,normal,f398aa60-da48-45c3-9eb4-8bb4a858c345,,,5.42
2026-08-10 16:43:41.842696+00:00,detector,stage_latency_ms,19.499599999107886,normal,f398aa60-da48-45c3-9eb4-8bb4a858c345,,,5.42
2026-08-10 16:43:41.842696+00:00,detector,end_to_end_latency_ms,21.911376953125,normal,f398aa60-da48-45c3-9eb4-8bb4a858c345,,,5.42
2026-08-10 16:43:41.862423+00:00,generator,events_sent,135.0,normal,f398aa60-da48-45c3-9eb4-8bb4a858c345,,,5.44
2026-08-10 16:43:41.862423+00:00,generator,throughput_eps,25.001775831781607,normal,f398aa60-da48-45c3-9eb4-8bb4a858c345,,,5.44
2026-08-10 16:43:41.867423+00:00,orchestrator,queue_wait_ms,2.901611328125,normal,f398aa60-da48-45c3-9eb4-8bb4a858c345,,,5.45
2026-08-10 16:43:41.867423+00:00,orchestrator,stage_latency_ms,25.205300000379793,normal,f398aa60-da48-45c3-9eb4-8bb4a858c345,,,5.45
2026-08-10 16:43:41.867423+00:00,orchestrator,events_processed,134.0,normal,f398aa60-da48-45c3-9eb4-8bb4a858c345,,,5.45
2026-08-10 16:43:41.867423+00:00,orchestrator,throughput_eps,25.297337577694446,normal,f398aa60-da48-45c3-9eb4-8bb4a858c345,,,5.45
2026-08-10 16:43:41.868423+00:00,orchestrator,end_to_end_latency_ms,47.638916015625,normal,f398aa60-da48-45c3-9eb4-8bb4a858c345,,,5.45
2026-08-10 16:43:41.868423+00:00,orchestrator,xai_latency_ms,0.002200000380980782,normal,f398aa60-da48-45c3-9eb4-8bb4a858c345,,deterministic,5.45
2026-08-10 16:43:41.881425+00:00,detector,events_processed,135.0,normal,f398aa60-da48-45c3-9eb4-8bb4a858c345,,,5.46
2026-08-10 16:43:41.881425+00:00,orchestrator,events_received,135.0,normal,f398aa60-da48-45c3-9eb4-8bb4a858c345,,,5.46
2026-08-10 16:43:41.881425+00:00,detector,alerts_emitted,135.0,normal,f398aa60-da48-45c3-9eb4-8bb4a858c345,,,5.46
2026-08-10 16:43:41.882423+00:00,detector,throughput_eps,24.99782629788673,normal,f398aa60-da48-45c3-9eb4-8bb4a858c345,,,5.46
2026-08-10 16:43:41.882423+00:00,detector,queue_wait_ms,2.001953125,normal,f398aa60-da48-45c3-9eb4-8bb4a858c345,,,5.46
2026-08-10 16:43:41.882423+00:00,detector,stage_latency_ms,18.994200001543504,normal,f398aa60-da48-45c3-9eb4-8bb4a858c345,,,5.46
2026-08-10 16:43:41.883424+00:00,detector,end_to_end_latency_ms,21.004150390625,normal,f398aa60-da48-45c3-9eb4-8bb4a858c345,,,5.46
2026-08-10 16:43:41.902109+00:00,generator,events_sent,136.0,normal,f398aa60-da48-45c3-9eb4-8bb4a858c345,,,5.48
2026-08-10 16:43:41.902109+00:00,generator,throughput_eps,25.00274780198588,normal,f398aa60-da48-45c3-9eb4-8bb4a858c345,,,5.48
2026-08-10 16:43:41.907110+00:00,orchestrator,throughput_eps,25.227932366710146,normal,f398aa60-da48-45c3-9eb4-8bb4a858c345,,,5.49
2026-08-10 16:43:41.907110+00:00,orchestrator,events_processed,135.0,normal,f398aa60-da48-45c3-9eb4-8bb4a858c345,,,5.49
2026-08-10 16:43:41.908109+00:00,orchestrator,end_to_end_latency_ms,46.688232421875,normal,f398aa60-da48-45c3-9eb4-8bb4a858c345,,,5.49
2026-08-10 16:43:41.908109+00:00,orchestrator,queue_wait_ms,2.00341796875,normal,f398aa60-da48-45c3-9eb4-8bb4a858c345,,,5.49
2026-08-10 16:43:41.908109+00:00,orchestrator,stage_latency_ms,25.373799999215407,normal,f398aa60-da48-45c3-9eb4-8bb4a858c345,,,5.49
2026-08-10 16:43:41.909109+00:00,orchestrator,xai_latency_ms,0.0018000009731622413,normal,f398aa60-da48-45c3-9eb4-8bb4a858c345,,deterministic,5.49
2026-08-10 16:43:41.921109+00:00,detector,events_processed,136.0,normal,f398aa60-da48-45c3-9eb4-8bb4a858c345,,,5.5
2026-08-10 16:43:41.921109+00:00,detector,alerts_emitted,136.0,normal,f398aa60-da48-45c3-9eb4-8bb4a858c345,,,5.5
2026-08-10 16:43:41.921109+00:00,orchestrator,events_received,136.0,normal,f398aa60-da48-45c3-9eb4-8bb4a858c345,,,5.5
2026-08-10 16:43:41.922109+00:00,detector,throughput_eps,25.000344504742028,normal,f398aa60-da48-45c3-9eb4-8bb4a858c345,,,5.5
2026-08-10 16:43:41.922109+00:00,detector,queue_wait_ms,1.98974609375,normal,f398aa60-da48-45c3-9eb4-8bb4a858c345,,,5.5
2026-08-10 16:43:41.922109+00:00,detector,stage_latency_ms,18.71190000019851,normal,f398aa60-da48-45c3-9eb4-8bb4a858c345,,,5.5
2026-08-10 16:43:41.922109+00:00,detector,end_to_end_latency_ms,20.990234375,normal,f398aa60-da48-45c3-9eb4-8bb4a858c345,,,5.5
2026-08-10 16:43:41.941931+00:00,generator,events_sent,137.0,normal,f398aa60-da48-45c3-9eb4-8bb4a858c345,,,5.52
2026-08-10 16:43:41.941931+00:00,generator,throughput_eps,24.996983226980944,normal,f398aa60-da48-45c3-9eb4-8bb4a858c345,,,5.52
2026-08-10 16:43:41.960931+00:00,detector,throughput_eps,24.99806567386846,normal,f398aa60-da48-45c3-9eb4-8bb4a858c345,,,5.54
2026-08-10 16:43:41.960931+00:00,detector,alerts_emitted,137.0,normal,f398aa60-da48-45c3-9eb4-8bb4a858c345,,,5.54
2026-08-10 16:43:41.960931+00:00,detector,events_processed,137.0,normal,f398aa60-da48-45c3-9eb4-8bb4a858c345,,,5.54
2026-08-10 16:43:41.961929+00:00,detector,queue_wait_ms,2.1455078125,normal,f398aa60-da48-45c3-9eb4-8bb4a858c345,,,5.54
2026-08-10 16:43:41.962627+00:00,detector,stage_latency_ms,18.77749999948719,normal,f398aa60-da48-45c3-9eb4-8bb4a858c345,,,5.54
2026-08-10 16:43:41.962627+00:00,detector,end_to_end_latency_ms,21.146484375,normal,f398aa60-da48-45c3-9eb4-8bb4a858c345,,,5.54
2026-08-10 16:43:41.982211+00:00,generator,events_sent,138.0,normal,f398aa60-da48-45c3-9eb4-8bb4a858c345,,,5.56
2026-08-10 16:43:41.982211+00:00,generator,throughput_eps,24.996963070574687,normal,f398aa60-da48-45c3-9eb4-8bb4a858c345,,,5.56
2026-08-10 16:43:41.987212+00:00,orchestrator,events_processed,136.0,normal,f398aa60-da48-45c3-9eb4-8bb4a858c345,,,5.57
2026-08-10 16:43:41.987212+00:00,orchestrator,throughput_eps,24.86116542807974,normal,f398aa60-da48-45c3-9eb4-8bb4a858c345,,,5.57
2026-08-10 16:43:41.988212+00:00,orchestrator,queue_wait_ms,3.0,normal,f398aa60-da48-45c3-9eb4-8bb4a858c345,,,5.57
2026-08-10 16:43:41.988212+00:00,orchestrator,stage_latency_ms,65.75859999975364,normal,f398aa60-da48-45c3-9eb4-8bb4a858c345,,,5.57
2026-08-10 16:43:41.988212+00:00,orchestrator,end_to_end_latency_ms,87.093017578125,normal,f398aa60-da48-45c3-9eb4-8bb4a858c345,,,5.57
2026-08-10 16:43:41.989211+00:00,orchestrator,xai_latency_ms,0.0020000006770715117,normal,f398aa60-da48-45c3-9eb4-8bb4a858c345,,deterministic,5.57
2026-08-10 16:43:41.991212+00:00,orchestrator,events_received,137.0,normal,f398aa60-da48-45c3-9eb4-8bb4a858c345,,,5.57
2026-08-10 16:43:42.001705+00:00,detector,throughput_eps,24.999518154451113,normal,f398aa60-da48-45c3-9eb4-8bb4a858c345,,,5.58
2026-08-10 16:43:42.001705+00:00,detector,alerts_emitted,138.0,normal,f398aa60-da48-45c3-9eb4-8bb4a858c345,,,5.58
2026-08-10 16:43:42.001705+00:00,detector,events_processed,138.0,normal,f398aa60-da48-45c3-9eb4-8bb4a858c345,,,5.58
2026-08-10 16:43:42.002676+00:00,detector,queue_wait_ms,2.0,normal,f398aa60-da48-45c3-9eb4-8bb4a858c345,,,5.58
2026-08-10 16:43:42.002676+00:00,detector,stage_latency_ms,18.999399999302113,normal,f398aa60-da48-45c3-9eb4-8bb4a858c345,,,5.58
2026-08-10 16:43:42.002676+00:00,detector,end_to_end_latency_ms,21.493896484375,normal,f398aa60-da48-45c3-9eb4-8bb4a858c345,,,5.58
2026-08-10 16:43:42.015553+00:00,orchestrator,events_processed,137.0,normal,f398aa60-da48-45c3-9eb4-8bb4a858c345,,,5.59
2026-08-10 16:43:42.016551+00:00,orchestrator,throughput_eps,24.861437086100068,normal,f398aa60-da48-45c3-9eb4-8bb4a858c345,,,5.6
2026-08-10 16:43:42.016551+00:00,orchestrator,queue_wait_ms,33.252197265625,normal,f398aa60-da48-45c3-9eb4-8bb4a858c345,,,5.6
2026-08-10 16:43:42.016551+00:00,orchestrator,stage_latency_ms,24.40269999897282,normal,f398aa60-da48-45c3-9eb4-8bb4a858c345,,,5.6
2026-08-10 16:43:42.017552+00:00,orchestrator,end_to_end_latency_ms,75.767578125,normal,f398aa60-da48-45c3-9eb4-8bb4a858c345,,,5.6
2026-08-10 16:43:42.017552+00:00,orchestrator,xai_latency_ms,0.0020000006770715117,normal,f398aa60-da48-45c3-9eb4-8bb4a858c345,,deterministic,5.6
2026-08-10 16:43:42.019551+00:00,orchestrator,events_received,138.0,normal,f398aa60-da48-45c3-9eb4-8bb4a858c345,,,5.6
2026-08-10 16:43:42.021554+00:00,generator,events_sent,139.0,normal,f398aa60-da48-45c3-9eb4-8bb4a858c345,,,5.6
2026-08-10 16:43:42.022553+00:00,generator,throughput_eps,24.99870672012598,normal,f398aa60-da48-45c3-9eb4-8bb4a858c345,,,5.6
2026-08-10 16:43:42.040875+00:00,detector,events_processed,139.0,normal,f398aa60-da48-45c3-9eb4-8bb4a858c345,,,5.62
2026-08-10 16:43:42.041876+00:00,detector,alerts_emitted,139.0,normal,f398aa60-da48-45c3-9eb4-8bb4a858c345,,,5.62
2026-08-10 16:43:42.041876+00:00,detector,throughput_eps,25.000943035575855,normal,f398aa60-da48-45c3-9eb4-8bb4a858c345,,,5.62
2026-08-10 16:43:42.041876+00:00,detector,queue_wait_ms,2.0009765625,normal,f398aa60-da48-45c3-9eb4-8bb4a858c345,,,5.62
2026-08-10 16:43:42.041876+00:00,detector,stage_latency_ms,18.73429999977816,normal,f398aa60-da48-45c3-9eb4-8bb4a858c345,,,5.62
2026-08-10 16:43:42.042876+00:00,detector,end_to_end_latency_ms,20.323486328125,normal,f398aa60-da48-45c3-9eb4-8bb4a858c345,,,5.62
2026-08-10 16:43:42.043878+00:00,orchestrator,events_processed,138.0,normal,f398aa60-da48-45c3-9eb4-8bb4a858c345,,,5.62
2026-08-10 16:43:42.043878+00:00,orchestrator,throughput_eps,24.91288876940072,normal,f398aa60-da48-45c3-9eb4-8bb4a858c345,,,5.62
2026-08-10 16:43:42.044876+00:00,orchestrator,queue_wait_ms,20.340087890625,normal,f398aa60-da48-45c3-9eb4-8bb4a858c345,,,5.62
2026-08-10 16:43:42.044876+00:00,orchestrator,stage_latency_ms,23.96509999925911,normal,f398aa60-da48-45c3-9eb4-8bb4a858c345,,,5.62
2026-08-10 16:43:42.044876+00:00,orchestrator,end_to_end_latency_ms,63.66650390625,normal,f398aa60-da48-45c3-9eb4-8bb4a858c345,,,5.62
2026-08-10 16:43:42.045876+00:00,orchestrator,xai_latency_ms,0.0017000002117129043,normal,f398aa60-da48-45c3-9eb4-8bb4a858c345,,deterministic,5.63
2026-08-10 16:43:42.047876+00:00,orchestrator,events_received,139.0,normal,f398aa60-da48-45c3-9eb4-8bb4a858c345,,,5.63
2026-08-10 16:43:42.061838+00:00,generator,throughput_eps,25.001249562454127,normal,f398aa60-da48-45c3-9eb4-8bb4a858c345,,,5.64
2026-08-10 16:43:42.061838+00:00,generator,events_sent,140.0,normal,f398aa60-da48-45c3-9eb4-8bb4a858c345,,,5.64
2026-08-10 16:43:42.072840+00:00,orchestrator,events_processed,139.0,normal,f398aa60-da48-45c3-9eb4-8bb4a858c345,,,5.65
2026-08-10 16:43:42.072840+00:00,orchestrator,throughput_eps,24.97023507703797,normal,f398aa60-da48-45c3-9eb4-8bb4a858c345,,,5.65
2026-08-10 16:43:42.073840+00:00,orchestrator,queue_wait_ms,9.00048828125,normal,f398aa60-da48-45c3-9eb4-8bb4a858c345,,,5.65
2026-08-10 16:43:42.073840+00:00,orchestrator,stage_latency_ms,25.015699999130447,normal,f398aa60-da48-45c3-9eb4-8bb4a858c345,,,5.65
2026-08-10 16:43:42.073840+00:00,orchestrator,end_to_end_latency_ms,52.2880859375,normal,f398aa60-da48-45c3-9eb4-8bb4a858c345,,,5.65
2026-08-10 16:43:42.074837+00:00,orchestrator,xai_latency_ms,0.0017999991541728377,normal,f398aa60-da48-45c3-9eb4-8bb4a858c345,,deterministic,5.65
2026-08-10 16:43:42.080837+00:00,detector,events_processed,140.0,normal,f398aa60-da48-45c3-9eb4-8bb4a858c345,,,5.66
2026-08-10 16:43:42.081839+00:00,detector,queue_wait_ms,1.997314453125,normal,f398aa60-da48-45c3-9eb4-8bb4a858c345,,,5.66
2026-08-10 16:43:42.081839+00:00,detector,throughput_eps,25.00137557568053,normal,f398aa60-da48-45c3-9eb4-8bb4a858c345,,,5.66
2026-08-10 16:43:42.081839+00:00,detector,stage_latency_ms,19.17899999898509,normal,f398aa60-da48-45c3-9eb4-8bb4a858c345,,,5.66
2026-08-10 16:43:42.081839+00:00,detector,alerts_emitted,140.0,normal,f398aa60-da48-45c3-9eb4-8bb4a858c345,,,5.66
2026-08-10 16:43:42.081839+00:00,orchestrator,events_received,140.0,normal,f398aa60-da48-45c3-9eb4-8bb4a858c345,,,5.66
2026-08-10 16:43:42.082837+00:00,detector,end_to_end_latency_ms,20.996826171875,normal,f398aa60-da48-45c3-9eb4-8bb4a858c345,,,5.66
2026-08-10 16:43:42.101983+00:00,generator,events_sent,141.0,normal,f398aa60-da48-45c3-9eb4-8bb4a858c345,,,5.68
2026-08-10 16:43:42.101983+00:00,generator,throughput_eps,25.003516994701318,normal,f398aa60-da48-45c3-9eb4-8bb4a858c345,,,5.68
2026-08-10 16:43:42.106983+00:00,orchestrator,events_processed,140.0,normal,f398aa60-da48-45c3-9eb4-8bb4a858c345,,,5.69
2026-08-10 16:43:42.106983+00:00,orchestrator,throughput_eps,25.001232560764123,normal,f398aa60-da48-45c3-9eb4-8bb4a858c345,,,5.69
2026-08-10 16:43:42.106983+00:00,orchestrator,queue_wait_ms,3.00244140625,normal,f398aa60-da48-45c3-9eb4-8bb4a858c345,,,5.69
2026-08-10 16:43:42.107984+00:00,orchestrator,stage_latency_ms,25.224900000466732,normal,f398aa60-da48-45c3-9eb4-8bb4a858c345,,,5.69
2026-08-10 16:43:42.107984+00:00,orchestrator,end_to_end_latency_ms,47.14306640625,normal,f398aa60-da48-45c3-9eb4-8bb4a858c345,,,5.69
2026-08-10 16:43:42.107984+00:00,orchestrator,xai_latency_ms,0.00270000055024866,normal,f398aa60-da48-45c3-9eb4-8bb4a858c345,,deterministic,5.69
2026-08-10 16:43:42.120984+00:00,detector,events_processed,141.0,normal,f398aa60-da48-45c3-9eb4-8bb4a858c345,,,5.7
2026-08-10 16:43:42.121986+00:00,orchestrator,events_received,141.0,normal,f398aa60-da48-45c3-9eb4-8bb4a858c345,,,5.7
2026-08-10 16:43:42.122984+00:00,detector,throughput_eps,25.001262563759408,normal,f398aa60-da48-45c3-9eb4-8bb4a858c345,,,5.7
2026-08-10 16:43:42.122984+00:00,detector,alerts_emitted,141.0,normal,f398aa60-da48-45c3-9eb4-8bb4a858c345,,,5.7
2026-08-10 16:43:42.122984+00:00,detector,queue_wait_ms,2.0,normal,f398aa60-da48-45c3-9eb4-8bb4a858c345,,,5.7
2026-08-10 16:43:42.123983+00:00,detector,end_to_end_latency_ms,21.0009765625,normal,f398aa60-da48-45c3-9eb4-8bb4a858c345,,,5.7
2026-08-10 16:43:42.123983+00:00,detector,stage_latency_ms,19.33909999934258,normal,f398aa60-da48-45c3-9eb4-8bb4a858c345,,,5.7
2026-08-10 16:43:42.142003+00:00,generator,throughput_eps,25.00016850113635,normal,f398aa60-da48-45c3-9eb4-8bb4a858c345,,,5.72
2026-08-10 16:43:42.142003+00:00,generator,events_sent,142.0,normal,f398aa60-da48-45c3-9eb4-8bb4a858c345,,,5.72
2026-08-10 16:43:42.147013+00:00,orchestrator,events_processed,141.0,normal,f398aa60-da48-45c3-9eb4-8bb4a858c345,,,5.73
2026-08-10 16:43:42.148012+00:00,orchestrator,throughput_eps,24.998131692059083,normal,f398aa60-da48-45c3-9eb4-8bb4a858c345,,,5.73
2026-08-10 16:43:42.148012+00:00,orchestrator,queue_wait_ms,3.002197265625,normal,f398aa60-da48-45c3-9eb4-8bb4a858c345,,,5.73
2026-08-10 16:43:42.148012+00:00,orchestrator,stage_latency_ms,25.586699999621487,normal,f398aa60-da48-45c3-9eb4-8bb4a858c345,,,5.73
2026-08-10 16:43:42.148012+00:00,orchestrator,end_to_end_latency_ms,47.030517578125,normal,f398aa60-da48-45c3-9eb4-8bb4a858c345,,,5.73
2026-08-10 16:43:42.149012+00:00,orchestrator,xai_latency_ms,0.0017999991541728377,normal,f398aa60-da48-45c3-9eb4-8bb4a858c345,,deterministic,5.73
2026-08-10 16:43:42.161988+00:00,detector,events_processed,142.0,normal,f398aa60-da48-45c3-9eb4-8bb4a858c345,,,5.74
2026-08-10 16:43:42.161988+00:00,orchestrator,events_received,142.0,normal,f398aa60-da48-45c3-9eb4-8bb4a858c345,,,5.74
2026-08-10 16:43:42.161988+00:00,detector,alerts_emitted,142.0,normal,f398aa60-da48-45c3-9eb4-8bb4a858c345,,,5.74
2026-08-10 16:43:42.162987+00:00,detector,throughput_eps,25.000200001594962,normal,f398aa60-da48-45c3-9eb4-8bb4a858c345,,,5.74
2026-08-10 16:43:42.162987+00:00,detector,queue_wait_ms,2.04833984375,normal,f398aa60-da48-45c3-9eb4-8bb4a858c345,,,5.74
2026-08-10 16:43:42.162987+00:00,detector,stage_latency_ms,19.773899999563582,normal,f398aa60-da48-45c3-9eb4-8bb4a858c345,,,5.74
2026-08-10 16:43:42.162987+00:00,detector,end_to_end_latency_ms,22.033935546875,normal,f398aa60-da48-45c3-9eb4-8bb4a858c345,,,5.74
2026-08-10 16:43:42.181736+00:00,generator,throughput_eps,25.003316439894675,normal,f398aa60-da48-45c3-9eb4-8bb4a858c345,,,5.76
2026-08-10 16:43:42.181736+00:00,generator,events_sent,143.0,normal,f398aa60-da48-45c3-9eb4-8bb4a858c345,,,5.76
2026-08-10 16:43:42.186743+00:00,orchestrator,events_processed,142.0,normal,f398aa60-da48-45c3-9eb4-8bb4a858c345,,,5.77
2026-08-10 16:43:42.187742+00:00,orchestrator,throughput_eps,24.9995811562165,normal,f398aa60-da48-45c3-9eb4-8bb4a858c345,,,5.77
2026-08-10 16:43:42.187742+00:00,orchestrator,queue_wait_ms,1.9765625,normal,f398aa60-da48-45c3-9eb4-8bb4a858c345,,,5.77
2026-08-10 16:43:42.187742+00:00,orchestrator,stage_latency_ms,24.71750000040629,normal,f398aa60-da48-45c3-9eb4-8bb4a858c345,,,5.77
2026-08-10 16:43:42.187742+00:00,orchestrator,end_to_end_latency_ms,46.788330078125,normal,f398aa60-da48-45c3-9eb4-8bb4a858c345,,,5.77
2026-08-10 16:43:42.188743+00:00,orchestrator,xai_latency_ms,0.0018000009731622413,normal,f398aa60-da48-45c3-9eb4-8bb4a858c345,,deterministic,5.77
2026-08-10 16:43:42.200916+00:00,detector,events_processed,143.0,normal,f398aa60-da48-45c3-9eb4-8bb4a858c345,,,5.78
2026-08-10 16:43:42.200916+00:00,detector,alerts_emitted,143.0,normal,f398aa60-da48-45c3-9eb4-8bb4a858c345,,,5.78
2026-08-10 16:43:42.200916+00:00,orchestrator,events_received,143.0,normal,f398aa60-da48-45c3-9eb4-8bb4a858c345,,,5.78
2026-08-10 16:43:42.200916+00:00,detector,throughput_eps,25.004555830077226,normal,f398aa60-da48-45c3-9eb4-8bb4a858c345,,,5.78
2026-08-10 16:43:42.201915+00:00,detector,end_to_end_latency_ms,21.160400390625,normal,f398aa60-da48-45c3-9eb4-8bb4a858c345,,,5.78
2026-08-10 16:43:42.201915+00:00,detector,queue_wait_ms,1.98046875,normal,f398aa60-da48-45c3-9eb4-8bb4a858c345,,,5.78
2026-08-10 16:43:42.201915+00:00,detector,stage_latency_ms,18.551700000898563,normal,f398aa60-da48-45c3-9eb4-8bb4a858c345,,,5.78
2026-08-10 16:43:42.221753+00:00,generator,throughput_eps,25.00090203254692,normal,f398aa60-da48-45c3-9eb4-8bb4a858c345,,,5.8
2026-08-10 16:43:42.221753+00:00,generator,events_sent,144.0,normal,f398aa60-da48-45c3-9eb4-8bb4a858c345,,,5.8
2026-08-10 16:43:42.225754+00:00,orchestrator,events_processed,143.0,normal,f398aa60-da48-45c3-9eb4-8bb4a858c345,,,5.81
2026-08-10 16:43:42.225754+00:00,orchestrator,throughput_eps,25.00596892478348,normal,f398aa60-da48-45c3-9eb4-8bb4a858c345,,,5.81
2026-08-10 16:43:42.226754+00:00,orchestrator,queue_wait_ms,2.17431640625,normal,f398aa60-da48-45c3-9eb4-8bb4a858c345,,,5.81
2026-08-10 16:43:42.226754+00:00,orchestrator,stage_latency_ms,24.662800000442076,normal,f398aa60-da48-45c3-9eb4-8bb4a858c345,,,5.81
2026-08-10 16:43:42.226754+00:00,orchestrator,end_to_end_latency_ms,45.99853515625,normal,f398aa60-da48-45c3-9eb4-8bb4a858c345,,,5.81
2026-08-10 16:43:42.226754+00:00,orchestrator,xai_latency_ms,0.0015999994502635673,normal,f398aa60-da48-45c3-9eb4-8bb4a858c345,,deterministic,5.81
2026-08-10 16:43:42.240861+00:00,detector,events_processed,144.0,normal,f398aa60-da48-45c3-9eb4-8bb4a858c345,,,5.82
2026-08-10 16:43:42.240861+00:00,orchestrator,events_received,144.0,normal,f398aa60-da48-45c3-9eb4-8bb4a858c345,,,5.82
2026-08-10 16:43:42.241898+00:00,detector,throughput_eps,25.000785024642674,normal,f398aa60-da48-45c3-9eb4-8bb4a858c345,,,5.82
2026-08-10 16:43:42.241898+00:00,detector,queue_wait_ms,1.983642578125,normal,f398aa60-da48-45c3-9eb4-8bb4a858c345,,,5.82
2026-08-10 16:43:42.241898+00:00,detector,stage_latency_ms,18.914000000222586,normal,f398aa60-da48-45c3-9eb4-8bb4a858c345,,,5.82
2026-08-10 16:43:42.242862+00:00,detector,end_to_end_latency_ms,21.091796875,normal,f398aa60-da48-45c3-9eb4-8bb4a858c345,,,5.82
2026-08-10 16:43:42.262154+00:00,generator,throughput_eps,25.0029073380635,normal,f398aa60-da48-45c3-9eb4-8bb4a858c345,,,5.84
2026-08-10 16:43:42.262154+00:00,generator,events_sent,145.0,normal,f398aa60-da48-45c3-9eb4-8bb4a858c345,,,5.84
2026-08-10 16:43:42.282154+00:00,detector,events_processed,145.0,normal,f398aa60-da48-45c3-9eb4-8bb4a858c345,,,5.86
2026-08-10 16:43:42.282154+00:00,detector,alerts_emitted,145.0,normal,f398aa60-da48-45c3-9eb4-8bb4a858c345,,,5.86
2026-08-10 16:43:42.282154+00:00,detector,throughput_eps,25.00875706637477,normal,f398aa60-da48-45c3-9eb4-8bb4a858c345,,,5.86
2026-08-10 16:43:42.283154+00:00,detector,queue_wait_ms,1.986328125,normal,f398aa60-da48-45c3-9eb4-8bb4a858c345,,,5.86
2026-08-10 16:43:42.283154+00:00,detector,stage_latency_ms,19.439100000454346,normal,f398aa60-da48-45c3-9eb4-8bb4a858c345,,,5.86
2026-08-10 16:43:42.283154+00:00,detector,end_to_end_latency_ms,21.986572265625,normal,f398aa60-da48-45c3-9eb4-8bb4a858c345,,,5.86
2026-08-10 16:43:42.300682+00:00,generator,events_sent,146.0,normal,f398aa60-da48-45c3-9eb4-8bb4a858c345,,,5.88
2026-08-10 16:43:42.301683+00:00,generator,throughput_eps,25.004436287090602,normal,f398aa60-da48-45c3-9eb4-8bb4a858c345,,,5.88
2026-08-10 16:43:42.306682+00:00,orchestrator,events_processed,144.0,normal,f398aa60-da48-45c3-9eb4-8bb4a858c345,,,5.89
2026-08-10 16:43:42.306682+00:00,orchestrator,throughput_eps,24.80778716439183,normal,f398aa60-da48-45c3-9eb4-8bb4a858c345,,,5.89
2026-08-10 16:43:42.307682+00:00,orchestrator,stage_latency_ms,65.86029999925813,normal,f398aa60-da48-45c3-9eb4-8bb4a858c345,,,5.89
2026-08-10 16:43:42.307682+00:00,orchestrator,queue_wait_ms,2.107421875,normal,f398aa60-da48-45c3-9eb4-8bb4a858c345,,,5.89
2026-08-10 16:43:42.307682+00:00,orchestrator,end_to_end_latency_ms,86.912109375,normal,f398aa60-da48-45c3-9eb4-8bb4a858c345,,,5.89
2026-08-10 16:43:42.308683+00:00,orchestrator,xai_latency_ms,0.0022999993234407157,normal,f398aa60-da48-45c3-9eb4-8bb4a858c345,,deterministic,5.89
2026-08-10 16:43:42.311682+00:00,orchestrator,events_received,145.0,normal,f398aa60-da48-45c3-9eb4-8bb4a858c345,,,5.89
2026-08-10 16:43:42.320682+00:00,detector,events_processed,146.0,normal,f398aa60-da48-45c3-9eb4-8bb4a858c345,,,5.9
2026-08-10 16:43:42.320682+00:00,detector,alerts_emitted,146.0,normal,f398aa60-da48-45c3-9eb4-8bb4a858c345,,,5.9
2026-08-10 16:43:42.321682+00:00,detector,throughput_eps,25.006141508350318,normal,f398aa60-da48-45c3-9eb4-8bb4a858c345,,,5.9
2026-08-10 16:43:42.321682+00:00,detector,queue_wait_ms,2.000732421875,normal,f398aa60-da48-45c3-9eb4-8bb4a858c345,,,5.9
2026-08-10 16:43:42.321682+00:00,detector,stage_latency_ms,19.211799999538925,normal,f398aa60-da48-45c3-9eb4-8bb4a858c345,,,5.9
2026-08-10 16:43:42.322682+00:00,detector,end_to_end_latency_ms,21.0,normal,f398aa60-da48-45c3-9eb4-8bb4a858c345,,,5.9
2026-08-10 16:43:42.336862+00:00,orchestrator,events_processed,145.0,normal,f398aa60-da48-45c3-9eb4-8bb4a858c345,,,5.92
2026-08-10 16:43:42.336862+00:00,orchestrator,throughput_eps,24.8540067625281,normal,f398aa60-da48-45c3-9eb4-8bb4a858c345,,,5.92
2026-08-10 16:43:42.336862+00:00,orchestrator,queue_wait_ms,32.529052734375,normal,f398aa60-da48-45c3-9eb4-8bb4a858c345,,,5.92
2026-08-10 16:43:42.337862+00:00,orchestrator,stage_latency_ms,25.505399999019573,normal,f398aa60-da48-45c3-9eb4-8bb4a858c345,,,5.92
2026-08-10 16:43:42.337862+00:00,orchestrator,end_to_end_latency_ms,76.694580078125,normal,f398aa60-da48-45c3-9eb4-8bb4a858c345,,,5.92
2026-08-10 16:43:42.337862+00:00,orchestrator,xai_latency_ms,0.03819999983534217,normal,f398aa60-da48-45c3-9eb4-8bb4a858c345,,deterministic,5.92
2026-08-10 16:43:42.340860+00:00,orchestrator,events_received,146.0,normal,f398aa60-da48-45c3-9eb4-8bb4a858c345,,,5.92
2026-08-10 16:43:42.340860+00:00,generator,events_sent,147.0,normal,f398aa60-da48-45c3-9eb4-8bb4a858c345,,,5.92
2026-08-10 16:43:42.341861+00:00,generator,throughput_eps,25.00506502596888,normal,f398aa60-da48-45c3-9eb4-8bb4a858c345,,,5.92
2026-08-10 16:43:42.361023+00:00,detector,events_processed,147.0,normal,f398aa60-da48-45c3-9eb4-8bb4a858c345,,,5.94
2026-08-10 16:43:42.361023+00:00,detector,alerts_emitted,147.0,normal,f398aa60-da48-45c3-9eb4-8bb4a858c345,,,5.94
2026-08-10 16:43:42.361023+00:00,detector,throughput_eps,25.00398013355517,normal,f398aa60-da48-45c3-9eb4-8bb4a858c345,,,5.94
2026-08-10 16:43:42.362029+00:00,detector,queue_wait_ms,2.0,normal,f398aa60-da48-45c3-9eb4-8bb4a858c345,,,5.94
2026-08-10 16:43:42.362029+00:00,detector,stage_latency_ms,19.398200000068755,normal,f398aa60-da48-45c3-9eb4-8bb4a858c345,,,5.94
2026-08-10 16:43:42.362029+00:00,detector,end_to_end_latency_ms,21.16259765625,normal,f398aa60-da48-45c3-9eb4-8bb4a858c345,,,5.94
2026-08-10 16:43:42.366029+00:00,orchestrator,events_processed,146.0,normal,f398aa60-da48-45c3-9eb4-8bb4a858c345,,,5.95
2026-08-10 16:43:42.367031+00:00,orchestrator,throughput_eps,24.901509509426162,normal,f398aa60-da48-45c3-9eb4-8bb4a858c345,,,5.95
2026-08-10 16:43:42.367031+00:00,orchestrator,queue_wait_ms,22.177978515625,normal,f398aa60-da48-45c3-9eb4-8bb4a858c345,,,5.95
2026-08-10 16:43:42.367031+00:00,orchestrator,stage_latency_ms,25.095999999393825,normal,f398aa60-da48-45c3-9eb4-8bb4a858c345,,,5.95
2026-08-10 16:43:42.367031+00:00,orchestrator,end_to_end_latency_ms,66.346923828125,normal,f398aa60-da48-45c3-9eb4-8bb4a858c345,,,5.95
2026-08-10 16:43:42.368030+00:00,orchestrator,xai_latency_ms,0.002099999619531445,normal,f398aa60-da48-45c3-9eb4-8bb4a858c345,,deterministic,5.95
2026-08-10 16:43:42.370029+00:00,orchestrator,events_received,147.0,normal,f398aa60-da48-45c3-9eb4-8bb4a858c345,,,5.95
2026-08-10 16:43:42.381698+00:00,generator,events_sent,148.0,normal,f398aa60-da48-45c3-9eb4-8bb4a858c345,,,5.96
2026-08-10 16:43:42.381698+00:00,generator,throughput_eps,25.0051670677237,normal,f398aa60-da48-45c3-9eb4-8bb4a858c345,,,5.96
2026-08-10 16:43:42.394698+00:00,orchestrator,events_processed,147.0,normal,f398aa60-da48-45c3-9eb4-8bb4a858c345,,,5.97
2026-08-10 16:43:42.395697+00:00,orchestrator,throughput_eps,24.960710030745606,normal,f398aa60-da48-45c3-9eb4-8bb4a858c345,,,5.98
2026-08-10 16:43:42.395697+00:00,orchestrator,queue_wait_ms,11.16943359375,normal,f398aa60-da48-45c3-9eb4-8bb4a858c345,,,5.98
2026-08-10 16:43:42.395697+00:00,orchestrator,stage_latency_ms,24.697699998796452,normal,f398aa60-da48-45c3-9eb4-8bb4a858c345,,,5.98
2026-08-10 16:43:42.396698+00:00,orchestrator,end_to_end_latency_ms,54.836669921875,normal,f398aa60-da48-45c3-9eb4-8bb4a858c345,,,5.98
2026-08-10 16:43:42.396698+00:00,orchestrator,xai_latency_ms,0.0017000002117129043,normal,f398aa60-da48-45c3-9eb4-8bb4a858c345,,deterministic,5.98
2026-08-10 16:43:42.400698+00:00,detector,events_processed,148.0,normal,f398aa60-da48-45c3-9eb4-8bb4a858c345,,,5.98
2026-08-10 16:43:42.401698+00:00,detector,alerts_emitted,148.0,normal,f398aa60-da48-45c3-9eb4-8bb4a858c345,,,5.98
2026-08-10 16:43:42.401698+00:00,orchestrator,events_received,148.0,normal,f398aa60-da48-45c3-9eb4-8bb4a858c345,,,5.98
2026-08-10 16:43:42.401698+00:00,detector,throughput_eps,25.00440727682862,normal,f398aa60-da48-45c3-9eb4-8bb4a858c345,,,5.98
2026-08-10 16:43:42.401698+00:00,detector,queue_wait_ms,1.986572265625,normal,f398aa60-da48-45c3-9eb4-8bb4a858c345,,,5.98
2026-08-10 16:43:42.402697+00:00,detector,end_to_end_latency_ms,20.987060546875,normal,f398aa60-da48-45c3-9eb4-8bb4a858c345,,,5.98
2026-08-10 16:43:42.402697+00:00,detector,stage_latency_ms,19.3461999988358,normal,f398aa60-da48-45c3-9eb4-8bb4a858c345,,,5.98
2026-08-10 16:43:42.422245+00:00,generator,events_sent,149.0,normal,f398aa60-da48-45c3-9eb4-8bb4a858c345,,,6.0
2026-08-10 16:43:42.422245+00:00,generator,throughput_eps,25.004237613337214,normal,f398aa60-da48-45c3-9eb4-8bb4a858c345,,,6.0
2026-08-10 16:43:42.426245+00:00,orchestrator,events_processed,148.0,normal,f398aa60-da48-45c3-9eb4-8bb4a858c345,,,6.01
2026-08-10 16:43:42.427245+00:00,orchestrator,throughput_eps,25.003954625466996,normal,f398aa60-da48-45c3-9eb4-8bb4a858c345,,,6.01
2026-08-10 16:43:42.427245+00:00,orchestrator,queue_wait_ms,2.999755859375,normal,f398aa60-da48-45c3-9eb4-8bb4a858c345,,,6.01
2026-08-10 16:43:42.427245+00:00,orchestrator,stage_latency_ms,25.02989999993588,normal,f398aa60-da48-45c3-9eb4-8bb4a858c345,,,6.01
2026-08-10 16:43:42.427245+00:00,orchestrator,end_to_end_latency_ms,46.5341796875,normal,f398aa60-da48-45c3-9eb4-8bb4a858c345,,,6.01
2026-08-10 16:43:42.428244+00:00,orchestrator,xai_latency_ms,0.002099999619531445,normal,f398aa60-da48-45c3-9eb4-8bb4a858c345,,deterministic,6.01
2026-08-10 16:43:42.441821+00:00,detector,events_processed,149.0,normal,f398aa60-da48-45c3-9eb4-8bb4a858c345,,,6.02
2026-08-10 16:43:42.441821+00:00,detector,alerts_emitted,149.0,normal,f398aa60-da48-45c3-9eb4-8bb4a858c345,,,6.02
2026-08-10 16:43:42.441821+00:00,orchestrator,events_received,149.0,normal,f398aa60-da48-45c3-9eb4-8bb4a858c345,,,6.02
2026-08-10 16:43:42.441821+00:00,detector,throughput_eps,25.002972631645616,normal,f398aa60-da48-45c3-9eb4-8bb4a858c345,,,6.02
2026-08-10 16:43:42.442821+00:00,detector,end_to_end_latency_ms,21.575439453125,normal,f398aa60-da48-45c3-9eb4-8bb4a858c345,,,6.02
2026-08-10 16:43:42.442821+00:00,detector,stage_latency_ms,19.242899999881047,normal,f398aa60-da48-45c3-9eb4-8bb4a858c345,,,6.02
2026-08-10 16:43:42.442821+00:00,detector,queue_wait_ms,1.99951171875,normal,f398aa60-da48-45c3-9eb4-8bb4a858c345,,,6.02
2026-08-10 16:43:42.462651+00:00,generator,events_sent,150.0,normal,f398aa60-da48-45c3-9eb4-8bb4a858c345,,,6.04
2026-08-10 16:43:42.462651+00:00,generator,throughput_eps,25.00058601374173,normal,f398aa60-da48-45c3-9eb4-8bb4a858c345,,,6.04
2026-08-10 16:43:42.466651+00:00,orchestrator,events_processed,149.0,normal,f398aa60-da48-45c3-9eb4-8bb4a858c345,,,6.05
2026-08-10 16:43:42.467652+00:00,orchestrator,throughput_eps,25.0010348210572,normal,f398aa60-da48-45c3-9eb4-8bb4a858c345,,,6.05
2026-08-10 16:43:42.467652+00:00,orchestrator,queue_wait_ms,2.576416015625,normal,f398aa60-da48-45c3-9eb4-8bb4a858c345,,,6.05
2026-08-10 16:43:42.467652+00:00,orchestrator,stage_latency_ms,24.92999999958556,normal,f398aa60-da48-45c3-9eb4-8bb4a858c345,,,6.05
2026-08-10 16:43:42.467652+00:00,orchestrator,end_to_end_latency_ms,46.405517578125,normal,f398aa60-da48-45c3-9eb4-8bb4a858c345,,,6.05
2026-08-10 16:43:42.468652+00:00,orchestrator,xai_latency_ms,0.0018999999156221747,normal,f398aa60-da48-45c3-9eb4-8bb4a858c345,,deterministic,6.05
2026-08-10 16:43:42.481552+00:00,detector,events_processed,150.0,normal,f398aa60-da48-45c3-9eb4-8bb4a858c345,,,6.06
2026-08-10 16:43:42.482588+00:00,orchestrator,events_received,150.0,normal,f398aa60-da48-45c3-9eb4-8bb4a858c345,,,6.06
2026-08-10 16:43:42.482588+00:00,detector,throughput_eps,25.002076672492894,normal,f398aa60-da48-45c3-9eb4-8bb4a858c345,,,6.06
2026-08-10 16:43:42.482588+00:00,detector,queue_wait_ms,1.989013671875,normal,f398aa60-da48-45c3-9eb4-8bb4a858c345,,,6.06
2026-08-10 16:43:42.482588+00:00,detector,stage_latency_ms,18.839399999706075,normal,f398aa60-da48-45c3-9eb4-8bb4a858c345,,,6.06
2026-08-10 16:43:42.483557+00:00,detector,end_to_end_latency_ms,20.8896484375,normal,f398aa60-da48-45c3-9eb4-8bb4a858c345,,,6.06
2026-08-10 16:43:42.502314+00:00,generator,events_sent,151.0,normal,f398aa60-da48-45c3-9eb4-8bb4a858c345,,,6.08
2026-08-10 16:43:42.502314+00:00,generator,throughput_eps,25.0013181138495,normal,f398aa60-da48-45c3-9eb4-8bb4a858c345,,,6.08
2026-08-10 16:43:42.507315+00:00,orchestrator,events_processed,150.0,normal,f398aa60-da48-45c3-9eb4-8bb4a858c345,,,6.09
2026-08-10 16:43:42.507315+00:00,orchestrator,throughput_eps,25.00060601469304,normal,f398aa60-da48-45c3-9eb4-8bb4a858c345,,,6.09
2026-08-10 16:43:42.507315+00:00,orchestrator,queue_wait_ms,2.936767578125,normal,f398aa60-da48-45c3-9eb4-8bb4a858c345,,,6.09
2026-08-10 16:43:42.508314+00:00,orchestrator,stage_latency_ms,24.90819999911764,normal,f398aa60-da48-45c3-9eb4-8bb4a858c345,,,6.09
2026-08-10 16:43:42.508314+00:00,orchestrator,end_to_end_latency_ms,46.65283203125,normal,f398aa60-da48-45c3-9eb4-8bb4a858c345,,,6.09
2026-08-10 16:43:42.508314+00:00,orchestrator,xai_latency_ms,0.0017999991541728377,normal,f398aa60-da48-45c3-9eb4-8bb4a858c345,,deterministic,6.09
2026-08-10 16:43:42.520866+00:00,detector,events_processed,151.0,normal,f398aa60-da48-45c3-9eb4-8bb4a858c345,,,6.1
2026-08-10 16:43:42.521871+00:00,detector,alerts_emitted,151.0,normal,f398aa60-da48-45c3-9eb4-8bb4a858c345,,,6.1
2026-08-10 16:43:42.521871+00:00,orchestrator,events_received,151.0,normal,f398aa60-da48-45c3-9eb4-8bb4a858c345,,,6.1
2026-08-10 16:43:42.521871+00:00,detector,throughput_eps,25.001103879378014,normal,f398aa60-da48-45c3-9eb4-8bb4a858c345,,,6.1
2026-08-10 16:43:42.521871+00:00,detector,queue_wait_ms,1.999755859375,normal,f398aa60-da48-45c3-9eb4-8bb4a858c345,,,6.1
2026-08-10 16:43:42.522872+00:00,detector,end_to_end_latency_ms,20.5517578125,normal,f398aa60-da48-45c3-9eb4-8bb4a858c345,,,6.1
2026-08-10 16:43:42.522872+00:00,detector,stage_latency_ms,19.013099999938277,normal,f398aa60-da48-45c3-9eb4-8bb4a858c345,,,6.1
2026-08-10 16:43:42.542043+00:00,generator,events_sent,152.0,normal,f398aa60-da48-45c3-9eb4-8bb4a858c345,,,6.12
2026-08-10 16:43:42.542043+00:00,generator,throughput_eps,25.002013162102802,normal,f398aa60-da48-45c3-9eb4-8bb4a858c345,,,6.12
2026-08-10 16:43:42.546042+00:00,orchestrator,events_processed,151.0,normal,f398aa60-da48-45c3-9eb4-8bb4a858c345,,,6.13
2026-08-10 16:43:42.546042+00:00,orchestrator,throughput_eps,25.206877379893555,normal,f398aa60-da48-45c3-9eb4-8bb4a858c345,,,6.13
2026-08-10 16:43:42.546042+00:00,orchestrator,queue_wait_ms,2.55615234375,normal,f398aa60-da48-45c3-9eb4-8bb4a858c345,,,6.13
2026-08-10 16:43:42.547042+00:00,orchestrator,stage_latency_ms,24.181400000088615,normal,f398aa60-da48-45c3-9eb4-8bb4a858c345,,,6.13
2026-08-10 16:43:42.547042+00:00,orchestrator,end_to_end_latency_ms,45.728271484375,normal,f398aa60-da48-45c3-9eb4-8bb4a858c345,,,6.13
2026-08-10 16:43:42.548042+00:00,orchestrator,xai_latency_ms,0.0017999991541728377,normal,f398aa60-da48-45c3-9eb4-8bb4a858c345,,deterministic,6.13
2026-08-10 16:43:42.561941+00:00,detector,events_processed,152.0,normal,f398aa60-da48-45c3-9eb4-8bb4a858c345,,,6.14
2026-08-10 16:43:42.561941+00:00,detector,alerts_emitted,152.0,normal,f398aa60-da48-45c3-9eb4-8bb4a858c345,,,6.14
2026-08-10 16:43:42.561941+00:00,orchestrator,events_received,152.0,normal,f398aa60-da48-45c3-9eb4-8bb4a858c345,,,6.14
2026-08-10 16:43:42.561941+00:00,detector,throughput_eps,25.00334570979518,normal,f398aa60-da48-45c3-9eb4-8bb4a858c345,,,6.14
2026-08-10 16:43:42.562940+00:00,detector,end_to_end_latency_ms,21.89892578125,normal,f398aa60-da48-45c3-9eb4-8bb4a858c345,,,6.14
2026-08-10 16:43:42.562940+00:00,detector,stage_latency_ms,19.45539999906032,normal,f398aa60-da48-45c3-9eb4-8bb4a858c345,,,6.14
2026-08-10 16:43:42.562940+00:00,detector,queue_wait_ms,2.000732421875,normal,f398aa60-da48-45c3-9eb4-8bb4a858c345,,,6.14
2026-08-10 16:43:42.582409+00:00,generator,events_sent,153.0,normal,f398aa60-da48-45c3-9eb4-8bb4a858c345,,,6.16
2026-08-10 16:43:42.582409+00:00,generator,throughput_eps,25.001305068120693,normal,f398aa60-da48-45c3-9eb4-8bb4a858c345,,,6.16
2026-08-10 16:43:42.587409+00:00,orchestrator,events_processed,152.0,normal,f398aa60-da48-45c3-9eb4-8bb4a858c345,,,6.17
2026-08-10 16:43:42.587409+00:00,orchestrator,throughput_eps,25.141525670648498,normal,f398aa60-da48-45c3-9eb4-8bb4a858c345,,,6.17
2026-08-10 16:43:42.587409+00:00,orchestrator,queue_wait_ms,2.897705078125,normal,f398aa60-da48-45c3-9eb4-8bb4a858c345,,,6.17
2026-08-10 16:43:42.588410+00:00,orchestrator,stage_latency_ms,25.030200000401237,normal,f398aa60-da48-45c3-9eb4-8bb4a858c345,,,6.17
2026-08-10 16:43:42.588410+00:00,orchestrator,end_to_end_latency_ms,47.3671875,normal,f398aa60-da48-45c3-9eb4-8bb4a858c345,,,6.17
2026-08-10 16:43:42.588410+00:00,orchestrator,xai_latency_ms,0.002099999619531445,normal,f398aa60-da48-45c3-9eb4-8bb4a858c345,,deterministic,6.17
2026-08-10 16:43:42.601410+00:00,detector,events_processed,153.0,normal,f398aa60-da48-45c3-9eb4-8bb4a858c345,,,6.18
2026-08-10 16:43:42.601410+00:00,detector,alerts_emitted,153.0,normal,f398aa60-da48-45c3-9eb4-8bb4a858c345,,,6.18
2026-08-10 16:43:42.601410+00:00,orchestrator,events_received,153.0,normal,f398aa60-da48-45c3-9eb4-8bb4a858c345,,,6.18
2026-08-10 16:43:42.602409+00:00,detector,end_to_end_latency_ms,21.000244140625,normal,f398aa60-da48-45c3-9eb4-8bb4a858c345,,,6.18
2026-08-10 16:43:42.602409+00:00,detector,stage_latency_ms,18.773699999655946,normal,f398aa60-da48-45c3-9eb4-8bb4a858c345,,,6.18
2026-08-10 16:43:42.602409+00:00,detector,queue_wait_ms,1.999755859375,normal,f398aa60-da48-45c3-9eb4-8bb4a858c345,,,6.18
2026-08-10 16:43:42.602409+00:00,detector,throughput_eps,25.00528061516136,normal,f398aa60-da48-45c3-9eb4-8bb4a858c345,,,6.18
2026-08-10 16:43:42.622072+00:00,generator,events_sent,154.0,normal,f398aa60-da48-45c3-9eb4-8bb4a858c345,,,6.2
2026-08-10 16:43:42.622072+00:00,generator,throughput_eps,24.999200126400503,normal,f398aa60-da48-45c3-9eb4-8bb4a858c345,,,6.2
2026-08-10 16:43:42.626071+00:00,orchestrator,events_processed,153.0,normal,f398aa60-da48-45c3-9eb4-8bb4a858c345,,,6.21
2026-08-10 16:43:42.627070+00:00,orchestrator,throughput_eps,25.084075801911766,normal,f398aa60-da48-45c3-9eb4-8bb4a858c345,,,6.21
2026-08-10 16:43:42.627070+00:00,orchestrator,queue_wait_ms,1.997314453125,normal,f398aa60-da48-45c3-9eb4-8bb4a858c345,,,6.21
2026-08-10 16:43:42.627070+00:00,orchestrator,stage_latency_ms,24.747200001002057,normal,f398aa60-da48-45c3-9eb4-8bb4a858c345,,,6.21
2026-08-10 16:43:42.628070+00:00,orchestrator,end_to_end_latency_ms,45.661376953125,normal,f398aa60-da48-45c3-9eb4-8bb4a858c345,,,6.21
2026-08-10 16:43:42.628070+00:00,orchestrator,xai_latency_ms,0.0017000002117129043,normal,f398aa60-da48-45c3-9eb4-8bb4a858c345,,deterministic,6.21
2026-08-10 16:43:42.641047+00:00,orchestrator,events_received,154.0,normal,f398aa60-da48-45c3-9eb4-8bb4a858c345,,,6.22
2026-08-10 16:43:42.641047+00:00,detector,throughput_eps,24.997034122059887,normal,f398aa60-da48-45c3-9eb4-8bb4a858c345,,,6.22
2026-08-10 16:43:42.641047+00:00,detector,events_processed,154.0,normal,f398aa60-da48-45c3-9eb4-8bb4a858c345,,,6.22
2026-08-10 16:43:42.641047+00:00,detector,alerts_emitted,154.0,normal,f398aa60-da48-45c3-9eb4-8bb4a858c345,,,6.22
2026-08-10 16:43:42.642046+00:00,detector,queue_wait_ms,1.99365234375,normal,f398aa60-da48-45c3-9eb4-8bb4a858c345,,,6.22
2026-08-10 16:43:42.642046+00:00,detector,stage_latency_ms,18.771699998978875,normal,f398aa60-da48-45c3-9eb4-8bb4a858c345,,,6.22
2026-08-10 16:43:42.642046+00:00,detector,end_to_end_latency_ms,20.96875,normal,f398aa60-da48-45c3-9eb4-8bb4a858c345,,,6.22
2026-08-10 16:43:42.662571+00:00,generator,events_sent,155.0,normal,f398aa60-da48-45c3-9eb4-8bb4a858c345,,,6.24
2026-08-10 16:43:42.662571+00:00,generator,throughput_eps,24.99647579929023,normal,f398aa60-da48-45c3-9eb4-8bb4a858c345,,,6.24
2026-08-10 16:43:42.665571+00:00,orchestrator,events_processed,154.0,normal,f398aa60-da48-45c3-9eb4-8bb4a858c345,,,6.24
2026-08-10 16:43:42.665571+00:00,orchestrator,throughput_eps,25.260697981374037,normal,f398aa60-da48-45c3-9eb4-8bb4a858c345,,,6.24
2026-08-10 16:43:42.666572+00:00,orchestrator,xai_latency_ms,0.0017000002117129043,normal,f398aa60-da48-45c3-9eb4-8bb4a858c345,,deterministic,6.25
2026-08-10 16:43:42.666572+00:00,orchestrator,queue_wait_ms,1.976806640625,normal,f398aa60-da48-45c3-9eb4-8bb4a858c345,,,6.25
2026-08-10 16:43:42.666572+00:00,orchestrator,stage_latency_ms,24.369599999772618,normal,f398aa60-da48-45c3-9eb4-8bb4a858c345,,,6.25
2026-08-10 16:43:42.666572+00:00,orchestrator,end_to_end_latency_ms,45.493408203125,normal,f398aa60-da48-45c3-9eb4-8bb4a858c345,,,6.25
2026-08-10 16:43:42.681572+00:00,detector,alerts_emitted,155.0,normal,f398aa60-da48-45c3-9eb4-8bb4a858c345,,,6.26
2026-08-10 16:43:42.681572+00:00,orchestrator,events_received,155.0,normal,f398aa60-da48-45c3-9eb4-8bb4a858c345,,,6.26
2026-08-10 16:43:42.681572+00:00,detector,events_processed,155.0,normal,f398aa60-da48-45c3-9eb4-8bb4a858c345,,,6.26
2026-08-10 16:43:42.682603+00:00,detector,throughput_eps,24.996784183876393,normal,f398aa60-da48-45c3-9eb4-8bb4a858c345,,,6.26
2026-08-10 16:43:42.682848+00:00,detector,queue_wait_ms,1.987548828125,normal,f398aa60-da48-45c3-9eb4-8bb4a858c345,,,6.26
2026-08-10 16:43:42.682848+00:00,detector,stage_latency_ms,18.763400001262198,normal,f398aa60-da48-45c3-9eb4-8bb4a858c345,,,6.26
2026-08-10 16:43:42.682848+00:00,detector,end_to_end_latency_ms,20.988525390625,normal,f398aa60-da48-45c3-9eb4-8bb4a858c345,,,6.26
2026-08-10 16:43:42.702489+00:00,generator,events_sent,156.0,normal,f398aa60-da48-45c3-9eb4-8bb4a858c345,,,6.28
2026-08-10 16:43:42.702489+00:00,generator,throughput_eps,24.99666677511798,normal,f398aa60-da48-45c3-9eb4-8bb4a858c345,,,6.28
2026-08-10 16:43:42.706489+00:00,orchestrator,events_processed,155.0,normal,f398aa60-da48-45c3-9eb4-8bb4a858c345,,,6.29
2026-08-10 16:43:42.707490+00:00,orchestrator,throughput_eps,25.25285776670205,normal,f398aa60-da48-45c3-9eb4-8bb4a858c345,,,6.29
2026-08-10 16:43:42.707490+00:00,orchestrator,queue_wait_ms,2.000732421875,normal,f398aa60-da48-45c3-9eb4-8bb4a858c345,,,6.29
2026-08-10 16:43:42.707490+00:00,orchestrator,stage_latency_ms,24.650600000313716,normal,f398aa60-da48-45c3-9eb4-8bb4a858c345,,,6.29
2026-08-10 16:43:42.707490+00:00,orchestrator,end_to_end_latency_ms,45.90625,normal,f398aa60-da48-45c3-9eb4-8bb4a858c345,,,6.29
2026-08-10 16:43:42.708490+00:00,orchestrator,xai_latency_ms,0.0018999999156221747,normal,f398aa60-da48-45c3-9eb4-8bb4a858c345,,deterministic,6.29
2026-08-10 16:43:42.721170+00:00,detector,alerts_emitted,156.0,normal,f398aa60-da48-45c3-9eb4-8bb4a858c345,,,6.3
2026-08-10 16:43:42.721170+00:00,detector,events_processed,156.0,normal,f398aa60-da48-45c3-9eb4-8bb4a858c345,,,6.3
2026-08-10 16:43:42.722174+00:00,detector,throughput_eps,24.997768848326306,normal,f398aa60-da48-45c3-9eb4-8bb4a858c345,,,6.3
2026-08-10 16:43:42.722174+00:00,detector,queue_wait_ms,1.992431640625,normal,f398aa60-da48-45c3-9eb4-8bb4a858c345,,,6.3
2026-08-10 16:43:42.722174+00:00,detector,stage_latency_ms,18.665499999769963,normal,f398aa60-da48-45c3-9eb4-8bb4a858c345,,,6.3
2026-08-10 16:43:42.722174+00:00,detector,end_to_end_latency_ms,20.672607421875,normal,f398aa60-da48-45c3-9eb4-8bb4a858c345,,,6.3
2026-08-10 16:43:42.741964+00:00,generator,events_sent,157.0,normal,f398aa60-da48-45c3-9eb4-8bb4a858c345,,,6.32
2026-08-10 16:43:42.741964+00:00,generator,throughput_eps,24.997181769351236,normal,f398aa60-da48-45c3-9eb4-8bb4a858c345,,,6.32
2026-08-10 16:43:42.746003+00:00,orchestrator,events_processed,156.0,normal,f398aa60-da48-45c3-9eb4-8bb4a858c345,,,6.33
2026-08-10 16:43:42.747006+00:00,orchestrator,throughput_eps,25.204529758084824,normal,f398aa60-da48-45c3-9eb4-8bb4a858c345,,,6.33
2026-08-10 16:43:42.747006+00:00,orchestrator,queue_wait_ms,1.68017578125,normal,f398aa60-da48-45c3-9eb4-8bb4a858c345,,,6.33
2026-08-10 16:43:42.747006+00:00,orchestrator,stage_latency_ms,24.764499999946565,normal,f398aa60-da48-45c3-9eb4-8bb4a858c345,,,6.33
2026-08-10 16:43:42.748004+00:00,orchestrator,end_to_end_latency_ms,45.50634765625,normal,f398aa60-da48-45c3-9eb4-8bb4a858c345,,,6.33
2026-08-10 16:43:42.748004+00:00,orchestrator,xai_latency_ms,0.002099999619531445,normal,f398aa60-da48-45c3-9eb4-8bb4a858c345,,deterministic,6.33
2026-08-10 16:43:42.762004+00:00,detector,alerts_emitted,157.0,normal,f398aa60-da48-45c3-9eb4-8bb4a858c345,,,6.34
2026-08-10 16:43:42.762004+00:00,detector,events_processed,157.0,normal,f398aa60-da48-45c3-9eb4-8bb4a858c345,,,6.34
2026-08-10 16:43:42.763005+00:00,detector,queue_wait_ms,1.928466796875,normal,f398aa60-da48-45c3-9eb4-8bb4a858c345,,,6.34
2026-08-10 16:43:42.763005+00:00,detector,throughput_eps,24.992067537911797,normal,f398aa60-da48-45c3-9eb4-8bb4a858c345,,,6.34
2026-08-10 16:43:42.763005+00:00,orchestrator,events_received,157.0,normal,f398aa60-da48-45c3-9eb4-8bb4a858c345,,,6.34
2026-08-10 16:43:42.764006+00:00,detector,stage_latency_ms,20.151000000623753,normal,f398aa60-da48-45c3-9eb4-8bb4a858c345,,,6.34
2026-08-10 16:43:42.764006+00:00,detector,end_to_end_latency_ms,21.968505859375,normal,f398aa60-da48-45c3-9eb4-8bb4a858c345,,,6.34
2026-08-10 16:43:42.782292+00:00,generator,events_sent,158.0,normal,f398aa60-da48-45c3-9eb4-8bb4a858c345,,,6.36
2026-08-10 16:43:42.783291+00:00,generator,throughput_eps,24.994912325902934,normal,f398aa60-da48-45c3-9eb4-8bb4a858c345,,,6.36
2026-08-10 16:43:42.787803+00:00,orchestrator,events_processed,157.0,normal,f398aa60-da48-45c3-9eb4-8bb4a858c345,,,6.37
2026-08-10 16:43:42.787803+00:00,orchestrator,throughput_eps,25.297887687088682,normal,f398aa60-da48-45c3-9eb4-8bb4a858c345,,,6.37
2026-08-10 16:43:42.788804+00:00,orchestrator,queue_wait_ms,2.0009765625,normal,f398aa60-da48-45c3-9eb4-8bb4a858c345,,,6.37
2026-08-10 16:43:42.788804+00:00,orchestrator,stage_latency_ms,25.369599999976344,normal,f398aa60-da48-45c3-9eb4-8bb4a858c345,,,6.37
2026-08-10 16:43:42.788804+00:00,orchestrator,end_to_end_latency_ms,47.767578125,normal,f398aa60-da48-45c3-9eb4-8bb4a858c345,,,6.37
2026-08-10 16:43:42.789804+00:00,orchestrator,xai_latency_ms,0.0018999999156221747,normal,f398aa60-da48-45c3-9eb4-8bb4a858c345,,deterministic,6.37
2026-08-10 16:43:42.801664+00:00,detector,throughput_eps,25.00042893881761,normal,f398aa60-da48-45c3-9eb4-8bb4a858c345,,,6.38
2026-08-10 16:43:42.801664+00:00,orchestrator,events_received,158.0,normal,f398aa60-da48-45c3-9eb4-8bb4a858c345,,,6.38
2026-08-10 16:43:42.801664+00:00,detector,events_processed,158.0,normal,f398aa60-da48-45c3-9eb4-8bb4a858c345,,,6.38
2026-08-10 16:43:42.801664+00:00,detector,alerts_emitted,158.0,normal,f398aa60-da48-45c3-9eb4-8bb4a858c345,,,6.38
2026-08-10 16:43:42.802665+00:00,detector,queue_wait_ms,2.99853515625,normal,f398aa60-da48-45c3-9eb4-8bb4a858c345,,,6.38
2026-08-10 16:43:42.802665+00:00,detector,stage_latency_ms,18.418900001051952,normal,f398aa60-da48-45c3-9eb4-8bb4a858c345,,,6.38
2026-08-10 16:43:42.802665+00:00,detector,end_to_end_latency_ms,21.372314453125,normal,f398aa60-da48-45c3-9eb4-8bb4a858c345,,,6.38
2026-08-10 16:43:42.822079+00:00,generator,events_sent,159.0,normal,f398aa60-da48-45c3-9eb4-8bb4a858c345,,,6.4
2026-08-10 16:43:42.822079+00:00,generator,throughput_eps,24.999239942465003,normal,f398aa60-da48-45c3-9eb4-8bb4a858c345,,,6.4
2026-08-10 16:43:42.826078+00:00,orchestrator,events_processed,158.0,normal,f398aa60-da48-45c3-9eb4-8bb4a858c345,,,6.41
2026-08-10 16:43:42.826078+00:00,orchestrator,throughput_eps,25.30435007885004,normal,f398aa60-da48-45c3-9eb4-8bb4a858c345,,,6.41
2026-08-10 16:43:42.827077+00:00,orchestrator,queue_wait_ms,2.829833984375,normal,f398aa60-da48-45c3-9eb4-8bb4a858c345,,,6.41
2026-08-10 16:43:42.827077+00:00,orchestrator,stage_latency_ms,24.36879999913799,normal,f398aa60-da48-45c3-9eb4-8bb4a858c345,,,6.41
2026-08-10 16:43:42.827077+00:00,orchestrator,end_to_end_latency_ms,45.7861328125,normal,f398aa60-da48-45c3-9eb4-8bb4a858c345,,,6.41
2026-08-10 16:43:42.828077+00:00,orchestrator,xai_latency_ms,0.0017000002117129043,normal,f398aa60-da48-45c3-9eb4-8bb4a858c345,,deterministic,6.41
2026-08-10 16:43:42.840877+00:00,orchestrator,events_received,159.0,normal,f398aa60-da48-45c3-9eb4-8bb4a858c345,,,6.42
2026-08-10 16:43:42.840877+00:00,detector,alerts_emitted,159.0,normal,f398aa60-da48-45c3-9eb4-8bb4a858c345,,,6.42
2026-08-10 16:43:42.840877+00:00,detector,events_processed,159.0,normal,f398aa60-da48-45c3-9eb4-8bb4a858c345,,,6.42
2026-08-10 16:43:42.841884+00:00,detector,throughput_eps,25.00338645866046,normal,f398aa60-da48-45c3-9eb4-8bb4a858c345,,,6.42
2026-08-10 16:43:42.841884+00:00,detector,queue_wait_ms,1.967529296875,normal,f398aa60-da48-45c3-9eb4-8bb4a858c345,,,6.42
2026-08-10 16:43:42.841884+00:00,detector,stage_latency_ms,18.33700000133831,normal,f398aa60-da48-45c3-9eb4-8bb4a858c345,,,6.42
2026-08-10 16:43:42.841884+00:00,detector,end_to_end_latency_ms,20.765625,normal,f398aa60-da48-45c3-9eb4-8bb4a858c345,,,6.42
2026-08-10 16:43:42.862133+00:00,generator,events_sent,160.0,normal,f398aa60-da48-45c3-9eb4-8bb4a858c345,,,6.44
2026-08-10 16:43:42.862133+00:00,generator,throughput_eps,25.000666517769442,normal,f398aa60-da48-45c3-9eb4-8bb4a858c345,,,6.44
2026-08-10 16:43:42.881045+00:00,detector,events_processed,160.0,normal,f398aa60-da48-45c3-9eb4-8bb4a858c345,,,6.46
2026-08-10 16:43:42.881045+00:00,detector,alerts_emitted,160.0,normal,f398aa60-da48-45c3-9eb4-8bb4a858c345,,,6.46
2026-08-10 16:43:42.882045+00:00,detector,throughput_eps,25.007647838861935,normal,f398aa60-da48-45c3-9eb4-8bb4a858c345,,,6.46
2026-08-10 16:43:42.882045+00:00,detector,queue_wait_ms,1.9931640625,normal,f398aa60-da48-45c3-9eb4-8bb4a858c345,,,6.46
2026-08-10 16:43:42.882045+00:00,detector,stage_latency_ms,18.841799999790965,normal,f398aa60-da48-45c3-9eb4-8bb4a858c345,,,6.46
2026-08-10 16:43:42.882045+00:00,detector,end_to_end_latency_ms,20.90478515625,normal,f398aa60-da48-45c3-9eb4-8bb4a858c345,,,6.46
2026-08-10 16:43:42.901711+00:00,generator,events_sent,161.0,normal,f398aa60-da48-45c3-9eb4-8bb4a858c345,,,6.48
2026-08-10 16:43:42.902396+00:00,generator,throughput_eps,25.003443974372807,normal,f398aa60-da48-45c3-9eb4-8bb4a858c345,,,6.48
2026-08-10 16:43:42.906710+00:00,orchestrator,events_processed,159.0,normal,f398aa60-da48-45c3-9eb4-8bb4a858c345,,,6.49
2026-08-10 16:43:42.906710+00:00,orchestrator,throughput_eps,24.933553086415525,normal,f398aa60-da48-45c3-9eb4-8bb4a858c345,,,6.49
2026-08-10 16:43:42.906710+00:00,orchestrator,queue_wait_ms,1.80126953125,normal,f398aa60-da48-45c3-9eb4-8bb4a858c345,,,6.49
2026-08-10 16:43:42.907710+00:00,orchestrator,stage_latency_ms,65.35470000017085,normal,f398aa60-da48-45c3-9eb4-8bb4a858c345,,,6.49
2026-08-10 16:43:42.907710+00:00,orchestrator,end_to_end_latency_ms,86.598388671875,normal,f398aa60-da48-45c3-9eb4-8bb4a858c345,,,6.49
2026-08-10 16:43:42.907710+00:00,orchestrator,xai_latency_ms,0.0022999993234407157,normal,f398aa60-da48-45c3-9eb4-8bb4a858c345,,deterministic,6.49
2026-08-10 16:43:42.910710+00:00,orchestrator,events_received,160.0,normal,f398aa60-da48-45c3-9eb4-8bb4a858c345,,,6.49
2026-08-10 16:43:42.922237+00:00,detector,events_processed,161.0,normal,f398aa60-da48-45c3-9eb4-8bb4a858c345,,,6.5
2026-08-10 16:43:42.922237+00:00,detector,alerts_emitted,161.0,normal,f398aa60-da48-45c3-9eb4-8bb4a858c345,,,6.5
2026-08-10 16:43:42.923277+00:00,detector,throughput_eps,24.993438214662536,normal,f398aa60-da48-45c3-9eb4-8bb4a858c345,,,6.5
2026-08-10 16:43:42.923277+00:00,detector,queue_wait_ms,2.000732421875,normal,f398aa60-da48-45c3-9eb4-8bb4a858c345,,,6.5
2026-08-10 16:43:42.924242+00:00,detector,stage_latency_ms,20.45949999956065,normal,f398aa60-da48-45c3-9eb4-8bb4a858c345,,,6.5
2026-08-10 16:43:42.924242+00:00,detector,end_to_end_latency_ms,22.52685546875,normal,f398aa60-da48-45c3-9eb4-8bb4a858c345,,,6.5
2026-08-10 16:43:42.936242+00:00,orchestrator,throughput_eps,24.931280644490144,normal,f398aa60-da48-45c3-9eb4-8bb4a858c345,,,6.52
2026-08-10 16:43:42.936242+00:00,orchestrator,events_processed,160.0,normal,f398aa60-da48-45c3-9eb4-8bb4a858c345,,,6.52
2026-08-10 16:43:42.937242+00:00,orchestrator,queue_wait_ms,32.575927734375,normal,f398aa60-da48-45c3-9eb4-8bb4a858c345,,,6.52
2026-08-10 16:43:42.937242+00:00,orchestrator,stage_latency_ms,25.549199999659322,normal,f398aa60-da48-45c3-9eb4-8bb4a858c345,,,6.52
2026-08-10 16:43:42.937242+00:00,orchestrator,end_to_end_latency_ms,76.101806640625,normal,f398aa60-da48-45c3-9eb4-8bb4a858c345,,,6.52
2026-08-10 16:43:42.937242+00:00,orchestrator,xai_latency_ms,0.002099999619531445,normal,f398aa60-da48-45c3-9eb4-8bb4a858c345,,deterministic,6.52
2026-08-10 16:43:42.940242+00:00,orchestrator,events_received,161.0,normal,f398aa60-da48-45c3-9eb4-8bb4a858c345,,,6.52
2026-08-10 16:43:42.941240+00:00,generator,events_sent,162.0,normal,f398aa60-da48-45c3-9eb4-8bb4a858c345,,,6.52
2026-08-10 16:43:42.941240+00:00,generator,throughput_eps,25.005458852995,normal,f398aa60-da48-45c3-9eb4-8bb4a858c345,,,6.52
2026-08-10 16:43:42.960894+00:00,detector,events_processed,162.0,normal,f398aa60-da48-45c3-9eb4-8bb4a858c345,,,6.54
2026-08-10 16:43:42.960894+00:00,detector,alerts_emitted,162.0,normal,f398aa60-da48-45c3-9eb4-8bb4a858c345,,,6.54
2026-08-10 16:43:42.961893+00:00,detector,throughput_eps,25.000264002779016,normal,f398aa60-da48-45c3-9eb4-8bb4a858c345,,,6.54
2026-08-10 16:43:42.961893+00:00,detector,queue_wait_ms,2.000732421875,normal,f398aa60-da48-45c3-9eb4-8bb4a858c345,,,6.54
2026-08-10 16:43:42.961893+00:00,detector,stage_latency_ms,19.177399999534828,normal,f398aa60-da48-45c3-9eb4-8bb4a858c345,,,6.54
2026-08-10 16:43:42.962892+00:00,detector,end_to_end_latency_ms,20.652099609375,normal,f398aa60-da48-45c3-9eb4-8bb4a858c345,,,6.54
2026-08-10 16:43:42.964893+00:00,orchestrator,events_processed,161.0,normal,f398aa60-da48-45c3-9eb4-8bb4a858c345,,,6.54
2026-08-10 16:43:42.965892+00:00,orchestrator,end_to_end_latency_ms,65.18310546875,normal,f398aa60-da48-45c3-9eb4-8bb4a858c345,,,6.55
2026-08-10 16:43:42.965892+00:00,orchestrator,stage_latency_ms,25.047699999049655,normal,f398aa60-da48-45c3-9eb4-8bb4a858c345,,,6.55
2026-08-10 16:43:42.965892+00:00,orchestrator,throughput_eps,24.93348490211757,normal,f398aa60-da48-45c3-9eb4-8bb4a858c345,,,6.55
2026-08-10 16:43:42.965892+00:00,orchestrator,queue_wait_ms,19.531494140625,normal,f398aa60-da48-45c3-9eb4-8bb4a858c345,,,6.55
2026-08-10 16:43:42.966893+00:00,orchestrator,xai_latency_ms,0.0017999991541728377,normal,f398aa60-da48-45c3-9eb4-8bb4a858c345,,deterministic,6.55
2026-08-10 16:43:42.968894+00:00,orchestrator,events_received,162.0,normal,f398aa60-da48-45c3-9eb4-8bb4a858c345,,,6.55
2026-08-10 16:43:42.981892+00:00,generator,events_sent,163.0,normal,f398aa60-da48-45c3-9eb4-8bb4a858c345,,,6.56
2026-08-10 16:43:42.981892+00:00,generator,throughput_eps,25.005039015461726,normal,f398aa60-da48-45c3-9eb4-8bb4a858c345,,,6.56
2026-08-10 16:43:42.994893+00:00,orchestrator,queue_wait_ms,10.628662109375,normal,f398aa60-da48-45c3-9eb4-8bb4a858c345,,,6.57
2026-08-10 16:43:42.994893+00:00,orchestrator,events_processed,162.0,normal,f398aa60-da48-45c3-9eb4-8bb4a858c345,,,6.57
2026-08-10 16:43:42.994893+00:00,orchestrator,throughput_eps,25.215656905686117,normal,f398aa60-da48-45c3-9eb4-8bb4a858c345,,,6.57
2026-08-10 16:43:42.994893+00:00,orchestrator,stage_latency_ms,25.330200000098557,normal,f398aa60-da48-45c3-9eb4-8bb4a858c345,,,6.57
2026-08-10 16:43:42.995896+00:00,orchestrator,xai_latency_ms,0.002599999788799323,normal,f398aa60-da48-45c3-9eb4-8bb4a858c345,,deterministic,6.58
2026-08-10 16:43:42.995896+00:00,orchestrator,end_to_end_latency_ms,54.651123046875,normal,f398aa60-da48-45c3-9eb4-8bb4a858c345,,,6.58
2026-08-10 16:43:43.001893+00:00,detector,throughput_eps,25.00195115227175,normal,f398aa60-da48-45c3-9eb4-8bb4a858c345,,,6.58
2026-08-10 16:43:43.001893+00:00,orchestrator,events_received,163.0,normal,f398aa60-da48-45c3-9eb4-8bb4a858c345,,,6.58
2026-08-10 16:43:43.001893+00:00,detector,events_processed,163.0,normal,f398aa60-da48-45c3-9eb4-8bb4a858c345,,,6.58
2026-08-10 16:43:43.001893+00:00,detector,alerts_emitted,163.0,normal,f398aa60-da48-45c3-9eb4-8bb4a858c345,,,6.58
2026-08-10 16:43:43.002894+00:00,detector,queue_wait_ms,1.99951171875,normal,f398aa60-da48-45c3-9eb4-8bb4a858c345,,,6.58
2026-08-10 16:43:43.002894+00:00,detector,stage_latency_ms,19.841299999825424,normal,f398aa60-da48-45c3-9eb4-8bb4a858c345,,,6.58
2026-08-10 16:43:43.002894+00:00,detector,end_to_end_latency_ms,21.999755859375,normal,f398aa60-da48-45c3-9eb4-8bb4a858c345,,,6.58
2026-08-10 16:43:43.021892+00:00,generator,events_sent,164.0,normal,f398aa60-da48-45c3-9eb4-8bb4a858c345,,,6.6
2026-08-10 16:43:43.021892+00:00,generator,throughput_eps,25.000155242903272,normal,f398aa60-da48-45c3-9eb4-8bb4a858c345,,,6.6
2026-08-10 16:43:43.026901+00:00,orchestrator,events_processed,163.0,normal,f398aa60-da48-45c3-9eb4-8bb4a858c345,,,6.61
2026-08-10 16:43:43.026901+00:00,orchestrator,throughput_eps,25.252486481028868,normal,f398aa60-da48-45c3-9eb4-8bb4a858c345,,,6.61
2026-08-10 16:43:43.027904+00:00,orchestrator,end_to_end_latency_ms,47.00830078125,normal,f398aa60-da48-45c3-9eb4-8bb4a858c345,,,6.61
2026-08-10 16:43:43.027904+00:00,orchestrator,queue_wait_ms,2.99853515625,normal,f398aa60-da48-45c3-9eb4-8bb4a858c345,,,6.61
2026-08-10 16:43:43.027904+00:00,orchestrator,stage_latency_ms,24.92300000085379,normal,f398aa60-da48-45c3-9eb4-8bb4a858c345,,,6.61
2026-08-10 16:43:43.027904+00:00,orchestrator,xai_latency_ms,0.0017000002117129043,normal,f398aa60-da48-45c3-9eb4-8bb4a858c345,,deterministic,6.61
2026-08-10 16:43:43.040902+00:00,detector,alerts_emitted,164.0,normal,f398aa60-da48-45c3-9eb4-8bb4a858c345,,,6.62
2026-08-10 16:43:43.040902+00:00,detector,events_processed,164.0,normal,f398aa60-da48-45c3-9eb4-8bb4a858c345,,,6.62
2026-08-10 16:43:43.041902+00:00,detector,throughput_eps,25.002590994309983,normal,f398aa60-da48-45c3-9eb4-8bb4a858c345,,,6.62
2026-08-10 16:43:43.041902+00:00,orchestrator,events_received,164.0,normal,f398aa60-da48-45c3-9eb4-8bb4a858c345,,,6.62
2026-08-10 16:43:43.041902+00:00,detector,queue_wait_ms,1.999755859375,normal,f398aa60-da48-45c3-9eb4-8bb4a858c345,,,6.62
2026-08-10 16:43:43.041902+00:00,detector,stage_latency_ms,18.84790000076464,normal,f398aa60-da48-45c3-9eb4-8bb4a858c345,,,6.62
2026-08-10 16:43:43.041902+00:00,detector,end_to_end_latency_ms,21.009765625,normal,f398aa60-da48-45c3-9eb4-8bb4a858c345,,,6.62
2026-08-10 16:43:43.061900+00:00,generator,events_sent,165.0,normal,f398aa60-da48-45c3-9eb4-8bb4a858c345,,,6.64
2026-08-10 16:43:43.061900+00:00,generator,throughput_eps,25.001121550312245,normal,f398aa60-da48-45c3-9eb4-8bb4a858c345,,,6.64
2026-08-10 16:43:43.066904+00:00,orchestrator,throughput_eps,25.253371485427408,normal,f398aa60-da48-45c3-9eb4-8bb4a858c345,,,6.65
2026-08-10 16:43:43.066904+00:00,orchestrator,queue_wait_ms,3.0,normal,f398aa60-da48-45c3-9eb4-8bb4a858c345,,,6.65
2026-08-10 16:43:43.066904+00:00,orchestrator,events_processed,164.0,normal,f398aa60-da48-45c3-9eb4-8bb4a858c345,,,6.65
2026-08-10 16:43:43.066904+00:00,orchestrator,stage_latency_ms,24.96629999950528,normal,f398aa60-da48-45c3-9eb4-8bb4a858c345,,,6.65
2026-08-10 16:43:43.067903+00:00,orchestrator,end_to_end_latency_ms,47.01123046875,normal,f398aa60-da48-45c3-9eb4-8bb4a858c345,,,6.65
2026-08-10 16:43:43.067903+00:00,orchestrator,xai_latency_ms,0.0017000002117129043,normal,f398aa60-da48-45c3-9eb4-8bb4a858c345,,deterministic,6.65
2026-08-10 16:43:43.080901+00:00,detector,events_processed,165.0,normal,f398aa60-da48-45c3-9eb4-8bb4a858c345,,,6.66
2026-08-10 16:43:43.081902+00:00,orchestrator,events_received,165.0,normal,f398aa60-da48-45c3-9eb4-8bb4a858c345,,,6.66
2026-08-10 16:43:43.081902+00:00,detector,alerts_emitted,165.0,normal,f398aa60-da48-45c3-9eb4-8bb4a858c345,,,6.66
2026-08-10 16:43:43.081902+00:00,detector,throughput_eps,25.00172961965487,normal,f398aa60-da48-45c3-9eb4-8bb4a858c345,,,6.66
2026-08-10 16:43:43.081902+00:00,detector,queue_wait_ms,2.0009765625,normal,f398aa60-da48-45c3-9eb4-8bb4a858c345,,,6.66
2026-08-10 16:43:43.082900+00:00,detector,stage_latency_ms,19.19590000034077,normal,f398aa60-da48-45c3-9eb4-8bb4a858c345,,,6.66
2026-08-10 16:43:43.082900+00:00,detector,end_to_end_latency_ms,21.001953125,normal,f398aa60-da48-45c3-9eb4-8bb4a858c345,,,6.66
2026-08-10 16:43:43.101900+00:00,generator,events_sent,166.0,normal,f398aa60-da48-45c3-9eb4-8bb4a858c345,,,6.68
2026-08-10 16:43:43.101900+00:00,generator,throughput_eps,24.999191054407955,normal,f398aa60-da48-45c3-9eb4-8bb4a858c345,,,6.68
2026-08-10 16:43:43.106903+00:00,orchestrator,events_processed,165.0,normal,f398aa60-da48-45c3-9eb4-8bb4a858c345,,,6.69
2026-08-10 16:43:43.106903+00:00,orchestrator,throughput_eps,25.202089757278657,normal,f398aa60-da48-45c3-9eb4-8bb4a858c345,,,6.69
2026-08-10 16:43:43.106903+00:00,orchestrator,queue_wait_ms,3.002685546875,normal,f398aa60-da48-45c3-9eb4-8bb4a858c345,,,6.69
2026-08-10 16:43:43.107902+00:00,orchestrator,end_to_end_latency_ms,47.003662109375,normal,f398aa60-da48-45c3-9eb4-8bb4a858c345,,,6.69
2026-08-10 16:43:43.107902+00:00,orchestrator,xai_latency_ms,0.0020000006770715117,normal,f398aa60-da48-45c3-9eb4-8bb4a858c345,,deterministic,6.69
2026-08-10 16:43:43.107902+00:00,orchestrator,stage_latency_ms,25.105200000325567,normal,f398aa60-da48-45c3-9eb4-8bb4a858c345,,,6.69
2026-08-10 16:43:43.120901+00:00,detector,events_processed,166.0,normal,f398aa60-da48-45c3-9eb4-8bb4a858c345,,,6.7
2026-08-10 16:43:43.121900+00:00,detector,alerts_emitted,166.0,normal,f398aa60-da48-45c3-9eb4-8bb4a858c345,,,6.7
2026-08-10 16:43:43.121900+00:00,orchestrator,events_received,166.0,normal,f398aa60-da48-45c3-9eb4-8bb4a858c345,,,6.7
2026-08-10 16:43:43.121900+00:00,detector,throughput_eps,25.00176262427051,normal,f398aa60-da48-45c3-9eb4-8bb4a858c345,,,6.7
2026-08-10 16:43:43.121900+00:00,detector,queue_wait_ms,2.00048828125,normal,f398aa60-da48-45c3-9eb4-8bb4a858c345,,,6.7
2026-08-10 16:43:43.121900+00:00,detector,stage_latency_ms,19.138899999234127,normal,f398aa60-da48-45c3-9eb4-8bb4a858c345,,,6.7
2026-08-10 16:43:43.122901+00:00,detector,end_to_end_latency_ms,21.00146484375,normal,f398aa60-da48-45c3-9eb4-8bb4a858c345,,,6.7
2026-08-10 16:43:43.141900+00:00,generator,events_sent,167.0,normal,f398aa60-da48-45c3-9eb4-8bb4a858c345,,,6.72
2026-08-10 16:43:43.141900+00:00,generator,throughput_eps,25.001412882262894,normal,f398aa60-da48-45c3-9eb4-8bb4a858c345,,,6.72
2026-08-10 16:43:43.146900+00:00,orchestrator,stage_latency_ms,25.10670000083337,normal,f398aa60-da48-45c3-9eb4-8bb4a858c345,,,6.73
2026-08-10 16:43:43.146900+00:00,orchestrator,events_processed,166.0,normal,f398aa60-da48-45c3-9eb4-8bb4a858c345,,,6.73
2026-08-10 16:43:43.146900+00:00,orchestrator,throughput_eps,25.07655873381433,normal,f398aa60-da48-45c3-9eb4-8bb4a858c345,,,6.73
2026-08-10 16:43:43.146900+00:00,orchestrator,queue_wait_ms,2.998046875,normal,f398aa60-da48-45c3-9eb4-8bb4a858c345,,,6.73
2026-08-10 16:43:43.147902+00:00,orchestrator,xai_latency_ms,0.0022999993234407157,normal,f398aa60-da48-45c3-9eb4-8bb4a858c345,,deterministic,6.73
2026-08-10 16:43:43.147902+00:00,orchestrator,end_to_end_latency_ms,47.000244140625,normal,f398aa60-da48-45c3-9eb4-8bb4a858c345,,,6.73
2026-08-10 16:43:43.160900+00:00,detector,events_processed,167.0,normal,f398aa60-da48-45c3-9eb4-8bb4a858c345,,,6.74
2026-08-10 16:43:43.161900+00:00,detector,alerts_emitted,167.0,normal,f398aa60-da48-45c3-9eb4-8bb4a858c345,,,6.74
2026-08-10 16:43:43.161900+00:00,orchestrator,events_received,167.0,normal,f398aa60-da48-45c3-9eb4-8bb4a858c345,,,6.74
2026-08-10 16:43:43.161900+00:00,detector,throughput_eps,25.002243648918412,normal,f398aa60-da48-45c3-9eb4-8bb4a858c345,,,6.74
2026-08-10 16:43:43.161900+00:00,detector,queue_wait_ms,1.998046875,normal,f398aa60-da48-45c3-9eb4-8bb4a858c345,,,6.74
2026-08-10 16:43:43.161900+00:00,detector,stage_latency_ms,19.005699999979697,normal,f398aa60-da48-45c3-9eb4-8bb4a858c345,,,6.74
2026-08-10 16:43:43.161900+00:00,detector,end_to_end_latency_ms,20.99853515625,normal,f398aa60-da48-45c3-9eb4-8bb4a858c345,,,6.74
2026-08-10 16:43:43.181899+00:00,generator,events_sent,168.0,normal,f398aa60-da48-45c3-9eb4-8bb4a858c345,,,6.76
2026-08-10 16:43:43.181899+00:00,generator,throughput_eps,25.002019663146303,normal,f398aa60-da48-45c3-9eb4-8bb4a858c345,,,6.76
2026-08-10 16:43:43.185901+00:00,orchestrator,events_processed,167.0,normal,f398aa60-da48-45c3-9eb4-8bb4a858c345,,,6.77
2026-08-10 16:43:43.186902+00:00,orchestrator,xai_latency_ms,0.0021000014385208488,normal,f398aa60-da48-45c3-9eb4-8bb4a858c345,,deterministic,6.77
2026-08-10 16:43:43.186902+00:00,orchestrator,end_to_end_latency_ms,45.999267578125,normal,f398aa60-da48-45c3-9eb4-8bb4a858c345,,,6.77
2026-08-10 16:43:43.186902+00:00,orchestrator,stage_latency_ms,24.742000001424458,normal,f398aa60-da48-45c3-9eb4-8bb4a858c345,,,6.77
2026-08-10 16:43:43.186902+00:00,orchestrator,queue_wait_ms,3.001220703125,normal,f398aa60-da48-45c3-9eb4-8bb4a858c345,,,6.77
2026-08-10 16:43:43.186902+00:00,orchestrator,throughput_eps,25.018747548288797,normal,f398aa60-da48-45c3-9eb4-8bb4a858c345,,,6.77
2026-08-10 16:43:43.201900+00:00,detector,events_processed,168.0,normal,f398aa60-da48-45c3-9eb4-8bb4a858c345,,,6.78
2026-08-10 16:43:43.201900+00:00,orchestrator,events_received,168.0,normal,f398aa60-da48-45c3-9eb4-8bb4a858c345,,,6.78
2026-08-10 16:43:43.201900+00:00,detector,alerts_emitted,168.0,normal,f398aa60-da48-45c3-9eb4-8bb4a858c345,,,6.78
2026-08-10 16:43:43.201900+00:00,detector,throughput_eps,25.006406883442775,normal,f398aa60-da48-45c3-9eb4-8bb4a858c345,,,6.78
2026-08-10 16:43:43.202899+00:00,detector,queue_wait_ms,1.99853515625,normal,f398aa60-da48-45c3-9eb4-8bb4a858c345,,,6.78
2026-08-10 16:43:43.202899+00:00,detector,stage_latency_ms,19.54730000034033,normal,f398aa60-da48-45c3-9eb4-8bb4a858c345,,,6.78
2026-08-10 16:43:43.202899+00:00,detector,end_to_end_latency_ms,21.999755859375,normal,f398aa60-da48-45c3-9eb4-8bb4a858c345,,,6.78
2026-08-10 16:43:43.221900+00:00,generator,events_sent,169.0,normal,f398aa60-da48-45c3-9eb4-8bb4a858c345,,,6.8
2026-08-10 16:43:43.221900+00:00,generator,throughput_eps,25.003249422296154,normal,f398aa60-da48-45c3-9eb4-8bb4a858c345,,,6.8
2026-08-10 16:43:43.226900+00:00,orchestrator,stage_latency_ms,24.491800000760122,normal,f398aa60-da48-45c3-9eb4-8bb4a858c345,,,6.81
2026-08-10 16:43:43.226900+00:00,orchestrator,queue_wait_ms,3.001708984375,normal,f398aa60-da48-45c3-9eb4-8bb4a858c345,,,6.81
2026-08-10 16:43:43.226900+00:00,orchestrator,end_to_end_latency_ms,46.999267578125,normal,f398aa60-da48-45c3-9eb4-8bb4a858c345,,,6.81
2026-08-10 16:43:43.226900+00:00,orchestrator,events_processed,168.0,normal,f398aa60-da48-45c3-9eb4-8bb4a858c345,,,6.81
2026-08-10 16:43:43.226900+00:00,orchestrator,throughput_eps,25.00170561635608,normal,f398aa60-da48-45c3-9eb4-8bb4a858c345,,,6.81
2026-08-10 16:43:43.227900+00:00,orchestrator,xai_latency_ms,0.0017999991541728377,normal,f398aa60-da48-45c3-9eb4-8bb4a858c345,,deterministic,6.81
2026-08-10 16:43:43.241899+00:00,detector,events_processed,169.0,normal,f398aa60-da48-45c3-9eb4-8bb4a858c345,,,6.82
2026-08-10 16:43:43.241899+00:00,detector,alerts_emitted,169.0,normal,f398aa60-da48-45c3-9eb4-8bb4a858c345,,,6.82
2026-08-10 16:43:43.241899+00:00,orchestrator,events_received,169.0,normal,f398aa60-da48-45c3-9eb4-8bb4a858c345,,,6.82
2026-08-10 16:43:43.241899+00:00,detector,throughput_eps,25.00559475176979,normal,f398aa60-da48-45c3-9eb4-8bb4a858c345,,,6.82
2026-08-10 16:43:43.242899+00:00,detector,queue_wait_ms,2.001708984375,normal,f398aa60-da48-45c3-9eb4-8bb4a858c345,,,6.82
2026-08-10 16:43:43.242899+00:00,detector,stage_latency_ms,19.528099999661208,normal,f398aa60-da48-45c3-9eb4-8bb4a858c345,,,6.82
2026-08-10 16:43:43.242899+00:00,detector,end_to_end_latency_ms,22.0009765625,normal,f398aa60-da48-45c3-9eb4-8bb4a858c345,,,6.82
2026-08-10 16:43:43.261900+00:00,generator,events_sent,170.0,normal,f398aa60-da48-45c3-9eb4-8bb4a858c345,,,6.84
2026-08-10 16:43:43.261900+00:00,generator,throughput_eps,25.00037050549263,normal,f398aa60-da48-45c3-9eb4-8bb4a858c345,,,6.84
2026-08-10 16:43:43.266898+00:00,orchestrator,events_processed,169.0,normal,f398aa60-da48-45c3-9eb4-8bb4a858c345,,,6.85
2026-08-10 16:43:43.267898+00:00,orchestrator,end_to_end_latency_ms,47.0,normal,f398aa60-da48-45c3-9eb4-8bb4a858c345,,,6.85
2026-08-10 16:43:43.267898+00:00,orchestrator,stage_latency_ms,25.19670000037877,normal,f398aa60-da48-45c3-9eb4-8bb4a858c345,,,6.85
2026-08-10 16:43:43.267898+00:00,orchestrator,throughput_eps,25.00606697197031,normal,f398aa60-da48-45c3-9eb4-8bb4a858c345,,,6.85
2026-08-10 16:43:43.267898+00:00,orchestrator,queue_wait_ms,3.0009765625,normal,f398aa60-da48-45c3-9eb4-8bb4a858c345,,,6.85
2026-08-10 16:43:43.268901+00:00,orchestrator,xai_latency_ms,0.0029000002541579306,normal,f398aa60-da48-45c3-9eb4-8bb4a858c345,,deterministic,6.85
2026-08-10 16:43:43.280901+00:00,detector,events_processed,170.0,normal,f398aa60-da48-45c3-9eb4-8bb4a858c345,,,6.86
2026-08-10 16:43:43.281901+00:00,detector,alerts_emitted,170.0,normal,f398aa60-da48-45c3-9eb4-8bb4a858c345,,,6.86
2026-08-10 16:43:43.281901+00:00,orchestrator,events_received,170.0,normal,f398aa60-da48-45c3-9eb4-8bb4a858c345,,,6.86
2026-08-10 16:43:43.281901+00:00,detector,throughput_eps,25.006274255708792,normal,f398aa60-da48-45c3-9eb4-8bb4a858c345,,,6.86
2026-08-10 16:43:43.281901+00:00,detector,queue_wait_ms,2.001708984375,normal,f398aa60-da48-45c3-9eb4-8bb4a858c345,,,6.86
2026-08-10 16:43:43.281901+00:00,detector,stage_latency_ms,19.403000000238535,normal,f398aa60-da48-45c3-9eb4-8bb4a858c345,,,6.86
2026-08-10 16:43:43.282901+00:00,detector,end_to_end_latency_ms,21.0029296875,normal,f398aa60-da48-45c3-9eb4-8bb4a858c345,,,6.86
2026-08-10 16:43:43.301900+00:00,generator,throughput_eps,25.002912339229198,normal,f398aa60-da48-45c3-9eb4-8bb4a858c345,,,6.88
2026-08-10 16:43:43.301900+00:00,generator,events_sent,171.0,normal,f398aa60-da48-45c3-9eb4-8bb4a858c345,,,6.88
2026-08-10 16:43:43.306899+00:00,orchestrator,throughput_eps,25.2033934010204,normal,f398aa60-da48-45c3-9eb4-8bb4a858c345,,,6.89
2026-08-10 16:43:43.306899+00:00,orchestrator,queue_wait_ms,3.00048828125,normal,f398aa60-da48-45c3-9eb4-8bb4a858c345,,,6.89
2026-08-10 16:43:43.306899+00:00,orchestrator,events_processed,170.0,normal,f398aa60-da48-45c3-9eb4-8bb4a858c345,,,6.89
2026-08-10 16:43:43.307901+00:00,orchestrator,stage_latency_ms,24.772099999609054,normal,f398aa60-da48-45c3-9eb4-8bb4a858c345,,,6.89
2026-08-10 16:43:43.307901+00:00,orchestrator,end_to_end_latency_ms,47.000732421875,normal,f398aa60-da48-45c3-9eb4-8bb4a858c345,,,6.89
2026-08-10 16:43:43.307901+00:00,orchestrator,xai_latency_ms,0.0018999999156221747,normal,f398aa60-da48-45c3-9eb4-8bb4a858c345,,deterministic,6.89
2026-08-10 16:43:43.321898+00:00,detector,events_processed,171.0,normal,f398aa60-da48-45c3-9eb4-8bb4a858c345,,,6.9
2026-08-10 16:43:43.321898+00:00,detector,alerts_emitted,171.0,normal,f398aa60-da48-45c3-9eb4-8bb4a858c345,,,6.9
2026-08-10 16:43:43.321898+00:00,orchestrator,events_received,171.0,normal,f398aa60-da48-45c3-9eb4-8bb4a858c345,,,6.9
2026-08-10 16:43:43.321898+00:00,detector,throughput_eps,25.005528222182345,normal,f398aa60-da48-45c3-9eb4-8bb4a858c345,,,6.9
2026-08-10 16:43:43.321898+00:00,detector,queue_wait_ms,2.001220703125,normal,f398aa60-da48-45c3-9eb4-8bb4a858c345,,,6.9
2026-08-10 16:43:43.322899+00:00,detector,stage_latency_ms,19.514399999025045,normal,f398aa60-da48-45c3-9eb4-8bb4a858c345,,,6.9
2026-08-10 16:43:43.322899+00:00,detector,end_to_end_latency_ms,21.999267578125,normal,f398aa60-da48-45c3-9eb4-8bb4a858c345,,,6.9
2026-08-10 16:43:43.341966+00:00,generator,events_sent,172.0,normal,f398aa60-da48-45c3-9eb4-8bb4a858c345,,,6.92
2026-08-10 16:43:43.341966+00:00,generator,throughput_eps,25.00525960630135,normal,f398aa60-da48-45c3-9eb4-8bb4a858c345,,,6.92
2026-08-10 16:43:43.346482+00:00,orchestrator,queue_wait_ms,2.998779296875,normal,f398aa60-da48-45c3-9eb4-8bb4a858c345,,,6.93
2026-08-10 16:43:43.346482+00:00,orchestrator,end_to_end_latency_ms,46.5830078125,normal,f398aa60-da48-45c3-9eb4-8bb4a858c345,,,6.93
2026-08-10 16:43:43.346482+00:00,orchestrator,stage_latency_ms,24.314600001162034,normal,f398aa60-da48-45c3-9eb4-8bb4a858c345,,,6.93
2026-08-10 16:43:43.346482+00:00,orchestrator,throughput_eps,25.203596049087697,normal,f398aa60-da48-45c3-9eb4-8bb4a858c345,,,6.93
2026-08-10 16:43:43.346482+00:00,orchestrator,events_processed,171.0,normal,f398aa60-da48-45c3-9eb4-8bb4a858c345,,,6.93
2026-08-10 16:43:43.347483+00:00,orchestrator,xai_latency_ms,0.002099999619531445,normal,f398aa60-da48-45c3-9eb4-8bb4a858c345,,deterministic,6.93
2026-08-10 16:43:43.360991+00:00,detector,events_processed,172.0,normal,f398aa60-da48-45c3-9eb4-8bb4a858c345,,,6.94
2026-08-10 16:43:43.360991+00:00,detector,alerts_emitted,172.0,normal,f398aa60-da48-45c3-9eb4-8bb4a858c345,,,6.94
2026-08-10 16:43:43.361993+00:00,detector,throughput_eps,25.00295885014962,normal,f398aa60-da48-45c3-9eb4-8bb4a858c345,,,6.94
2026-08-10 16:43:43.361993+00:00,detector,queue_wait_ms,1.999267578125,normal,f398aa60-da48-45c3-9eb4-8bb4a858c345,,,6.94
2026-08-10 16:43:43.361993+00:00,detector,stage_latency_ms,19.168299999364535,normal,f398aa60-da48-45c3-9eb4-8bb4a858c345,,,6.94
2026-08-10 16:43:43.361993+00:00,detector,end_to_end_latency_ms,21.024658203125,normal,f398aa60-da48-45c3-9eb4-8bb4a858c345,,,6.94
2026-08-10 16:43:43.381991+00:00,generator,events_sent,173.0,normal,f398aa60-da48-45c3-9eb4-8bb4a858c345,,,6.96
2026-08-10 16:43:43.381991+00:00,generator,throughput_eps,25.001664929422002,normal,f398aa60-da48-45c3-9eb4-8bb4a858c345,,,6.96
2026-08-10 16:43:43.386994+00:00,orchestrator,events_processed,172.0,normal,f398aa60-da48-45c3-9eb4-8bb4a858c345,,,6.97
2026-08-10 16:43:43.386994+00:00,orchestrator,throughput_eps,25.354563283866284,normal,f398aa60-da48-45c3-9eb4-8bb4a858c345,,,6.97
2026-08-10 16:43:43.387992+00:00,orchestrator,xai_latency_ms,0.0020000006770715117,normal,f398aa60-da48-45c3-9eb4-8bb4a858c345,,deterministic,6.97
2026-08-10 16:43:43.387992+00:00,orchestrator,end_to_end_latency_ms,47.02685546875,normal,f398aa60-da48-45c3-9eb4-8bb4a858c345,,,6.97
2026-08-10 16:43:43.387992+00:00,orchestrator,queue_wait_ms,3.00244140625,normal,f398aa60-da48-45c3-9eb4-8bb4a858c345,,,6.97
2026-08-10 16:43:43.387992+00:00,orchestrator,stage_latency_ms,25.453500000367058,normal,f398aa60-da48-45c3-9eb4-8bb4a858c345,,,6.97
2026-08-10 16:43:43.400991+00:00,detector,events_processed,173.0,normal,f398aa60-da48-45c3-9eb4-8bb4a858c345,,,6.98
2026-08-10 16:43:43.401990+00:00,detector,alerts_emitted,173.0,normal,f398aa60-da48-45c3-9eb4-8bb4a858c345,,,6.98
2026-08-10 16:43:43.401990+00:00,orchestrator,events_received,173.0,normal,f398aa60-da48-45c3-9eb4-8bb4a858c345,,,6.98
2026-08-10 16:43:43.401990+00:00,detector,throughput_eps,25.000526220758193,normal,f398aa60-da48-45c3-9eb4-8bb4a858c345,,,6.98
2026-08-10 16:43:43.401990+00:00,detector,queue_wait_ms,1.99853515625,normal,f398aa60-da48-45c3-9eb4-8bb4a858c345,,,6.98
2026-08-10 16:43:43.401990+00:00,detector,stage_latency_ms,19.0946000002441,normal,f398aa60-da48-45c3-9eb4-8bb4a858c345,,,6.98
2026-08-10 16:43:43.402993+00:00,detector,end_to_end_latency_ms,20.998779296875,normal,f398aa60-da48-45c3-9eb4-8bb4a858c345,,,6.98
2026-08-10 16:43:43.421990+00:00,generator,events_sent,174.0,normal,f398aa60-da48-45c3-9eb4-8bb4a858c345,,,7.0
2026-08-10 16:43:43.421990+00:00,generator,throughput_eps,25.001569098473,normal,f398aa60-da48-45c3-9eb4-8bb4a858c345,,,7.0
2026-08-10 16:43:43.426503+00:00,orchestrator,stage_latency_ms,24.571100000684964,normal,f398aa60-da48-45c3-9eb4-8bb4a858c345,,,7.01
2026-08-10 16:43:43.426503+00:00,orchestrator,queue_wait_ms,3.000732421875,normal,f398aa60-da48-45c3-9eb4-8bb4a858c345,,,7.01
2026-08-10 16:43:43.426503+00:00,orchestrator,events_processed,173.0,normal,f398aa60-da48-45c3-9eb4-8bb4a858c345,,,7.01
2026-08-10 16:43:43.426503+00:00,orchestrator,throughput_eps,25.355251727634876,normal,f398aa60-da48-45c3-9eb4-8bb4a858c345,,,7.01
2026-08-10 16:43:43.427503+00:00,orchestrator,end_to_end_latency_ms,46.510498046875,normal,f398aa60-da48-45c3-9eb4-8bb4a858c345,,,7.01
2026-08-10 16:43:43.427503+00:00,orchestrator,xai_latency_ms,0.0017000002117129043,normal,f398aa60-da48-45c3-9eb4-8bb4a858c345,,deterministic,7.01
2026-08-10 16:43:43.440502+00:00,detector,events_processed,174.0,normal,f398aa60-da48-45c3-9eb4-8bb4a858c345,,,7.02
2026-08-10 16:43:43.440502+00:00,detector,alerts_emitted,174.0,normal,f398aa60-da48-45c3-9eb4-8bb4a858c345,,,7.02
2026-08-10 16:43:43.440502+00:00,orchestrator,events_received,174.0,normal,f398aa60-da48-45c3-9eb4-8bb4a858c345,,,7.02
2026-08-10 16:43:43.440502+00:00,detector,throughput_eps,25.004160192176656,normal,f398aa60-da48-45c3-9eb4-8bb4a858c345,,,7.02
2026-08-10 16:43:43.441503+00:00,detector,queue_wait_ms,2.000732421875,normal,f398aa60-da48-45c3-9eb4-8bb4a858c345,,,7.02
2026-08-10 16:43:43.441503+00:00,detector,stage_latency_ms,18.479500000466942,normal,f398aa60-da48-45c3-9eb4-8bb4a858c345,,,7.02
2026-08-10 16:43:43.441503+00:00,detector,end_to_end_latency_ms,20.512939453125,normal,f398aa60-da48-45c3-9eb4-8bb4a858c345,,,7.02
2026-08-10 16:43:43.462504+00:00,generator,throughput_eps,24.99676503559325,normal,f398aa60-da48-45c3-9eb4-8bb4a858c345,,,7.04
2026-08-10 16:43:43.462504+00:00,generator,events_sent,175.0,normal,f398aa60-da48-45c3-9eb4-8bb4a858c345,,,7.04
2026-08-10 16:43:43.466504+00:00,orchestrator,queue_wait_ms,1.999267578125,normal,f398aa60-da48-45c3-9eb4-8bb4a858c345,,,7.05
2026-08-10 16:43:43.466504+00:00,orchestrator,stage_latency_ms,25.394000000233063,normal,f398aa60-da48-45c3-9eb4-8bb4a858c345,,,7.05
2026-08-10 16:43:43.466504+00:00,orchestrator,events_processed,174.0,normal,f398aa60-da48-45c3-9eb4-8bb4a858c345,,,7.05
2026-08-10 16:43:43.466504+00:00,orchestrator,throughput_eps,25.301613811229323,normal,f398aa60-da48-45c3-9eb4-8bb4a858c345,,,7.05
2026-08-10 16:43:43.467505+00:00,orchestrator,end_to_end_latency_ms,46.5146484375,normal,f398aa60-da48-45c3-9eb4-8bb4a858c345,,,7.05
2026-08-10 16:43:43.467505+00:00,orchestrator,xai_latency_ms,0.0020000006770715117,normal,f398aa60-da48-45c3-9eb4-8bb4a858c345,,deterministic,7.05
2026-08-10 16:43:43.482502+00:00,detector,events_processed,175.0,normal,f398aa60-da48-45c3-9eb4-8bb4a858c345,,,7.06
2026-08-10 16:43:43.482502+00:00,orchestrator,events_received,175.0,normal,f398aa60-da48-45c3-9eb4-8bb4a858c345,,,7.06
2026-08-10 16:43:43.482502+00:00,detector,alerts_emitted,175.0,normal,f398aa60-da48-45c3-9eb4-8bb4a858c345,,,7.06
2026-08-10 16:43:43.483504+00:00,detector,throughput_eps,24.993685567058407,normal,f398aa60-da48-45c3-9eb4-8bb4a858c345,,,7.06
2026-08-10 16:43:43.483504+00:00,detector,queue_wait_ms,2.002685546875,normal,f398aa60-da48-45c3-9eb4-8bb4a858c345,,,7.06
2026-08-10 16:43:43.483504+00:00,detector,stage_latency_ms,19.894299999577925,normal,f398aa60-da48-45c3-9eb4-8bb4a858c345,,,7.06
2026-08-10 16:43:43.483504+00:00,detector,end_to_end_latency_ms,22.000732421875,normal,f398aa60-da48-45c3-9eb4-8bb4a858c345,,,7.06
2026-08-10 16:43:43.502501+00:00,generator,events_sent,176.0,normal,f398aa60-da48-45c3-9eb4-8bb4a858c345,,,7.08
2026-08-10 16:43:43.502501+00:00,generator,throughput_eps,25.000319560535214,normal,f398aa60-da48-45c3-9eb4-8bb4a858c345,,,7.08
2026-08-10 16:43:43.508509+00:00,orchestrator,xai_latency_ms,0.002200000380980782,normal,f398aa60-da48-45c3-9eb4-8bb4a858c345,,deterministic,7.09
2026-08-10 16:43:43.508509+00:00,orchestrator,end_to_end_latency_ms,48.0078125,normal,f398aa60-da48-45c3-9eb4-8bb4a858c345,,,7.09
2026-08-10 16:43:43.508509+00:00,orchestrator,stage_latency_ms,25.232199999663862,normal,f398aa60-da48-45c3-9eb4-8bb4a858c345,,,7.09
2026-08-10 16:43:43.508509+00:00,orchestrator,throughput_eps,25.449370235134307,normal,f398aa60-da48-45c3-9eb4-8bb4a858c345,,,7.09
2026-08-10 16:43:43.508509+00:00,orchestrator,events_processed,175.0,normal,f398aa60-da48-45c3-9eb4-8bb4a858c345,,,7.09
2026-08-10 16:43:43.508509+00:00,orchestrator,queue_wait_ms,2.96923828125,normal,f398aa60-da48-45c3-9eb4-8bb4a858c345,,,7.09
2026-08-10 16:43:43.521509+00:00,detector,events_processed,176.0,normal,f398aa60-da48-45c3-9eb4-8bb4a858c345,,,7.1
2026-08-10 16:43:43.521509+00:00,detector,alerts_emitted,176.0,normal,f398aa60-da48-45c3-9eb4-8bb4a858c345,,,7.1
2026-08-10 16:43:43.521509+00:00,orchestrator,events_received,176.0,normal,f398aa60-da48-45c3-9eb4-8bb4a858c345,,,7.1
2026-08-10 16:43:43.522509+00:00,detector,throughput_eps,24.999520674507195,normal,f398aa60-da48-45c3-9eb4-8bb4a858c345,,,7.1
2026-08-10 16:43:43.522509+00:00,detector,queue_wait_ms,1.999267578125,normal,f398aa60-da48-45c3-9eb4-8bb4a858c345,,,7.1
2026-08-10 16:43:43.522509+00:00,detector,stage_latency_ms,18.93259999997099,normal,f398aa60-da48-45c3-9eb4-8bb4a858c345,,,7.1
2026-08-10 16:43:43.522509+00:00,detector,end_to_end_latency_ms,21.00634765625,normal,f398aa60-da48-45c3-9eb4-8bb4a858c345,,,7.1
2026-08-10 16:43:43.542508+00:00,generator,events_sent,177.0,normal,f398aa60-da48-45c3-9eb4-8bb4a858c345,,,7.12
2026-08-10 16:43:43.542508+00:00,generator,throughput_eps,25.001322569966014,normal,f398aa60-da48-45c3-9eb4-8bb4a858c345,,,7.12
2026-08-10 16:43:43.547511+00:00,orchestrator,stage_latency_ms,25.103599999056314,normal,f398aa60-da48-45c3-9eb4-8bb4a858c345,,,7.13
2026-08-10 16:43:43.547511+00:00,orchestrator,queue_wait_ms,1.99951171875,normal,f398aa60-da48-45c3-9eb4-8bb4a858c345,,,7.13
2026-08-10 16:43:43.547511+00:00,orchestrator,throughput_eps,25.450828868368568,normal,f398aa60-da48-45c3-9eb4-8bb4a858c345,,,7.13
2026-08-10 16:43:43.547511+00:00,orchestrator,events_processed,176.0,normal,f398aa60-da48-45c3-9eb4-8bb4a858c345,,,7.13
2026-08-10 16:43:43.548508+00:00,orchestrator,end_to_end_latency_ms,47.008544921875,normal,f398aa60-da48-45c3-9eb4-8bb4a858c345,,,7.13
2026-08-10 16:43:43.548508+00:00,orchestrator,xai_latency_ms,0.0017000002117129043,normal,f398aa60-da48-45c3-9eb4-8bb4a858c345,,deterministic,7.13
2026-08-10 16:43:43.561508+00:00,detector,events_processed,177.0,normal,f398aa60-da48-45c3-9eb4-8bb4a858c345,,,7.14
2026-08-10 16:43:43.562507+00:00,detector,alerts_emitted,177.0,normal,f398aa60-da48-45c3-9eb4-8bb4a858c345,,,7.14
2026-08-10 16:43:43.562507+00:00,orchestrator,events_received,177.0,normal,f398aa60-da48-45c3-9eb4-8bb4a858c345,,,7.14
2026-08-10 16:43:43.562507+00:00,detector,throughput_eps,24.993260889694543,normal,f398aa60-da48-45c3-9eb4-8bb4a858c345,,,7.14
2026-08-10 16:43:43.563507+00:00,detector,queue_wait_ms,2.000732421875,normal,f398aa60-da48-45c3-9eb4-8bb4a858c345,,,7.14
2026-08-10 16:43:43.563507+00:00,detector,stage_latency_ms,19.40920000015467,normal,f398aa60-da48-45c3-9eb4-8bb4a858c345,,,7.14
2026-08-10 16:43:43.563507+00:00,detector,end_to_end_latency_ms,21.00146484375,normal,f398aa60-da48-45c3-9eb4-8bb4a858c345,,,7.14
2026-08-10 16:43:43.582508+00:00,generator,events_sent,178.0,normal,f398aa60-da48-45c3-9eb4-8bb4a858c345,,,7.16
2026-08-10 16:43:43.582508+00:00,generator,throughput_eps,24.994377776748106,normal,f398aa60-da48-45c3-9eb4-8bb4a858c345,,,7.16
2026-08-10 16:43:43.586508+00:00,orchestrator,events_processed,177.0,normal,f398aa60-da48-45c3-9eb4-8bb4a858c345,,,7.17
2026-08-10 16:43:43.587509+00:00,orchestrator,stage_latency_ms,24.427800000921707,normal,f398aa60-da48-45c3-9eb4-8bb4a858c345,,,7.17
2026-08-10 16:43:43.587509+00:00,orchestrator,throughput_eps,25.332754781460913,normal,f398aa60-da48-45c3-9eb4-8bb4a858c345,,,7.17
2026-08-10 16:43:43.587509+00:00,orchestrator,queue_wait_ms,3.0,normal,f398aa60-da48-45c3-9eb4-8bb4a858c345,,,7.17
2026-08-10 16:43:43.588508+00:00,orchestrator,end_to_end_latency_ms,46.00146484375,normal,f398aa60-da48-45c3-9eb4-8bb4a858c345,,,7.17
2026-08-10 16:43:43.588508+00:00,orchestrator,xai_latency_ms,0.0018999999156221747,normal,f398aa60-da48-45c3-9eb4-8bb4a858c345,,deterministic,7.17
2026-08-10 16:43:43.601508+00:00,detector,events_processed,178.0,normal,f398aa60-da48-45c3-9eb4-8bb4a858c345,,,7.18
2026-08-10 16:43:43.601508+00:00,detector,alerts_emitted,178.0,normal,f398aa60-da48-45c3-9eb4-8bb4a858c345,,,7.18
2026-08-10 16:43:43.602510+00:00,detector,throughput_eps,24.996143740085127,normal,f398aa60-da48-45c3-9eb4-8bb4a858c345,,,7.18
2026-08-10 16:43:43.602510+00:00,orchestrator,events_received,178.0,normal,f398aa60-da48-45c3-9eb4-8bb4a858c345,,,7.18
2026-08-10 16:43:43.602510+00:00,detector,queue_wait_ms,1.998046875,normal,f398aa60-da48-45c3-9eb4-8bb4a858c345,,,7.18
2026-08-10 16:43:43.602510+00:00,detector,stage_latency_ms,18.802399999913177,normal,f398aa60-da48-45c3-9eb4-8bb4a858c345,,,7.18
2026-08-10 16:43:43.603510+00:00,detector,end_to_end_latency_ms,20.998046875,normal,f398aa60-da48-45c3-9eb4-8bb4a858c345,,,7.18
2026-08-10 16:43:43.622507+00:00,generator,throughput_eps,25.001109424229263,normal,f398aa60-da48-45c3-9eb4-8bb4a858c345,,,7.2
2026-08-10 16:43:43.622507+00:00,generator,events_sent,179.0,normal,f398aa60-da48-45c3-9eb4-8bb4a858c345,,,7.2
2026-08-10 16:43:43.641531+00:00,detector,throughput_eps,25.003983497526207,normal,f398aa60-da48-45c3-9eb4-8bb4a858c345,,,7.22
2026-08-10 16:43:43.641531+00:00,detector,events_processed,179.0,normal,f398aa60-da48-45c3-9eb4-8bb4a858c345,,,7.22
2026-08-10 16:43:43.641531+00:00,detector,alerts_emitted,179.0,normal,f398aa60-da48-45c3-9eb4-8bb4a858c345,,,7.22
2026-08-10 16:43:43.642509+00:00,detector,queue_wait_ms,1.99951171875,normal,f398aa60-da48-45c3-9eb4-8bb4a858c345,,,7.22
2026-08-10 16:43:43.642509+00:00,detector,stage_latency_ms,18.708499999775086,normal,f398aa60-da48-45c3-9eb4-8bb4a858c345,,,7.22
2026-08-10 16:43:43.642509+00:00,detector,end_to_end_latency_ms,21.023681640625,normal,f398aa60-da48-45c3-9eb4-8bb4a858c345,,,7.22
2026-08-10 16:43:43.662508+00:00,generator,events_sent,180.0,normal,f398aa60-da48-45c3-9eb4-8bb4a858c345,,,7.24
2026-08-10 16:43:43.663115+00:00,generator,throughput_eps,25.001110549328196,normal,f398aa60-da48-45c3-9eb4-8bb4a858c345,,,7.24
2026-08-10 16:43:43.677507+00:00,orchestrator,events_processed,178.0,normal,f398aa60-da48-45c3-9eb4-8bb4a858c345,,,7.26
2026-08-10 16:43:43.677507+00:00,orchestrator,throughput_eps,25.29922406275931,normal,f398aa60-da48-45c3-9eb4-8bb4a858c345,,,7.26
2026-08-10 16:43:43.677507+00:00,orchestrator,queue_wait_ms,3.00341796875,normal,f398aa60-da48-45c3-9eb4-8bb4a858c345,,,7.26
2026-08-10 16:43:43.678509+00:00,orchestrator,xai_latency_ms,0.0022999993234407157,normal,f398aa60-da48-45c3-9eb4-8bb4a858c345,,deterministic,7.26
2026-08-10 16:43:43.678509+00:00,orchestrator,stage_latency_ms,75.05570000103035,normal,f398aa60-da48-45c3-9eb4-8bb4a858c345,,,7.26
2026-08-10 16:43:43.678509+00:00,orchestrator,end_to_end_latency_ms,96.996826171875,normal,f398aa60-da48-45c3-9eb4-8bb4a858c345,,,7.26
2026-08-10 16:43:43.682508+00:00,detector,events_processed,180.0,normal,f398aa60-da48-45c3-9eb4-8bb4a858c345,,,7.26
2026-08-10 16:43:43.682508+00:00,orchestrator,events_received,179.0,normal,f398aa60-da48-45c3-9eb4-8bb4a858c345,,,7.26
2026-08-10 16:43:43.683509+00:00,detector,alerts_emitted,180.0,normal,f398aa60-da48-45c3-9eb4-8bb4a858c345,,,7.26
2026-08-10 16:43:43.684509+00:00,detector,throughput_eps,25.030933388968972,normal,f398aa60-da48-45c3-9eb4-8bb4a858c345,,,7.26
2026-08-10 16:43:43.684509+00:00,detector,queue_wait_ms,1.974609375,normal,f398aa60-da48-45c3-9eb4-8bb4a858c345,,,7.26
2026-08-10 16:43:43.684509+00:00,detector,stage_latency_ms,20.27490000000398,normal,f398aa60-da48-45c3-9eb4-8bb4a858c345,,,7.26
2026-08-10 16:43:43.684509+00:00,detector,end_to_end_latency_ms,21.974609375,normal,f398aa60-da48-45c3-9eb4-8bb4a858c345,,,7.26
2026-08-10 16:43:43.701678+00:00,generator,events_sent,181.0,normal,f398aa60-da48-45c3-9eb4-8bb4a858c345,,,7.28
2026-08-10 16:43:43.701678+00:00,generator,throughput_eps,25.006149512290275,normal,f398aa60-da48-45c3-9eb4-8bb4a858c345,,,7.28
2026-08-10 16:43:43.706687+00:00,orchestrator,events_processed,179.0,normal,f398aa60-da48-45c3-9eb4-8bb4a858c345,,,7.29
2026-08-10 16:43:43.707688+00:00,orchestrator,stage_latency_ms,24.95669999916572,normal,f398aa60-da48-45c3-9eb4-8bb4a858c345,,,7.29
2026-08-10 16:43:43.707688+00:00,orchestrator,end_to_end_latency_ms,86.179443359375,normal,f398aa60-da48-45c3-9eb4-8bb4a858c345,,,7.29
2026-08-10 16:43:43.707688+00:00,orchestrator,throughput_eps,25.28621385185367,normal,f398aa60-da48-45c3-9eb4-8bb4a858c345,,,7.29
2026-08-10 16:43:43.707688+00:00,orchestrator,queue_wait_ms,42.99853515625,normal,f398aa60-da48-45c3-9eb4-8bb4a858c345,,,7.29
2026-08-10 16:43:43.708688+00:00,orchestrator,xai_latency_ms,0.0018000009731622413,normal,f398aa60-da48-45c3-9eb4-8bb4a858c345,,deterministic,7.29
2026-08-10 16:43:43.710688+00:00,orchestrator,events_received,180.0,normal,f398aa60-da48-45c3-9eb4-8bb4a858c345,,,7.29
2026-08-10 16:43:43.720688+00:00,detector,events_processed,181.0,normal,f398aa60-da48-45c3-9eb4-8bb4a858c345,,,7.3
2026-08-10 16:43:43.720688+00:00,detector,alerts_emitted,181.0,normal,f398aa60-da48-45c3-9eb4-8bb4a858c345,,,7.3
2026-08-10 16:43:43.720688+00:00,detector,throughput_eps,25.043074087426394,normal,f398aa60-da48-45c3-9eb4-8bb4a858c345,,,7.3
2026-08-10 16:43:43.721688+00:00,detector,queue_wait_ms,2.010009765625,normal,f398aa60-da48-45c3-9eb4-8bb4a858c345,,,7.3
2026-08-10 16:43:43.721688+00:00,detector,stage_latency_ms,18.71500000015658,normal,f398aa60-da48-45c3-9eb4-8bb4a858c345,,,7.3
2026-08-10 16:43:43.721688+00:00,detector,end_to_end_latency_ms,21.019775390625,normal,f398aa60-da48-45c3-9eb4-8bb4a858c345,,,7.3
2026-08-10 16:43:43.735897+00:00,orchestrator,events_processed,180.0,normal,f398aa60-da48-45c3-9eb4-8bb4a858c345,,,7.32
2026-08-10 16:43:43.736897+00:00,orchestrator,throughput_eps,25.289643186624513,normal,f398aa60-da48-45c3-9eb4-8bb4a858c345,,,7.32
2026-08-10 16:43:43.736897+00:00,orchestrator,queue_wait_ms,30.178955078125,normal,f398aa60-da48-45c3-9eb4-8bb4a858c345,,,7.32
2026-08-10 16:43:43.736897+00:00,orchestrator,stage_latency_ms,25.49630000066827,normal,f398aa60-da48-45c3-9eb4-8bb4a858c345,,,7.32
2026-08-10 16:43:43.737897+00:00,orchestrator,end_to_end_latency_ms,75.36328125,normal,f398aa60-da48-45c3-9eb4-8bb4a858c345,,,7.32
2026-08-10 16:43:43.737897+00:00,orchestrator,xai_latency_ms,0.0020000006770715117,normal,f398aa60-da48-45c3-9eb4-8bb4a858c345,,deterministic,7.32
2026-08-10 16:43:43.740897+00:00,generator,throughput_eps,25.005071028411088,normal,f398aa60-da48-45c3-9eb4-8bb4a858c345,,,7.32
2026-08-10 16:43:43.740897+00:00,orchestrator,events_received,181.0,normal,f398aa60-da48-45c3-9eb4-8bb4a858c345,,,7.32
2026-08-10 16:43:43.740897+00:00,generator,events_sent,182.0,normal,f398aa60-da48-45c3-9eb4-8bb4a858c345,,,7.32
2026-08-10 16:43:43.760897+00:00,detector,events_processed,182.0,normal,f398aa60-da48-45c3-9eb4-8bb4a858c345,,,7.34
2026-08-10 16:43:43.760897+00:00,detector,alerts_emitted,182.0,normal,f398aa60-da48-45c3-9eb4-8bb4a858c345,,,7.34
2026-08-10 16:43:43.761934+00:00,detector,throughput_eps,25.019188716977485,normal,f398aa60-da48-45c3-9eb4-8bb4a858c345,,,7.34
2026-08-10 16:43:43.761934+00:00,detector,queue_wait_ms,1.998291015625,normal,f398aa60-da48-45c3-9eb4-8bb4a858c345,,,7.34
2026-08-10 16:43:43.761934+00:00,detector,stage_latency_ms,19.475999999485794,normal,f398aa60-da48-45c3-9eb4-8bb4a858c345,,,7.34
2026-08-10 16:43:43.762896+00:00,detector,end_to_end_latency_ms,20.99853515625,normal,f398aa60-da48-45c3-9eb4-8bb4a858c345,,,7.34
2026-08-10 16:43:43.766030+00:00,orchestrator,queue_wait_ms,22.179931640625,normal,f398aa60-da48-45c3-9eb4-8bb4a858c345,,,7.35
2026-08-10 16:43:43.766030+00:00,orchestrator,events_processed,181.0,normal,f398aa60-da48-45c3-9eb4-8bb4a858c345,,,7.35
2026-08-10 16:43:43.766030+00:00,orchestrator,throughput_eps,25.278249326354413,normal,f398aa60-da48-45c3-9eb4-8bb4a858c345,,,7.35
2026-08-10 16:43:43.766030+00:00,orchestrator,stage_latency_ms,25.10909999909927,normal,f398aa60-da48-45c3-9eb4-8bb4a858c345,,,7.35
2026-08-10 16:43:43.767032+00:00,orchestrator,xai_latency_ms,0.0018000009731622413,normal,f398aa60-da48-45c3-9eb4-8bb4a858c345,,deterministic,7.35
2026-08-10 16:43:43.767032+00:00,orchestrator,end_to_end_latency_ms,66.361328125,normal,f398aa60-da48-45c3-9eb4-8bb4a858c345,,,7.35
2026-08-10 16:43:43.770030+00:00,orchestrator,events_received,182.0,normal,f398aa60-da48-45c3-9eb4-8bb4a858c345,,,7.35
2026-08-10 16:43:43.782317+00:00,generator,events_sent,183.0,normal,f398aa60-da48-45c3-9eb4-8bb4a858c345,,,7.36
2026-08-10 16:43:43.782317+00:00,generator,throughput_eps,25.00181913235923,normal,f398aa60-da48-45c3-9eb4-8bb4a858c345,,,7.36
2026-08-10 16:43:43.795316+00:00,orchestrator,events_processed,182.0,normal,f398aa60-da48-45c3-9eb4-8bb4a858c345,,,7.37
2026-08-10 16:43:43.795316+00:00,orchestrator,throughput_eps,25.283373948266128,normal,f398aa60-da48-45c3-9eb4-8bb4a858c345,,,7.37
2026-08-10 16:43:43.795316+00:00,orchestrator,queue_wait_ms,11.132568359375,normal,f398aa60-da48-45c3-9eb4-8bb4a858c345,,,7.37
2026-08-10 16:43:43.795316+00:00,orchestrator,stage_latency_ms,25.249299998904462,normal,f398aa60-da48-45c3-9eb4-8bb4a858c345,,,7.37
2026-08-10 16:43:43.796316+00:00,orchestrator,end_to_end_latency_ms,55.417236328125,normal,f398aa60-da48-45c3-9eb4-8bb4a858c345,,,7.38
2026-08-10 16:43:43.796316+00:00,orchestrator,xai_latency_ms,0.0018000009731622413,normal,f398aa60-da48-45c3-9eb4-8bb4a858c345,,deterministic,7.38
2026-08-10 16:43:43.801317+00:00,orchestrator,events_received,183.0,normal,f398aa60-da48-45c3-9eb4-8bb4a858c345,,,7.38
2026-08-10 16:43:43.801317+00:00,detector,events_processed,183.0,normal,f398aa60-da48-45c3-9eb4-8bb4a858c345,,,7.38
2026-08-10 16:43:43.801317+00:00,detector,alerts_emitted,183.0,normal,f398aa60-da48-45c3-9eb4-8bb4a858c345,,,7.38
2026-08-10 16:43:43.802316+00:00,detector,end_to_end_latency_ms,20.9990234375,normal,f398aa60-da48-45c3-9eb4-8bb4a858c345,,,7.38
2026-08-10 16:43:43.802316+00:00,detector,stage_latency_ms,18.937799999548588,normal,f398aa60-da48-45c3-9eb4-8bb4a858c345,,,7.38
2026-08-10 16:43:43.802316+00:00,detector,throughput_eps,25.004754403999982,normal,f398aa60-da48-45c3-9eb4-8bb4a858c345,,,7.38
2026-08-10 16:43:43.802316+00:00,detector,queue_wait_ms,1.999267578125,normal,f398aa60-da48-45c3-9eb4-8bb4a858c345,,,7.38
2026-08-10 16:43:43.822054+00:00,generator,events_sent,184.0,normal,f398aa60-da48-45c3-9eb4-8bb4a858c345,,,7.4
2026-08-10 16:43:43.822054+00:00,generator,throughput_eps,25.001582600177723,normal,f398aa60-da48-45c3-9eb4-8bb4a858c345,,,7.4
2026-08-10 16:43:43.827054+00:00,orchestrator,events_processed,183.0,normal,f398aa60-da48-45c3-9eb4-8bb4a858c345,,,7.41
2026-08-10 16:43:43.827054+00:00,orchestrator,throughput_eps,25.25762881621225,normal,f398aa60-da48-45c3-9eb4-8bb4a858c345,,,7.41
2026-08-10 16:43:43.827054+00:00,orchestrator,queue_wait_ms,2.0,normal,f398aa60-da48-45c3-9eb4-8bb4a858c345,,,7.41
2026-08-10 16:43:43.828054+00:00,orchestrator,end_to_end_latency_ms,46.736572265625,normal,f398aa60-da48-45c3-9eb4-8bb4a858c345,,,7.41
2026-08-10 16:43:43.828054+00:00,orchestrator,stage_latency_ms,25.197099999786587,normal,f398aa60-da48-45c3-9eb4-8bb4a858c345,,,7.41
2026-08-10 16:43:43.828054+00:00,orchestrator,xai_latency_ms,0.0029000002541579306,normal,f398aa60-da48-45c3-9eb4-8bb4a858c345,,deterministic,7.41
2026-08-10 16:43:43.841056+00:00,detector,alerts_emitted,184.0,normal,f398aa60-da48-45c3-9eb4-8bb4a858c345,,,7.42
2026-08-10 16:43:43.841056+00:00,detector,events_processed,184.0,normal,f398aa60-da48-45c3-9eb4-8bb4a858c345,,,7.42
2026-08-10 16:43:43.842054+00:00,detector,throughput_eps,25.004861445165076,normal,f398aa60-da48-45c3-9eb4-8bb4a858c345,,,7.42
2026-08-10 16:43:43.842054+00:00,detector,queue_wait_ms,2.00048828125,normal,f398aa60-da48-45c3-9eb4-8bb4a858c345,,,7.42
2026-08-10 16:43:43.842054+00:00,orchestrator,events_received,184.0,normal,f398aa60-da48-45c3-9eb4-8bb4a858c345,,,7.42
2026-08-10 16:43:43.843054+00:00,detector,stage_latency_ms,18.89599999958591,normal,f398aa60-da48-45c3-9eb4-8bb4a858c345,,,7.42
2026-08-10 16:43:43.843054+00:00,detector,end_to_end_latency_ms,21.001953125,normal,f398aa60-da48-45c3-9eb4-8bb4a858c345,,,7.42
2026-08-10 16:43:43.861726+00:00,generator,events_sent,185.0,normal,f398aa60-da48-45c3-9eb4-8bb4a858c345,,,7.44
2026-08-10 16:43:43.861726+00:00,generator,throughput_eps,25.003616022949036,normal,f398aa60-da48-45c3-9eb4-8bb4a858c345,,,7.44
2026-08-10 16:43:43.866725+00:00,orchestrator,events_processed,184.0,normal,f398aa60-da48-45c3-9eb4-8bb4a858c345,,,7.45
2026-08-10 16:43:43.866725+00:00,orchestrator,throughput_eps,25.210220223280803,normal,f398aa60-da48-45c3-9eb4-8bb4a858c345,,,7.45
2026-08-10 16:43:43.866725+00:00,orchestrator,queue_wait_ms,2.99951171875,normal,f398aa60-da48-45c3-9eb4-8bb4a858c345,,,7.45
2026-08-10 16:43:43.866725+00:00,orchestrator,stage_latency_ms,24.62049999849114,normal,f398aa60-da48-45c3-9eb4-8bb4a858c345,,,7.45
2026-08-10 16:43:43.867725+00:00,orchestrator,end_to_end_latency_ms,46.67138671875,normal,f398aa60-da48-45c3-9eb4-8bb4a858c345,,,7.45
2026-08-10 16:43:43.867725+00:00,orchestrator,xai_latency_ms,0.0015999994502635673,normal,f398aa60-da48-45c3-9eb4-8bb4a858c345,,deterministic,7.45
2026-08-10 16:43:43.881727+00:00,detector,throughput_eps,25.005719308122316,normal,f398aa60-da48-45c3-9eb4-8bb4a858c345,,,7.46
2026-08-10 16:43:43.881727+00:00,orchestrator,events_received,185.0,normal,f398aa60-da48-45c3-9eb4-8bb4a858c345,,,7.46
2026-08-10 16:43:43.881727+00:00,detector,events_processed,185.0,normal,f398aa60-da48-45c3-9eb4-8bb4a858c345,,,7.46
2026-08-10 16:43:43.881727+00:00,detector,alerts_emitted,185.0,normal,f398aa60-da48-45c3-9eb4-8bb4a858c345,,,7.46
2026-08-10 16:43:43.882727+00:00,detector,queue_wait_ms,2.00146484375,normal,f398aa60-da48-45c3-9eb4-8bb4a858c345,,,7.46
2026-08-10 16:43:43.882727+00:00,detector,stage_latency_ms,19.86170000054699,normal,f398aa60-da48-45c3-9eb4-8bb4a858c345,,,7.46
2026-08-10 16:43:43.883726+00:00,detector,end_to_end_latency_ms,22.001953125,normal,f398aa60-da48-45c3-9eb4-8bb4a858c345,,,7.46
2026-08-10 16:43:43.901727+00:00,generator,events_sent,186.0,normal,f398aa60-da48-45c3-9eb4-8bb4a858c345,,,7.48
2026-08-10 16:43:43.901727+00:00,generator,throughput_eps,25.00415218951922,normal,f398aa60-da48-45c3-9eb4-8bb4a858c345,,,7.48
2026-08-10 16:43:43.907331+00:00,orchestrator,events_processed,185.0,normal,f398aa60-da48-45c3-9eb4-8bb4a858c345,,,7.49
2026-08-10 16:43:43.907331+00:00,orchestrator,throughput_eps,25.09317749225133,normal,f398aa60-da48-45c3-9eb4-8bb4a858c345,,,7.49
2026-08-10 16:43:43.907331+00:00,orchestrator,queue_wait_ms,3.00146484375,normal,f398aa60-da48-45c3-9eb4-8bb4a858c345,,,7.49
2026-08-10 16:43:43.908330+00:00,orchestrator,xai_latency_ms,0.0018999999156221747,normal,f398aa60-da48-45c3-9eb4-8bb4a858c345,,deterministic,7.49
2026-08-10 16:43:43.908330+00:00,orchestrator,stage_latency_ms,25.34379999997327,normal,f398aa60-da48-45c3-9eb4-8bb4a858c345,,,7.49
2026-08-10 16:43:43.908330+00:00,orchestrator,end_to_end_latency_ms,47.60595703125,normal,f398aa60-da48-45c3-9eb4-8bb4a858c345,,,7.49
2026-08-10 16:43:43.921330+00:00,detector,alerts_emitted,186.0,normal,f398aa60-da48-45c3-9eb4-8bb4a858c345,,,7.5
2026-08-10 16:43:43.921330+00:00,detector,events_processed,186.0,normal,f398aa60-da48-45c3-9eb4-8bb4a858c345,,,7.5
2026-08-10 16:43:43.921330+00:00,orchestrator,events_received,186.0,normal,f398aa60-da48-45c3-9eb4-8bb4a858c345,,,7.5
2026-08-10 16:43:43.922332+00:00,detector,throughput_eps,25.00904026787584,normal,f398aa60-da48-45c3-9eb4-8bb4a858c345,,,7.5
2026-08-10 16:43:43.922332+00:00,detector,queue_wait_ms,2.00341796875,normal,f398aa60-da48-45c3-9eb4-8bb4a858c345,,,7.5
2026-08-10 16:43:43.923331+00:00,detector,stage_latency_ms,19.511399999828427,normal,f398aa60-da48-45c3-9eb4-8bb4a858c345,,,7.5
2026-08-10 16:43:43.923331+00:00,detector,end_to_end_latency_ms,21.60693359375,normal,f398aa60-da48-45c3-9eb4-8bb4a858c345,,,7.5
2026-08-10 16:43:43.942331+00:00,generator,events_sent,187.0,normal,f398aa60-da48-45c3-9eb4-8bb4a858c345,,,7.52
2026-08-10 16:43:43.942331+00:00,generator,throughput_eps,25.00101254100507,normal,f398aa60-da48-45c3-9eb4-8bb4a858c345,,,7.52
2026-08-10 16:43:43.947330+00:00,orchestrator,events_processed,186.0,normal,f398aa60-da48-45c3-9eb4-8bb4a858c345,,,7.53
2026-08-10 16:43:43.947330+00:00,orchestrator,throughput_eps,25.03772183171149,normal,f398aa60-da48-45c3-9eb4-8bb4a858c345,,,7.53
2026-08-10 16:43:43.948330+00:00,orchestrator,end_to_end_latency_ms,47.606201171875,normal,f398aa60-da48-45c3-9eb4-8bb4a858c345,,,7.53
2026-08-10 16:43:43.948330+00:00,orchestrator,queue_wait_ms,2.99951171875,normal,f398aa60-da48-45c3-9eb4-8bb4a858c345,,,7.53
2026-08-10 16:43:43.948330+00:00,orchestrator,stage_latency_ms,25.632900000346126,normal,f398aa60-da48-45c3-9eb4-8bb4a858c345,,,7.53
2026-08-10 16:43:43.949329+00:00,orchestrator,xai_latency_ms,0.002599999788799323,normal,f398aa60-da48-45c3-9eb4-8bb4a858c345,,deterministic,7.53
2026-08-10 16:43:43.970329+00:00,detector,events_processed,187.0,normal,f398aa60-da48-45c3-9eb4-8bb4a858c345,,,7.55
2026-08-10 16:43:43.970329+00:00,detector,alerts_emitted,187.0,normal,f398aa60-da48-45c3-9eb4-8bb4a858c345,,,7.55
2026-08-10 16:43:43.970329+00:00,orchestrator,events_received,187.0,normal,f398aa60-da48-45c3-9eb4-8bb4a858c345,,,7.55
2026-08-10 16:43:43.970329+00:00,detector,throughput_eps,24.958357785142812,normal,f398aa60-da48-45c3-9eb4-8bb4a858c345,,,7.55
2026-08-10 16:43:43.971332+00:00,detector,queue_wait_ms,2.0,normal,f398aa60-da48-45c3-9eb4-8bb4a858c345,,,7.55
2026-08-10 16:43:43.971332+00:00,detector,stage_latency_ms,27.331499999490916,normal,f398aa60-da48-45c3-9eb4-8bb4a858c345,,,7.55
2026-08-10 16:43:43.972330+00:00,detector,end_to_end_latency_ms,29.998779296875,normal,f398aa60-da48-45c3-9eb4-8bb4a858c345,,,7.55
2026-08-10 16:43:43.982329+00:00,generator,events_sent,188.0,normal,f398aa60-da48-45c3-9eb4-8bb4a858c345,,,7.56
2026-08-10 16:43:43.982329+00:00,generator,throughput_eps,25.00346548031535,normal,f398aa60-da48-45c3-9eb4-8bb4a858c345,,,7.56
2026-08-10 16:43:43.994330+00:00,orchestrator,events_processed,187.0,normal,f398aa60-da48-45c3-9eb4-8bb4a858c345,,,7.57
2026-08-10 16:43:43.995330+00:00,orchestrator,queue_wait_ms,2.998779296875,normal,f398aa60-da48-45c3-9eb4-8bb4a858c345,,,7.57
2026-08-10 16:43:43.995330+00:00,orchestrator,throughput_eps,25.215368221957206,normal,f398aa60-da48-45c3-9eb4-8bb4a858c345,,,7.57
2026-08-10 16:43:43.995330+00:00,orchestrator,stage_latency_ms,24.45409999927506,normal,f398aa60-da48-45c3-9eb4-8bb4a858c345,,,7.57
2026-08-10 16:43:43.996331+00:00,orchestrator,xai_latency_ms,0.0018999999156221747,normal,f398aa60-da48-45c3-9eb4-8bb4a858c345,,deterministic,7.58
2026-08-10 16:43:43.996331+00:00,orchestrator,end_to_end_latency_ms,53.9990234375,normal,f398aa60-da48-45c3-9eb4-8bb4a858c345,,,7.58
2026-08-10 16:43:44.003330+00:00,orchestrator,events_received,188.0,normal,f398aa60-da48-45c3-9eb4-8bb4a858c345,,,7.58
2026-08-10 16:43:44.003330+00:00,detector,alerts_emitted,188.0,normal,f398aa60-da48-45c3-9eb4-8bb4a858c345,,,7.58
2026-08-10 16:43:44.003330+00:00,detector,events_processed,188.0,normal,f398aa60-da48-45c3-9eb4-8bb4a858c345,,,7.58
2026-08-10 16:43:44.004329+00:00,detector,end_to_end_latency_ms,23.0009765625,normal,f398aa60-da48-45c3-9eb4-8bb4a858c345,,,7.58
2026-08-10 16:43:44.004329+00:00,detector,stage_latency_ms,20.407899999554502,normal,f398aa60-da48-45c3-9eb4-8bb4a858c345,,,7.58
2026-08-10 16:43:44.004329+00:00,detector,queue_wait_ms,1.99951171875,normal,f398aa60-da48-45c3-9eb4-8bb4a858c345,,,7.58
2026-08-10 16:43:44.004329+00:00,detector,throughput_eps,24.991272704955698,normal,f398aa60-da48-45c3-9eb4-8bb4a858c345,,,7.58
2026-08-10 16:43:44.022329+00:00,generator,events_sent,189.0,normal,f398aa60-da48-45c3-9eb4-8bb4a858c345,,,7.6
2026-08-10 16:43:44.022329+00:00,generator,throughput_eps,25.001866570800978,normal,f398aa60-da48-45c3-9eb4-8bb4a858c345,,,7.6
2026-08-10 16:43:44.028025+00:00,orchestrator,events_processed,188.0,normal,f398aa60-da48-45c3-9eb4-8bb4a858c345,,,7.61
2026-08-10 16:43:44.028025+00:00,orchestrator,throughput_eps,25.24848600483136,normal,f398aa60-da48-45c3-9eb4-8bb4a858c345,,,7.61
2026-08-10 16:43:44.029024+00:00,orchestrator,queue_wait_ms,3.00048828125,normal,f398aa60-da48-45c3-9eb4-8bb4a858c345,,,7.61
2026-08-10 16:43:44.029024+00:00,orchestrator,stage_latency_ms,24.57499999945867,normal,f398aa60-da48-45c3-9eb4-8bb4a858c345,,,7.61
2026-08-10 16:43:44.029024+00:00,orchestrator,end_to_end_latency_ms,47.696044921875,normal,f398aa60-da48-45c3-9eb4-8bb4a858c345,,,7.61
2026-08-10 16:43:44.030025+00:00,orchestrator,xai_latency_ms,0.0018000009731622413,normal,f398aa60-da48-45c3-9eb4-8bb4a858c345,,deterministic,7.61
2026-08-10 16:43:44.042023+00:00,detector,alerts_emitted,189.0,normal,f398aa60-da48-45c3-9eb4-8bb4a858c345,,,7.62
2026-08-10 16:43:44.042023+00:00,orchestrator,events_received,189.0,normal,f398aa60-da48-45c3-9eb4-8bb4a858c345,,,7.62
2026-08-10 16:43:44.042023+00:00,detector,events_processed,189.0,normal,f398aa60-da48-45c3-9eb4-8bb4a858c345,,,7.62
2026-08-10 16:43:44.043025+00:00,detector,throughput_eps,24.999647182402782,normal,f398aa60-da48-45c3-9eb4-8bb4a858c345,,,7.62
2026-08-10 16:43:44.043025+00:00,detector,queue_wait_ms,1.99951171875,normal,f398aa60-da48-45c3-9eb4-8bb4a858c345,,,7.62
2026-08-10 16:43:44.043025+00:00,detector,stage_latency_ms,19.497600000249804,normal,f398aa60-da48-45c3-9eb4-8bb4a858c345,,,7.62
2026-08-10 16:43:44.044023+00:00,detector,end_to_end_latency_ms,21.69287109375,normal,f398aa60-da48-45c3-9eb4-8bb4a858c345,,,7.62
2026-08-10 16:43:44.062022+00:00,generator,events_sent,190.0,normal,f398aa60-da48-45c3-9eb4-8bb4a858c345,,,7.64
2026-08-10 16:43:44.062022+00:00,generator,throughput_eps,25.00194565140892,normal,f398aa60-da48-45c3-9eb4-8bb4a858c345,,,7.64
2026-08-10 16:43:44.069177+00:00,orchestrator,events_processed,189.0,normal,f398aa60-da48-45c3-9eb4-8bb4a858c345,,,7.65
2026-08-10 16:43:44.069177+00:00,orchestrator,throughput_eps,25.24137667430152,normal,f398aa60-da48-45c3-9eb4-8bb4a858c345,,,7.65
2026-08-10 16:43:44.069177+00:00,orchestrator,queue_wait_ms,2.000244140625,normal,f398aa60-da48-45c3-9eb4-8bb4a858c345,,,7.65
2026-08-10 16:43:44.070178+00:00,orchestrator,stage_latency_ms,26.635499998519663,normal,f398aa60-da48-45c3-9eb4-8bb4a858c345,,,7.65
2026-08-10 16:43:44.070178+00:00,orchestrator,end_to_end_latency_ms,48.84765625,normal,f398aa60-da48-45c3-9eb4-8bb4a858c345,,,7.65
2026-08-10 16:43:44.071179+00:00,orchestrator,xai_latency_ms,0.001999998858082108,normal,f398aa60-da48-45c3-9eb4-8bb4a858c345,,deterministic,7.65
2026-08-10 16:43:44.090176+00:00,detector,throughput_eps,24.956194833982327,normal,f398aa60-da48-45c3-9eb4-8bb4a858c345,,,7.67
2026-08-10 16:43:44.090176+00:00,detector,alerts_emitted,190.0,normal,f398aa60-da48-45c3-9eb4-8bb4a858c345,,,7.67
2026-08-10 16:43:44.090176+00:00,detector,events_processed,190.0,normal,f398aa60-da48-45c3-9eb4-8bb4a858c345,,,7.67
2026-08-10 16:43:44.090176+00:00,orchestrator,events_received,190.0,normal,f398aa60-da48-45c3-9eb4-8bb4a858c345,,,7.67
2026-08-10 16:43:44.091179+00:00,detector,queue_wait_ms,2.000244140625,normal,f398aa60-da48-45c3-9eb4-8bb4a858c345,,,7.67
2026-08-10 16:43:44.091179+00:00,detector,stage_latency_ms,27.35209999991639,normal,f398aa60-da48-45c3-9eb4-8bb4a858c345,,,7.67
2026-08-10 16:43:44.091179+00:00,detector,end_to_end_latency_ms,30.154052734375,normal,f398aa60-da48-45c3-9eb4-8bb4a858c345,,,7.67
2026-08-10 16:43:44.102179+00:00,generator,events_sent,191.0,normal,f398aa60-da48-45c3-9eb4-8bb4a858c345,,,7.68
2026-08-10 16:43:44.102179+00:00,generator,throughput_eps,24.99948186557882,normal,f398aa60-da48-45c3-9eb4-8bb4a858c345,,,7.68
2026-08-10 16:43:44.121178+00:00,detector,events_processed,191.0,normal,f398aa60-da48-45c3-9eb4-8bb4a858c345,,,7.7
2026-08-10 16:43:44.121178+00:00,detector,alerts_emitted,191.0,normal,f398aa60-da48-45c3-9eb4-8bb4a858c345,,,7.7
2026-08-10 16:43:44.122177+00:00,detector,throughput_eps,25.00848624661439,normal,f398aa60-da48-45c3-9eb4-8bb4a858c345,,,7.7
2026-08-10 16:43:44.122177+00:00,detector,queue_wait_ms,2.001708984375,normal,f398aa60-da48-45c3-9eb4-8bb4a858c345,,,7.7
2026-08-10 16:43:44.122177+00:00,detector,stage_latency_ms,19.102999998722225,normal,f398aa60-da48-45c3-9eb4-8bb4a858c345,,,7.7
2026-08-10 16:43:44.123178+00:00,detector,end_to_end_latency_ms,21.00048828125,normal,f398aa60-da48-45c3-9eb4-8bb4a858c345,,,7.7
2026-08-10 16:43:44.141178+00:00,generator,events_sent,192.0,normal,f398aa60-da48-45c3-9eb4-8bb4a858c345,,,7.72
2026-08-10 16:43:44.142179+00:00,generator,throughput_eps,25.00351460693259,normal,f398aa60-da48-45c3-9eb4-8bb4a858c345,,,7.72
2026-08-10 16:43:44.157177+00:00,orchestrator,events_processed,190.0,normal,f398aa60-da48-45c3-9eb4-8bb4a858c345,,,7.74
2026-08-10 16:43:44.157177+00:00,orchestrator,throughput_eps,24.838431014007533,normal,f398aa60-da48-45c3-9eb4-8bb4a858c345,,,7.74
2026-08-10 16:43:44.157177+00:00,orchestrator,queue_wait_ms,2.998046875,normal,f398aa60-da48-45c3-9eb4-8bb4a858c345,,,7.74
2026-08-10 16:43:44.157177+00:00,orchestrator,stage_latency_ms,66.61789999998291,normal,f398aa60-da48-45c3-9eb4-8bb4a858c345,,,7.74
2026-08-10 16:43:44.158179+00:00,orchestrator,end_to_end_latency_ms,97.155029296875,normal,f398aa60-da48-45c3-9eb4-8bb4a858c345,,,7.74
2026-08-10 16:43:44.158179+00:00,orchestrator,xai_latency_ms,0.002099999619531445,normal,f398aa60-da48-45c3-9eb4-8bb4a858c345,,deterministic,7.74
2026-08-10 16:43:44.161176+00:00,orchestrator,events_received,191.0,normal,f398aa60-da48-45c3-9eb4-8bb4a858c345,,,7.74
2026-08-10 16:43:44.162179+00:00,detector,events_processed,192.0,normal,f398aa60-da48-45c3-9eb4-8bb4a858c345,,,7.74
2026-08-10 16:43:44.163180+00:00,detector,alerts_emitted,192.0,normal,f398aa60-da48-45c3-9eb4-8bb4a858c345,,,7.74
2026-08-10 16:43:44.163180+00:00,detector,throughput_eps,25.0021851909887,normal,f398aa60-da48-45c3-9eb4-8bb4a858c345,,,7.74
2026-08-10 16:43:44.163180+00:00,detector,queue_wait_ms,2.001708984375,normal,f398aa60-da48-45c3-9eb4-8bb4a858c345,,,7.74
2026-08-10 16:43:44.164177+00:00,detector,end_to_end_latency_ms,22.001708984375,normal,f398aa60-da48-45c3-9eb4-8bb4a858c345,,,7.74
2026-08-10 16:43:44.164177+00:00,detector,stage_latency_ms,20.569799999066163,normal,f398aa60-da48-45c3-9eb4-8bb4a858c345,,,7.74
2026-08-10 16:43:44.181176+00:00,generator,events_sent,193.0,normal,f398aa60-da48-45c3-9eb4-8bb4a858c345,,,7.76
2026-08-10 16:43:44.182178+00:00,generator,throughput_eps,25.00345447727755,normal,f398aa60-da48-45c3-9eb4-8bb4a858c345,,,7.76
2026-08-10 16:43:44.186177+00:00,orchestrator,events_processed,191.0,normal,f398aa60-da48-45c3-9eb4-8bb4a858c345,,,7.77
2026-08-10 16:43:44.186177+00:00,orchestrator,throughput_eps,24.837434982009764,normal,f398aa60-da48-45c3-9eb4-8bb4a858c345,,,7.77
2026-08-10 16:43:44.187176+00:00,orchestrator,queue_wait_ms,41.999267578125,normal,f398aa60-da48-45c3-9eb4-8bb4a858c345,,,7.77
2026-08-10 16:43:44.187176+00:00,orchestrator,stage_latency_ms,24.85800000067684,normal,f398aa60-da48-45c3-9eb4-8bb4a858c345,,,7.77
2026-08-10 16:43:44.187176+00:00,orchestrator,end_to_end_latency_ms,86.0,normal,f398aa60-da48-45c3-9eb4-8bb4a858c345,,,7.77
2026-08-10 16:43:44.188177+00:00,orchestrator,xai_latency_ms,0.001999998858082108,normal,f398aa60-da48-45c3-9eb4-8bb4a858c345,,deterministic,7.77
2026-08-10 16:43:44.190176+00:00,orchestrator,events_received,192.0,normal,f398aa60-da48-45c3-9eb4-8bb4a858c345,,,7.77
2026-08-10 16:43:44.201177+00:00,detector,events_processed,193.0,normal,f398aa60-da48-45c3-9eb4-8bb4a858c345,,,7.78
2026-08-10 16:43:44.201177+00:00,detector,alerts_emitted,193.0,normal,f398aa60-da48-45c3-9eb4-8bb4a858c345,,,7.78
2026-08-10 16:43:44.202176+00:00,detector,throughput_eps,25.001995159216058,normal,f398aa60-da48-45c3-9eb4-8bb4a858c345,,,7.78
2026-08-10 16:43:44.202176+00:00,detector,queue_wait_ms,2.00048828125,normal,f398aa60-da48-45c3-9eb4-8bb4a858c345,,,7.78
2026-08-10 16:43:44.202176+00:00,detector,stage_latency_ms,19.187499998224666,normal,f398aa60-da48-45c3-9eb4-8bb4a858c345,,,7.78
2026-08-10 16:43:44.203177+00:00,detector,end_to_end_latency_ms,21.0,normal,f398aa60-da48-45c3-9eb4-8bb4a858c345,,,7.78
2026-08-10 16:43:44.214177+00:00,orchestrator,throughput_eps,24.864233265650704,normal,f398aa60-da48-45c3-9eb4-8bb4a858c345,,,7.79
2026-08-10 16:43:44.214177+00:00,orchestrator,events_processed,192.0,normal,f398aa60-da48-45c3-9eb4-8bb4a858c345,,,7.79
2026-08-10 16:43:44.215176+00:00,orchestrator,queue_wait_ms,29.997802734375,normal,f398aa60-da48-45c3-9eb4-8bb4a858c345,,,7.79
2026-08-10 16:43:44.215176+00:00,orchestrator,stage_latency_ms,24.156600000424078,normal,f398aa60-da48-45c3-9eb4-8bb4a858c345,,,7.79
2026-08-10 16:43:44.215176+00:00,orchestrator,end_to_end_latency_ms,73.999267578125,normal,f398aa60-da48-45c3-9eb4-8bb4a858c345,,,7.79
2026-08-10 16:43:44.216176+00:00,orchestrator,xai_latency_ms,0.001999998858082108,normal,f398aa60-da48-45c3-9eb4-8bb4a858c345,,deterministic,7.8
2026-08-10 16:43:44.218178+00:00,orchestrator,events_received,193.0,normal,f398aa60-da48-45c3-9eb4-8bb4a858c345,,,7.8
2026-08-10 16:43:44.221177+00:00,generator,events_sent,194.0,normal,f398aa60-da48-45c3-9eb4-8bb4a858c345,,,7.8
2026-08-10 16:43:44.221177+00:00,generator,throughput_eps,25.005036514453227,normal,f398aa60-da48-45c3-9eb4-8bb4a858c345,,,7.8
2026-08-10 16:43:44.241179+00:00,detector,events_processed,194.0,normal,f398aa60-da48-45c3-9eb4-8bb4a858c345,,,7.82
2026-08-10 16:43:44.241179+00:00,detector,alerts_emitted,194.0,normal,f398aa60-da48-45c3-9eb4-8bb4a858c345,,,7.82
2026-08-10 16:43:44.242176+00:00,detector,throughput_eps,25.002542758595258,normal,f398aa60-da48-45c3-9eb4-8bb4a858c345,,,7.82
2026-08-10 16:43:44.242176+00:00,detector,queue_wait_ms,1.999755859375,normal,f398aa60-da48-45c3-9eb4-8bb4a858c345,,,7.82
2026-08-10 16:43:44.242176+00:00,detector,stage_latency_ms,19.310800000312156,normal,f398aa60-da48-45c3-9eb4-8bb4a858c345,,,7.82
2026-08-10 16:43:44.243176+00:00,orchestrator,queue_wait_ms,19.001708984375,normal,f398aa60-da48-45c3-9eb4-8bb4a858c345,,,7.82
2026-08-10 16:43:44.243176+00:00,orchestrator,throughput_eps,24.923295543055854,normal,f398aa60-da48-45c3-9eb4-8bb4a858c345,,,7.82
2026-08-10 16:43:44.243176+00:00,detector,end_to_end_latency_ms,21.002197265625,normal,f398aa60-da48-45c3-9eb4-8bb4a858c345,,,7.82
2026-08-10 16:43:44.244176+00:00,orchestrator,stage_latency_ms,24.394399999437155,normal,f398aa60-da48-45c3-9eb4-8bb4a858c345,,,7.82
2026-08-10 16:43:44.244176+00:00,orchestrator,end_to_end_latency_ms,62.9990234375,normal,f398aa60-da48-45c3-9eb4-8bb4a858c345,,,7.82
2026-08-10 16:43:44.244176+00:00,orchestrator,xai_latency_ms,0.0017999991541728377,normal,f398aa60-da48-45c3-9eb4-8bb4a858c345,,deterministic,7.82
2026-08-10 16:43:44.247176+00:00,orchestrator,events_received,194.0,normal,f398aa60-da48-45c3-9eb4-8bb4a858c345,,,7.83
2026-08-10 16:43:44.262177+00:00,generator,events_sent,195.0,normal,f398aa60-da48-45c3-9eb4-8bb4a858c345,,,7.84
2026-08-10 16:43:44.262177+00:00,generator,throughput_eps,25.002048050833988,normal,f398aa60-da48-45c3-9eb4-8bb4a858c345,,,7.84
2026-08-10 16:43:44.271176+00:00,orchestrator,events_processed,194.0,normal,f398aa60-da48-45c3-9eb4-8bb4a858c345,,,7.85
2026-08-10 16:43:44.272176+00:00,orchestrator,throughput_eps,24.96986399196614,normal,f398aa60-da48-45c3-9eb4-8bb4a858c345,,,7.85
2026-08-10 16:43:44.272176+00:00,orchestrator,queue_wait_ms,7.99951171875,normal,f398aa60-da48-45c3-9eb4-8bb4a858c345,,,7.85
2026-08-10 16:43:44.272176+00:00,orchestrator,stage_latency_ms,24.774100000286126,normal,f398aa60-da48-45c3-9eb4-8bb4a858c345,,,7.85
2026-08-10 16:43:44.273176+00:00,orchestrator,end_to_end_latency_ms,50.9990234375,normal,f398aa60-da48-45c3-9eb4-8bb4a858c345,,,7.85
2026-08-10 16:43:44.273176+00:00,orchestrator,xai_latency_ms,0.0018000009731622413,normal,f398aa60-da48-45c3-9eb4-8bb4a858c345,,deterministic,7.85
2026-08-10 16:43:44.281176+00:00,detector,throughput_eps,25.00486334509293,normal,f398aa60-da48-45c3-9eb4-8bb4a858c345,,,7.86
2026-08-10 16:43:44.281176+00:00,detector,events_processed,195.0,normal,f398aa60-da48-45c3-9eb4-8bb4a858c345,,,7.86
2026-08-10 16:43:44.281176+00:00,detector,alerts_emitted,195.0,normal,f398aa60-da48-45c3-9eb4-8bb4a858c345,,,7.86
2026-08-10 16:43:44.282176+00:00,detector,queue_wait_ms,2.001220703125,normal,f398aa60-da48-45c3-9eb4-8bb4a858c345,,,7.86
2026-08-10 16:43:44.282176+00:00,detector,stage_latency_ms,18.684200000279816,normal,f398aa60-da48-45c3-9eb4-8bb4a858c345,,,7.86
2026-08-10 16:43:44.282176+00:00,detector,end_to_end_latency_ms,21.0009765625,normal,f398aa60-da48-45c3-9eb4-8bb4a858c345,,,7.86
2026-08-10 16:43:44.301176+00:00,generator,events_sent,196.0,normal,f398aa60-da48-45c3-9eb4-8bb4a858c345,,,7.88
2026-08-10 16:43:44.302176+00:00,generator,throughput_eps,25.003138894053325,normal,f398aa60-da48-45c3-9eb4-8bb4a858c345,,,7.88
2026-08-10 16:43:44.305176+00:00,orchestrator,events_processed,195.0,normal,f398aa60-da48-45c3-9eb4-8bb4a858c345,,,7.88
2026-08-10 16:43:44.306176+00:00,orchestrator,throughput_eps,25.00091453345036,normal,f398aa60-da48-45c3-9eb4-8bb4a858c345,,,7.89
2026-08-10 16:43:44.306176+00:00,orchestrator,queue_wait_ms,2.99951171875,normal,f398aa60-da48-45c3-9eb4-8bb4a858c345,,,7.89
2026-08-10 16:43:44.306176+00:00,orchestrator,stage_latency_ms,24.176400000214926,normal,f398aa60-da48-45c3-9eb4-8bb4a858c345,,,7.89
2026-08-10 16:43:44.307175+00:00,orchestrator,xai_latency_ms,0.0018999999156221747,normal,f398aa60-da48-45c3-9eb4-8bb4a858c345,,deterministic,7.89
2026-08-10 16:43:44.307175+00:00,orchestrator,end_to_end_latency_ms,45.000732421875,normal,f398aa60-da48-45c3-9eb4-8bb4a858c345,,,7.89
2026-08-10 16:43:44.321176+00:00,orchestrator,events_received,196.0,normal,f398aa60-da48-45c3-9eb4-8bb4a858c345,,,7.9
2026-08-10 16:43:44.321176+00:00,detector,alerts_emitted,196.0,normal,f398aa60-da48-45c3-9eb4-8bb4a858c345,,,7.9
2026-08-10 16:43:44.321176+00:00,detector,events_processed,196.0,normal,f398aa60-da48-45c3-9eb4-8bb4a858c345,,,7.9
2026-08-10 16:43:44.322178+00:00,detector,throughput_eps,25.00343647230599,normal,f398aa60-da48-45c3-9eb4-8bb4a858c345,,,7.9
2026-08-10 16:43:44.322178+00:00,detector,queue_wait_ms,2.0,normal,f398aa60-da48-45c3-9eb4-8bb4a858c345,,,7.9
2026-08-10 16:43:44.322178+00:00,detector,stage_latency_ms,19.265099999756785,normal,f398aa60-da48-45c3-9eb4-8bb4a858c345,,,7.9
2026-08-10 16:43:44.323176+00:00,detector,end_to_end_latency_ms,21.0,normal,f398aa60-da48-45c3-9eb4-8bb4a858c345,,,7.9
2026-08-10 16:43:44.342175+00:00,generator,events_sent,197.0,normal,f398aa60-da48-45c3-9eb4-8bb4a858c345,,,7.92
2026-08-10 16:43:44.342175+00:00,generator,throughput_eps,25.001019041528217,normal,f398aa60-da48-45c3-9eb4-8bb4a858c345,,,7.92
2026-08-10 16:43:44.347175+00:00,orchestrator,events_processed,196.0,normal,f398aa60-da48-45c3-9eb4-8bb4a858c345,,,7.93
2026-08-10 16:43:44.347175+00:00,orchestrator,throughput_eps,25.255202814224774,normal,f398aa60-da48-45c3-9eb4-8bb4a858c345,,,7.93
2026-08-10 16:43:44.347175+00:00,orchestrator,queue_wait_ms,1.9990234375,normal,f398aa60-da48-45c3-9eb4-8bb4a858c345,,,7.93
2026-08-10 16:43:44.348176+00:00,orchestrator,end_to_end_latency_ms,46.9990234375,normal,f398aa60-da48-45c3-9eb4-8bb4a858c345,,,7.93
2026-08-10 16:43:44.348176+00:00,orchestrator,xai_latency_ms,0.0025000008463393897,normal,f398aa60-da48-45c3-9eb4-8bb4a858c345,,deterministic,7.93
2026-08-10 16:43:44.348176+00:00,orchestrator,stage_latency_ms,25.166400000671274,normal,f398aa60-da48-45c3-9eb4-8bb4a858c345,,,7.93
2026-08-10 16:43:44.361177+00:00,detector,events_processed,197.0,normal,f398aa60-da48-45c3-9eb4-8bb4a858c345,,,7.94
2026-08-10 16:43:44.361177+00:00,detector,alerts_emitted,197.0,normal,f398aa60-da48-45c3-9eb4-8bb4a858c345,,,7.94
2026-08-10 16:43:44.362176+00:00,detector,throughput_eps,25.000362505251715,normal,f398aa60-da48-45c3-9eb4-8bb4a858c345,,,7.94
2026-08-10 16:43:44.362176+00:00,orchestrator,events_received,197.0,normal,f398aa60-da48-45c3-9eb4-8bb4a858c345,,,7.94
2026-08-10 16:43:44.363176+00:00,detector,queue_wait_ms,2.00048828125,normal,f398aa60-da48-45c3-9eb4-8bb4a858c345,,,7.94
2026-08-10 16:43:44.363176+00:00,detector,stage_latency_ms,19.068400000833208,normal,f398aa60-da48-45c3-9eb4-8bb4a858c345,,,7.94
2026-08-10 16:43:44.363176+00:00,detector,end_to_end_latency_ms,21.00146484375,normal,f398aa60-da48-45c3-9eb4-8bb4a858c345,,,7.94
2026-08-10 16:43:44.381176+00:00,generator,events_sent,198.0,normal,f398aa60-da48-45c3-9eb4-8bb4a858c345,,,7.96
2026-08-10 16:43:44.382175+00:00,generator,throughput_eps,25.000132500701636,normal,f398aa60-da48-45c3-9eb4-8bb4a858c345,,,7.96
2026-08-10 16:43:44.387647+00:00,orchestrator,queue_wait_ms,3.0,normal,f398aa60-da48-45c3-9eb4-8bb4a858c345,,,7.97
2026-08-10 16:43:44.387647+00:00,orchestrator,events_processed,197.0,normal,f398aa60-da48-45c3-9eb4-8bb4a858c345,,,7.97
2026-08-10 16:43:44.387647+00:00,orchestrator,throughput_eps,25.25058196579478,normal,f398aa60-da48-45c3-9eb4-8bb4a858c345,,,7.97
2026-08-10 16:43:44.388648+00:00,orchestrator,end_to_end_latency_ms,47.472412109375,normal,f398aa60-da48-45c3-9eb4-8bb4a858c345,,,7.97
2026-08-10 16:43:44.388648+00:00,orchestrator,xai_latency_ms,0.011500000255182385,normal,f398aa60-da48-45c3-9eb4-8bb4a858c345,,deterministic,7.97
2026-08-10 16:43:44.388648+00:00,orchestrator,stage_latency_ms,25.495399999272195,normal,f398aa60-da48-45c3-9eb4-8bb4a858c345,,,7.97
2026-08-10 16:43:44.401650+00:00,detector,events_processed,198.0,normal,f398aa60-da48-45c3-9eb4-8bb4a858c345,,,7.98
2026-08-10 16:43:44.401650+00:00,detector,alerts_emitted,198.0,normal,f398aa60-da48-45c3-9eb4-8bb4a858c345,,,7.98
2026-08-10 16:43:44.401650+00:00,orchestrator,events_received,198.0,normal,f398aa60-da48-45c3-9eb4-8bb4a858c345,,,7.98
2026-08-10 16:43:44.401650+00:00,detector,throughput_eps,24.998855899137393,normal,f398aa60-da48-45c3-9eb4-8bb4a858c345,,,7.98
2026-08-10 16:43:44.401650+00:00,detector,queue_wait_ms,2.0,normal,f398aa60-da48-45c3-9eb4-8bb4a858c345,,,7.98
2026-08-10 16:43:44.402648+00:00,detector,stage_latency_ms,19.214399999327725,normal,f398aa60-da48-45c3-9eb4-8bb4a858c345,,,7.98
2026-08-10 16:43:44.402648+00:00,detector,end_to_end_latency_ms,21.474609375,normal,f398aa60-da48-45c3-9eb4-8bb4a858c345,,,7.98
2026-08-10 16:43:44.421647+00:00,generator,events_sent,199.0,normal,f398aa60-da48-45c3-9eb4-8bb4a858c345,,,8.0
2026-08-10 16:43:44.422647+00:00,generator,throughput_eps,25.000112500507957,normal,f398aa60-da48-45c3-9eb4-8bb4a858c345,,,8.0
2026-08-10 16:43:44.426647+00:00,orchestrator,queue_wait_ms,2.002197265625,normal,f398aa60-da48-45c3-9eb4-8bb4a858c345,,,8.01
2026-08-10 16:43:44.426647+00:00,orchestrator,events_processed,198.0,normal,f398aa60-da48-45c3-9eb4-8bb4a858c345,,,8.01
2026-08-10 16:43:44.426647+00:00,orchestrator,throughput_eps,25.200493425659626,normal,f398aa60-da48-45c3-9eb4-8bb4a858c345,,,8.01
2026-08-10 16:43:44.427648+00:00,orchestrator,xai_latency_ms,0.002599999788799323,normal,f398aa60-da48-45c3-9eb4-8bb4a858c345,,deterministic,8.01
2026-08-10 16:43:44.427648+00:00,orchestrator,end_to_end_latency_ms,46.471923828125,normal,f398aa60-da48-45c3-9eb4-8bb4a858c345,,,8.01
2026-08-10 16:43:44.427648+00:00,orchestrator,stage_latency_ms,24.58169999954407,normal,f398aa60-da48-45c3-9eb4-8bb4a858c345,,,8.01
2026-08-10 16:43:44.441646+00:00,detector,events_processed,199.0,normal,f398aa60-da48-45c3-9eb4-8bb4a858c345,,,8.02
2026-08-10 16:43:44.441646+00:00,detector,alerts_emitted,199.0,normal,f398aa60-da48-45c3-9eb4-8bb4a858c345,,,8.02
2026-08-10 16:43:44.441646+00:00,orchestrator,events_received,199.0,normal,f398aa60-da48-45c3-9eb4-8bb4a858c345,,,8.02
2026-08-10 16:43:44.441646+00:00,detector,throughput_eps,24.996490916000223,normal,f398aa60-da48-45c3-9eb4-8bb4a858c345,,,8.02
2026-08-10 16:43:44.442648+00:00,detector,queue_wait_ms,2.0,normal,f398aa60-da48-45c3-9eb4-8bb4a858c345,,,8.02
2026-08-10 16:43:44.442648+00:00,detector,stage_latency_ms,19.07280000159517,normal,f398aa60-da48-45c3-9eb4-8bb4a858c345,,,8.02
2026-08-10 16:43:44.442648+00:00,detector,end_to_end_latency_ms,20.998779296875,normal,f398aa60-da48-45c3-9eb4-8bb4a858c345,,,8.02
2026-08-10 16:43:44.461647+00:00,generator,events_sent,200.0,normal,f398aa60-da48-45c3-9eb4-8bb4a858c345,,,8.04
2026-08-10 16:43:44.462647+00:00,generator,throughput_eps,24.99850815354926,normal,f398aa60-da48-45c3-9eb4-8bb4a858c345,,,8.04
2026-08-10 16:43:44.466650+00:00,orchestrator,events_processed,199.0,normal,f398aa60-da48-45c3-9eb4-8bb4a858c345,,,8.05
2026-08-10 16:43:44.467647+00:00,orchestrator,queue_wait_ms,1.998779296875,normal,f398aa60-da48-45c3-9eb4-8bb4a858c345,,,8.05
2026-08-10 16:43:44.467647+00:00,orchestrator,throughput_eps,25.07691591649189,normal,f398aa60-da48-45c3-9eb4-8bb4a858c345,,,8.05
2026-08-10 16:43:44.467647+00:00,orchestrator,stage_latency_ms,25.108399999226094,normal,f398aa60-da48-45c3-9eb4-8bb4a858c345,,,8.05
2026-08-10 16:43:44.468649+00:00,orchestrator,xai_latency_ms,0.0020000006770715117,normal,f398aa60-da48-45c3-9eb4-8bb4a858c345,,deterministic,8.05
2026-08-10 16:43:44.468649+00:00,orchestrator,end_to_end_latency_ms,46.0029296875,normal,f398aa60-da48-45c3-9eb4-8bb4a858c345,,,8.05
2026-08-10 16:43:44.481647+00:00,detector,events_processed,200.0,normal,f398aa60-da48-45c3-9eb4-8bb4a858c345,,,8.06
2026-08-10 16:43:44.481647+00:00,detector,alerts_emitted,200.0,normal,f398aa60-da48-45c3-9eb4-8bb4a858c345,,,8.06
2026-08-10 16:43:44.481647+00:00,orchestrator,events_received,200.0,normal,f398aa60-da48-45c3-9eb4-8bb4a858c345,,,8.06
2026-08-10 16:43:44.481647+00:00,detector,throughput_eps,24.99821383730091,normal,f398aa60-da48-45c3-9eb4-8bb4a858c345,,,8.06
2026-08-10 16:43:44.482647+00:00,detector,queue_wait_ms,1.99951171875,normal,f398aa60-da48-45c3-9eb4-8bb4a858c345,,,8.06
2026-08-10 16:43:44.482647+00:00,detector,stage_latency_ms,18.929300000309013,normal,f398aa60-da48-45c3-9eb4-8bb4a858c345,,,8.06
2026-08-10 16:43:44.482647+00:00,detector,end_to_end_latency_ms,21.000244140625,normal,f398aa60-da48-45c3-9eb4-8bb4a858c345,,,8.06
2026-08-10 16:43:44.502646+00:00,generator,events_sent,201.0,normal,f398aa60-da48-45c3-9eb4-8bb4a858c345,,,8.08
2026-08-10 16:43:44.502646+00:00,generator,throughput_eps,24.996734801519285,normal,f398aa60-da48-45c3-9eb4-8bb4a858c345,,,8.08
2026-08-10 16:43:44.507646+00:00,orchestrator,events_processed,200.0,normal,f398aa60-da48-45c3-9eb4-8bb4a858c345,,,8.09
2026-08-10 16:43:44.507646+00:00,orchestrator,throughput_eps,25.019991974381334,normal,f398aa60-da48-45c3-9eb4-8bb4a858c345,,,8.09
2026-08-10 16:43:44.507646+00:00,orchestrator,queue_wait_ms,2.0009765625,normal,f398aa60-da48-45c3-9eb4-8bb4a858c345,,,8.09
2026-08-10 16:43:44.507646+00:00,orchestrator,stage_latency_ms,25.413299999854644,normal,f398aa60-da48-45c3-9eb4-8bb4a858c345,,,8.09
2026-08-10 16:43:44.508646+00:00,orchestrator,xai_latency_ms,0.0017000002117129043,normal,f398aa60-da48-45c3-9eb4-8bb4a858c345,,deterministic,8.09
2026-08-10 16:43:44.508646+00:00,orchestrator,end_to_end_latency_ms,46.99853515625,normal,f398aa60-da48-45c3-9eb4-8bb4a858c345,,,8.09
2026-08-10 16:43:44.521647+00:00,detector,events_processed,201.0,normal,f398aa60-da48-45c3-9eb4-8bb4a858c345,,,8.1
2026-08-10 16:43:44.521647+00:00,detector,alerts_emitted,201.0,normal,f398aa60-da48-45c3-9eb4-8bb4a858c345,,,8.1
2026-08-10 16:43:44.521647+00:00,orchestrator,events_received,201.0,normal,f398aa60-da48-45c3-9eb4-8bb4a858c345,,,8.1
2026-08-10 16:43:44.521647+00:00,detector,throughput_eps,25.003174798282885,normal,f398aa60-da48-45c3-9eb4-8bb4a858c345,,,8.1
2026-08-10 16:43:44.522647+00:00,detector,queue_wait_ms,1.99951171875,normal,f398aa60-da48-45c3-9eb4-8bb4a858c345,,,8.1
2026-08-10 16:43:44.522647+00:00,detector,stage_latency_ms,18.614900000102352,normal,f398aa60-da48-45c3-9eb4-8bb4a858c345,,,8.1
2026-08-10 16:43:44.522647+00:00,detector,end_to_end_latency_ms,21.0,normal,f398aa60-da48-45c3-9eb4-8bb4a858c345,,,8.1
2026-08-10 16:43:44.542649+00:00,generator,events_sent,202.0,normal,f398aa60-da48-45c3-9eb4-8bb4a858c345,,,8.12
2026-08-10 16:43:44.542649+00:00,generator,throughput_eps,24.996634525698283,normal,f398aa60-da48-45c3-9eb4-8bb4a858c345,,,8.12
2026-08-10 16:43:44.546646+00:00,orchestrator,events_processed,201.0,normal,f398aa60-da48-45c3-9eb4-8bb4a858c345,,,8.13
2026-08-10 16:43:44.546646+00:00,orchestrator,throughput_eps,25.006201638836206,normal,f398aa60-da48-45c3-9eb4-8bb4a858c345,,,8.13
2026-08-10 16:43:44.546646+00:00,orchestrator,queue_wait_ms,2.000244140625,normal,f398aa60-da48-45c3-9eb4-8bb4a858c345,,,8.13
2026-08-10 16:43:44.547650+00:00,orchestrator,xai_latency_ms,0.002099999619531445,normal,f398aa60-da48-45c3-9eb4-8bb4a858c345,,deterministic,8.13
2026-08-10 16:43:44.547650+00:00,orchestrator,stage_latency_ms,24.416099999143626,normal,f398aa60-da48-45c3-9eb4-8bb4a858c345,,,8.13
2026-08-10 16:43:44.547650+00:00,orchestrator,end_to_end_latency_ms,45.99951171875,normal,f398aa60-da48-45c3-9eb4-8bb4a858c345,,,8.13
2026-08-10 16:43:44.562647+00:00,detector,events_processed,202.0,normal,f398aa60-da48-45c3-9eb4-8bb4a858c345,,,8.14
2026-08-10 16:43:44.562647+00:00,detector,alerts_emitted,202.0,normal,f398aa60-da48-45c3-9eb4-8bb4a858c345,,,8.14
2026-08-10 16:43:44.562647+00:00,orchestrator,events_received,202.0,normal,f398aa60-da48-45c3-9eb4-8bb4a858c345,,,8.14
2026-08-10 16:43:44.562647+00:00,detector,throughput_eps,24.990554477320803,normal,f398aa60-da48-45c3-9eb4-8bb4a858c345,,,8.14
2026-08-10 16:43:44.563646+00:00,detector,queue_wait_ms,2.0029296875,normal,f398aa60-da48-45c3-9eb4-8bb4a858c345,,,8.14
2026-08-10 16:43:44.563646+00:00,detector,stage_latency_ms,19.77230000011332,normal,f398aa60-da48-45c3-9eb4-8bb4a858c345,,,8.14
2026-08-10 16:43:44.563646+00:00,detector,end_to_end_latency_ms,22.0009765625,normal,f398aa60-da48-45c3-9eb4-8bb4a858c345,,,8.14
2026-08-10 16:43:44.582647+00:00,generator,events_sent,203.0,normal,f398aa60-da48-45c3-9eb4-8bb4a858c345,,,8.16
2026-08-10 16:43:44.582647+00:00,generator,throughput_eps,24.997310773186786,normal,f398aa60-da48-45c3-9eb4-8bb4a858c345,,,8.16
2026-08-10 16:43:44.588647+00:00,orchestrator,throughput_eps,25.192010865718466,normal,f398aa60-da48-45c3-9eb4-8bb4a858c345,,,8.17
2026-08-10 16:43:44.588647+00:00,orchestrator,events_processed,202.0,normal,f398aa60-da48-45c3-9eb4-8bb4a858c345,,,8.17
2026-08-10 16:43:44.589646+00:00,orchestrator,stage_latency_ms,25.95829999881971,normal,f398aa60-da48-45c3-9eb4-8bb4a858c345,,,8.17
2026-08-10 16:43:44.589646+00:00,orchestrator,queue_wait_ms,3.0,normal,f398aa60-da48-45c3-9eb4-8bb4a858c345,,,8.17
2026-08-10 16:43:44.590647+00:00,orchestrator,end_to_end_latency_ms,48.000732421875,normal,f398aa60-da48-45c3-9eb4-8bb4a858c345,,,8.17
2026-08-10 16:43:44.590647+00:00,orchestrator,xai_latency_ms,0.0018000009731622413,normal,f398aa60-da48-45c3-9eb4-8bb4a858c345,,deterministic,8.17
2026-08-10 16:43:44.601646+00:00,detector,events_processed,203.0,normal,f398aa60-da48-45c3-9eb4-8bb4a858c345,,,8.18
2026-08-10 16:43:44.602646+00:00,detector,alerts_emitted,203.0,normal,f398aa60-da48-45c3-9eb4-8bb4a858c345,,,8.18
2026-08-10 16:43:44.602646+00:00,orchestrator,events_received,203.0,normal,f398aa60-da48-45c3-9eb4-8bb4a858c345,,,8.18
2026-08-10 16:43:44.602646+00:00,detector,throughput_eps,24.995328997896934,normal,f398aa60-da48-45c3-9eb4-8bb4a858c345,,,8.18
2026-08-10 16:43:44.602646+00:00,detector,queue_wait_ms,2.0009765625,normal,f398aa60-da48-45c3-9eb4-8bb4a858c345,,,8.18
2026-08-10 16:43:44.603646+00:00,detector,stage_latency_ms,19.10639999914565,normal,f398aa60-da48-45c3-9eb4-8bb4a858c345,,,8.18
2026-08-10 16:43:44.603646+00:00,detector,end_to_end_latency_ms,20.999755859375,normal,f398aa60-da48-45c3-9eb4-8bb4a858c345,,,8.18
2026-08-10 16:43:44.622646+00:00,generator,throughput_eps,24.99551995620164,normal,f398aa60-da48-45c3-9eb4-8bb4a858c345,,,8.2
2026-08-10 16:43:44.622646+00:00,generator,events_sent,204.0,normal,f398aa60-da48-45c3-9eb4-8bb4a858c345,,,8.2
2026-08-10 16:43:44.626646+00:00,orchestrator,events_processed,203.0,normal,f398aa60-da48-45c3-9eb4-8bb4a858c345,,,8.21
2026-08-10 16:43:44.627648+00:00,orchestrator,end_to_end_latency_ms,45.999755859375,normal,f398aa60-da48-45c3-9eb4-8bb4a858c345,,,8.21
2026-08-10 16:43:44.627648+00:00,orchestrator,stage_latency_ms,24.32770000086748,normal,f398aa60-da48-45c3-9eb4-8bb4a858c345,,,8.21
2026-08-10 16:43:44.627648+00:00,orchestrator,xai_latency_ms,0.0017000002117129043,normal,f398aa60-da48-45c3-9eb4-8bb4a858c345,,deterministic,8.21
2026-08-10 16:43:44.627648+00:00,orchestrator,throughput_eps,25.200325451112462,normal,f398aa60-da48-45c3-9eb4-8bb4a858c345,,,8.21
2026-08-10 16:43:44.627648+00:00,orchestrator,queue_wait_ms,3.0,normal,f398aa60-da48-45c3-9eb4-8bb4a858c345,,,8.21
2026-08-10 16:43:44.641647+00:00,detector,events_processed,204.0,normal,f398aa60-da48-45c3-9eb4-8bb4a858c345,,,8.22
2026-08-10 16:43:44.641647+00:00,detector,alerts_emitted,204.0,normal,f398aa60-da48-45c3-9eb4-8bb4a858c345,,,8.22
2026-08-10 16:43:44.642648+00:00,orchestrator,events_received,204.0,normal,f398aa60-da48-45c3-9eb4-8bb4a858c345,,,8.22
2026-08-10 16:43:44.642648+00:00,detector,throughput_eps,24.995461509544413,normal,f398aa60-da48-45c3-9eb4-8bb4a858c345,,,8.22
2026-08-10 16:43:44.642648+00:00,detector,queue_wait_ms,2.0009765625,normal,f398aa60-da48-45c3-9eb4-8bb4a858c345,,,8.22
2026-08-10 16:43:44.642648+00:00,detector,stage_latency_ms,19.1861000002973,normal,f398aa60-da48-45c3-9eb4-8bb4a858c345,,,8.22
2026-08-10 16:43:44.643646+00:00,detector,end_to_end_latency_ms,21.001953125,normal,f398aa60-da48-45c3-9eb4-8bb4a858c345,,,8.22
2026-08-10 16:43:44.662647+00:00,generator,events_sent,205.0,normal,f398aa60-da48-45c3-9eb4-8bb4a858c345,,,8.24
2026-08-10 16:43:44.662647+00:00,generator,throughput_eps,24.997563241571612,normal,f398aa60-da48-45c3-9eb4-8bb4a858c345,,,8.24
2026-08-10 16:43:44.666649+00:00,orchestrator,events_processed,204.0,normal,f398aa60-da48-45c3-9eb4-8bb4a858c345,,,8.25
2026-08-10 16:43:44.667647+00:00,orchestrator,queue_wait_ms,3.0009765625,normal,f398aa60-da48-45c3-9eb4-8bb4a858c345,,,8.25
2026-08-10 16:43:44.667647+00:00,orchestrator,stage_latency_ms,24.97840000069118,normal,f398aa60-da48-45c3-9eb4-8bb4a858c345,,,8.25
2026-08-10 16:43:44.667647+00:00,orchestrator,throughput_eps,25.144650637509063,normal,f398aa60-da48-45c3-9eb4-8bb4a858c345,,,8.25
2026-08-10 16:43:44.668647+00:00,orchestrator,end_to_end_latency_ms,46.00439453125,normal,f398aa60-da48-45c3-9eb4-8bb4a858c345,,,8.25
2026-08-10 16:43:44.668647+00:00,orchestrator,xai_latency_ms,0.002099999619531445,normal,f398aa60-da48-45c3-9eb4-8bb4a858c345,,deterministic,8.25
2026-08-10 16:43:44.682645+00:00,detector,events_processed,205.0,normal,f398aa60-da48-45c3-9eb4-8bb4a858c345,,,8.26
2026-08-10 16:43:44.682645+00:00,detector,alerts_emitted,205.0,normal,f398aa60-da48-45c3-9eb4-8bb4a858c345,,,8.26
2026-08-10 16:43:44.682645+00:00,orchestrator,events_received,205.0,normal,f398aa60-da48-45c3-9eb4-8bb4a858c345,,,8.26
2026-08-10 16:43:44.683648+00:00,detector,throughput_eps,24.991354805125614,normal,f398aa60-da48-45c3-9eb4-8bb4a858c345,,,8.26
2026-08-10 16:43:44.683648+00:00,detector,queue_wait_ms,2.00048828125,normal,f398aa60-da48-45c3-9eb4-8bb4a858c345,,,8.26
2026-08-10 16:43:44.683648+00:00,detector,stage_latency_ms,19.745900000998517,normal,f398aa60-da48-45c3-9eb4-8bb4a858c345,,,8.26
2026-08-10 16:43:44.684648+00:00,detector,end_to_end_latency_ms,21.999267578125,normal,f398aa60-da48-45c3-9eb4-8bb4a858c345,,,8.26
2026-08-10 16:43:44.702645+00:00,generator,throughput_eps,24.993951564502442,normal,f398aa60-da48-45c3-9eb4-8bb4a858c345,,,8.28
2026-08-10 16:43:44.702645+00:00,generator,events_sent,206.0,normal,f398aa60-da48-45c3-9eb4-8bb4a858c345,,,8.28
2026-08-10 16:43:44.708152+00:00,orchestrator,throughput_eps,25.081504858186687,normal,f398aa60-da48-45c3-9eb4-8bb4a858c345,,,8.29
2026-08-10 16:43:44.708152+00:00,orchestrator,queue_wait_ms,3.000244140625,normal,f398aa60-da48-45c3-9eb4-8bb4a858c345,,,8.29
2026-08-10 16:43:44.708152+00:00,orchestrator,events_processed,205.0,normal,f398aa60-da48-45c3-9eb4-8bb4a858c345,,,8.29
2026-08-10 16:43:44.709151+00:00,orchestrator,stage_latency_ms,25.16269999978249,normal,f398aa60-da48-45c3-9eb4-8bb4a858c345,,,8.29
2026-08-10 16:43:44.709151+00:00,orchestrator,end_to_end_latency_ms,47.50537109375,normal,f398aa60-da48-45c3-9eb4-8bb4a858c345,,,8.29
2026-08-10 16:43:44.709151+00:00,orchestrator,xai_latency_ms,0.0017999991541728377,normal,f398aa60-da48-45c3-9eb4-8bb4a858c345,,deterministic,8.29
2026-08-10 16:43:44.723152+00:00,detector,events_processed,206.0,normal,f398aa60-da48-45c3-9eb4-8bb4a858c345,,,8.3
2026-08-10 16:43:44.723152+00:00,detector,alerts_emitted,206.0,normal,f398aa60-da48-45c3-9eb4-8bb4a858c345,,,8.3
2026-08-10 16:43:44.723152+00:00,orchestrator,events_received,206.0,normal,f398aa60-da48-45c3-9eb4-8bb4a858c345,,,8.3
2026-08-10 16:43:44.723152+00:00,detector,throughput_eps,24.991441942707986,normal,f398aa60-da48-45c3-9eb4-8bb4a858c345,,,8.3
2026-08-10 16:43:44.723152+00:00,detector,queue_wait_ms,1.9990234375,normal,f398aa60-da48-45c3-9eb4-8bb4a858c345,,,8.3
2026-08-10 16:43:44.724152+00:00,detector,stage_latency_ms,19.959800001743133,normal,f398aa60-da48-45c3-9eb4-8bb4a858c345,,,8.3
2026-08-10 16:43:44.724152+00:00,detector,end_to_end_latency_ms,22.50537109375,normal,f398aa60-da48-45c3-9eb4-8bb4a858c345,,,8.3
2026-08-10 16:43:44.742152+00:00,generator,throughput_eps,25.003599812624255,normal,f398aa60-da48-45c3-9eb4-8bb4a858c345,,,8.32
2026-08-10 16:43:44.742152+00:00,generator,events_sent,207.0,normal,f398aa60-da48-45c3-9eb4-8bb4a858c345,,,8.32
2026-08-10 16:43:44.748151+00:00,orchestrator,throughput_eps,25.027466643537633,normal,f398aa60-da48-45c3-9eb4-8bb4a858c345,,,8.33
2026-08-10 16:43:44.748151+00:00,orchestrator,events_processed,206.0,normal,f398aa60-da48-45c3-9eb4-8bb4a858c345,,,8.33
2026-08-10 16:43:44.749151+00:00,orchestrator,queue_wait_ms,3.000244140625,normal,f398aa60-da48-45c3-9eb4-8bb4a858c345,,,8.33
2026-08-10 16:43:44.749151+00:00,orchestrator,stage_latency_ms,24.989499999719555,normal,f398aa60-da48-45c3-9eb4-8bb4a858c345,,,8.33
2026-08-10 16:43:44.749151+00:00,orchestrator,end_to_end_latency_ms,47.505126953125,normal,f398aa60-da48-45c3-9eb4-8bb4a858c345,,,8.33
2026-08-10 16:43:44.749151+00:00,orchestrator,xai_latency_ms,0.0022999993234407157,normal,f398aa60-da48-45c3-9eb4-8bb4a858c345,,deterministic,8.33
2026-08-10 16:43:44.761152+00:00,detector,events_processed,207.0,normal,f398aa60-da48-45c3-9eb4-8bb4a858c345,,,8.34
2026-08-10 16:43:44.761152+00:00,detector,alerts_emitted,207.0,normal,f398aa60-da48-45c3-9eb4-8bb4a858c345,,,8.34
2026-08-10 16:43:44.761152+00:00,orchestrator,events_received,207.0,normal,f398aa60-da48-45c3-9eb4-8bb4a858c345,,,8.34
2026-08-10 16:43:44.762151+00:00,detector,throughput_eps,25.000983405619174,normal,f398aa60-da48-45c3-9eb4-8bb4a858c345,,,8.34
2026-08-10 16:43:44.762151+00:00,detector,queue_wait_ms,2.002197265625,normal,f398aa60-da48-45c3-9eb4-8bb4a858c345,,,8.34
2026-08-10 16:43:44.762151+00:00,detector,stage_latency_ms,18.81870000033814,normal,f398aa60-da48-45c3-9eb4-8bb4a858c345,,,8.34
2026-08-10 16:43:44.762151+00:00,detector,end_to_end_latency_ms,21.00146484375,normal,f398aa60-da48-45c3-9eb4-8bb4a858c345,,,8.34
2026-08-10 16:43:44.782153+00:00,generator,events_sent,208.0,normal,f398aa60-da48-45c3-9eb4-8bb4a858c345,,,8.36
2026-08-10 16:43:44.782153+00:00,generator,throughput_eps,25.003338945883442,normal,f398aa60-da48-45c3-9eb4-8bb4a858c345,,,8.36
2026-08-10 16:43:44.787153+00:00,orchestrator,queue_wait_ms,2.000244140625,normal,f398aa60-da48-45c3-9eb4-8bb4a858c345,,,8.37
2026-08-10 16:43:44.787153+00:00,orchestrator,throughput_eps,24.995714444439262,normal,f398aa60-da48-45c3-9eb4-8bb4a858c345,,,8.37
2026-08-10 16:43:44.787153+00:00,orchestrator,events_processed,207.0,normal,f398aa60-da48-45c3-9eb4-8bb4a858c345,,,8.37
2026-08-10 16:43:44.788151+00:00,orchestrator,stage_latency_ms,25.434700000914745,normal,f398aa60-da48-45c3-9eb4-8bb4a858c345,,,8.37
2026-08-10 16:43:44.788151+00:00,orchestrator,end_to_end_latency_ms,47.001953125,normal,f398aa60-da48-45c3-9eb4-8bb4a858c345,,,8.37
2026-08-10 16:43:44.788151+00:00,orchestrator,xai_latency_ms,0.0018000009731622413,normal,f398aa60-da48-45c3-9eb4-8bb4a858c345,,deterministic,8.37
2026-08-10 16:43:44.801151+00:00,detector,events_processed,208.0,normal,f398aa60-da48-45c3-9eb4-8bb4a858c345,,,8.38
2026-08-10 16:43:44.802150+00:00,detector,alerts_emitted,208.0,normal,f398aa60-da48-45c3-9eb4-8bb4a858c345,,,8.38
2026-08-10 16:43:44.802150+00:00,orchestrator,events_received,208.0,normal,f398aa60-da48-45c3-9eb4-8bb4a858c345,,,8.38
2026-08-10 16:43:44.802150+00:00,detector,throughput_eps,25.002630821176453,normal,f398aa60-da48-45c3-9eb4-8bb4a858c345,,,8.38
2026-08-10 16:43:44.802150+00:00,detector,queue_wait_ms,2.001953125,normal,f398aa60-da48-45c3-9eb4-8bb4a858c345,,,8.38
2026-08-10 16:43:44.803152+00:00,detector,stage_latency_ms,19.212299999708193,normal,f398aa60-da48-45c3-9eb4-8bb4a858c345,,,8.38
2026-08-10 16:43:44.803152+00:00,detector,end_to_end_latency_ms,21.0,normal,f398aa60-da48-45c3-9eb4-8bb4a858c345,,,8.38
2026-08-10 16:43:44.822152+00:00,generator,events_sent,209.0,normal,f398aa60-da48-45c3-9eb4-8bb4a858c345,,,8.4
2026-08-10 16:43:44.822152+00:00,generator,throughput_eps,25.002529255862573,normal,f398aa60-da48-45c3-9eb4-8bb4a858c345,,,8.4
2026-08-10 16:43:44.827151+00:00,orchestrator,stage_latency_ms,24.750599999606493,normal,f398aa60-da48-45c3-9eb4-8bb4a858c345,,,8.41
2026-08-10 16:43:44.827151+00:00,orchestrator,queue_wait_ms,2.999267578125,normal,f398aa60-da48-45c3-9eb4-8bb4a858c345,,,8.41
2026-08-10 16:43:44.827151+00:00,orchestrator,throughput_eps,25.005864278491547,normal,f398aa60-da48-45c3-9eb4-8bb4a858c345,,,8.41
2026-08-10 16:43:44.827151+00:00,orchestrator,events_processed,208.0,normal,f398aa60-da48-45c3-9eb4-8bb4a858c345,,,8.41
2026-08-10 16:43:44.828151+00:00,orchestrator,end_to_end_latency_ms,46.999755859375,normal,f398aa60-da48-45c3-9eb4-8bb4a858c345,,,8.41
2026-08-10 16:43:44.828151+00:00,orchestrator,xai_latency_ms,0.0018999999156221747,normal,f398aa60-da48-45c3-9eb4-8bb4a858c345,,deterministic,8.41
2026-08-10 16:43:44.841151+00:00,detector,events_processed,209.0,normal,f398aa60-da48-45c3-9eb4-8bb4a858c345,,,8.42
2026-08-10 16:43:44.841151+00:00,orchestrator,events_received,209.0,normal,f398aa60-da48-45c3-9eb4-8bb4a858c345,,,8.42
2026-08-10 16:43:44.842152+00:00,detector,throughput_eps,25.00417319650932,normal,f398aa60-da48-45c3-9eb4-8bb4a858c345,,,8.42
2026-08-10 16:43:44.842152+00:00,detector,queue_wait_ms,2.001953125,normal,f398aa60-da48-45c3-9eb4-8bb4a858c345,,,8.42
2026-08-10 16:43:44.842152+00:00,detector,stage_latency_ms,18.901999999798136,normal,f398aa60-da48-45c3-9eb4-8bb4a858c345,,,8.42
2026-08-10 16:43:44.843151+00:00,detector,end_to_end_latency_ms,21.000244140625,normal,f398aa60-da48-45c3-9eb4-8bb4a858c345,,,8.42
2026-08-10 16:43:44.861151+00:00,generator,events_sent,210.0,normal,f398aa60-da48-45c3-9eb4-8bb4a858c345,,,8.44
2026-08-10 16:43:44.862152+00:00,generator,throughput_eps,25.00046450862957,normal,f398aa60-da48-45c3-9eb4-8bb4a858c345,,,8.44
2026-08-10 16:43:44.867151+00:00,orchestrator,queue_wait_ms,2.000244140625,normal,f398aa60-da48-45c3-9eb4-8bb4a858c345,,,8.45
2026-08-10 16:43:44.867151+00:00,orchestrator,throughput_eps,25.004657867667085,normal,f398aa60-da48-45c3-9eb4-8bb4a858c345,,,8.45
2026-08-10 16:43:44.867151+00:00,orchestrator,events_processed,209.0,normal,f398aa60-da48-45c3-9eb4-8bb4a858c345,,,8.45
2026-08-10 16:43:44.868150+00:00,orchestrator,stage_latency_ms,25.376900000992464,normal,f398aa60-da48-45c3-9eb4-8bb4a858c345,,,8.45
2026-08-10 16:43:44.868150+00:00,orchestrator,end_to_end_latency_ms,47.00048828125,normal,f398aa60-da48-45c3-9eb4-8bb4a858c345,,,8.45
2026-08-10 16:43:44.868150+00:00,orchestrator,xai_latency_ms,0.002099999619531445,normal,f398aa60-da48-45c3-9eb4-8bb4a858c345,,deterministic,8.45
2026-08-10 16:43:44.881152+00:00,detector,events_processed,210.0,normal,f398aa60-da48-45c3-9eb4-8bb4a858c345,,,8.46
2026-08-10 16:43:44.881152+00:00,orchestrator,events_received,210.0,normal,f398aa60-da48-45c3-9eb4-8bb4a858c345,,,8.46
2026-08-10 16:43:44.881152+00:00,detector,alerts_emitted,210.0,normal,f398aa60-da48-45c3-9eb4-8bb4a858c345,,,8.46
2026-08-10 16:43:44.882153+00:00,detector,throughput_eps,25.000737521751905,normal,f398aa60-da48-45c3-9eb4-8bb4a858c345,,,8.46
2026-08-10 16:43:44.882153+00:00,detector,queue_wait_ms,2.001953125,normal,f398aa60-da48-45c3-9eb4-8bb4a858c345,,,8.46
2026-08-10 16:43:44.882153+00:00,detector,stage_latency_ms,18.914099999165046,normal,f398aa60-da48-45c3-9eb4-8bb4a858c345,,,8.46
2026-08-10 16:43:44.882153+00:00,detector,end_to_end_latency_ms,21.00244140625,normal,f398aa60-da48-45c3-9eb4-8bb4a858c345,,,8.46
2026-08-10 16:43:44.902153+00:00,generator,throughput_eps,25.000085685783457,normal,f398aa60-da48-45c3-9eb4-8bb4a858c345,,,8.48
2026-08-10 16:43:44.902153+00:00,generator,events_sent,211.0,normal,f398aa60-da48-45c3-9eb4-8bb4a858c345,,,8.48
2026-08-10 16:43:44.907151+00:00,orchestrator,throughput_eps,24.9924740404794,normal,f398aa60-da48-45c3-9eb4-8bb4a858c345,,,8.49
2026-08-10 16:43:44.907151+00:00,orchestrator,events_processed,210.0,normal,f398aa60-da48-45c3-9eb4-8bb4a858c345,,,8.49
2026-08-10 16:43:44.908150+00:00,orchestrator,queue_wait_ms,2.00048828125,normal,f398aa60-da48-45c3-9eb4-8bb4a858c345,,,8.49
2026-08-10 16:43:44.908150+00:00,orchestrator,stage_latency_ms,25.703299999804585,normal,f398aa60-da48-45c3-9eb4-8bb4a858c345,,,8.49
2026-08-10 16:43:44.908150+00:00,orchestrator,end_to_end_latency_ms,47.001220703125,normal,f398aa60-da48-45c3-9eb4-8bb4a858c345,,,8.49
2026-08-10 16:43:44.909150+00:00,orchestrator,xai_latency_ms,0.0018999999156221747,normal,f398aa60-da48-45c3-9eb4-8bb4a858c345,,deterministic,8.49
2026-08-10 16:43:44.921150+00:00,detector,events_processed,211.0,normal,f398aa60-da48-45c3-9eb4-8bb4a858c345,,,8.5
2026-08-10 16:43:44.921150+00:00,detector,alerts_emitted,211.0,normal,f398aa60-da48-45c3-9eb4-8bb4a858c345,,,8.5
2026-08-10 16:43:44.921150+00:00,orchestrator,events_received,211.0,normal,f398aa60-da48-45c3-9eb4-8bb4a858c345,,,8.5
2026-08-10 16:43:44.921150+00:00,detector,throughput_eps,25.002797187938643,normal,f398aa60-da48-45c3-9eb4-8bb4a858c345,,,8.5
2026-08-10 16:43:44.922151+00:00,detector,stage_latency_ms,18.275099999300437,normal,f398aa60-da48-45c3-9eb4-8bb4a858c345,,,8.5
2026-08-10 16:43:44.922151+00:00,detector,queue_wait_ms,2.00390625,normal,f398aa60-da48-45c3-9eb4-8bb4a858c345,,,8.5
2026-08-10 16:43:44.922151+00:00,detector,end_to_end_latency_ms,21.000244140625,normal,f398aa60-da48-45c3-9eb4-8bb4a858c345,,,8.5
2026-08-10 16:43:44.942151+00:00,generator,throughput_eps,25.002339718957103,normal,f398aa60-da48-45c3-9eb4-8bb4a858c345,,,8.52
2026-08-10 16:43:44.942151+00:00,generator,events_sent,212.0,normal,f398aa60-da48-45c3-9eb4-8bb4a858c345,,,8.52
2026-08-10 16:43:44.946151+00:00,orchestrator,stage_latency_ms,24.717899999814108,normal,f398aa60-da48-45c3-9eb4-8bb4a858c345,,,8.53
2026-08-10 16:43:44.946151+00:00,orchestrator,queue_wait_ms,3.000244140625,normal,f398aa60-da48-45c3-9eb4-8bb4a858c345,,,8.53
2026-08-10 16:43:44.946151+00:00,orchestrator,events_processed,211.0,normal,f398aa60-da48-45c3-9eb4-8bb4a858c345,,,8.53
2026-08-10 16:43:44.946151+00:00,orchestrator,throughput_eps,25.003476793937192,normal,f398aa60-da48-45c3-9eb4-8bb4a858c345,,,8.53
2026-08-10 16:43:44.947150+00:00,orchestrator,end_to_end_latency_ms,46.001220703125,normal,f398aa60-da48-45c3-9eb4-8bb4a858c345,,,8.53
2026-08-10 16:43:44.947150+00:00,orchestrator,xai_latency_ms,0.0018999999156221747,normal,f398aa60-da48-45c3-9eb4-8bb4a858c345,,deterministic,8.53
2026-08-10 16:43:44.962151+00:00,detector,events_processed,212.0,normal,f398aa60-da48-45c3-9eb4-8bb4a858c345,,,8.54
2026-08-10 16:43:44.962151+00:00,detector,alerts_emitted,212.0,normal,f398aa60-da48-45c3-9eb4-8bb4a858c345,,,8.54
2026-08-10 16:43:44.962151+00:00,detector,throughput_eps,24.99527559055118,normal,f398aa60-da48-45c3-9eb4-8bb4a858c345,,,8.54
2026-08-10 16:43:44.962151+00:00,detector,queue_wait_ms,2.001220703125,normal,f398aa60-da48-45c3-9eb4-8bb4a858c345,,,8.54
2026-08-10 16:43:44.963152+00:00,orchestrator,events_received,212.0,normal,f398aa60-da48-45c3-9eb4-8bb4a858c345,,,8.54
2026-08-10 16:43:44.963152+00:00,detector,stage_latency_ms,19.60260000123526,normal,f398aa60-da48-45c3-9eb4-8bb4a858c345,,,8.54
2026-08-10 16:43:44.963152+00:00,detector,end_to_end_latency_ms,22.001953125,normal,f398aa60-da48-45c3-9eb4-8bb4a858c345,,,8.54
2026-08-10 16:43:44.982151+00:00,generator,events_sent,213.0,normal,f398aa60-da48-45c3-9eb4-8bb4a858c345,,,8.56
2026-08-10 16:43:44.982151+00:00,generator,throughput_eps,24.999895665765596,normal,f398aa60-da48-45c3-9eb4-8bb4a858c345,,,8.56
2026-08-10 16:43:44.987156+00:00,orchestrator,events_processed,212.0,normal,f398aa60-da48-45c3-9eb4-8bb4a858c345,,,8.57
2026-08-10 16:43:44.988156+00:00,orchestrator,stage_latency_ms,24.926300000515766,normal,f398aa60-da48-45c3-9eb4-8bb4a858c345,,,8.57
2026-08-10 16:43:44.988156+00:00,orchestrator,queue_wait_ms,4.001953125,normal,f398aa60-da48-45c3-9eb4-8bb4a858c345,,,8.57
2026-08-10 16:43:44.988156+00:00,orchestrator,throughput_eps,24.991555272860477,normal,f398aa60-da48-45c3-9eb4-8bb4a858c345,,,8.57
2026-08-10 16:43:44.989156+00:00,orchestrator,end_to_end_latency_ms,47.0068359375,normal,f398aa60-da48-45c3-9eb4-8bb4a858c345,,,8.57
2026-08-10 16:43:44.989156+00:00,orchestrator,xai_latency_ms,0.0017000002117129043,normal,f398aa60-da48-45c3-9eb4-8bb4a858c345,,deterministic,8.57
2026-08-10 16:43:45.001156+00:00,detector,events_processed,213.0,normal,f398aa60-da48-45c3-9eb4-8bb4a858c345,,,8.58
2026-08-10 16:43:45.002157+00:00,detector,alerts_emitted,213.0,normal,f398aa60-da48-45c3-9eb4-8bb4a858c345,,,8.58
2026-08-10 16:43:45.002157+00:00,detector,throughput_eps,24.997090056486886,normal,f398aa60-da48-45c3-9eb4-8bb4a858c345,,,8.58
2026-08-10 16:43:45.002157+00:00,orchestrator,events_received,213.0,normal,f398aa60-da48-45c3-9eb4-8bb4a858c345,,,8.58
2026-08-10 16:43:45.002157+00:00,detector,queue_wait_ms,2.00146484375,normal,f398aa60-da48-45c3-9eb4-8bb4a858c345,,,8.58
2026-08-10 16:43:45.003157+00:00,detector,stage_latency_ms,19.44089999960852,normal,f398aa60-da48-45c3-9eb4-8bb4a858c345,,,8.58
2026-08-10 16:43:45.003157+00:00,detector,end_to_end_latency_ms,21.006103515625,normal,f398aa60-da48-45c3-9eb4-8bb4a858c345,,,8.58
2026-08-10 16:43:45.022159+00:00,generator,events_sent,214.0,normal,f398aa60-da48-45c3-9eb4-8bb4a858c345,,,8.6
2026-08-10 16:43:45.022159+00:00,generator,throughput_eps,25.000160001032697,normal,f398aa60-da48-45c3-9eb4-8bb4a858c345,,,8.6
2026-08-10 16:43:45.027158+00:00,orchestrator,events_processed,213.0,normal,f398aa60-da48-45c3-9eb4-8bb4a858c345,,,8.61
2026-08-10 16:43:45.028158+00:00,orchestrator,end_to_end_latency_ms,47.008056640625,normal,f398aa60-da48-45c3-9eb4-8bb4a858c345,,,8.61
2026-08-10 16:43:45.028158+00:00,orchestrator,stage_latency_ms,25.23040000050969,normal,f398aa60-da48-45c3-9eb4-8bb4a858c345,,,8.61
2026-08-10 16:43:45.028158+00:00,orchestrator,throughput_eps,24.998335292307296,normal,f398aa60-da48-45c3-9eb4-8bb4a858c345,,,8.61
2026-08-10 16:43:45.028158+00:00,orchestrator,queue_wait_ms,3.0,normal,f398aa60-da48-45c3-9eb4-8bb4a858c345,,,8.61
2026-08-10 16:43:45.029156+00:00,orchestrator,xai_latency_ms,0.0018000009731622413,normal,f398aa60-da48-45c3-9eb4-8bb4a858c345,,deterministic,8.61
2026-08-10 16:43:45.045157+00:00,detector,events_processed,214.0,normal,f398aa60-da48-45c3-9eb4-8bb4a858c345,,,8.62
2026-08-10 16:43:45.045157+00:00,detector,alerts_emitted,214.0,normal,f398aa60-da48-45c3-9eb4-8bb4a858c345,,,8.62
2026-08-10 16:43:45.045157+00:00,orchestrator,events_received,214.0,normal,f398aa60-da48-45c3-9eb4-8bb4a858c345,,,8.62
2026-08-10 16:43:45.045157+00:00,detector,throughput_eps,24.980565019692936,normal,f398aa60-da48-45c3-9eb4-8bb4a858c345,,,8.62
2026-08-10 16:43:45.046157+00:00,detector,queue_wait_ms,2.003173828125,normal,f398aa60-da48-45c3-9eb4-8bb4a858c345,,,8.63
2026-08-10 16:43:45.046157+00:00,detector,stage_latency_ms,22.914200000741403,normal,f398aa60-da48-45c3-9eb4-8bb4a858c345,,,8.63
2026-08-10 16:43:45.046157+00:00,detector,end_to_end_latency_ms,25.0009765625,normal,f398aa60-da48-45c3-9eb4-8bb4a858c345,,,8.63
2026-08-10 16:43:45.062156+00:00,generator,events_sent,215.0,normal,f398aa60-da48-45c3-9eb4-8bb4a858c345,,,8.64
2026-08-10 16:43:45.062156+00:00,generator,throughput_eps,25.002024663956895,normal,f398aa60-da48-45c3-9eb4-8bb4a858c345,,,8.64
2026-08-10 16:43:45.071159+00:00,orchestrator,queue_wait_ms,3.0,normal,f398aa60-da48-45c3-9eb4-8bb4a858c345,,,8.65
2026-08-10 16:43:45.071159+00:00,orchestrator,stage_latency_ms,25.507700000162004,normal,f398aa60-da48-45c3-9eb4-8bb4a858c345,,,8.65
2026-08-10 16:43:45.071159+00:00,orchestrator,throughput_eps,24.977036736853634,normal,f398aa60-da48-45c3-9eb4-8bb4a858c345,,,8.65
2026-08-10 16:43:45.071159+00:00,orchestrator,events_processed,214.0,normal,f398aa60-da48-45c3-9eb4-8bb4a858c345,,,8.65
2026-08-10 16:43:45.072157+00:00,orchestrator,end_to_end_latency_ms,51.002685546875,normal,f398aa60-da48-45c3-9eb4-8bb4a858c345,,,8.65
2026-08-10 16:43:45.072157+00:00,orchestrator,xai_latency_ms,0.0017999991541728377,normal,f398aa60-da48-45c3-9eb4-8bb4a858c345,,deterministic,8.65
2026-08-10 16:43:45.081157+00:00,detector,events_processed,215.0,normal,f398aa60-da48-45c3-9eb4-8bb4a858c345,,,8.66
2026-08-10 16:43:45.082159+00:00,detector,alerts_emitted,215.0,normal,f398aa60-da48-45c3-9eb4-8bb4a858c345,,,8.66
2026-08-10 16:43:45.082159+00:00,orchestrator,events_received,215.0,normal,f398aa60-da48-45c3-9eb4-8bb4a858c345,,,8.66
2026-08-10 16:43:45.082159+00:00,detector,throughput_eps,24.997027067276562,normal,f398aa60-da48-45c3-9eb4-8bb4a858c345,,,8.66
2026-08-10 16:43:45.082159+00:00,detector,queue_wait_ms,2.000244140625,normal,f398aa60-da48-45c3-9eb4-8bb4a858c345,,,8.66
2026-08-10 16:43:45.082159+00:00,detector,stage_latency_ms,19.494299998768838,normal,f398aa60-da48-45c3-9eb4-8bb4a858c345,,,8.66
2026-08-10 16:43:45.083156+00:00,detector,end_to_end_latency_ms,21.000732421875,normal,f398aa60-da48-45c3-9eb4-8bb4a858c345,,,8.66
2026-08-10 16:43:45.102156+00:00,generator,events_sent,216.0,normal,f398aa60-da48-45c3-9eb4-8bb4a858c345,,,8.68
2026-08-10 16:43:45.102156+00:00,generator,throughput_eps,24.99790743323633,normal,f398aa60-da48-45c3-9eb4-8bb4a858c345,,,8.68
2026-08-10 16:43:45.107157+00:00,orchestrator,stage_latency_ms,24.813300000460004,normal,f398aa60-da48-45c3-9eb4-8bb4a858c345,,,8.69
2026-08-10 16:43:45.107157+00:00,orchestrator,queue_wait_ms,3.0029296875,normal,f398aa60-da48-45c3-9eb4-8bb4a858c345,,,8.69
2026-08-10 16:43:45.107157+00:00,orchestrator,events_processed,215.0,normal,f398aa60-da48-45c3-9eb4-8bb4a858c345,,,8.69
2026-08-10 16:43:45.107157+00:00,orchestrator,throughput_eps,24.99864422675845,normal,f398aa60-da48-45c3-9eb4-8bb4a858c345,,,8.69
2026-08-10 16:43:45.108159+00:00,orchestrator,end_to_end_latency_ms,47.0009765625,normal,f398aa60-da48-45c3-9eb4-8bb4a858c345,,,8.69
2026-08-10 16:43:45.108159+00:00,orchestrator,xai_latency_ms,0.0018000009731622413,normal,f398aa60-da48-45c3-9eb4-8bb4a858c345,,deterministic,8.69
2026-08-10 16:43:45.122156+00:00,detector,events_processed,216.0,normal,f398aa60-da48-45c3-9eb4-8bb4a858c345,,,8.7
2026-08-10 16:43:45.123155+00:00,detector,alerts_emitted,216.0,normal,f398aa60-da48-45c3-9eb4-8bb4a858c345,,,8.7
2026-08-10 16:43:45.123155+00:00,detector,throughput_eps,24.992220163724355,normal,f398aa60-da48-45c3-9eb4-8bb4a858c345,,,8.7
2026-08-10 16:43:45.123155+00:00,orchestrator,events_received,216.0,normal,f398aa60-da48-45c3-9eb4-8bb4a858c345,,,8.7
2026-08-10 16:43:45.123155+00:00,detector,queue_wait_ms,1.998779296875,normal,f398aa60-da48-45c3-9eb4-8bb4a858c345,,,8.7
2026-08-10 16:43:45.123155+00:00,detector,stage_latency_ms,20.247800001016003,normal,f398aa60-da48-45c3-9eb4-8bb4a858c345,,,8.7
2026-08-10 16:43:45.123155+00:00,detector,end_to_end_latency_ms,21.998779296875,normal,f398aa60-da48-45c3-9eb4-8bb4a858c345,,,8.7
2026-08-10 16:43:45.142158+00:00,generator,events_sent,217.0,normal,f398aa60-da48-45c3-9eb4-8bb4a858c345,,,8.72
2026-08-10 16:43:45.142158+00:00,generator,throughput_eps,25.000160283282003,normal,f398aa60-da48-45c3-9eb4-8bb4a858c345,,,8.72
2026-08-10 16:43:45.147736+00:00,orchestrator,events_processed,216.0,normal,f398aa60-da48-45c3-9eb4-8bb4a858c345,,,8.73
2026-08-10 16:43:45.148737+00:00,orchestrator,end_to_end_latency_ms,47.5791015625,normal,f398aa60-da48-45c3-9eb4-8bb4a858c345,,,8.73
2026-08-10 16:43:45.148737+00:00,orchestrator,stage_latency_ms,25.197600001774845,normal,f398aa60-da48-45c3-9eb4-8bb4a858c345,,,8.73
2026-08-10 16:43:45.148737+00:00,orchestrator,throughput_eps,24.992442809330917,normal,f398aa60-da48-45c3-9eb4-8bb4a858c345,,,8.73
2026-08-10 16:43:45.148737+00:00,orchestrator,queue_wait_ms,2.997802734375,normal,f398aa60-da48-45c3-9eb4-8bb4a858c345,,,8.73
2026-08-10 16:43:45.149737+00:00,orchestrator,xai_latency_ms,0.001999998858082108,normal,f398aa60-da48-45c3-9eb4-8bb4a858c345,,deterministic,8.73
2026-08-10 16:43:45.161737+00:00,detector,events_processed,217.0,normal,f398aa60-da48-45c3-9eb4-8bb4a858c345,,,8.74
2026-08-10 16:43:45.161737+00:00,orchestrator,events_received,217.0,normal,f398aa60-da48-45c3-9eb4-8bb4a858c345,,,8.74
2026-08-10 16:43:45.161737+00:00,detector,throughput_eps,25.005042347445556,normal,f398aa60-da48-45c3-9eb4-8bb4a858c345,,,8.74
2026-08-10 16:43:45.162736+00:00,detector,queue_wait_ms,2.000244140625,normal,f398aa60-da48-45c3-9eb4-8bb4a858c345,,,8.74
2026-08-10 16:43:45.162736+00:00,detector,stage_latency_ms,19.077099999776692,normal,f398aa60-da48-45c3-9eb4-8bb4a858c345,,,8.74
2026-08-10 16:43:45.162736+00:00,detector,end_to_end_latency_ms,20.578857421875,normal,f398aa60-da48-45c3-9eb4-8bb4a858c345,,,8.74
2026-08-10 16:43:45.181737+00:00,generator,throughput_eps,25.00177462595978,normal,f398aa60-da48-45c3-9eb4-8bb4a858c345,,,8.76
2026-08-10 16:43:45.181737+00:00,generator,events_sent,218.0,normal,f398aa60-da48-45c3-9eb4-8bb4a858c345,,,8.76
2026-08-10 16:43:45.186736+00:00,orchestrator,queue_wait_ms,3.0,normal,f398aa60-da48-45c3-9eb4-8bb4a858c345,,,8.77
2026-08-10 16:43:45.186736+00:00,orchestrator,events_processed,217.0,normal,f398aa60-da48-45c3-9eb4-8bb4a858c345,,,8.77
2026-08-10 16:43:45.186736+00:00,orchestrator,throughput_eps,25.002392870145965,normal,f398aa60-da48-45c3-9eb4-8bb4a858c345,,,8.77
2026-08-10 16:43:45.187735+00:00,orchestrator,stage_latency_ms,25.11409999897296,normal,f398aa60-da48-45c3-9eb4-8bb4a858c345,,,8.77
2026-08-10 16:43:45.187735+00:00,orchestrator,end_to_end_latency_ms,46.57861328125,normal,f398aa60-da48-45c3-9eb4-8bb4a858c345,,,8.77
2026-08-10 16:43:45.187735+00:00,orchestrator,xai_latency_ms,0.0024000000848900527,normal,f398aa60-da48-45c3-9eb4-8bb4a858c345,,deterministic,8.77
2026-08-10 16:43:45.201736+00:00,detector,events_processed,218.0,normal,f398aa60-da48-45c3-9eb4-8bb4a858c345,,,8.78
2026-08-10 16:43:45.201736+00:00,orchestrator,events_received,218.0,normal,f398aa60-da48-45c3-9eb4-8bb4a858c345,,,8.78
2026-08-10 16:43:45.202740+00:00,detector,throughput_eps,25.003891605686164,normal,f398aa60-da48-45c3-9eb4-8bb4a858c345,,,8.78
2026-08-10 16:43:45.202740+00:00,detector,queue_wait_ms,1.999267578125,normal,f398aa60-da48-45c3-9eb4-8bb4a858c345,,,8.78
2026-08-10 16:43:45.202740+00:00,detector,stage_latency_ms,19.672200000059092,normal,f398aa60-da48-45c3-9eb4-8bb4a858c345,,,8.78
2026-08-10 16:43:45.202740+00:00,detector,end_to_end_latency_ms,21.998291015625,normal,f398aa60-da48-45c3-9eb4-8bb4a858c345,,,8.78
2026-08-10 16:43:45.221735+00:00,generator,events_sent,219.0,normal,f398aa60-da48-45c3-9eb4-8bb4a858c345,,,8.8
2026-08-10 16:43:45.221735+00:00,generator,throughput_eps,25.001757123490638,normal,f398aa60-da48-45c3-9eb4-8bb4a858c345,,,8.8
2026-08-10 16:43:45.226748+00:00,orchestrator,events_processed,218.0,normal,f398aa60-da48-45c3-9eb4-8bb4a858c345,,,8.81
2026-08-10 16:43:45.227746+00:00,orchestrator,throughput_eps,24.995115369892456,normal,f398aa60-da48-45c3-9eb4-8bb4a858c345,,,8.81
2026-08-10 16:43:45.227746+00:00,orchestrator,queue_wait_ms,3.000244140625,normal,f398aa60-da48-45c3-9eb4-8bb4a858c345,,,8.81
2026-08-10 16:43:45.227746+00:00,orchestrator,stage_latency_ms,25.352099999508937,normal,f398aa60-da48-45c3-9eb4-8bb4a858c345,,,8.81
2026-08-10 16:43:45.227746+00:00,orchestrator,end_to_end_latency_ms,47.0107421875,normal,f398aa60-da48-45c3-9eb4-8bb4a858c345,,,8.81
2026-08-10 16:43:45.228747+00:00,orchestrator,xai_latency_ms,0.0017000002117129043,normal,f398aa60-da48-45c3-9eb4-8bb4a858c345,,deterministic,8.81
2026-08-10 16:43:45.243747+00:00,detector,events_processed,219.0,normal,f398aa60-da48-45c3-9eb4-8bb4a858c345,,,8.82
2026-08-10 16:43:45.243747+00:00,detector,alerts_emitted,219.0,normal,f398aa60-da48-45c3-9eb4-8bb4a858c345,,,8.82
2026-08-10 16:43:45.243747+00:00,orchestrator,events_received,219.0,normal,f398aa60-da48-45c3-9eb4-8bb4a858c345,,,8.82
2026-08-10 16:43:45.244746+00:00,detector,queue_wait_ms,2.000732421875,normal,f398aa60-da48-45c3-9eb4-8bb4a858c345,,,8.82
2026-08-10 16:43:45.244746+00:00,detector,stage_latency_ms,22.06359999945562,normal,f398aa60-da48-45c3-9eb4-8bb4a858c345,,,8.82
2026-08-10 16:43:45.244746+00:00,detector,throughput_eps,24.98674996980586,normal,f398aa60-da48-45c3-9eb4-8bb4a858c345,,,8.82
2026-08-10 16:43:45.244746+00:00,detector,end_to_end_latency_ms,24.0126953125,normal,f398aa60-da48-45c3-9eb4-8bb4a858c345,,,8.82
2026-08-10 16:43:45.261746+00:00,generator,throughput_eps,25.002327716716202,normal,f398aa60-da48-45c3-9eb4-8bb4a858c345,,,8.84
2026-08-10 16:43:45.261746+00:00,generator,events_sent,220.0,normal,f398aa60-da48-45c3-9eb4-8bb4a858c345,,,8.84
2026-08-10 16:43:45.281305+00:00,detector,queue_wait_ms,1.999755859375,normal,f398aa60-da48-45c3-9eb4-8bb4a858c345,,,8.86
2026-08-10 16:43:45.281305+00:00,detector,throughput_eps,25.00034250469003,normal,f398aa60-da48-45c3-9eb4-8bb4a858c345,,,8.86
2026-08-10 16:43:45.281305+00:00,detector,alerts_emitted,220.0,normal,f398aa60-da48-45c3-9eb4-8bb4a858c345,,,8.86
2026-08-10 16:43:45.281305+00:00,detector,events_processed,220.0,normal,f398aa60-da48-45c3-9eb4-8bb4a858c345,,,8.86
2026-08-10 16:43:45.282303+00:00,detector,stage_latency_ms,19.34889999938605,normal,f398aa60-da48-45c3-9eb4-8bb4a858c345,,,8.86
2026-08-10 16:43:45.282303+00:00,detector,end_to_end_latency_ms,21.558837890625,normal,f398aa60-da48-45c3-9eb4-8bb4a858c345,,,8.86
2026-08-10 16:43:45.301305+00:00,generator,events_sent,221.0,normal,f398aa60-da48-45c3-9eb4-8bb4a858c345,,,8.88
2026-08-10 16:43:45.302303+00:00,generator,throughput_eps,25.001597884385294,normal,f398aa60-da48-45c3-9eb4-8bb4a858c345,,,8.88
2026-08-10 16:43:45.316867+00:00,orchestrator,events_processed,219.0,normal,f398aa60-da48-45c3-9eb4-8bb4a858c345,,,8.9
2026-08-10 16:43:45.316867+00:00,orchestrator,throughput_eps,24.748330106427414,normal,f398aa60-da48-45c3-9eb4-8bb4a858c345,,,8.9
2026-08-10 16:43:45.316867+00:00,orchestrator,queue_wait_ms,2.0,normal,f398aa60-da48-45c3-9eb4-8bb4a858c345,,,8.9
2026-08-10 16:43:45.317866+00:00,orchestrator,stage_latency_ms,72.58270000056655,normal,f398aa60-da48-45c3-9eb4-8bb4a858c345,,,8.9
2026-08-10 16:43:45.317866+00:00,orchestrator,end_to_end_latency_ms,97.13232421875,normal,f398aa60-da48-45c3-9eb4-8bb4a858c345,,,8.9
2026-08-10 16:43:45.317866+00:00,orchestrator,xai_latency_ms,0.002499999027349986,normal,f398aa60-da48-45c3-9eb4-8bb4a858c345,,deterministic,8.9
2026-08-10 16:43:45.319866+00:00,orchestrator,events_received,220.0,normal,f398aa60-da48-45c3-9eb4-8bb4a858c345,,,8.9
2026-08-10 16:43:45.320866+00:00,detector,throughput_eps,25.002675286251716,normal,f398aa60-da48-45c3-9eb4-8bb4a858c345,,,8.9
2026-08-10 16:43:45.320866+00:00,detector,alerts_emitted,221.0,normal,f398aa60-da48-45c3-9eb4-8bb4a858c345,,,8.9
2026-08-10 16:43:45.320866+00:00,detector,events_processed,221.0,normal,f398aa60-da48-45c3-9eb4-8bb4a858c345,,,8.9
2026-08-10 16:43:45.321868+00:00,detector,queue_wait_ms,2.0,normal,f398aa60-da48-45c3-9eb4-8bb4a858c345,,,8.9
2026-08-10 16:43:45.321868+00:00,detector,stage_latency_ms,18.52590000089549,normal,f398aa60-da48-45c3-9eb4-8bb4a858c345,,,8.9
2026-08-10 16:43:45.321868+00:00,detector,end_to_end_latency_ms,20.563232421875,normal,f398aa60-da48-45c3-9eb4-8bb4a858c345,,,8.9
2026-08-10 16:43:45.340867+00:00,generator,events_sent,222.0,normal,f398aa60-da48-45c3-9eb4-8bb4a858c345,,,8.92
2026-08-10 16:43:45.341866+00:00,generator,throughput_eps,25.004385269095785,normal,f398aa60-da48-45c3-9eb4-8bb4a858c345,,,8.92
2026-08-10 16:43:45.345561+00:00,orchestrator,events_processed,220.0,normal,f398aa60-da48-45c3-9eb4-8bb4a858c345,,,8.92
2026-08-10 16:43:45.345561+00:00,orchestrator,throughput_eps,24.806930560256134,normal,f398aa60-da48-45c3-9eb4-8bb4a858c345,,,8.92
2026-08-10 16:43:45.346086+00:00,orchestrator,queue_wait_ms,41.562255859375,normal,f398aa60-da48-45c3-9eb4-8bb4a858c345,,,8.93
2026-08-10 16:43:45.346086+00:00,orchestrator,stage_latency_ms,24.963300000308664,normal,f398aa60-da48-45c3-9eb4-8bb4a858c345,,,8.93
2026-08-10 16:43:45.346086+00:00,orchestrator,end_to_end_latency_ms,85.81396484375,normal,f398aa60-da48-45c3-9eb4-8bb4a858c345,,,8.93
2026-08-10 16:43:45.346612+00:00,orchestrator,xai_latency_ms,0.0025000008463393897,normal,f398aa60-da48-45c3-9eb4-8bb4a858c345,,deterministic,8.93
2026-08-10 16:43:45.349240+00:00,orchestrator,events_received,221.0,normal,f398aa60-da48-45c3-9eb4-8bb4a858c345,,,8.93
2026-08-10 16:43:45.361381+00:00,detector,throughput_eps,25.00312989180065,normal,f398aa60-da48-45c3-9eb4-8bb4a858c345,,,8.94
2026-08-10 16:43:45.361381+00:00,detector,alerts_emitted,222.0,normal,f398aa60-da48-45c3-9eb4-8bb4a858c345,,,8.94
2026-08-10 16:43:45.361381+00:00,detector,events_processed,222.0,normal,f398aa60-da48-45c3-9eb4-8bb4a858c345,,,8.94
2026-08-10 16:43:45.362380+00:00,detector,queue_wait_ms,1.99951171875,normal,f398aa60-da48-45c3-9eb4-8bb4a858c345,,,8.94
2026-08-10 16:43:45.362380+00:00,detector,stage_latency_ms,19.506999999066466,normal,f398aa60-da48-45c3-9eb4-8bb4a858c345,,,8.94
2026-08-10 16:43:45.362380+00:00,detector,end_to_end_latency_ms,21.51416015625,normal,f398aa60-da48-45c3-9eb4-8bb4a858c345,,,8.94
2026-08-10 16:43:45.373380+00:00,orchestrator,events_processed,221.0,normal,f398aa60-da48-45c3-9eb4-8bb4a858c345,,,8.95
2026-08-10 16:43:45.373380+00:00,orchestrator,throughput_eps,24.867642973000414,normal,f398aa60-da48-45c3-9eb4-8bb4a858c345,,,8.95
2026-08-10 16:43:45.373380+00:00,orchestrator,queue_wait_ms,30.373046875,normal,f398aa60-da48-45c3-9eb4-8bb4a858c345,,,8.95
2026-08-10 16:43:45.374380+00:00,orchestrator,stage_latency_ms,24.368599999434082,normal,f398aa60-da48-45c3-9eb4-8bb4a858c345,,,8.95
2026-08-10 16:43:45.374380+00:00,orchestrator,end_to_end_latency_ms,73.0771484375,normal,f398aa60-da48-45c3-9eb4-8bb4a858c345,,,8.95
2026-08-10 16:43:45.374380+00:00,orchestrator,xai_latency_ms,0.0017000002117129043,normal,f398aa60-da48-45c3-9eb4-8bb4a858c345,,deterministic,8.95
2026-08-10 16:43:45.376380+00:00,orchestrator,events_received,222.0,normal,f398aa60-da48-45c3-9eb4-8bb4a858c345,,,8.96
2026-08-10 16:43:45.381381+00:00,generator,events_sent,223.0,normal,f398aa60-da48-45c3-9eb4-8bb4a858c345,,,8.96
2026-08-10 16:43:45.382381+00:00,generator,throughput_eps,25.002418733995807,normal,f398aa60-da48-45c3-9eb4-8bb4a858c345,,,8.96
2026-08-10 16:43:45.401380+00:00,detector,throughput_eps,25.005237096863905,normal,f398aa60-da48-45c3-9eb4-8bb4a858c345,,,8.98
2026-08-10 16:43:45.401380+00:00,detector,events_processed,223.0,normal,f398aa60-da48-45c3-9eb4-8bb4a858c345,,,8.98
2026-08-10 16:43:45.401380+00:00,detector,alerts_emitted,223.0,normal,f398aa60-da48-45c3-9eb4-8bb4a858c345,,,8.98
2026-08-10 16:43:45.402380+00:00,detector,queue_wait_ms,2.001220703125,normal,f398aa60-da48-45c3-9eb4-8bb4a858c345,,,8.98
2026-08-10 16:43:45.402380+00:00,orchestrator,events_processed,222.0,normal,f398aa60-da48-45c3-9eb4-8bb4a858c345,,,8.98
2026-08-10 16:43:45.402380+00:00,detector,stage_latency_ms,18.74850000058359,normal,f398aa60-da48-45c3-9eb4-8bb4a858c345,,,8.98
2026-08-10 16:43:45.402380+00:00,orchestrator,throughput_eps,25.126112314250335,normal,f398aa60-da48-45c3-9eb4-8bb4a858c345,,,8.98
2026-08-10 16:43:45.402380+00:00,detector,end_to_end_latency_ms,20.999755859375,normal,f398aa60-da48-45c3-9eb4-8bb4a858c345,,,8.98
2026-08-10 16:43:45.402380+00:00,orchestrator,queue_wait_ms,17.000244140625,normal,f398aa60-da48-45c3-9eb4-8bb4a858c345,,,8.98
2026-08-10 16:43:45.403380+00:00,orchestrator,stage_latency_ms,25.282999999035383,normal,f398aa60-da48-45c3-9eb4-8bb4a858c345,,,8.98
2026-08-10 16:43:45.403380+00:00,orchestrator,end_to_end_latency_ms,62.513427734375,normal,f398aa60-da48-45c3-9eb4-8bb4a858c345,,,8.98
2026-08-10 16:43:45.403380+00:00,orchestrator,xai_latency_ms,0.0018999999156221747,normal,f398aa60-da48-45c3-9eb4-8bb4a858c345,,deterministic,8.98
2026-08-10 16:43:45.405379+00:00,orchestrator,events_received,223.0,normal,f398aa60-da48-45c3-9eb4-8bb4a858c345,,,8.98
2026-08-10 16:43:45.421379+00:00,generator,events_sent,224.0,normal,f398aa60-da48-45c3-9eb4-8bb4a858c345,,,9.0
2026-08-10 16:43:45.422379+00:00,generator,throughput_eps,25.000554012275288,normal,f398aa60-da48-45c3-9eb4-8bb4a858c345,,,9.0
2026-08-10 16:43:45.430379+00:00,orchestrator,events_processed,223.0,normal,f398aa60-da48-45c3-9eb4-8bb4a858c345,,,9.01
2026-08-10 16:43:45.431380+00:00,orchestrator,throughput_eps,25.181640714431715,normal,f398aa60-da48-45c3-9eb4-8bb4a858c345,,,9.01
2026-08-10 16:43:45.431380+00:00,orchestrator,queue_wait_ms,6.999267578125,normal,f398aa60-da48-45c3-9eb4-8bb4a858c345,,,9.01
2026-08-10 16:43:45.431380+00:00,orchestrator,stage_latency_ms,24.976700000479468,normal,f398aa60-da48-45c3-9eb4-8bb4a858c345,,,9.01
2026-08-10 16:43:45.431380+00:00,orchestrator,end_to_end_latency_ms,49.99951171875,normal,f398aa60-da48-45c3-9eb4-8bb4a858c345,,,9.01
2026-08-10 16:43:45.432380+00:00,orchestrator,xai_latency_ms,0.0017999991541728377,normal,f398aa60-da48-45c3-9eb4-8bb4a858c345,,deterministic,9.01
2026-08-10 16:43:45.442380+00:00,detector,events_processed,224.0,normal,f398aa60-da48-45c3-9eb4-8bb4a858c345,,,9.02
2026-08-10 16:43:45.443380+00:00,detector,alerts_emitted,224.0,normal,f398aa60-da48-45c3-9eb4-8bb4a858c345,,,9.02
2026-08-10 16:43:45.443380+00:00,orchestrator,events_received,224.0,normal,f398aa60-da48-45c3-9eb4-8bb4a858c345,,,9.02
2026-08-10 16:43:45.443380+00:00,detector,throughput_eps,24.995350159356025,normal,f398aa60-da48-45c3-9eb4-8bb4a858c345,,,9.02
2026-08-10 16:43:45.443380+00:00,detector,queue_wait_ms,1.999267578125,normal,f398aa60-da48-45c3-9eb4-8bb4a858c345,,,9.02
2026-08-10 16:43:45.444382+00:00,detector,stage_latency_ms,20.528700000795652,normal,f398aa60-da48-45c3-9eb4-8bb4a858c345,,,9.02
2026-08-10 16:43:45.444382+00:00,detector,end_to_end_latency_ms,22.0,normal,f398aa60-da48-45c3-9eb4-8bb4a858c345,,,9.02
2026-08-10 16:43:45.462381+00:00,generator,throughput_eps,25.000620515405707,normal,f398aa60-da48-45c3-9eb4-8bb4a858c345,,,9.04
2026-08-10 16:43:45.462381+00:00,generator,events_sent,225.0,normal,f398aa60-da48-45c3-9eb4-8bb4a858c345,,,9.04
2026-08-10 16:43:45.468394+00:00,orchestrator,events_processed,224.0,normal,f398aa60-da48-45c3-9eb4-8bb4a858c345,,,9.05
2026-08-10 16:43:45.468394+00:00,orchestrator,throughput_eps,25.137628516133294,normal,f398aa60-da48-45c3-9eb4-8bb4a858c345,,,9.05
2026-08-10 16:43:45.468394+00:00,orchestrator,queue_wait_ms,4.00146484375,normal,f398aa60-da48-45c3-9eb4-8bb4a858c345,,,9.05
2026-08-10 16:43:45.468394+00:00,orchestrator,stage_latency_ms,24.88959999936924,normal,f398aa60-da48-45c3-9eb4-8bb4a858c345,,,9.05
2026-08-10 16:43:45.469393+00:00,orchestrator,end_to_end_latency_ms,48.013916015625,normal,f398aa60-da48-45c3-9eb4-8bb4a858c345,,,9.05
2026-08-10 16:43:45.469393+00:00,orchestrator,xai_latency_ms,0.0017000002117129043,normal,f398aa60-da48-45c3-9eb4-8bb4a858c345,,deterministic,9.05
2026-08-10 16:43:45.482394+00:00,detector,events_processed,225.0,normal,f398aa60-da48-45c3-9eb4-8bb4a858c345,,,9.06
2026-08-10 16:43:45.482394+00:00,detector,alerts_emitted,225.0,normal,f398aa60-da48-45c3-9eb4-8bb4a858c345,,,9.06
2026-08-10 16:43:45.482394+00:00,orchestrator,events_received,225.0,normal,f398aa60-da48-45c3-9eb4-8bb4a858c345,,,9.06
2026-08-10 16:43:45.482394+00:00,detector,throughput_eps,24.995581930109942,normal,f398aa60-da48-45c3-9eb4-8bb4a858c345,,,9.06
2026-08-10 16:43:45.483395+00:00,detector,stage_latency_ms,19.73100000031991,normal,f398aa60-da48-45c3-9eb4-8bb4a858c345,,,9.06
2026-08-10 16:43:45.483395+00:00,detector,queue_wait_ms,2.0029296875,normal,f398aa60-da48-45c3-9eb4-8bb4a858c345,,,9.06
2026-08-10 16:43:45.483395+00:00,detector,end_to_end_latency_ms,22.015380859375,normal,f398aa60-da48-45c3-9eb4-8bb4a858c345,,,9.06
2026-08-10 16:43:45.502394+00:00,generator,throughput_eps,24.999822077876505,normal,f398aa60-da48-45c3-9eb4-8bb4a858c345,,,9.08
2026-08-10 16:43:45.502394+00:00,generator,events_sent,226.0,normal,f398aa60-da48-45c3-9eb4-8bb4a858c345,,,9.08
2026-08-10 16:43:45.507894+00:00,orchestrator,events_processed,225.0,normal,f398aa60-da48-45c3-9eb4-8bb4a858c345,,,9.09
2026-08-10 16:43:45.507894+00:00,orchestrator,throughput_eps,25.085372043261206,normal,f398aa60-da48-45c3-9eb4-8bb4a858c345,,,9.09
2026-08-10 16:43:45.507894+00:00,orchestrator,queue_wait_ms,3.0009765625,normal,f398aa60-da48-45c3-9eb4-8bb4a858c345,,,9.09
2026-08-10 16:43:45.508896+00:00,orchestrator,stage_latency_ms,25.089299999308423,normal,f398aa60-da48-45c3-9eb4-8bb4a858c345,,,9.09
2026-08-10 16:43:45.508896+00:00,orchestrator,end_to_end_latency_ms,47.515625,normal,f398aa60-da48-45c3-9eb4-8bb4a858c345,,,9.09
2026-08-10 16:43:45.508896+00:00,orchestrator,xai_latency_ms,0.0017000002117129043,normal,f398aa60-da48-45c3-9eb4-8bb4a858c345,,deterministic,9.09
2026-08-10 16:43:45.521894+00:00,detector,events_processed,226.0,normal,f398aa60-da48-45c3-9eb4-8bb4a858c345,,,9.1
2026-08-10 16:43:45.522895+00:00,detector,stage_latency_ms,19.827199999781442,normal,f398aa60-da48-45c3-9eb4-8bb4a858c345,,,9.1
2026-08-10 16:43:45.522895+00:00,detector,alerts_emitted,226.0,normal,f398aa60-da48-45c3-9eb4-8bb4a858c345,,,9.1
2026-08-10 16:43:45.522895+00:00,orchestrator,events_received,226.0,normal,f398aa60-da48-45c3-9eb4-8bb4a858c345,,,9.1
2026-08-10 16:43:45.522895+00:00,detector,throughput_eps,24.997455904078464,normal,f398aa60-da48-45c3-9eb4-8bb4a858c345,,,9.1
2026-08-10 16:43:45.522895+00:00,detector,queue_wait_ms,2.00146484375,normal,f398aa60-da48-45c3-9eb4-8bb4a858c345,,,9.1
2026-08-10 16:43:45.523894+00:00,detector,end_to_end_latency_ms,21.50146484375,normal,f398aa60-da48-45c3-9eb4-8bb4a858c345,,,9.1
2026-08-10 16:43:45.541893+00:00,generator,throughput_eps,25.00071002015937,normal,f398aa60-da48-45c3-9eb4-8bb4a858c345,,,9.12
2026-08-10 16:43:45.541893+00:00,generator,events_sent,227.0,normal,f398aa60-da48-45c3-9eb4-8bb4a858c345,,,9.12
2026-08-10 16:43:45.546895+00:00,orchestrator,events_processed,226.0,normal,f398aa60-da48-45c3-9eb4-8bb4a858c345,,,9.13
2026-08-10 16:43:45.547894+00:00,orchestrator,throughput_eps,25.030009980765666,normal,f398aa60-da48-45c3-9eb4-8bb4a858c345,,,9.13
2026-08-10 16:43:45.547894+00:00,orchestrator,queue_wait_ms,3.0009765625,normal,f398aa60-da48-45c3-9eb4-8bb4a858c345,,,9.13
2026-08-10 16:43:45.547894+00:00,orchestrator,stage_latency_ms,24.701699998331605,normal,f398aa60-da48-45c3-9eb4-8bb4a858c345,,,9.13
2026-08-10 16:43:45.547894+00:00,orchestrator,end_to_end_latency_ms,46.5029296875,normal,f398aa60-da48-45c3-9eb4-8bb4a858c345,,,9.13
2026-08-10 16:43:45.547894+00:00,orchestrator,xai_latency_ms,0.0016000012692529708,normal,f398aa60-da48-45c3-9eb4-8bb4a858c345,,deterministic,9.13
2026-08-10 16:43:45.560894+00:00,detector,events_processed,227.0,normal,f398aa60-da48-45c3-9eb4-8bb4a858c345,,,9.14
2026-08-10 16:43:45.561895+00:00,detector,queue_wait_ms,1.99951171875,normal,f398aa60-da48-45c3-9eb4-8bb4a858c345,,,9.14
2026-08-10 16:43:45.561895+00:00,orchestrator,events_received,227.0,normal,f398aa60-da48-45c3-9eb4-8bb4a858c345,,,9.14
2026-08-10 16:43:45.561895+00:00,detector,end_to_end_latency_ms,21.000732421875,normal,f398aa60-da48-45c3-9eb4-8bb4a858c345,,,9.14
2026-08-10 16:43:45.561895+00:00,detector,alerts_emitted,227.0,normal,f398aa60-da48-45c3-9eb4-8bb4a858c345,,,9.14
2026-08-10 16:43:45.561895+00:00,detector,throughput_eps,25.002919840972396,normal,f398aa60-da48-45c3-9eb4-8bb4a858c345,,,9.14
2026-08-10 16:43:45.561895+00:00,detector,stage_latency_ms,18.858400000681286,normal,f398aa60-da48-45c3-9eb4-8bb4a858c345,,,9.14
2026-08-10 16:43:45.581895+00:00,generator,throughput_eps,24.999212726402092,normal,f398aa60-da48-45c3-9eb4-8bb4a858c345,,,9.16
2026-08-10 16:43:45.581895+00:00,generator,events_sent,228.0,normal,f398aa60-da48-45c3-9eb4-8bb4a858c345,,,9.16
2026-08-10 16:43:45.586894+00:00,orchestrator,events_processed,227.0,normal,f398aa60-da48-45c3-9eb4-8bb4a858c345,,,9.17
2026-08-10 16:43:45.586894+00:00,orchestrator,throughput_eps,25.253171121513088,normal,f398aa60-da48-45c3-9eb4-8bb4a858c345,,,9.17
2026-08-10 16:43:45.586894+00:00,orchestrator,queue_wait_ms,3.002197265625,normal,f398aa60-da48-45c3-9eb4-8bb4a858c345,,,9.17
2026-08-10 16:43:45.586894+00:00,orchestrator,stage_latency_ms,24.84609999919485,normal,f398aa60-da48-45c3-9eb4-8bb4a858c345,,,9.17
2026-08-10 16:43:45.587893+00:00,orchestrator,end_to_end_latency_ms,47.00048828125,normal,f398aa60-da48-45c3-9eb4-8bb4a858c345,,,9.17
2026-08-10 16:43:45.587893+00:00,orchestrator,xai_latency_ms,0.0018999999156221747,normal,f398aa60-da48-45c3-9eb4-8bb4a858c345,,deterministic,9.17
2026-08-10 16:43:45.601894+00:00,detector,events_processed,228.0,normal,f398aa60-da48-45c3-9eb4-8bb4a858c345,,,9.18
2026-08-10 16:43:45.601894+00:00,detector,alerts_emitted,228.0,normal,f398aa60-da48-45c3-9eb4-8bb4a858c345,,,9.18
2026-08-10 16:43:45.602893+00:00,detector,throughput_eps,24.99412789169076,normal,f398aa60-da48-45c3-9eb4-8bb4a858c345,,,9.18
2026-08-10 16:43:45.602893+00:00,detector,queue_wait_ms,2.968994140625,normal,f398aa60-da48-45c3-9eb4-8bb4a858c345,,,9.18
2026-08-10 16:43:45.602893+00:00,detector,stage_latency_ms,19.617800000560237,normal,f398aa60-da48-45c3-9eb4-8bb4a858c345,,,9.18
2026-08-10 16:43:45.603894+00:00,detector,end_to_end_latency_ms,21.968994140625,normal,f398aa60-da48-45c3-9eb4-8bb4a858c345,,,9.18
2026-08-10 16:43:45.621894+00:00,generator,throughput_eps,25.001447583814006,normal,f398aa60-da48-45c3-9eb4-8bb4a858c345,,,9.2
2026-08-10 16:43:45.621894+00:00,generator,events_sent,229.0,normal,f398aa60-da48-45c3-9eb4-8bb4a858c345,,,9.2
2026-08-10 16:43:45.626902+00:00,orchestrator,events_processed,228.0,normal,f398aa60-da48-45c3-9eb4-8bb4a858c345,,,9.21
2026-08-10 16:43:45.627901+00:00,orchestrator,throughput_eps,25.247842641976717,normal,f398aa60-da48-45c3-9eb4-8bb4a858c345,,,9.21
2026-08-10 16:43:45.627901+00:00,orchestrator,queue_wait_ms,2.998291015625,normal,f398aa60-da48-45c3-9eb4-8bb4a858c345,,,9.21
2026-08-10 16:43:45.627901+00:00,orchestrator,stage_latency_ms,24.80219999961264,normal,f398aa60-da48-45c3-9eb4-8bb4a858c345,,,9.21
2026-08-10 16:43:45.628902+00:00,orchestrator,end_to_end_latency_ms,46.976806640625,normal,f398aa60-da48-45c3-9eb4-8bb4a858c345,,,9.21
2026-08-10 16:43:45.628902+00:00,orchestrator,xai_latency_ms,0.0017000002117129043,normal,f398aa60-da48-45c3-9eb4-8bb4a858c345,,deterministic,9.21
2026-08-10 16:43:45.640903+00:00,detector,events_processed,229.0,normal,f398aa60-da48-45c3-9eb4-8bb4a858c345,,,9.22
2026-08-10 16:43:45.641902+00:00,detector,alerts_emitted,229.0,normal,f398aa60-da48-45c3-9eb4-8bb4a858c345,,,9.22
2026-08-10 16:43:45.641902+00:00,orchestrator,events_received,229.0,normal,f398aa60-da48-45c3-9eb4-8bb4a858c345,,,9.22
2026-08-10 16:43:45.641902+00:00,detector,throughput_eps,25.002257764360316,normal,f398aa60-da48-45c3-9eb4-8bb4a858c345,,,9.22
2026-08-10 16:43:45.641902+00:00,detector,queue_wait_ms,2.001953125,normal,f398aa60-da48-45c3-9eb4-8bb4a858c345,,,9.22
2026-08-10 16:43:45.641902+00:00,detector,stage_latency_ms,19.211499999073567,normal,f398aa60-da48-45c3-9eb4-8bb4a858c345,,,9.22
2026-08-10 16:43:45.642901+00:00,detector,end_to_end_latency_ms,21.01025390625,normal,f398aa60-da48-45c3-9eb4-8bb4a858c345,,,9.22
2026-08-10 16:43:45.661901+00:00,generator,events_sent,230.0,normal,f398aa60-da48-45c3-9eb4-8bb4a858c345,,,9.24
2026-08-10 16:43:45.661901+00:00,generator,throughput_eps,25.002276207221524,normal,f398aa60-da48-45c3-9eb4-8bb4a858c345,,,9.24
2026-08-10 16:43:45.665901+00:00,orchestrator,events_processed,229.0,normal,f398aa60-da48-45c3-9eb4-8bb4a858c345,,,9.25
2026-08-10 16:43:45.666901+00:00,orchestrator,throughput_eps,25.136899071516297,normal,f398aa60-da48-45c3-9eb4-8bb4a858c345,,,9.25
2026-08-10 16:43:45.666901+00:00,orchestrator,queue_wait_ms,3.00146484375,normal,f398aa60-da48-45c3-9eb4-8bb4a858c345,,,9.25
2026-08-10 16:43:45.666901+00:00,orchestrator,stage_latency_ms,24.614800000563264,normal,f398aa60-da48-45c3-9eb4-8bb4a858c345,,,9.25
2026-08-10 16:43:45.666901+00:00,orchestrator,end_to_end_latency_ms,46.008544921875,normal,f398aa60-da48-45c3-9eb4-8bb4a858c345,,,9.25
2026-08-10 16:43:45.667902+00:00,orchestrator,xai_latency_ms,0.0020000006770715117,normal,f398aa60-da48-45c3-9eb4-8bb4a858c345,,deterministic,9.25
2026-08-10 16:43:45.681901+00:00,detector,events_processed,230.0,normal,f398aa60-da48-45c3-9eb4-8bb4a858c345,,,9.26
2026-08-10 16:43:45.681901+00:00,detector,alerts_emitted,230.0,normal,f398aa60-da48-45c3-9eb4-8bb4a858c345,,,9.26
2026-08-10 16:43:45.681901+00:00,orchestrator,events_received,230.0,normal,f398aa60-da48-45c3-9eb4-8bb4a858c345,,,9.26
2026-08-10 16:43:45.682901+00:00,detector,stage_latency_ms,19.81100000011793,normal,f398aa60-da48-45c3-9eb4-8bb4a858c345,,,9.26
2026-08-10 16:43:45.682901+00:00,detector,queue_wait_ms,2.0009765625,normal,f398aa60-da48-45c3-9eb4-8bb4a858c345,,,9.26
2026-08-10 16:43:45.682901+00:00,detector,throughput_eps,24.99686984761285,normal,f398aa60-da48-45c3-9eb4-8bb4a858c345,,,9.26
2026-08-10 16:43:45.683901+00:00,detector,end_to_end_latency_ms,22.000732421875,normal,f398aa60-da48-45c3-9eb4-8bb4a858c345,,,9.26
2026-08-10 16:43:45.701901+00:00,generator,events_sent,231.0,normal,f398aa60-da48-45c3-9eb4-8bb4a858c345,,,9.28
2026-08-10 16:43:45.701901+00:00,generator,throughput_eps,25.000327504292038,normal,f398aa60-da48-45c3-9eb4-8bb4a858c345,,,9.28
2026-08-10 16:43:45.706900+00:00,orchestrator,events_processed,230.0,normal,f398aa60-da48-45c3-9eb4-8bb4a858c345,,,9.29
2026-08-10 16:43:45.707901+00:00,orchestrator,throughput_eps,25.072909010649845,normal,f398aa60-da48-45c3-9eb4-8bb4a858c345,,,9.29
2026-08-10 16:43:45.707901+00:00,orchestrator,queue_wait_ms,3.0,normal,f398aa60-da48-45c3-9eb4-8bb4a858c345,,,9.29
2026-08-10 16:43:45.707901+00:00,orchestrator,stage_latency_ms,25.134699999398435,normal,f398aa60-da48-45c3-9eb4-8bb4a858c345,,,9.29
2026-08-10 16:43:45.708901+00:00,orchestrator,end_to_end_latency_ms,46.999755859375,normal,f398aa60-da48-45c3-9eb4-8bb4a858c345,,,9.29
2026-08-10 16:43:45.708901+00:00,orchestrator,xai_latency_ms,0.0017000002117129043,normal,f398aa60-da48-45c3-9eb4-8bb4a858c345,,deterministic,9.29
2026-08-10 16:43:45.720902+00:00,detector,events_processed,231.0,normal,f398aa60-da48-45c3-9eb4-8bb4a858c345,,,9.3
2026-08-10 16:43:45.721901+00:00,detector,queue_wait_ms,2.0,normal,f398aa60-da48-45c3-9eb4-8bb4a858c345,,,9.3
2026-08-10 16:43:45.721901+00:00,detector,throughput_eps,25.00073802178522,normal,f398aa60-da48-45c3-9eb4-8bb4a858c345,,,9.3
2026-08-10 16:43:45.721901+00:00,detector,stage_latency_ms,18.964699998832657,normal,f398aa60-da48-45c3-9eb4-8bb4a858c345,,,9.3
2026-08-10 16:43:45.721901+00:00,detector,alerts_emitted,231.0,normal,f398aa60-da48-45c3-9eb4-8bb4a858c345,,,9.3
2026-08-10 16:43:45.721901+00:00,orchestrator,events_received,231.0,normal,f398aa60-da48-45c3-9eb4-8bb4a858c345,,,9.3
2026-08-10 16:43:45.722900+00:00,detector,end_to_end_latency_ms,21.001220703125,normal,f398aa60-da48-45c3-9eb4-8bb4a858c345,,,9.3
2026-08-10 16:43:45.741901+00:00,generator,events_sent,232.0,normal,f398aa60-da48-45c3-9eb4-8bb4a858c345,,,9.32
2026-08-10 16:43:45.741901+00:00,generator,throughput_eps,25.002912133534338,normal,f398aa60-da48-45c3-9eb4-8bb4a858c345,,,9.32
2026-08-10 16:43:45.746902+00:00,orchestrator,events_processed,231.0,normal,f398aa60-da48-45c3-9eb4-8bb4a858c345,,,9.33
2026-08-10 16:43:45.746902+00:00,orchestrator,throughput_eps,25.018840688168336,normal,f398aa60-da48-45c3-9eb4-8bb4a858c345,,,9.33
2026-08-10 16:43:45.746902+00:00,orchestrator,queue_wait_ms,2.99853515625,normal,f398aa60-da48-45c3-9eb4-8bb4a858c345,,,9.33
2026-08-10 16:43:45.747901+00:00,orchestrator,stage_latency_ms,25.082000000111293,normal,f398aa60-da48-45c3-9eb4-8bb4a858c345,,,9.33
2026-08-10 16:43:45.747901+00:00,orchestrator,end_to_end_latency_ms,47.001708984375,normal,f398aa60-da48-45c3-9eb4-8bb4a858c345,,,9.33
2026-08-10 16:43:45.747901+00:00,orchestrator,xai_latency_ms,0.0017000002117129043,normal,f398aa60-da48-45c3-9eb4-8bb4a858c345,,deterministic,9.33
2026-08-10 16:43:45.760901+00:00,detector,events_processed,232.0,normal,f398aa60-da48-45c3-9eb4-8bb4a858c345,,,9.34
2026-08-10 16:43:45.761901+00:00,detector,queue_wait_ms,2.001953125,normal,f398aa60-da48-45c3-9eb4-8bb4a858c345,,,9.34
2026-08-10 16:43:45.761901+00:00,detector,throughput_eps,25.00289683562751,normal,f398aa60-da48-45c3-9eb4-8bb4a858c345,,,9.34
2026-08-10 16:43:45.761901+00:00,detector,alerts_emitted,232.0,normal,f398aa60-da48-45c3-9eb4-8bb4a858c345,,,9.34
2026-08-10 16:43:45.761901+00:00,orchestrator,events_received,232.0,normal,f398aa60-da48-45c3-9eb4-8bb4a858c345,,,9.34
2026-08-10 16:43:45.762901+00:00,detector,stage_latency_ms,18.899900000178604,normal,f398aa60-da48-45c3-9eb4-8bb4a858c345,,,9.34
2026-08-10 16:43:45.762901+00:00,detector,end_to_end_latency_ms,21.00146484375,normal,f398aa60-da48-45c3-9eb4-8bb4a858c345,,,9.34
2026-08-10 16:43:45.781437+00:00,generator,events_sent,233.0,normal,f398aa60-da48-45c3-9eb4-8bb4a858c345,,,9.36
2026-08-10 16:43:45.781952+00:00,generator,throughput_eps,25.005061524551653,normal,f398aa60-da48-45c3-9eb4-8bb4a858c345,,,9.36
2026-08-10 16:43:45.785984+00:00,orchestrator,events_processed,232.0,normal,f398aa60-da48-45c3-9eb4-8bb4a858c345,,,9.37
2026-08-10 16:43:45.786985+00:00,orchestrator,throughput_eps,25.00323491853372,normal,f398aa60-da48-45c3-9eb4-8bb4a858c345,,,9.37
2026-08-10 16:43:45.786985+00:00,orchestrator,queue_wait_ms,3.00048828125,normal,f398aa60-da48-45c3-9eb4-8bb4a858c345,,,9.37
2026-08-10 16:43:45.786985+00:00,orchestrator,stage_latency_ms,24.962699999377946,normal,f398aa60-da48-45c3-9eb4-8bb4a858c345,,,9.37
2026-08-10 16:43:45.787988+00:00,orchestrator,end_to_end_latency_ms,46.084716796875,normal,f398aa60-da48-45c3-9eb4-8bb4a858c345,,,9.37
2026-08-10 16:43:45.787988+00:00,orchestrator,xai_latency_ms,0.0018000009731622413,normal,f398aa60-da48-45c3-9eb4-8bb4a858c345,,deterministic,9.37
2026-08-10 16:43:45.800985+00:00,detector,throughput_eps,25.00142808156796,normal,f398aa60-da48-45c3-9eb4-8bb4a858c345,,,9.38
2026-08-10 16:43:45.800985+00:00,orchestrator,events_received,233.0,normal,f398aa60-da48-45c3-9eb4-8bb4a858c345,,,9.38
2026-08-10 16:43:45.800985+00:00,detector,events_processed,233.0,normal,f398aa60-da48-45c3-9eb4-8bb4a858c345,,,9.38
2026-08-10 16:43:45.800985+00:00,detector,alerts_emitted,233.0,normal,f398aa60-da48-45c3-9eb4-8bb4a858c345,,,9.38
2026-08-10 16:43:45.801985+00:00,detector,queue_wait_ms,2.12890625,normal,f398aa60-da48-45c3-9eb4-8bb4a858c345,,,9.38
2026-08-10 16:43:45.801985+00:00,detector,stage_latency_ms,18.92050000060408,normal,f398aa60-da48-45c3-9eb4-8bb4a858c345,,,9.38
2026-08-10 16:43:45.801985+00:00,detector,end_to_end_latency_ms,21.162353515625,normal,f398aa60-da48-45c3-9eb4-8bb4a858c345,,,9.38
2026-08-10 16:43:45.821985+00:00,generator,events_sent,234.0,normal,f398aa60-da48-45c3-9eb4-8bb4a858c345,,,9.4
2026-08-10 16:43:45.821985+00:00,generator,throughput_eps,25.002014162253325,normal,f398aa60-da48-45c3-9eb4-8bb4a858c345,,,9.4
2026-08-10 16:43:45.824984+00:00,orchestrator,events_processed,233.0,normal,f398aa60-da48-45c3-9eb4-8bb4a858c345,,,9.4
2026-08-10 16:43:45.824984+00:00,orchestrator,throughput_eps,25.003825585317973,normal,f398aa60-da48-45c3-9eb4-8bb4a858c345,,,9.4
2026-08-10 16:43:45.824984+00:00,orchestrator,queue_wait_ms,2.001220703125,normal,f398aa60-da48-45c3-9eb4-8bb4a858c345,,,9.4
2026-08-10 16:43:45.825986+00:00,orchestrator,stage_latency_ms,23.672699999224278,normal,f398aa60-da48-45c3-9eb4-8bb4a858c345,,,9.41
2026-08-10 16:43:45.825986+00:00,orchestrator,end_to_end_latency_ms,45.161865234375,normal,f398aa60-da48-45c3-9eb4-8bb4a858c345,,,9.41
2026-08-10 16:43:45.825986+00:00,orchestrator,xai_latency_ms,0.0017000002117129043,normal,f398aa60-da48-45c3-9eb4-8bb4a858c345,,deterministic,9.41
2026-08-10 16:43:45.840984+00:00,orchestrator,events_received,234.0,normal,f398aa60-da48-45c3-9eb4-8bb4a858c345,,,9.42
2026-08-10 16:43:45.840984+00:00,detector,alerts_emitted,234.0,normal,f398aa60-da48-45c3-9eb4-8bb4a858c345,,,9.42
2026-08-10 16:43:45.840984+00:00,detector,events_processed,234.0,normal,f398aa60-da48-45c3-9eb4-8bb4a858c345,,,9.42
2026-08-10 16:43:45.841985+00:00,detector,throughput_eps,25.00424071922437,normal,f398aa60-da48-45c3-9eb4-8bb4a858c345,,,9.42
2026-08-10 16:43:45.841985+00:00,detector,queue_wait_ms,1.990966796875,normal,f398aa60-da48-45c3-9eb4-8bb4a858c345,,,9.42
2026-08-10 16:43:45.841985+00:00,detector,stage_latency_ms,18.94480000009935,normal,f398aa60-da48-45c3-9eb4-8bb4a858c345,,,9.42
2026-08-10 16:43:45.841985+00:00,detector,end_to_end_latency_ms,20.99072265625,normal,f398aa60-da48-45c3-9eb4-8bb4a858c345,,,9.42
2026-08-10 16:43:45.861844+00:00,generator,events_sent,235.0,normal,f398aa60-da48-45c3-9eb4-8bb4a858c345,,,9.44
2026-08-10 16:43:45.861844+00:00,generator,throughput_eps,25.003845591453057,normal,f398aa60-da48-45c3-9eb4-8bb4a858c345,,,9.44
2026-08-10 16:43:45.866505+00:00,orchestrator,events_processed,234.0,normal,f398aa60-da48-45c3-9eb4-8bb4a858c345,,,9.45
2026-08-10 16:43:45.866505+00:00,orchestrator,throughput_eps,25.005676288519652,normal,f398aa60-da48-45c3-9eb4-8bb4a858c345,,,9.45
2026-08-10 16:43:45.866505+00:00,orchestrator,queue_wait_ms,2.000732421875,normal,f398aa60-da48-45c3-9eb4-8bb4a858c345,,,9.45
2026-08-10 16:43:45.866505+00:00,orchestrator,stage_latency_ms,24.89179999975022,normal,f398aa60-da48-45c3-9eb4-8bb4a858c345,,,9.45
2026-08-10 16:43:45.867503+00:00,orchestrator,xai_latency_ms,0.0018000009731622413,normal,f398aa60-da48-45c3-9eb4-8bb4a858c345,,deterministic,9.45
2026-08-10 16:43:45.867503+00:00,orchestrator,end_to_end_latency_ms,46.511474609375,normal,f398aa60-da48-45c3-9eb4-8bb4a858c345,,,9.45
2026-08-10 16:43:45.881504+00:00,detector,alerts_emitted,235.0,normal,f398aa60-da48-45c3-9eb4-8bb4a858c345,,,9.46
2026-08-10 16:43:45.881504+00:00,orchestrator,events_received,235.0,normal,f398aa60-da48-45c3-9eb4-8bb4a858c345,,,9.46
2026-08-10 16:43:45.881504+00:00,detector,events_processed,235.0,normal,f398aa60-da48-45c3-9eb4-8bb4a858c345,,,9.46
2026-08-10 16:43:45.882506+00:00,detector,end_to_end_latency_ms,21.7255859375,normal,f398aa60-da48-45c3-9eb4-8bb4a858c345,,,9.46
2026-08-10 16:43:45.882506+00:00,detector,stage_latency_ms,19.645600001240382,normal,f398aa60-da48-45c3-9eb4-8bb4a858c345,,,9.46
2026-08-10 16:43:45.882506+00:00,detector,throughput_eps,25.001639107452675,normal,f398aa60-da48-45c3-9eb4-8bb4a858c345,,,9.46
2026-08-10 16:43:45.882506+00:00,detector,queue_wait_ms,2.06494140625,normal,f398aa60-da48-45c3-9eb4-8bb4a858c345,,,9.46
2026-08-10 16:43:45.902012+00:00,generator,events_sent,236.0,normal,f398aa60-da48-45c3-9eb4-8bb4a858c345,,,9.48
2026-08-10 16:43:45.902012+00:00,generator,throughput_eps,25.00114319743391,normal,f398aa60-da48-45c3-9eb4-8bb4a858c345,,,9.48
2026-08-10 16:43:45.906445+00:00,orchestrator,events_processed,235.0,normal,f398aa60-da48-45c3-9eb4-8bb4a858c345,,,9.49
2026-08-10 16:43:45.907013+00:00,orchestrator,throughput_eps,25.00199015841727,normal,f398aa60-da48-45c3-9eb4-8bb4a858c345,,,9.49
2026-08-10 16:43:45.907013+00:00,orchestrator,queue_wait_ms,3.001220703125,normal,f398aa60-da48-45c3-9eb4-8bb4a858c345,,,9.49
2026-08-10 16:43:45.907013+00:00,orchestrator,stage_latency_ms,24.554300000090734,normal,f398aa60-da48-45c3-9eb4-8bb4a858c345,,,9.49
2026-08-10 16:43:45.907013+00:00,orchestrator,end_to_end_latency_ms,46.66650390625,normal,f398aa60-da48-45c3-9eb4-8bb4a858c345,,,9.49
2026-08-10 16:43:45.908014+00:00,orchestrator,xai_latency_ms,0.0018999999156221747,normal,f398aa60-da48-45c3-9eb4-8bb4a858c345,,deterministic,9.49
2026-08-10 16:43:45.923014+00:00,detector,events_processed,236.0,normal,f398aa60-da48-45c3-9eb4-8bb4a858c345,,,9.5
2026-08-10 16:43:45.923014+00:00,orchestrator,events_received,236.0,normal,f398aa60-da48-45c3-9eb4-8bb4a858c345,,,9.5
2026-08-10 16:43:45.923014+00:00,detector,throughput_eps,24.991728040339222,normal,f398aa60-da48-45c3-9eb4-8bb4a858c345,,,9.5
2026-08-10 16:43:45.924014+00:00,detector,end_to_end_latency_ms,22.999267578125,normal,f398aa60-da48-45c3-9eb4-8bb4a858c345,,,9.5
2026-08-10 16:43:45.924014+00:00,detector,stage_latency_ms,20.279000000300584,normal,f398aa60-da48-45c3-9eb4-8bb4a858c345,,,9.5
2026-08-10 16:43:45.924014+00:00,detector,queue_wait_ms,1.997802734375,normal,f398aa60-da48-45c3-9eb4-8bb4a858c345,,,9.5
2026-08-10 16:43:45.942012+00:00,generator,events_sent,237.0,normal,f398aa60-da48-45c3-9eb4-8bb4a858c345,,,9.52
2026-08-10 16:43:45.943018+00:00,generator,throughput_eps,24.998892690183858,normal,f398aa60-da48-45c3-9eb4-8bb4a858c345,,,9.52
2026-08-10 16:43:45.948014+00:00,orchestrator,events_processed,236.0,normal,f398aa60-da48-45c3-9eb4-8bb4a858c345,,,9.53
2026-08-10 16:43:45.949014+00:00,orchestrator,throughput_eps,24.993958113757397,normal,f398aa60-da48-45c3-9eb4-8bb4a858c345,,,9.53
2026-08-10 16:43:45.949014+00:00,orchestrator,queue_wait_ms,2.999267578125,normal,f398aa60-da48-45c3-9eb4-8bb4a858c345,,,9.53
2026-08-10 16:43:45.949014+00:00,orchestrator,stage_latency_ms,25.20150000054855,normal,f398aa60-da48-45c3-9eb4-8bb4a858c345,,,9.53
2026-08-10 16:43:45.949014+00:00,orchestrator,end_to_end_latency_ms,47.9990234375,normal,f398aa60-da48-45c3-9eb4-8bb4a858c345,,,9.53
2026-08-10 16:43:45.950013+00:00,orchestrator,xai_latency_ms,0.0018999999156221747,normal,f398aa60-da48-45c3-9eb4-8bb4a858c345,,deterministic,9.53
2026-08-10 16:43:45.963014+00:00,detector,events_processed,237.0,normal,f398aa60-da48-45c3-9eb4-8bb4a858c345,,,9.54
2026-08-10 16:43:45.963014+00:00,detector,alerts_emitted,237.0,normal,f398aa60-da48-45c3-9eb4-8bb4a858c345,,,9.54
2026-08-10 16:43:45.963410+00:00,detector,throughput_eps,24.993291115356385,normal,f398aa60-da48-45c3-9eb4-8bb4a858c345,,,9.54
2026-08-10 16:43:45.963410+00:00,detector,queue_wait_ms,3.006591796875,normal,f398aa60-da48-45c3-9eb4-8bb4a858c345,,,9.54
2026-08-10 16:43:45.964013+00:00,detector,end_to_end_latency_ms,23.002685546875,normal,f398aa60-da48-45c3-9eb4-8bb4a858c345,,,9.54
2026-08-10 16:43:45.964013+00:00,detector,stage_latency_ms,19.371500000488595,normal,f398aa60-da48-45c3-9eb4-8bb4a858c345,,,9.54
2026-08-10 16:43:45.982012+00:00,generator,events_sent,238.0,normal,f398aa60-da48-45c3-9eb4-8bb4a858c345,,,9.56
2026-08-10 16:43:45.982012+00:00,generator,throughput_eps,25.001716117800452,normal,f398aa60-da48-45c3-9eb4-8bb4a858c345,,,9.56
2026-08-10 16:43:45.989014+00:00,orchestrator,events_processed,237.0,normal,f398aa60-da48-45c3-9eb4-8bb4a858c345,,,9.57
2026-08-10 16:43:45.990013+00:00,orchestrator,throughput_eps,24.987503225699907,normal,f398aa60-da48-45c3-9eb4-8bb4a858c345,,,9.57
2026-08-10 16:43:45.990013+00:00,orchestrator,queue_wait_ms,3.357177734375,normal,f398aa60-da48-45c3-9eb4-8bb4a858c345,,,9.57
2026-08-10 16:43:45.990013+00:00,orchestrator,stage_latency_ms,26.107899999260553,normal,f398aa60-da48-45c3-9eb4-8bb4a858c345,,,9.57
2026-08-10 16:43:45.990013+00:00,orchestrator,end_to_end_latency_ms,49.001953125,normal,f398aa60-da48-45c3-9eb4-8bb4a858c345,,,9.57
2026-08-10 16:43:45.991013+00:00,orchestrator,xai_latency_ms,0.0017999991541728377,normal,f398aa60-da48-45c3-9eb4-8bb4a858c345,,deterministic,9.57
2026-08-10 16:43:46.003936+00:00,detector,events_processed,238.0,normal,f398aa60-da48-45c3-9eb4-8bb4a858c345,,,9.58
2026-08-10 16:43:46.003936+00:00,detector,alerts_emitted,238.0,normal,f398aa60-da48-45c3-9eb4-8bb4a858c345,,,9.58
2026-08-10 16:43:46.003936+00:00,orchestrator,events_received,238.0,normal,f398aa60-da48-45c3-9eb4-8bb4a858c345,,,9.58
2026-08-10 16:43:46.003936+00:00,detector,throughput_eps,24.989628296610146,normal,f398aa60-da48-45c3-9eb4-8bb4a858c345,,,9.58
2026-08-10 16:43:46.004936+00:00,detector,end_to_end_latency_ms,23.92333984375,normal,f398aa60-da48-45c3-9eb4-8bb4a858c345,,,9.58
2026-08-10 16:43:46.004936+00:00,detector,queue_wait_ms,1.999267578125,normal,f398aa60-da48-45c3-9eb4-8bb4a858c345,,,9.58
2026-08-10 16:43:46.004936+00:00,detector,stage_latency_ms,21.679399998902227,normal,f398aa60-da48-45c3-9eb4-8bb4a858c345,,,9.58
2026-08-10 16:43:46.021936+00:00,generator,events_sent,239.0,normal,f398aa60-da48-45c3-9eb4-8bb4a858c345,,,9.6
2026-08-10 16:43:46.021936+00:00,generator,throughput_eps,25.003679541482608,normal,f398aa60-da48-45c3-9eb4-8bb4a858c345,,,9.6
2026-08-10 16:43:46.028937+00:00,orchestrator,events_processed,238.0,normal,f398aa60-da48-45c3-9eb4-8bb4a858c345,,,9.61
2026-08-10 16:43:46.029935+00:00,orchestrator,throughput_eps,25.242552943048555,normal,f398aa60-da48-45c3-9eb4-8bb4a858c345,,,9.61
2026-08-10 16:43:46.029935+00:00,orchestrator,queue_wait_ms,2.56201171875,normal,f398aa60-da48-45c3-9eb4-8bb4a858c345,,,9.61
2026-08-10 16:43:46.029935+00:00,orchestrator,stage_latency_ms,25.063900000532158,normal,f398aa60-da48-45c3-9eb4-8bb4a858c345,,,9.61
2026-08-10 16:43:46.029935+00:00,orchestrator,end_to_end_latency_ms,48.924072265625,normal,f398aa60-da48-45c3-9eb4-8bb4a858c345,,,9.61
2026-08-10 16:43:46.029935+00:00,orchestrator,xai_latency_ms,0.0015999994502635673,normal,f398aa60-da48-45c3-9eb4-8bb4a858c345,,deterministic,9.61
2026-08-10 16:43:46.040936+00:00,detector,events_processed,239.0,normal,f398aa60-da48-45c3-9eb4-8bb4a858c345,,,9.62
2026-08-10 16:43:46.041936+00:00,detector,end_to_end_latency_ms,21.000244140625,normal,f398aa60-da48-45c3-9eb4-8bb4a858c345,,,9.62
2026-08-10 16:43:46.041936+00:00,detector,stage_latency_ms,19.199800000933465,normal,f398aa60-da48-45c3-9eb4-8bb4a858c345,,,9.62
2026-08-10 16:43:46.041936+00:00,detector,queue_wait_ms,2.00048828125,normal,f398aa60-da48-45c3-9eb4-8bb4a858c345,,,9.62
2026-08-10 16:43:46.041936+00:00,detector,throughput_eps,25.002831320620352,normal,f398aa60-da48-45c3-9eb4-8bb4a858c345,,,9.62
2026-08-10 16:43:46.041936+00:00,orchestrator,events_received,239.0,normal,f398aa60-da48-45c3-9eb4-8bb4a858c345,,,9.62
2026-08-10 16:43:46.041936+00:00,detector,alerts_emitted,239.0,normal,f398aa60-da48-45c3-9eb4-8bb4a858c345,,,9.62
2026-08-10 16:43:46.061965+00:00,generator,events_sent,240.0,normal,f398aa60-da48-45c3-9eb4-8bb4a858c345,,,9.64
2026-08-10 16:43:46.061965+00:00,generator,throughput_eps,25.002664283909372,normal,f398aa60-da48-45c3-9eb4-8bb4a858c345,,,9.64
2026-08-10 16:43:46.066483+00:00,orchestrator,events_processed,239.0,normal,f398aa60-da48-45c3-9eb4-8bb4a858c345,,,9.65
2026-08-10 16:43:46.066483+00:00,orchestrator,throughput_eps,25.25706029802077,normal,f398aa60-da48-45c3-9eb4-8bb4a858c345,,,9.65
2026-08-10 16:43:46.066483+00:00,orchestrator,queue_wait_ms,3.000244140625,normal,f398aa60-da48-45c3-9eb4-8bb4a858c345,,,9.65
2026-08-10 16:43:46.066483+00:00,orchestrator,stage_latency_ms,24.454700000205776,normal,f398aa60-da48-45c3-9eb4-8bb4a858c345,,,9.65
2026-08-10 16:43:46.067452+00:00,orchestrator,end_to_end_latency_ms,46.547607421875,normal,f398aa60-da48-45c3-9eb4-8bb4a858c345,,,9.65
2026-08-10 16:43:46.067452+00:00,orchestrator,xai_latency_ms,0.0017000002117129043,normal,f398aa60-da48-45c3-9eb4-8bb4a858c345,,deterministic,9.65
2026-08-10 16:43:46.080452+00:00,orchestrator,events_received,240.0,normal,f398aa60-da48-45c3-9eb4-8bb4a858c345,,,9.66
2026-08-10 16:43:46.080452+00:00,detector,throughput_eps,25.0041321828844,normal,f398aa60-da48-45c3-9eb4-8bb4a858c345,,,9.66
2026-08-10 16:43:46.080452+00:00,detector,events_processed,240.0,normal,f398aa60-da48-45c3-9eb4-8bb4a858c345,,,9.66
2026-08-10 16:43:46.080452+00:00,detector,alerts_emitted,240.0,normal,f398aa60-da48-45c3-9eb4-8bb4a858c345,,,9.66
2026-08-10 16:43:46.081452+00:00,detector,queue_wait_ms,1.999755859375,normal,f398aa60-da48-45c3-9eb4-8bb4a858c345,,,9.66
2026-08-10 16:43:46.081452+00:00,detector,stage_latency_ms,18.517599999540835,normal,f398aa60-da48-45c3-9eb4-8bb4a858c345,,,9.66
2026-08-10 16:43:46.081452+00:00,detector,end_to_end_latency_ms,20.487060546875,normal,f398aa60-da48-45c3-9eb4-8bb4a858c345,,,9.66
2026-08-10 16:43:46.101958+00:00,generator,events_sent,241.0,normal,f398aa60-da48-45c3-9eb4-8bb4a858c345,,,9.68
2026-08-10 16:43:46.102903+00:00,generator,throughput_eps,24.99992590747714,normal,f398aa60-da48-45c3-9eb4-8bb4a858c345,,,9.68
2026-08-10 16:43:46.105964+00:00,orchestrator,events_processed,240.0,normal,f398aa60-da48-45c3-9eb4-8bb4a858c345,,,9.69
2026-08-10 16:43:46.105964+00:00,orchestrator,throughput_eps,25.25768299125989,normal,f398aa60-da48-45c3-9eb4-8bb4a858c345,,,9.69
2026-08-10 16:43:46.105964+00:00,orchestrator,queue_wait_ms,2.00048828125,normal,f398aa60-da48-45c3-9eb4-8bb4a858c345,,,9.69
2026-08-10 16:43:46.105964+00:00,orchestrator,stage_latency_ms,24.667700001373305,normal,f398aa60-da48-45c3-9eb4-8bb4a858c345,,,9.69
2026-08-10 16:43:46.105964+00:00,orchestrator,end_to_end_latency_ms,45.999267578125,normal,f398aa60-da48-45c3-9eb4-8bb4a858c345,,,9.69
2026-08-10 16:43:46.106964+00:00,orchestrator,xai_latency_ms,0.0018999999156221747,normal,f398aa60-da48-45c3-9eb4-8bb4a858c345,,deterministic,9.69
2026-08-10 16:43:46.121964+00:00,detector,throughput_eps,25.000210687254466,normal,f398aa60-da48-45c3-9eb4-8bb4a858c345,,,9.7
2026-08-10 16:43:46.121964+00:00,detector,queue_wait_ms,1.505615234375,normal,f398aa60-da48-45c3-9eb4-8bb4a858c345,,,9.7
2026-08-10 16:43:46.121964+00:00,orchestrator,events_received,241.0,normal,f398aa60-da48-45c3-9eb4-8bb4a858c345,,,9.7
2026-08-10 16:43:46.121964+00:00,detector,events_processed,241.0,normal,f398aa60-da48-45c3-9eb4-8bb4a858c345,,,9.7
2026-08-10 16:43:46.121964+00:00,detector,alerts_emitted,241.0,normal,f398aa60-da48-45c3-9eb4-8bb4a858c345,,,9.7
2026-08-10 16:43:46.122964+00:00,detector,stage_latency_ms,19.10160000079486,normal,f398aa60-da48-45c3-9eb4-8bb4a858c345,,,9.7
2026-08-10 16:43:46.122964+00:00,detector,end_to_end_latency_ms,21.511962890625,normal,f398aa60-da48-45c3-9eb4-8bb4a858c345,,,9.7
2026-08-10 16:43:46.141964+00:00,generator,events_sent,242.0,normal,f398aa60-da48-45c3-9eb4-8bb4a858c345,,,9.72
2026-08-10 16:43:46.141964+00:00,generator,throughput_eps,25.001621105113706,normal,f398aa60-da48-45c3-9eb4-8bb4a858c345,,,9.72
2026-08-10 16:43:46.145965+00:00,orchestrator,events_processed,241.0,normal,f398aa60-da48-45c3-9eb4-8bb4a858c345,,,9.73
2026-08-10 16:43:46.146964+00:00,orchestrator,end_to_end_latency_ms,45.5126953125,normal,f398aa60-da48-45c3-9eb4-8bb4a858c345,,,9.73
2026-08-10 16:43:46.146964+00:00,orchestrator,throughput_eps,25.143058976973588,normal,f398aa60-da48-45c3-9eb4-8bb4a858c345,,,9.73
2026-08-10 16:43:46.146964+00:00,orchestrator,queue_wait_ms,3.0,normal,f398aa60-da48-45c3-9eb4-8bb4a858c345,,,9.73
2026-08-10 16:43:46.146964+00:00,orchestrator,stage_latency_ms,24.408600000242586,normal,f398aa60-da48-45c3-9eb4-8bb4a858c345,,,9.73
2026-08-10 16:43:46.147964+00:00,orchestrator,xai_latency_ms,0.0018000009731622413,normal,f398aa60-da48-45c3-9eb4-8bb4a858c345,,deterministic,9.73
2026-08-10 16:43:46.160964+00:00,orchestrator,events_received,242.0,normal,f398aa60-da48-45c3-9eb4-8bb4a858c345,,,9.74
2026-08-10 16:43:46.160964+00:00,detector,throughput_eps,25.00374206003186,normal,f398aa60-da48-45c3-9eb4-8bb4a858c345,,,9.74
2026-08-10 16:43:46.160964+00:00,detector,events_processed,242.0,normal,f398aa60-da48-45c3-9eb4-8bb4a858c345,,,9.74
2026-08-10 16:43:46.160964+00:00,detector,alerts_emitted,242.0,normal,f398aa60-da48-45c3-9eb4-8bb4a858c345,,,9.74
2026-08-10 16:43:46.161966+00:00,detector,queue_wait_ms,2.0,normal,f398aa60-da48-45c3-9eb4-8bb4a858c345,,,9.74
2026-08-10 16:43:46.161966+00:00,detector,stage_latency_ms,18.601499999931548,normal,f398aa60-da48-45c3-9eb4-8bb4a858c345,,,9.74
2026-08-10 16:43:46.161966+00:00,detector,end_to_end_latency_ms,21.0,normal,f398aa60-da48-45c3-9eb4-8bb4a858c345,,,9.74
2026-08-10 16:43:46.181964+00:00,generator,events_sent,243.0,normal,f398aa60-da48-45c3-9eb4-8bb4a858c345,,,9.76
2026-08-10 16:43:46.181964+00:00,generator,throughput_eps,25.000708689444334,normal,f398aa60-da48-45c3-9eb4-8bb4a858c345,,,9.76
2026-08-10 16:43:46.185964+00:00,orchestrator,throughput_eps,25.092591663235204,normal,f398aa60-da48-45c3-9eb4-8bb4a858c345,,,9.77
2026-08-10 16:43:46.185964+00:00,orchestrator,events_processed,242.0,normal,f398aa60-da48-45c3-9eb4-8bb4a858c345,,,9.77
2026-08-10 16:43:46.186963+00:00,orchestrator,end_to_end_latency_ms,46.000244140625,normal,f398aa60-da48-45c3-9eb4-8bb4a858c345,,,9.77
2026-08-10 16:43:46.186963+00:00,orchestrator,xai_latency_ms,0.0018999999156221747,normal,f398aa60-da48-45c3-9eb4-8bb4a858c345,,deterministic,9.77
2026-08-10 16:43:46.186963+00:00,orchestrator,queue_wait_ms,2.0009765625,normal,f398aa60-da48-45c3-9eb4-8bb4a858c345,,,9.77
2026-08-10 16:43:46.186963+00:00,orchestrator,stage_latency_ms,24.955699998827185,normal,f398aa60-da48-45c3-9eb4-8bb4a858c345,,,9.77
2026-08-10 16:43:46.200964+00:00,detector,alerts_emitted,243.0,normal,f398aa60-da48-45c3-9eb4-8bb4a858c345,,,9.78
2026-08-10 16:43:46.200964+00:00,detector,events_processed,243.0,normal,f398aa60-da48-45c3-9eb4-8bb4a858c345,,,9.78
2026-08-10 16:43:46.201964+00:00,detector,throughput_eps,25.00075657531322,normal,f398aa60-da48-45c3-9eb4-8bb4a858c345,,,9.78
2026-08-10 16:43:46.201964+00:00,orchestrator,events_received,243.0,normal,f398aa60-da48-45c3-9eb4-8bb4a858c345,,,9.78
2026-08-10 16:43:46.201964+00:00,detector,queue_wait_ms,2.000244140625,normal,f398aa60-da48-45c3-9eb4-8bb4a858c345,,,9.78
2026-08-10 16:43:46.201964+00:00,detector,stage_latency_ms,18.827100000635255,normal,f398aa60-da48-45c3-9eb4-8bb4a858c345,,,9.78
2026-08-10 16:43:46.201964+00:00,detector,end_to_end_latency_ms,21.0,normal,f398aa60-da48-45c3-9eb4-8bb4a858c345,,,9.78
2026-08-10 16:43:46.221963+00:00,generator,events_sent,244.0,normal,f398aa60-da48-45c3-9eb4-8bb4a858c345,,,9.8
2026-08-10 16:43:46.221963+00:00,generator,throughput_eps,25.00046550866529,normal,f398aa60-da48-45c3-9eb4-8bb4a858c345,,,9.8
2026-08-10 16:43:46.226964+00:00,orchestrator,events_processed,243.0,normal,f398aa60-da48-45c3-9eb4-8bb4a858c345,,,9.81
2026-08-10 16:43:46.226964+00:00,orchestrator,throughput_eps,25.037412403864963,normal,f398aa60-da48-45c3-9eb4-8bb4a858c345,,,9.81
2026-08-10 16:43:46.226964+00:00,orchestrator,queue_wait_ms,3.000732421875,normal,f398aa60-da48-45c3-9eb4-8bb4a858c345,,,9.81
2026-08-10 16:43:46.227963+00:00,orchestrator,xai_latency_ms,0.0022999993234407157,normal,f398aa60-da48-45c3-9eb4-8bb4a858c345,,deterministic,9.81
2026-08-10 16:43:46.227963+00:00,orchestrator,end_to_end_latency_ms,47.00048828125,normal,f398aa60-da48-45c3-9eb4-8bb4a858c345,,,9.81
2026-08-10 16:43:46.227963+00:00,orchestrator,stage_latency_ms,25.110399999903166,normal,f398aa60-da48-45c3-9eb4-8bb4a858c345,,,9.81
2026-08-10 16:43:46.240965+00:00,detector,events_processed,244.0,normal,f398aa60-da48-45c3-9eb4-8bb4a858c345,,,9.82
2026-08-10 16:43:46.240965+00:00,detector,alerts_emitted,244.0,normal,f398aa60-da48-45c3-9eb4-8bb4a858c345,,,9.82
2026-08-10 16:43:46.240965+00:00,orchestrator,events_received,244.0,normal,f398aa60-da48-45c3-9eb4-8bb4a858c345,,,9.82
2026-08-10 16:43:46.240965+00:00,detector,throughput_eps,25.00261377324459,normal,f398aa60-da48-45c3-9eb4-8bb4a858c345,,,9.82
2026-08-10 16:43:46.241964+00:00,detector,queue_wait_ms,2.0,normal,f398aa60-da48-45c3-9eb4-8bb4a858c345,,,9.82
2026-08-10 16:43:46.241964+00:00,detector,stage_latency_ms,18.53829999890877,normal,f398aa60-da48-45c3-9eb4-8bb4a858c345,,,9.82
2026-08-10 16:43:46.241964+00:00,detector,end_to_end_latency_ms,21.001708984375,normal,f398aa60-da48-45c3-9eb4-8bb4a858c345,,,9.82
2026-08-10 16:43:46.261963+00:00,generator,events_sent,245.0,normal,f398aa60-da48-45c3-9eb4-8bb4a858c345,,,9.84
2026-08-10 16:43:46.261963+00:00,generator,throughput_eps,25.001440583006563,normal,f398aa60-da48-45c3-9eb4-8bb4a858c345,,,9.84
2026-08-10 16:43:46.264964+00:00,orchestrator,events_processed,244.0,normal,f398aa60-da48-45c3-9eb4-8bb4a858c345,,,9.84
2026-08-10 16:43:46.265963+00:00,orchestrator,stage_latency_ms,24.375899998631212,normal,f398aa60-da48-45c3-9eb4-8bb4a858c345,,,9.85
2026-08-10 16:43:46.265963+00:00,orchestrator,end_to_end_latency_ms,45.0009765625,normal,f398aa60-da48-45c3-9eb4-8bb4a858c345,,,9.85
2026-08-10 16:43:46.265963+00:00,orchestrator,throughput_eps,25.00892968842969,normal,f398aa60-da48-45c3-9eb4-8bb4a858c345,,,9.85
2026-08-10 16:43:46.265963+00:00,orchestrator,queue_wait_ms,2.001953125,normal,f398aa60-da48-45c3-9eb4-8bb4a858c345,,,9.85
2026-08-10 16:43:46.266964+00:00,orchestrator,xai_latency_ms,0.0017000002117129043,normal,f398aa60-da48-45c3-9eb4-8bb4a858c345,,deterministic,9.85
2026-08-10 16:43:46.281963+00:00,detector,events_processed,245.0,normal,f398aa60-da48-45c3-9eb4-8bb4a858c345,,,9.86
2026-08-10 16:43:46.281963+00:00,detector,alerts_emitted,245.0,normal,f398aa60-da48-45c3-9eb4-8bb4a858c345,,,9.86
2026-08-10 16:43:46.281963+00:00,orchestrator,events_received,245.0,normal,f398aa60-da48-45c3-9eb4-8bb4a858c345,,,9.86
2026-08-10 16:43:46.281963+00:00,detector,throughput_eps,25.00024700243851,normal,f398aa60-da48-45c3-9eb4-8bb4a858c345,,,9.86
2026-08-10 16:43:46.281963+00:00,detector,queue_wait_ms,1.999755859375,normal,f398aa60-da48-45c3-9eb4-8bb4a858c345,,,9.86
2026-08-10 16:43:46.282963+00:00,detector,stage_latency_ms,19.479700000374578,normal,f398aa60-da48-45c3-9eb4-8bb4a858c345,,,9.86
2026-08-10 16:43:46.282963+00:00,detector,end_to_end_latency_ms,22.0,normal,f398aa60-da48-45c3-9eb4-8bb4a858c345,,,9.86
2026-08-10 16:43:46.301963+00:00,generator,events_sent,246.0,normal,f398aa60-da48-45c3-9eb4-8bb4a858c345,,,9.88
2026-08-10 16:43:46.301963+00:00,generator,throughput_eps,25.003624525412057,normal,f398aa60-da48-45c3-9eb4-8bb4a858c345,,,9.88
2026-08-10 16:43:46.305963+00:00,orchestrator,queue_wait_ms,3.0009765625,normal,f398aa60-da48-45c3-9eb4-8bb4a858c345,,,9.89
2026-08-10 16:43:46.305963+00:00,orchestrator,throughput_eps,25.20483210910456,normal,f398aa60-da48-45c3-9eb4-8bb4a858c345,,,9.89
2026-08-10 16:43:46.305963+00:00,orchestrator,events_processed,245.0,normal,f398aa60-da48-45c3-9eb4-8bb4a858c345,,,9.89
2026-08-10 16:43:46.306964+00:00,orchestrator,stage_latency_ms,23.98709999943094,normal,f398aa60-da48-45c3-9eb4-8bb4a858c345,,,9.89
2026-08-10 16:43:46.306964+00:00,orchestrator,end_to_end_latency_ms,45.9990234375,normal,f398aa60-da48-45c3-9eb4-8bb4a858c345,,,9.89
2026-08-10 16:43:46.306964+00:00,orchestrator,xai_latency_ms,0.0017999991541728377,normal,f398aa60-da48-45c3-9eb4-8bb4a858c345,,deterministic,9.89
2026-08-10 16:43:46.320963+00:00,detector,events_processed,246.0,normal,f398aa60-da48-45c3-9eb4-8bb4a858c345,,,9.9
2026-08-10 16:43:46.321963+00:00,detector,alerts_emitted,246.0,normal,f398aa60-da48-45c3-9eb4-8bb4a858c345,,,9.9
2026-08-10 16:43:46.321963+00:00,detector,throughput_eps,25.000633016027617,normal,f398aa60-da48-45c3-9eb4-8bb4a858c345,,,9.9
2026-08-10 16:43:46.321963+00:00,orchestrator,events_received,246.0,normal,f398aa60-da48-45c3-9eb4-8bb4a858c345,,,9.9
2026-08-10 16:43:46.321963+00:00,detector,queue_wait_ms,2.00048828125,normal,f398aa60-da48-45c3-9eb4-8bb4a858c345,,,9.9
2026-08-10 16:43:46.321963+00:00,detector,stage_latency_ms,19.06049999888637,normal,f398aa60-da48-45c3-9eb4-8bb4a858c345,,,9.9
2026-08-10 16:43:46.321963+00:00,detector,end_to_end_latency_ms,21.0,normal,f398aa60-da48-45c3-9eb4-8bb4a858c345,,,9.9
2026-08-10 16:43:46.341964+00:00,generator,throughput_eps,25.002030164854492,normal,f398aa60-da48-45c3-9eb4-8bb4a858c345,,,9.92
2026-08-10 16:43:46.341964+00:00,generator,events_sent,247.0,normal,f398aa60-da48-45c3-9eb4-8bb4a858c345,,,9.92
2026-08-10 16:43:46.346474+00:00,orchestrator,throughput_eps,25.201622480459964,normal,f398aa60-da48-45c3-9eb4-8bb4a858c345,,,9.93
2026-08-10 16:43:46.346474+00:00,orchestrator,queue_wait_ms,3.0,normal,f398aa60-da48-45c3-9eb4-8bb4a858c345,,,9.93
2026-08-10 16:43:46.346474+00:00,orchestrator,events_processed,246.0,normal,f398aa60-da48-45c3-9eb4-8bb4a858c345,,,9.93
2026-08-10 16:43:46.347476+00:00,orchestrator,stage_latency_ms,24.502800000846037,normal,f398aa60-da48-45c3-9eb4-8bb4a858c345,,,9.93
2026-08-10 16:43:46.347476+00:00,orchestrator,end_to_end_latency_ms,46.511474609375,normal,f398aa60-da48-45c3-9eb4-8bb4a858c345,,,9.93
2026-08-10 16:43:46.347476+00:00,orchestrator,xai_latency_ms,0.0018000009731622413,normal,f398aa60-da48-45c3-9eb4-8bb4a858c345,,deterministic,9.93
2026-08-10 16:43:46.360473+00:00,detector,events_processed,247.0,normal,f398aa60-da48-45c3-9eb4-8bb4a858c345,,,9.94
2026-08-10 16:43:46.361473+00:00,detector,alerts_emitted,247.0,normal,f398aa60-da48-45c3-9eb4-8bb4a858c345,,,9.94
2026-08-10 16:43:46.361473+00:00,orchestrator,events_received,247.0,normal,f398aa60-da48-45c3-9eb4-8bb4a858c345,,,9.94
2026-08-10 16:43:46.361473+00:00,detector,throughput_eps,25.00137507562171,normal,f398aa60-da48-45c3-9eb4-8bb4a858c345,,,9.94
2026-08-10 16:43:46.361473+00:00,detector,queue_wait_ms,2.00146484375,normal,f398aa60-da48-45c3-9eb4-8bb4a858c345,,,9.94
2026-08-10 16:43:46.361473+00:00,detector,stage_latency_ms,19.05859999897075,normal,f398aa60-da48-45c3-9eb4-8bb4a858c345,,,9.94
2026-08-10 16:43:46.362474+00:00,detector,end_to_end_latency_ms,20.510498046875,normal,f398aa60-da48-45c3-9eb4-8bb4a858c345,,,9.94
2026-08-10 16:43:46.382473+00:00,generator,events_sent,248.0,normal,f398aa60-da48-45c3-9eb4-8bb4a858c345,,,9.96
2026-08-10 16:43:46.382473+00:00,generator,throughput_eps,24.999071103063464,normal,f398aa60-da48-45c3-9eb4-8bb4a858c345,,,9.96
2026-08-10 16:43:46.385473+00:00,orchestrator,throughput_eps,25.091277047645672,normal,f398aa60-da48-45c3-9eb4-8bb4a858c345,,,9.96
2026-08-10 16:43:46.385473+00:00,orchestrator,events_processed,247.0,normal,f398aa60-da48-45c3-9eb4-8bb4a858c345,,,9.96
2026-08-10 16:43:46.386473+00:00,orchestrator,queue_wait_ms,3.000244140625,normal,f398aa60-da48-45c3-9eb4-8bb4a858c345,,,9.97
2026-08-10 16:43:46.386473+00:00,orchestrator,stage_latency_ms,24.363000000448665,normal,f398aa60-da48-45c3-9eb4-8bb4a858c345,,,9.97
2026-08-10 16:43:46.386473+00:00,orchestrator,end_to_end_latency_ms,45.510498046875,normal,f398aa60-da48-45c3-9eb4-8bb4a858c345,,,9.97
2026-08-10 16:43:46.386473+00:00,orchestrator,xai_latency_ms,0.0017000002117129043,normal,f398aa60-da48-45c3-9eb4-8bb4a858c345,,deterministic,9.97
2026-08-10 16:43:46.402474+00:00,detector,events_processed,248.0,normal,f398aa60-da48-45c3-9eb4-8bb4a858c345,,,9.98
2026-08-10 16:43:46.402474+00:00,detector,alerts_emitted,248.0,normal,f398aa60-da48-45c3-9eb4-8bb4a858c345,,,9.98
2026-08-10 16:43:46.402474+00:00,orchestrator,events_received,248.0,normal,f398aa60-da48-45c3-9eb4-8bb4a858c345,,,9.98
2026-08-10 16:43:46.402474+00:00,detector,throughput_eps,24.996399712105262,normal,f398aa60-da48-45c3-9eb4-8bb4a858c345,,,9.98
2026-08-10 16:43:46.403475+00:00,detector,stage_latency_ms,19.47939999990922,normal,f398aa60-da48-45c3-9eb4-8bb4a858c345,,,9.98
2026-08-10 16:43:46.403475+00:00,detector,end_to_end_latency_ms,22.00048828125,normal,f398aa60-da48-45c3-9eb4-8bb4a858c345,,,9.98
2026-08-10 16:43:46.403475+00:00,detector,queue_wait_ms,2.000244140625,normal,f398aa60-da48-45c3-9eb4-8bb4a858c345,,,9.98
2026-08-10 16:43:46.421473+00:00,generator,events_sent,249.0,normal,f398aa60-da48-45c3-9eb4-8bb4a858c345,,,10.0
2026-08-10 16:43:46.422472+00:00,generator,throughput_eps,25.00147058650113,normal,f398aa60-da48-45c3-9eb4-8bb4a858c345,,,10.0
2026-08-10 16:43:46.427472+00:00,orchestrator,events_processed,248.0,normal,f398aa60-da48-45c3-9eb4-8bb4a858c345,,,10.01
2026-08-10 16:43:46.428472+00:00,orchestrator,throughput_eps,25.025778052938776,normal,f398aa60-da48-45c3-9eb4-8bb4a858c345,,,10.01
2026-08-10 16:43:46.428472+00:00,orchestrator,queue_wait_ms,3.0,normal,f398aa60-da48-45c3-9eb4-8bb4a858c345,,,10.01
2026-08-10 16:43:46.428472+00:00,orchestrator,stage_latency_ms,25.03710000019055,normal,f398aa60-da48-45c3-9eb4-8bb4a858c345,,,10.01
2026-08-10 16:43:46.428472+00:00,orchestrator,end_to_end_latency_ms,46.999267578125,normal,f398aa60-da48-45c3-9eb4-8bb4a858c345,,,10.01
2026-08-10 16:43:46.429472+00:00,orchestrator,xai_latency_ms,0.0018000009731622413,normal,f398aa60-da48-45c3-9eb4-8bb4a858c345,,deterministic,10.01
2026-08-10 16:43:46.441473+00:00,detector,events_processed,249.0,normal,f398aa60-da48-45c3-9eb4-8bb4a858c345,,,10.02
2026-08-10 16:43:46.441473+00:00,detector,alerts_emitted,249.0,normal,f398aa60-da48-45c3-9eb4-8bb4a858c345,,,10.02
2026-08-10 16:43:46.442474+00:00,detector,end_to_end_latency_ms,21.00048828125,normal,f398aa60-da48-45c3-9eb4-8bb4a858c345,,,10.02
2026-08-10 16:43:46.442474+00:00,detector,queue_wait_ms,1.999267578125,normal,f398aa60-da48-45c3-9eb4-8bb4a858c345,,,10.02
2026-08-10 16:43:46.442474+00:00,detector,stage_latency_ms,19.172899999830406,normal,f398aa60-da48-45c3-9eb4-8bb4a858c345,,,10.02
2026-08-10 16:43:46.442474+00:00,orchestrator,events_received,249.0,normal,f398aa60-da48-45c3-9eb4-8bb4a858c345,,,10.02
2026-08-10 16:43:46.442474+00:00,detector,throughput_eps,25.000843028424903,normal,f398aa60-da48-45c3-9eb4-8bb4a858c345,,,10.02
2026-08-10 16:43:46.462472+00:00,generator,events_sent,250.0,normal,f398aa60-da48-45c3-9eb4-8bb4a858c345,,,10.04
2026-08-10 16:43:46.462472+00:00,generator,throughput_eps,24.997986553301974,normal,f398aa60-da48-45c3-9eb4-8bb4a858c345,,,10.04
2026-08-10 16:43:46.467473+00:00,orchestrator,events_processed,249.0,normal,f398aa60-da48-45c3-9eb4-8bb4a858c345,,,10.05
2026-08-10 16:43:46.467473+00:00,orchestrator,throughput_eps,24.99431631262689,normal,f398aa60-da48-45c3-9eb4-8bb4a858c345,,,10.05
2026-08-10 16:43:46.467473+00:00,orchestrator,queue_wait_ms,2.00048828125,normal,f398aa60-da48-45c3-9eb4-8bb4a858c345,,,10.05
2026-08-10 16:43:46.468473+00:00,orchestrator,stage_latency_ms,25.46959999926912,normal,f398aa60-da48-45c3-9eb4-8bb4a858c345,,,10.05
2026-08-10 16:43:46.468473+00:00,orchestrator,end_to_end_latency_ms,47.00048828125,normal,f398aa60-da48-45c3-9eb4-8bb4a858c345,,,10.05
2026-08-10 16:43:46.468473+00:00,orchestrator,xai_latency_ms,0.002300001142430119,normal,f398aa60-da48-45c3-9eb4-8bb4a858c345,,deterministic,10.05
2026-08-10 16:43:46.482474+00:00,orchestrator,events_received,250.0,normal,f398aa60-da48-45c3-9eb4-8bb4a858c345,,,10.06
2026-08-10 16:43:46.482474+00:00,detector,events_processed,250.0,normal,f398aa60-da48-45c3-9eb4-8bb4a858c345,,,10.06
2026-08-10 16:43:46.483475+00:00,detector,queue_wait_ms,1.9990234375,normal,f398aa60-da48-45c3-9eb4-8bb4a858c345,,,10.06
2026-08-10 16:43:46.483475+00:00,detector,stage_latency_ms,19.71420000154467,normal,f398aa60-da48-45c3-9eb4-8bb4a858c345,,,10.06
2026-08-10 16:43:46.483475+00:00,detector,alerts_emitted,250.0,normal,f398aa60-da48-45c3-9eb4-8bb4a858c345,,,10.06
2026-08-10 16:43:46.483475+00:00,detector,throughput_eps,24.99725181422909,normal,f398aa60-da48-45c3-9eb4-8bb4a858c345,,,10.06
2026-08-10 16:43:46.484475+00:00,detector,end_to_end_latency_ms,22.0009765625,normal,f398aa60-da48-45c3-9eb4-8bb4a858c345,,,10.06
2026-08-10 16:43:46.502472+00:00,generator,events_sent,251.0,normal,f398aa60-da48-45c3-9eb4-8bb4a858c345,,,10.08
2026-08-10 16:43:46.502472+00:00,generator,throughput_eps,24.997813699273497,normal,f398aa60-da48-45c3-9eb4-8bb4a858c345,,,10.08
2026-08-10 16:43:46.507472+00:00,orchestrator,events_processed,250.0,normal,f398aa60-da48-45c3-9eb4-8bb4a858c345,,,10.09
2026-08-10 16:43:46.508473+00:00,orchestrator,stage_latency_ms,24.71700000023702,normal,f398aa60-da48-45c3-9eb4-8bb4a858c345,,,10.09
2026-08-10 16:43:46.508473+00:00,orchestrator,end_to_end_latency_ms,46.999267578125,normal,f398aa60-da48-45c3-9eb4-8bb4a858c345,,,10.09
2026-08-10 16:43:46.508473+00:00,orchestrator,throughput_eps,25.000620479107145,normal,f398aa60-da48-45c3-9eb4-8bb4a858c345,,,10.09
2026-08-10 16:43:46.508473+00:00,orchestrator,queue_wait_ms,2.00048828125,normal,f398aa60-da48-45c3-9eb4-8bb4a858c345,,,10.09
2026-08-10 16:43:46.509473+00:00,orchestrator,xai_latency_ms,0.001999998858082108,normal,f398aa60-da48-45c3-9eb4-8bb4a858c345,,deterministic,10.09
2026-08-10 16:43:46.522474+00:00,detector,alerts_emitted,251.0,normal,f398aa60-da48-45c3-9eb4-8bb4a858c345,,,10.1
2026-08-10 16:43:46.522474+00:00,detector,events_processed,251.0,normal,f398aa60-da48-45c3-9eb4-8bb4a858c345,,,10.1
2026-08-10 16:43:46.523475+00:00,detector,throughput_eps,25.001951261155188,normal,f398aa60-da48-45c3-9eb4-8bb4a858c345,,,10.1
2026-08-10 16:43:46.523475+00:00,orchestrator,events_received,251.0,normal,f398aa60-da48-45c3-9eb4-8bb4a858c345,,,10.1
2026-08-10 16:43:46.523475+00:00,detector,queue_wait_ms,2.0,normal,f398aa60-da48-45c3-9eb4-8bb4a858c345,,,10.1
2026-08-10 16:43:46.524475+00:00,detector,stage_latency_ms,19.799600000624196,normal,f398aa60-da48-45c3-9eb4-8bb4a858c345,,,10.1
2026-08-10 16:43:46.524475+00:00,detector,end_to_end_latency_ms,22.00244140625,normal,f398aa60-da48-45c3-9eb4-8bb4a858c345,,,10.1
2026-08-10 16:43:46.542474+00:00,generator,events_sent,252.0,normal,f398aa60-da48-45c3-9eb4-8bb4a858c345,,,10.12
2026-08-10 16:43:46.542474+00:00,generator,throughput_eps,25.00111547315487,normal,f398aa60-da48-45c3-9eb4-8bb4a858c345,,,10.12
2026-08-10 16:43:46.561512+00:00,detector,events_processed,252.0,normal,f398aa60-da48-45c3-9eb4-8bb4a858c345,,,10.14
2026-08-10 16:43:46.561512+00:00,detector,alerts_emitted,252.0,normal,f398aa60-da48-45c3-9eb4-8bb4a858c345,,,10.14
2026-08-10 16:43:46.562512+00:00,detector,throughput_eps,25.006254564383926,normal,f398aa60-da48-45c3-9eb4-8bb4a858c345,,,10.14
2026-08-10 16:43:46.562512+00:00,detector,queue_wait_ms,1.999267578125,normal,f398aa60-da48-45c3-9eb4-8bb4a858c345,,,10.14
2026-08-10 16:43:46.563512+00:00,detector,end_to_end_latency_ms,21.03662109375,normal,f398aa60-da48-45c3-9eb4-8bb4a858c345,,,10.14
2026-08-10 16:43:46.563512+00:00,detector,stage_latency_ms,19.122599998809164,normal,f398aa60-da48-45c3-9eb4-8bb4a858c345,,,10.14
2026-08-10 16:43:46.582512+00:00,generator,events_sent,253.0,normal,f398aa60-da48-45c3-9eb4-8bb4a858c345,,,10.16
2026-08-10 16:43:46.583411+00:00,generator,throughput_eps,24.996614369854374,normal,f398aa60-da48-45c3-9eb4-8bb4a858c345,,,10.16
2026-08-10 16:43:46.596511+00:00,orchestrator,events_processed,251.0,normal,f398aa60-da48-45c3-9eb4-8bb4a858c345,,,10.18
2026-08-10 16:43:46.597511+00:00,orchestrator,throughput_eps,24.747931254028146,normal,f398aa60-da48-45c3-9eb4-8bb4a858c345,,,10.18
2026-08-10 16:43:46.597511+00:00,orchestrator,queue_wait_ms,3.002197265625,normal,f398aa60-da48-45c3-9eb4-8bb4a858c345,,,10.18
2026-08-10 16:43:46.598511+00:00,orchestrator,stage_latency_ms,73.86509999923874,normal,f398aa60-da48-45c3-9eb4-8bb4a858c345,,,10.18
2026-08-10 16:43:46.598511+00:00,orchestrator,end_to_end_latency_ms,96.0390625,normal,f398aa60-da48-45c3-9eb4-8bb4a858c345,,,10.18
2026-08-10 16:43:46.598511+00:00,orchestrator,xai_latency_ms,0.0019000017346115783,normal,f398aa60-da48-45c3-9eb4-8bb4a858c345,,deterministic,10.18
2026-08-10 16:43:46.601511+00:00,detector,throughput_eps,25.000755522827546,normal,f398aa60-da48-45c3-9eb4-8bb4a858c345,,,10.18
2026-08-10 16:43:46.601511+00:00,detector,events_processed,253.0,normal,f398aa60-da48-45c3-9eb4-8bb4a858c345,,,10.18
2026-08-10 16:43:46.601511+00:00,orchestrator,events_received,252.0,normal,f398aa60-da48-45c3-9eb4-8bb4a858c345,,,10.18
2026-08-10 16:43:46.601511+00:00,detector,alerts_emitted,253.0,normal,f398aa60-da48-45c3-9eb4-8bb4a858c345,,,10.18
2026-08-10 16:43:46.602511+00:00,detector,end_to_end_latency_ms,21.0,normal,f398aa60-da48-45c3-9eb4-8bb4a858c345,,,10.18
2026-08-10 16:43:46.602511+00:00,detector,stage_latency_ms,18.321100000321167,normal,f398aa60-da48-45c3-9eb4-8bb4a858c345,,,10.18
2026-08-10 16:43:46.602511+00:00,detector,queue_wait_ms,2.0009765625,normal,f398aa60-da48-45c3-9eb4-8bb4a858c345,,,10.18
2026-08-10 16:43:46.622511+00:00,generator,events_sent,254.0,normal,f398aa60-da48-45c3-9eb4-8bb4a858c345,,,10.2
2026-08-10 16:43:46.622511+00:00,generator,throughput_eps,24.99634680407263,normal,f398aa60-da48-45c3-9eb4-8bb4a858c345,,,10.2
2026-08-10 16:43:46.625511+00:00,orchestrator,events_processed,252.0,normal,f398aa60-da48-45c3-9eb4-8bb4a858c345,,,10.2
2026-08-10 16:43:46.625511+00:00,orchestrator,throughput_eps,24.806154903157193,normal,f398aa60-da48-45c3-9eb4-8bb4a858c345,,,10.2
2026-08-10 16:43:46.626510+00:00,orchestrator,queue_wait_ms,42.000244140625,normal,f398aa60-da48-45c3-9eb4-8bb4a858c345,,,10.21
2026-08-10 16:43:46.626510+00:00,orchestrator,stage_latency_ms,24.04209999986051,normal,f398aa60-da48-45c3-9eb4-8bb4a858c345,,,10.21
2026-08-10 16:43:46.626510+00:00,orchestrator,end_to_end_latency_ms,85.0361328125,normal,f398aa60-da48-45c3-9eb4-8bb4a858c345,,,10.21
2026-08-10 16:43:46.627511+00:00,orchestrator,xai_latency_ms,0.001999998858082108,normal,f398aa60-da48-45c3-9eb4-8bb4a858c345,,deterministic,10.21
2026-08-10 16:43:46.629513+00:00,orchestrator,events_received,253.0,normal,f398aa60-da48-45c3-9eb4-8bb4a858c345,,,10.21
2026-08-10 16:43:46.641512+00:00,detector,events_processed,254.0,normal,f398aa60-da48-45c3-9eb4-8bb4a858c345,,,10.22
2026-08-10 16:43:46.641512+00:00,detector,alerts_emitted,254.0,normal,f398aa60-da48-45c3-9eb4-8bb4a858c345,,,10.22
2026-08-10 16:43:46.642512+00:00,detector,end_to_end_latency_ms,21.001953125,normal,f398aa60-da48-45c3-9eb4-8bb4a858c345,,,10.22
2026-08-10 16:43:46.642512+00:00,detector,stage_latency_ms,18.850899999961257,normal,f398aa60-da48-45c3-9eb4-8bb4a858c345,,,10.22
2026-08-10 16:43:46.642512+00:00,detector,queue_wait_ms,2.00146484375,normal,f398aa60-da48-45c3-9eb4-8bb4a858c345,,,10.22
2026-08-10 16:43:46.642512+00:00,detector,throughput_eps,24.99552096391261,normal,f398aa60-da48-45c3-9eb4-8bb4a858c345,,,10.22
2026-08-10 16:43:46.653511+00:00,orchestrator,events_processed,253.0,normal,f398aa60-da48-45c3-9eb4-8bb4a858c345,,,10.23
2026-08-10 16:43:46.654510+00:00,orchestrator,throughput_eps,25.066167607357716,normal,f398aa60-da48-45c3-9eb4-8bb4a858c345,,,10.23
2026-08-10 16:43:46.654510+00:00,orchestrator,queue_wait_ms,30.00244140625,normal,f398aa60-da48-45c3-9eb4-8bb4a858c345,,,10.23
2026-08-10 16:43:46.654510+00:00,orchestrator,stage_latency_ms,24.14680000038061,normal,f398aa60-da48-45c3-9eb4-8bb4a858c345,,,10.23
2026-08-10 16:43:46.654510+00:00,orchestrator,end_to_end_latency_ms,73.00048828125,normal,f398aa60-da48-45c3-9eb4-8bb4a858c345,,,10.23
2026-08-10 16:43:46.654510+00:00,orchestrator,xai_latency_ms,0.0017999991541728377,normal,f398aa60-da48-45c3-9eb4-8bb4a858c345,,deterministic,10.23
2026-08-10 16:43:46.657510+00:00,orchestrator,events_received,254.0,normal,f398aa60-da48-45c3-9eb4-8bb4a858c345,,,10.24
2026-08-10 16:43:46.662513+00:00,generator,events_sent,255.0,normal,f398aa60-da48-45c3-9eb4-8bb4a858c345,,,10.24
2026-08-10 16:43:46.663390+00:00,generator,throughput_eps,24.99557235687648,normal,f398aa60-da48-45c3-9eb4-8bb4a858c345,,,10.24
2026-08-10 16:43:46.683510+00:00,detector,events_processed,255.0,normal,f398aa60-da48-45c3-9eb4-8bb4a858c345,,,10.26
2026-08-10 16:43:46.684511+00:00,detector,end_to_end_latency_ms,22.998779296875,normal,f398aa60-da48-45c3-9eb4-8bb4a858c345,,,10.26
2026-08-10 16:43:46.684511+00:00,detector,stage_latency_ms,20.874799998637172,normal,f398aa60-da48-45c3-9eb4-8bb4a858c345,,,10.26
2026-08-10 16:43:46.684511+00:00,detector,queue_wait_ms,2.00146484375,normal,f398aa60-da48-45c3-9eb4-8bb4a858c345,,,10.26
2026-08-10 16:43:46.684511+00:00,detector,throughput_eps,24.987361231483654,normal,f398aa60-da48-45c3-9eb4-8bb4a858c345,,,10.26
2026-08-10 16:43:46.684511+00:00,detector,alerts_emitted,255.0,normal,f398aa60-da48-45c3-9eb4-8bb4a858c345,,,10.26
2026-08-10 16:43:46.702511+00:00,generator,events_sent,256.0,normal,f398aa60-da48-45c3-9eb4-8bb4a858c345,,,10.28
2026-08-10 16:43:46.703659+00:00,generator,throughput_eps,24.990684923734257,normal,f398aa60-da48-45c3-9eb4-8bb4a858c345,,,10.28
2026-08-10 16:43:46.722511+00:00,detector,events_processed,256.0,normal,f398aa60-da48-45c3-9eb4-8bb4a858c345,,,10.3
2026-08-10 16:43:46.723511+00:00,detector,alerts_emitted,256.0,normal,f398aa60-da48-45c3-9eb4-8bb4a858c345,,,10.3
2026-08-10 16:43:46.723511+00:00,detector,throughput_eps,24.98924152694841,normal,f398aa60-da48-45c3-9eb4-8bb4a858c345,,,10.3
2026-08-10 16:43:46.723511+00:00,detector,queue_wait_ms,2.999267578125,normal,f398aa60-da48-45c3-9eb4-8bb4a858c345,,,10.3
2026-08-10 16:43:46.723511+00:00,detector,stage_latency_ms,19.72409999871161,normal,f398aa60-da48-45c3-9eb4-8bb4a858c345,,,10.3
2026-08-10 16:43:46.724511+00:00,detector,end_to_end_latency_ms,22.000244140625,normal,f398aa60-da48-45c3-9eb4-8bb4a858c345,,,10.3
2026-08-10 16:43:46.737510+00:00,orchestrator,stage_latency_ms,79.51700000012352,normal,f398aa60-da48-45c3-9eb4-8bb4a858c345,,,10.32
2026-08-10 16:43:46.737510+00:00,orchestrator,queue_wait_ms,17.99951171875,normal,f398aa60-da48-45c3-9eb4-8bb4a858c345,,,10.32
2026-08-10 16:43:46.737510+00:00,orchestrator,end_to_end_latency_ms,117.000244140625,normal,f398aa60-da48-45c3-9eb4-8bb4a858c345,,,10.32
2026-08-10 16:43:46.737510+00:00,orchestrator,events_processed,254.0,normal,f398aa60-da48-45c3-9eb4-8bb4a858c345,,,10.32
2026-08-10 16:43:46.737510+00:00,orchestrator,throughput_eps,24.73399692300788,normal,f398aa60-da48-45c3-9eb4-8bb4a858c345,,,10.32
2026-08-10 16:43:46.738511+00:00,orchestrator,xai_latency_ms,0.002099999619531445,normal,f398aa60-da48-45c3-9eb4-8bb4a858c345,,deterministic,10.32
2026-08-10 16:43:46.741510+00:00,orchestrator,events_received,255.0,normal,f398aa60-da48-45c3-9eb4-8bb4a858c345,,,10.32
2026-08-10 16:43:46.741510+00:00,generator,events_sent,257.0,normal,f398aa60-da48-45c3-9eb4-8bb4a858c345,,,10.32
2026-08-10 16:43:46.742512+00:00,generator,throughput_eps,24.996887988235297,normal,f398aa60-da48-45c3-9eb4-8bb4a858c345,,,10.32
2026-08-10 16:43:46.761510+00:00,detector,events_processed,257.0,normal,f398aa60-da48-45c3-9eb4-8bb4a858c345,,,10.34
2026-08-10 16:43:46.761510+00:00,detector,alerts_emitted,257.0,normal,f398aa60-da48-45c3-9eb4-8bb4a858c345,,,10.34
2026-08-10 16:43:46.761510+00:00,detector,throughput_eps,24.997863085902708,normal,f398aa60-da48-45c3-9eb4-8bb4a858c345,,,10.34
2026-08-10 16:43:46.762512+00:00,detector,queue_wait_ms,2.00244140625,normal,f398aa60-da48-45c3-9eb4-8bb4a858c345,,,10.34
2026-08-10 16:43:46.762512+00:00,detector,stage_latency_ms,19.10469999893394,normal,f398aa60-da48-45c3-9eb4-8bb4a858c345,,,10.34
2026-08-10 16:43:46.762512+00:00,detector,end_to_end_latency_ms,21.00048828125,normal,f398aa60-da48-45c3-9eb4-8bb4a858c345,,,10.34
2026-08-10 16:43:46.765511+00:00,orchestrator,events_processed,255.0,normal,f398aa60-da48-45c3-9eb4-8bb4a858c345,,,10.34
2026-08-10 16:43:46.765511+00:00,orchestrator,throughput_eps,24.737078541773165,normal,f398aa60-da48-45c3-9eb4-8bb4a858c345,,,10.34
2026-08-10 16:43:46.766510+00:00,orchestrator,xai_latency_ms,0.0017999991541728377,normal,f398aa60-da48-45c3-9eb4-8bb4a858c345,,deterministic,10.35
2026-08-10 16:43:46.766510+00:00,orchestrator,end_to_end_latency_ms,104.999267578125,normal,f398aa60-da48-45c3-9eb4-8bb4a858c345,,,10.35
2026-08-10 16:43:46.766510+00:00,orchestrator,stage_latency_ms,24.47560000109661,normal,f398aa60-da48-45c3-9eb4-8bb4a858c345,,,10.35
2026-08-10 16:43:46.766510+00:00,orchestrator,queue_wait_ms,59.99951171875,normal,f398aa60-da48-45c3-9eb4-8bb4a858c345,,,10.35
2026-08-10 16:43:46.767510+00:00,orchestrator,events_received,256.0,normal,f398aa60-da48-45c3-9eb4-8bb4a858c345,,,10.35
2026-08-10 16:43:46.782510+00:00,generator,events_sent,258.0,normal,f398aa60-da48-45c3-9eb4-8bb4a858c345,,,10.36
2026-08-10 16:43:46.782510+00:00,generator,throughput_eps,24.995794558356604,normal,f398aa60-da48-45c3-9eb4-8bb4a858c345,,,10.36
2026-08-10 16:43:46.791510+00:00,orchestrator,events_processed,256.0,normal,f398aa60-da48-45c3-9eb4-8bb4a858c345,,,10.37
2026-08-10 16:43:46.791510+00:00,orchestrator,throughput_eps,24.80889498121056,normal,f398aa60-da48-45c3-9eb4-8bb4a858c345,,,10.37
2026-08-10 16:43:46.792510+00:00,orchestrator,queue_wait_ms,46.999755859375,normal,f398aa60-da48-45c3-9eb4-8bb4a858c345,,,10.37
2026-08-10 16:43:46.792510+00:00,orchestrator,stage_latency_ms,24.48520000143617,normal,f398aa60-da48-45c3-9eb4-8bb4a858c345,,,10.37
2026-08-10 16:43:46.792510+00:00,orchestrator,end_to_end_latency_ms,90.999267578125,normal,f398aa60-da48-45c3-9eb4-8bb4a858c345,,,10.37
2026-08-10 16:43:46.792510+00:00,orchestrator,xai_latency_ms,0.0017999991541728377,normal,f398aa60-da48-45c3-9eb4-8bb4a858c345,,deterministic,10.37
2026-08-10 16:43:46.795511+00:00,orchestrator,events_received,257.0,normal,f398aa60-da48-45c3-9eb4-8bb4a858c345,,,10.37
2026-08-10 16:43:46.801510+00:00,detector,alerts_emitted,258.0,normal,f398aa60-da48-45c3-9eb4-8bb4a858c345,,,10.38
2026-08-10 16:43:46.801510+00:00,detector,throughput_eps,24.99978225996683,normal,f398aa60-da48-45c3-9eb4-8bb4a858c345,,,10.38
2026-08-10 16:43:46.801510+00:00,detector,events_processed,258.0,normal,f398aa60-da48-45c3-9eb4-8bb4a858c345,,,10.38
2026-08-10 16:43:46.802510+00:00,detector,queue_wait_ms,1.999755859375,normal,f398aa60-da48-45c3-9eb4-8bb4a858c345,,,10.38
2026-08-10 16:43:46.802510+00:00,detector,stage_latency_ms,18.706200000451645,normal,f398aa60-da48-45c3-9eb4-8bb4a858c345,,,10.38
2026-08-10 16:43:46.802510+00:00,detector,end_to_end_latency_ms,21.000244140625,normal,f398aa60-da48-45c3-9eb4-8bb4a858c345,,,10.38
2026-08-10 16:43:46.820511+00:00,orchestrator,events_processed,257.0,normal,f398aa60-da48-45c3-9eb4-8bb4a858c345,,,10.4
2026-08-10 16:43:46.820511+00:00,orchestrator,throughput_eps,24.828741751444394,normal,f398aa60-da48-45c3-9eb4-8bb4a858c345,,,10.4
2026-08-10 16:43:46.820511+00:00,orchestrator,queue_wait_ms,36.0009765625,normal,f398aa60-da48-45c3-9eb4-8bb4a858c345,,,10.4
2026-08-10 16:43:46.820511+00:00,orchestrator,stage_latency_ms,24.774899999101763,normal,f398aa60-da48-45c3-9eb4-8bb4a858c345,,,10.4
2026-08-10 16:43:46.821510+00:00,orchestrator,end_to_end_latency_ms,80.00146484375,normal,f398aa60-da48-45c3-9eb4-8bb4a858c345,,,10.4
2026-08-10 16:43:46.821510+00:00,orchestrator,xai_latency_ms,0.0021000014385208488,normal,f398aa60-da48-45c3-9eb4-8bb4a858c345,,deterministic,10.4
2026-08-10 16:43:46.822510+00:00,generator,events_sent,259.0,normal,f398aa60-da48-45c3-9eb4-8bb4a858c345,,,10.4
2026-08-10 16:43:46.822510+00:00,generator,throughput_eps,24.999186014410867,normal,f398aa60-da48-45c3-9eb4-8bb4a858c345,,,10.4
2026-08-10 16:43:46.824511+00:00,orchestrator,events_received,258.0,normal,f398aa60-da48-45c3-9eb4-8bb4a858c345,,,10.4
2026-08-10 16:43:46.841510+00:00,detector,throughput_eps,25.000298894699913,normal,f398aa60-da48-45c3-9eb4-8bb4a858c345,,,10.42
2026-08-10 16:43:46.841510+00:00,detector,alerts_emitted,259.0,normal,f398aa60-da48-45c3-9eb4-8bb4a858c345,,,10.42
2026-08-10 16:43:46.841510+00:00,detector,events_processed,259.0,normal,f398aa60-da48-45c3-9eb4-8bb4a858c345,,,10.42
2026-08-10 16:43:46.842510+00:00,detector,queue_wait_ms,1.998779296875,normal,f398aa60-da48-45c3-9eb4-8bb4a858c345,,,10.42
2026-08-10 16:43:46.842510+00:00,detector,stage_latency_ms,18.59829999921203,normal,f398aa60-da48-45c3-9eb4-8bb4a858c345,,,10.42
2026-08-10 16:43:46.842510+00:00,detector,end_to_end_latency_ms,20.9990234375,normal,f398aa60-da48-45c3-9eb4-8bb4a858c345,,,10.42
2026-08-10 16:43:46.849510+00:00,orchestrator,events_processed,258.0,normal,f398aa60-da48-45c3-9eb4-8bb4a858c345,,,10.43
2026-08-10 16:43:46.849510+00:00,orchestrator,throughput_eps,24.888780769878807,normal,f398aa60-da48-45c3-9eb4-8bb4a858c345,,,10.43
2026-08-10 16:43:46.849510+00:00,orchestrator,queue_wait_ms,25.00048828125,normal,f398aa60-da48-45c3-9eb4-8bb4a858c345,,,10.43
2026-08-10 16:43:46.849510+00:00,orchestrator,stage_latency_ms,24.924599998485064,normal,f398aa60-da48-45c3-9eb4-8bb4a858c345,,,10.43
2026-08-10 16:43:46.849510+00:00,orchestrator,end_to_end_latency_ms,68.999755859375,normal,f398aa60-da48-45c3-9eb4-8bb4a858c345,,,10.43
2026-08-10 16:43:46.850509+00:00,orchestrator,xai_latency_ms,0.002200000380980782,normal,f398aa60-da48-45c3-9eb4-8bb4a858c345,,deterministic,10.43
2026-08-10 16:43:46.852512+00:00,orchestrator,events_received,259.0,normal,f398aa60-da48-45c3-9eb4-8bb4a858c345,,,10.43
2026-08-10 16:43:46.862510+00:00,generator,events_sent,260.0,normal,f398aa60-da48-45c3-9eb4-8bb4a858c345,,,10.44
2026-08-10 16:43:46.862510+00:00,generator,throughput_eps,25.000041000070205,normal,f398aa60-da48-45c3-9eb4-8bb4a858c345,,,10.44
2026-08-10 16:43:46.876509+00:00,orchestrator,events_processed,259.0,normal,f398aa60-da48-45c3-9eb4-8bb4a858c345,,,10.46
2026-08-10 16:43:46.877510+00:00,orchestrator,xai_latency_ms,0.0018999999156221747,normal,f398aa60-da48-45c3-9eb4-8bb4a858c345,,deterministic,10.46
2026-08-10 16:43:46.877510+00:00,orchestrator,end_to_end_latency_ms,55.997802734375,normal,f398aa60-da48-45c3-9eb4-8bb4a858c345,,,10.46
2026-08-10 16:43:46.877510+00:00,orchestrator,throughput_eps,24.951183713332426,normal,f398aa60-da48-45c3-9eb4-8bb4a858c345,,,10.46
2026-08-10 16:43:46.877510+00:00,orchestrator,queue_wait_ms,13.001220703125,normal,f398aa60-da48-45c3-9eb4-8bb4a858c345,,,10.46
2026-08-10 16:43:46.877510+00:00,orchestrator,stage_latency_ms,24.3689999988419,normal,f398aa60-da48-45c3-9eb4-8bb4a858c345,,,10.46
2026-08-10 16:43:46.881511+00:00,detector,events_processed,260.0,normal,f398aa60-da48-45c3-9eb4-8bb4a858c345,,,10.46
2026-08-10 16:43:46.881511+00:00,detector,alerts_emitted,260.0,normal,f398aa60-da48-45c3-9eb4-8bb4a858c345,,,10.46
2026-08-10 16:43:46.882511+00:00,detector,throughput_eps,24.997328914449213,normal,f398aa60-da48-45c3-9eb4-8bb4a858c345,,,10.46
2026-08-10 16:43:46.882511+00:00,detector,queue_wait_ms,2.00146484375,normal,f398aa60-da48-45c3-9eb4-8bb4a858c345,,,10.46
2026-08-10 16:43:46.882511+00:00,detector,stage_latency_ms,18.95409999997355,normal,f398aa60-da48-45c3-9eb4-8bb4a858c345,,,10.46
2026-08-10 16:43:46.882511+00:00,detector,end_to_end_latency_ms,21.002197265625,normal,f398aa60-da48-45c3-9eb4-8bb4a858c345,,,10.46
2026-08-10 16:43:46.902511+00:00,generator,events_sent,261.0,normal,f398aa60-da48-45c3-9eb4-8bb4a858c345,,,10.48
2026-08-10 16:43:46.902511+00:00,generator,throughput_eps,24.99722107506269,normal,f398aa60-da48-45c3-9eb4-8bb4a858c345,,,10.48
2026-08-10 16:43:46.907509+00:00,orchestrator,end_to_end_latency_ms,47.00048828125,normal,f398aa60-da48-45c3-9eb4-8bb4a858c345,,,10.49
2026-08-10 16:43:46.907509+00:00,orchestrator,stage_latency_ms,25.20630000071833,normal,f398aa60-da48-45c3-9eb4-8bb4a858c345,,,10.49
2026-08-10 16:43:46.907509+00:00,orchestrator,throughput_eps,25.000297503540963,normal,f398aa60-da48-45c3-9eb4-8bb4a858c345,,,10.49
2026-08-10 16:43:46.907509+00:00,orchestrator,events_processed,260.0,normal,f398aa60-da48-45c3-9eb4-8bb4a858c345,,,10.49
2026-08-10 16:43:46.907509+00:00,orchestrator,queue_wait_ms,2.00048828125,normal,f398aa60-da48-45c3-9eb4-8bb4a858c345,,,10.49
2026-08-10 16:43:46.908509+00:00,orchestrator,xai_latency_ms,0.0017999991541728377,normal,f398aa60-da48-45c3-9eb4-8bb4a858c345,,deterministic,10.49
2026-08-10 16:43:46.922038+00:00,detector,events_processed,261.0,normal,f398aa60-da48-45c3-9eb4-8bb4a858c345,,,10.5
2026-08-10 16:43:46.922038+00:00,detector,alerts_emitted,261.0,normal,f398aa60-da48-45c3-9eb4-8bb4a858c345,,,10.5
2026-08-10 16:43:46.922038+00:00,orchestrator,events_received,261.0,normal,f398aa60-da48-45c3-9eb4-8bb4a858c345,,,10.5
2026-08-10 16:43:46.922038+00:00,detector,throughput_eps,24.995797581537847,normal,f398aa60-da48-45c3-9eb4-8bb4a858c345,,,10.5
2026-08-10 16:43:46.922038+00:00,detector,queue_wait_ms,2.001220703125,normal,f398aa60-da48-45c3-9eb4-8bb4a858c345,,,10.5
2026-08-10 16:43:46.923039+00:00,detector,stage_latency_ms,19.092900000032387,normal,f398aa60-da48-45c3-9eb4-8bb4a858c345,,,10.5
2026-08-10 16:43:46.923039+00:00,detector,end_to_end_latency_ms,21.529052734375,normal,f398aa60-da48-45c3-9eb4-8bb4a858c345,,,10.5
2026-08-10 16:43:46.942040+00:00,generator,events_sent,262.0,normal,f398aa60-da48-45c3-9eb4-8bb4a858c345,,,10.52
2026-08-10 16:43:46.942040+00:00,generator,throughput_eps,25.00086091673798,normal,f398aa60-da48-45c3-9eb4-8bb4a858c345,,,10.52
2026-08-10 16:43:46.947039+00:00,orchestrator,throughput_eps,25.20240403514518,normal,f398aa60-da48-45c3-9eb4-8bb4a858c345,,,10.53
2026-08-10 16:43:46.947039+00:00,orchestrator,stage_latency_ms,24.690199999895412,normal,f398aa60-da48-45c3-9eb4-8bb4a858c345,,,10.53
2026-08-10 16:43:46.947039+00:00,orchestrator,events_processed,261.0,normal,f398aa60-da48-45c3-9eb4-8bb4a858c345,,,10.53
2026-08-10 16:43:46.947039+00:00,orchestrator,queue_wait_ms,2.999755859375,normal,f398aa60-da48-45c3-9eb4-8bb4a858c345,,,10.53
2026-08-10 16:43:46.948039+00:00,orchestrator,end_to_end_latency_ms,46.52978515625,normal,f398aa60-da48-45c3-9eb4-8bb4a858c345,,,10.53
2026-08-10 16:43:46.948039+00:00,orchestrator,xai_latency_ms,0.0018000009731622413,normal,f398aa60-da48-45c3-9eb4-8bb4a858c345,,deterministic,10.53
2026-08-10 16:43:46.961039+00:00,detector,events_processed,262.0,normal,f398aa60-da48-45c3-9eb4-8bb4a858c345,,,10.54
2026-08-10 16:43:46.961039+00:00,detector,alerts_emitted,262.0,normal,f398aa60-da48-45c3-9eb4-8bb4a858c345,,,10.54
2026-08-10 16:43:46.961039+00:00,orchestrator,events_received,262.0,normal,f398aa60-da48-45c3-9eb4-8bb4a858c345,,,10.54
2026-08-10 16:43:46.961039+00:00,detector,throughput_eps,25.001736511735867,normal,f398aa60-da48-45c3-9eb4-8bb4a858c345,,,10.54
2026-08-10 16:43:46.962038+00:00,detector,stage_latency_ms,18.805300000167335,normal,f398aa60-da48-45c3-9eb4-8bb4a858c345,,,10.54
2026-08-10 16:43:46.962038+00:00,detector,queue_wait_ms,2.00146484375,normal,f398aa60-da48-45c3-9eb4-8bb4a858c345,,,10.54
2026-08-10 16:43:46.962038+00:00,detector,end_to_end_latency_ms,21.001220703125,normal,f398aa60-da48-45c3-9eb4-8bb4a858c345,,,10.54
2026-08-10 16:43:46.982039+00:00,generator,events_sent,263.0,normal,f398aa60-da48-45c3-9eb4-8bb4a858c345,,,10.56
2026-08-10 16:43:46.982039+00:00,generator,throughput_eps,25.000254502591503,normal,f398aa60-da48-45c3-9eb4-8bb4a858c345,,,10.56
2026-08-10 16:43:46.986039+00:00,orchestrator,events_processed,262.0,normal,f398aa60-da48-45c3-9eb4-8bb4a858c345,,,10.57
2026-08-10 16:43:46.987038+00:00,orchestrator,throughput_eps,25.203071246258382,normal,f398aa60-da48-45c3-9eb4-8bb4a858c345,,,10.57
2026-08-10 16:43:46.987038+00:00,orchestrator,queue_wait_ms,2.001708984375,normal,f398aa60-da48-45c3-9eb4-8bb4a858c345,,,10.57
2026-08-10 16:43:46.987038+00:00,orchestrator,stage_latency_ms,24.996399999508867,normal,f398aa60-da48-45c3-9eb4-8bb4a858c345,,,10.57
2026-08-10 16:43:46.987038+00:00,orchestrator,end_to_end_latency_ms,46.00048828125,normal,f398aa60-da48-45c3-9eb4-8bb4a858c345,,,10.57
2026-08-10 16:43:46.987038+00:00,orchestrator,xai_latency_ms,0.002099999619531445,normal,f398aa60-da48-45c3-9eb4-8bb4a858c345,,deterministic,10.57
2026-08-10 16:43:47.001039+00:00,detector,events_processed,263.0,normal,f398aa60-da48-45c3-9eb4-8bb4a858c345,,,10.58
2026-08-10 16:43:47.001039+00:00,detector,alerts_emitted,263.0,normal,f398aa60-da48-45c3-9eb4-8bb4a858c345,,,10.58
2026-08-10 16:43:47.001039+00:00,orchestrator,events_received,263.0,normal,f398aa60-da48-45c3-9eb4-8bb4a858c345,,,10.58
2026-08-10 16:43:47.001039+00:00,detector,throughput_eps,25.002013662178054,normal,f398aa60-da48-45c3-9eb4-8bb4a858c345,,,10.58
2026-08-10 16:43:47.002038+00:00,detector,queue_wait_ms,2.001220703125,normal,f398aa60-da48-45c3-9eb4-8bb4a858c345,,,10.58
2026-08-10 16:43:47.002038+00:00,detector,stage_latency_ms,18.593099999634433,normal,f398aa60-da48-45c3-9eb4-8bb4a858c345,,,10.58
2026-08-10 16:43:47.002038+00:00,detector,end_to_end_latency_ms,21.001708984375,normal,f398aa60-da48-45c3-9eb4-8bb4a858c345,,,10.58
2026-08-10 16:43:47.021610+00:00,generator,throughput_eps,25.000999039925137,normal,f398aa60-da48-45c3-9eb4-8bb4a858c345,,,10.6
2026-08-10 16:43:47.021610+00:00,generator,events_sent,264.0,normal,f398aa60-da48-45c3-9eb4-8bb4a858c345,,,10.6
2026-08-10 16:43:47.025610+00:00,orchestrator,events_processed,263.0,normal,f398aa60-da48-45c3-9eb4-8bb4a858c345,,,10.6
2026-08-10 16:43:47.026609+00:00,orchestrator,throughput_eps,25.089237399581148,normal,f398aa60-da48-45c3-9eb4-8bb4a858c345,,,10.61
2026-08-10 16:43:47.026609+00:00,orchestrator,queue_wait_ms,2.0,normal,f398aa60-da48-45c3-9eb4-8bb4a858c345,,,10.61
2026-08-10 16:43:47.026609+00:00,orchestrator,stage_latency_ms,24.735700000746874,normal,f398aa60-da48-45c3-9eb4-8bb4a858c345,,,10.61
2026-08-10 16:43:47.026609+00:00,orchestrator,end_to_end_latency_ms,45.572509765625,normal,f398aa60-da48-45c3-9eb4-8bb4a858c345,,,10.61
2026-08-10 16:43:47.026609+00:00,orchestrator,xai_latency_ms,0.002200000380980782,normal,f398aa60-da48-45c3-9eb4-8bb4a858c345,,deterministic,10.61
2026-08-10 16:43:47.042610+00:00,detector,events_processed,264.0,normal,f398aa60-da48-45c3-9eb4-8bb4a858c345,,,10.62
2026-08-10 16:43:47.042610+00:00,orchestrator,events_received,264.0,normal,f398aa60-da48-45c3-9eb4-8bb4a858c345,,,10.62
2026-08-10 16:43:47.042610+00:00,detector,alerts_emitted,264.0,normal,f398aa60-da48-45c3-9eb4-8bb4a858c345,,,10.62
2026-08-10 16:43:47.042610+00:00,detector,throughput_eps,24.993600932692438,normal,f398aa60-da48-45c3-9eb4-8bb4a858c345,,,10.62
2026-08-10 16:43:47.042610+00:00,detector,queue_wait_ms,2.573486328125,normal,f398aa60-da48-45c3-9eb4-8bb4a858c345,,,10.62
2026-08-10 16:43:47.043610+00:00,detector,stage_latency_ms,20.112599999265512,normal,f398aa60-da48-45c3-9eb4-8bb4a858c345,,,10.62
2026-08-10 16:43:47.043610+00:00,detector,end_to_end_latency_ms,22.57275390625,normal,f398aa60-da48-45c3-9eb4-8bb4a858c345,,,10.62
2026-08-10 16:43:47.062610+00:00,generator,throughput_eps,24.994703743217794,normal,f398aa60-da48-45c3-9eb4-8bb4a858c345,,,10.64
2026-08-10 16:43:47.062610+00:00,generator,events_sent,265.0,normal,f398aa60-da48-45c3-9eb4-8bb4a858c345,,,10.64
2026-08-10 16:43:47.067610+00:00,orchestrator,events_processed,264.0,normal,f398aa60-da48-45c3-9eb4-8bb4a858c345,,,10.65
2026-08-10 16:43:47.067610+00:00,orchestrator,throughput_eps,25.028238861347326,normal,f398aa60-da48-45c3-9eb4-8bb4a858c345,,,10.65
2026-08-10 16:43:47.067610+00:00,orchestrator,queue_wait_ms,2.999755859375,normal,f398aa60-da48-45c3-9eb4-8bb4a858c345,,,10.65
2026-08-10 16:43:47.067610+00:00,orchestrator,stage_latency_ms,24.680000000444124,normal,f398aa60-da48-45c3-9eb4-8bb4a858c345,,,10.65
2026-08-10 16:43:47.067610+00:00,orchestrator,end_to_end_latency_ms,47.5732421875,normal,f398aa60-da48-45c3-9eb4-8bb4a858c345,,,10.65
2026-08-10 16:43:47.068609+00:00,orchestrator,xai_latency_ms,0.0020000006770715117,normal,f398aa60-da48-45c3-9eb4-8bb4a858c345,,deterministic,10.65
2026-08-10 16:43:47.081609+00:00,detector,events_processed,265.0,normal,f398aa60-da48-45c3-9eb4-8bb4a858c345,,,10.66
2026-08-10 16:43:47.081609+00:00,detector,alerts_emitted,265.0,normal,f398aa60-da48-45c3-9eb4-8bb4a858c345,,,10.66
2026-08-10 16:43:47.081609+00:00,detector,throughput_eps,24.998689080837735,normal,f398aa60-da48-45c3-9eb4-8bb4a858c345,,,10.66
2026-08-10 16:43:47.082609+00:00,detector,stage_latency_ms,18.817899999703513,normal,f398aa60-da48-45c3-9eb4-8bb4a858c345,,,10.66
2026-08-10 16:43:47.082609+00:00,orchestrator,events_received,265.0,normal,f398aa60-da48-45c3-9eb4-8bb4a858c345,,,10.66
2026-08-10 16:43:47.082609+00:00,detector,queue_wait_ms,2.000732421875,normal,f398aa60-da48-45c3-9eb4-8bb4a858c345,,,10.66
2026-08-10 16:43:47.082609+00:00,detector,end_to_end_latency_ms,21.0,normal,f398aa60-da48-45c3-9eb4-8bb4a858c345,,,10.66
2026-08-10 16:43:47.102610+00:00,generator,throughput_eps,24.99671061431277,normal,f398aa60-da48-45c3-9eb4-8bb4a858c345,,,10.68
2026-08-10 16:43:47.102610+00:00,generator,events_sent,266.0,normal,f398aa60-da48-45c3-9eb4-8bb4a858c345,,,10.68
2026-08-10 16:43:47.106610+00:00,orchestrator,events_processed,265.0,normal,f398aa60-da48-45c3-9eb4-8bb4a858c345,,,10.69
2026-08-10 16:43:47.106610+00:00,orchestrator,throughput_eps,25.002951457268782,normal,f398aa60-da48-45c3-9eb4-8bb4a858c345,,,10.69
2026-08-10 16:43:47.106610+00:00,orchestrator,queue_wait_ms,3.00048828125,normal,f398aa60-da48-45c3-9eb4-8bb4a858c345,,,10.69
2026-08-10 16:43:47.107610+00:00,orchestrator,stage_latency_ms,24.570699999458157,normal,f398aa60-da48-45c3-9eb4-8bb4a858c345,,,10.69
2026-08-10 16:43:47.107610+00:00,orchestrator,end_to_end_latency_ms,46.00048828125,normal,f398aa60-da48-45c3-9eb4-8bb4a858c345,,,10.69
2026-08-10 16:43:47.107610+00:00,orchestrator,xai_latency_ms,0.002099999619531445,normal,f398aa60-da48-45c3-9eb4-8bb4a858c345,,deterministic,10.69
2026-08-10 16:43:47.121610+00:00,detector,events_processed,266.0,normal,f398aa60-da48-45c3-9eb4-8bb4a858c345,,,10.7
2026-08-10 16:43:47.121610+00:00,detector,alerts_emitted,266.0,normal,f398aa60-da48-45c3-9eb4-8bb4a858c345,,,10.7
2026-08-10 16:43:47.121610+00:00,orchestrator,events_received,266.0,normal,f398aa60-da48-45c3-9eb4-8bb4a858c345,,,10.7
2026-08-10 16:43:47.121610+00:00,detector,throughput_eps,25.001446152202156,normal,f398aa60-da48-45c3-9eb4-8bb4a858c345,,,10.7
2026-08-10 16:43:47.122610+00:00,detector,stage_latency_ms,18.810699999448843,normal,f398aa60-da48-45c3-9eb4-8bb4a858c345,,,10.7
2026-08-10 16:43:47.122610+00:00,detector,queue_wait_ms,1.999755859375,normal,f398aa60-da48-45c3-9eb4-8bb4a858c345,,,10.7
2026-08-10 16:43:47.122610+00:00,detector,end_to_end_latency_ms,21.0,normal,f398aa60-da48-45c3-9eb4-8bb4a858c345,,,10.7
2026-08-10 16:43:47.142610+00:00,generator,throughput_eps,24.995476625036805,normal,f398aa60-da48-45c3-9eb4-8bb4a858c345,,,10.72
2026-08-10 16:43:47.142610+00:00,generator,events_sent,267.0,normal,f398aa60-da48-45c3-9eb4-8bb4a858c345,,,10.72
2026-08-10 16:43:47.147609+00:00,orchestrator,events_processed,266.0,normal,f398aa60-da48-45c3-9eb4-8bb4a858c345,,,10.73
2026-08-10 16:43:47.147609+00:00,orchestrator,throughput_eps,24.996383083843874,normal,f398aa60-da48-45c3-9eb4-8bb4a858c345,,,10.73
2026-08-10 16:43:47.148610+00:00,orchestrator,queue_wait_ms,2.999755859375,normal,f398aa60-da48-45c3-9eb4-8bb4a858c345,,,10.73
2026-08-10 16:43:47.148610+00:00,orchestrator,stage_latency_ms,25.776300000870833,normal,f398aa60-da48-45c3-9eb4-8bb4a858c345,,,10.73
2026-08-10 16:43:47.148610+00:00,orchestrator,end_to_end_latency_ms,46.999267578125,normal,f398aa60-da48-45c3-9eb4-8bb4a858c345,,,10.73
2026-08-10 16:43:47.148610+00:00,orchestrator,xai_latency_ms,0.0018999999156221747,normal,f398aa60-da48-45c3-9eb4-8bb4a858c345,,deterministic,10.73
2026-08-10 16:43:47.161609+00:00,detector,events_processed,267.0,normal,f398aa60-da48-45c3-9eb4-8bb4a858c345,,,10.74
2026-08-10 16:43:47.162609+00:00,detector,alerts_emitted,267.0,normal,f398aa60-da48-45c3-9eb4-8bb4a858c345,,,10.74
2026-08-10 16:43:47.162609+00:00,orchestrator,events_received,267.0,normal,f398aa60-da48-45c3-9eb4-8bb4a858c345,,,10.74
2026-08-10 16:43:47.162609+00:00,detector,throughput_eps,24.993427131785193,normal,f398aa60-da48-45c3-9eb4-8bb4a858c345,,,10.74
2026-08-10 16:43:47.162609+00:00,detector,queue_wait_ms,2.001708984375,normal,f398aa60-da48-45c3-9eb4-8bb4a858c345,,,10.74
2026-08-10 16:43:47.162609+00:00,detector,stage_latency_ms,18.960900000820402,normal,f398aa60-da48-45c3-9eb4-8bb4a858c345,,,10.74
2026-08-10 16:43:47.163610+00:00,detector,end_to_end_latency_ms,21.0009765625,normal,f398aa60-da48-45c3-9eb4-8bb4a858c345,,,10.74
2026-08-10 16:43:47.182609+00:00,generator,events_sent,268.0,normal,f398aa60-da48-45c3-9eb4-8bb4a858c345,,,10.76
2026-08-10 16:43:47.182609+00:00,generator,throughput_eps,24.99518238017538,normal,f398aa60-da48-45c3-9eb4-8bb4a858c345,,,10.76
2026-08-10 16:43:47.186608+00:00,orchestrator,events_processed,267.0,normal,f398aa60-da48-45c3-9eb4-8bb4a858c345,,,10.77
2026-08-10 16:43:47.187609+00:00,orchestrator,throughput_eps,24.99345685409515,normal,f398aa60-da48-45c3-9eb4-8bb4a858c345,,,10.77
2026-08-10 16:43:47.187609+00:00,orchestrator,queue_wait_ms,3.000732421875,normal,f398aa60-da48-45c3-9eb4-8bb4a858c345,,,10.77
2026-08-10 16:43:47.187609+00:00,orchestrator,stage_latency_ms,24.585900000602123,normal,f398aa60-da48-45c3-9eb4-8bb4a858c345,,,10.77
2026-08-10 16:43:47.187609+00:00,orchestrator,end_to_end_latency_ms,46.0,normal,f398aa60-da48-45c3-9eb4-8bb4a858c345,,,10.77
2026-08-10 16:43:47.187609+00:00,orchestrator,xai_latency_ms,0.002099999619531445,normal,f398aa60-da48-45c3-9eb4-8bb4a858c345,,deterministic,10.77
2026-08-10 16:43:47.201609+00:00,detector,events_processed,268.0,normal,f398aa60-da48-45c3-9eb4-8bb4a858c345,,,10.78
2026-08-10 16:43:47.202611+00:00,orchestrator,events_received,268.0,normal,f398aa60-da48-45c3-9eb4-8bb4a858c345,,,10.78
2026-08-10 16:43:47.202611+00:00,detector,alerts_emitted,268.0,normal,f398aa60-da48-45c3-9eb4-8bb4a858c345,,,10.78
2026-08-10 16:43:47.202611+00:00,detector,throughput_eps,24.992837234247574,normal,f398aa60-da48-45c3-9eb4-8bb4a858c345,,,10.78
2026-08-10 16:43:47.203609+00:00,detector,end_to_end_latency_ms,20.998046875,normal,f398aa60-da48-45c3-9eb4-8bb4a858c345,,,10.78
2026-08-10 16:43:47.203609+00:00,detector,queue_wait_ms,1.998046875,normal,f398aa60-da48-45c3-9eb4-8bb4a858c345,,,10.78
2026-08-10 16:43:47.203609+00:00,detector,stage_latency_ms,19.403300000703894,normal,f398aa60-da48-45c3-9eb4-8bb4a858c345,,,10.78
2026-08-10 16:43:47.222611+00:00,generator,events_sent,269.0,normal,f398aa60-da48-45c3-9eb4-8bb4a858c345,,,10.8
2026-08-10 16:43:47.222611+00:00,generator,throughput_eps,24.997978490080996,normal,f398aa60-da48-45c3-9eb4-8bb4a858c345,,,10.8
2026-08-10 16:43:47.227121+00:00,orchestrator,events_processed,268.0,normal,f398aa60-da48-45c3-9eb4-8bb4a858c345,,,10.81
2026-08-10 16:43:47.227121+00:00,orchestrator,throughput_eps,25.201130425158784,normal,f398aa60-da48-45c3-9eb4-8bb4a858c345,,,10.81
2026-08-10 16:43:47.228122+00:00,orchestrator,queue_wait_ms,3.0029296875,normal,f398aa60-da48-45c3-9eb4-8bb4a858c345,,,10.81
2026-08-10 16:43:47.228122+00:00,orchestrator,stage_latency_ms,24.977699998999014,normal,f398aa60-da48-45c3-9eb4-8bb4a858c345,,,10.81
2026-08-10 16:43:47.228122+00:00,orchestrator,end_to_end_latency_ms,46.509521484375,normal,f398aa60-da48-45c3-9eb4-8bb4a858c345,,,10.81
2026-08-10 16:43:47.228122+00:00,orchestrator,xai_latency_ms,0.0018999999156221747,normal,f398aa60-da48-45c3-9eb4-8bb4a858c345,,deterministic,10.81
2026-08-10 16:43:47.241121+00:00,detector,events_processed,269.0,normal,f398aa60-da48-45c3-9eb4-8bb4a858c345,,,10.82
2026-08-10 16:43:47.242120+00:00,detector,throughput_eps,25.000953161330784,normal,f398aa60-da48-45c3-9eb4-8bb4a858c345,,,10.82
2026-08-10 16:43:47.242120+00:00,detector,queue_wait_ms,2.003662109375,normal,f398aa60-da48-45c3-9eb4-8bb4a858c345,,,10.82
2026-08-10 16:43:47.242120+00:00,detector,alerts_emitted,269.0,normal,f398aa60-da48-45c3-9eb4-8bb4a858c345,,,10.82
2026-08-10 16:43:47.242120+00:00,orchestrator,events_received,269.0,normal,f398aa60-da48-45c3-9eb4-8bb4a858c345,,,10.82
2026-08-10 16:43:47.243121+00:00,detector,stage_latency_ms,18.98050000090734,normal,f398aa60-da48-45c3-9eb4-8bb4a858c345,,,10.82
2026-08-10 16:43:47.243121+00:00,detector,end_to_end_latency_ms,20.513916015625,normal,f398aa60-da48-45c3-9eb4-8bb4a858c345,,,10.82
2026-08-10 16:43:47.262121+00:00,generator,events_sent,270.0,normal,f398aa60-da48-45c3-9eb4-8bb4a858c345,,,10.84
2026-08-10 16:43:47.262121+00:00,generator,throughput_eps,24.995301286502194,normal,f398aa60-da48-45c3-9eb4-8bb4a858c345,,,10.84
2026-08-10 16:43:47.268121+00:00,orchestrator,events_processed,269.0,normal,f398aa60-da48-45c3-9eb4-8bb4a858c345,,,10.85
2026-08-10 16:43:47.268121+00:00,orchestrator,throughput_eps,25.194419286977972,normal,f398aa60-da48-45c3-9eb4-8bb4a858c345,,,10.85
2026-08-10 16:43:47.268121+00:00,orchestrator,queue_wait_ms,3.0,normal,f398aa60-da48-45c3-9eb4-8bb4a858c345,,,10.85
2026-08-10 16:43:47.269120+00:00,orchestrator,stage_latency_ms,26.271599999745376,normal,f398aa60-da48-45c3-9eb4-8bb4a858c345,,,10.85
2026-08-10 16:43:47.269120+00:00,orchestrator,end_to_end_latency_ms,47.51318359375,normal,f398aa60-da48-45c3-9eb4-8bb4a858c345,,,10.85
2026-08-10 16:43:47.269120+00:00,orchestrator,xai_latency_ms,0.002099999619531445,normal,f398aa60-da48-45c3-9eb4-8bb4a858c345,,deterministic,10.85
2026-08-10 16:43:47.283120+00:00,detector,events_processed,270.0,normal,f398aa60-da48-45c3-9eb4-8bb4a858c345,,,10.86
2026-08-10 16:43:47.284122+00:00,detector,alerts_emitted,270.0,normal,f398aa60-da48-45c3-9eb4-8bb4a858c345,,,10.86
2026-08-10 16:43:47.284122+00:00,detector,throughput_eps,24.985586943275386,normal,f398aa60-da48-45c3-9eb4-8bb4a858c345,,,10.86
2026-08-10 16:43:47.284122+00:00,orchestrator,events_received,270.0,normal,f398aa60-da48-45c3-9eb4-8bb4a858c345,,,10.86
2026-08-10 16:43:47.285120+00:00,detector,stage_latency_ms,21.074199999929988,normal,f398aa60-da48-45c3-9eb4-8bb4a858c345,,,10.86
2026-08-10 16:43:47.285120+00:00,detector,end_to_end_latency_ms,22.999267578125,normal,f398aa60-da48-45c3-9eb4-8bb4a858c345,,,10.86
2026-08-10 16:43:47.285120+00:00,detector,queue_wait_ms,2.0,normal,f398aa60-da48-45c3-9eb4-8bb4a858c345,,,10.86
2026-08-10 16:43:47.302120+00:00,generator,events_sent,271.0,normal,f398aa60-da48-45c3-9eb4-8bb4a858c345,,,10.88
2026-08-10 16:43:47.302120+00:00,generator,throughput_eps,24.996257112875593,normal,f398aa60-da48-45c3-9eb4-8bb4a858c345,,,10.88
2026-08-10 16:43:47.308120+00:00,orchestrator,events_processed,270.0,normal,f398aa60-da48-45c3-9eb4-8bb4a858c345,,,10.89
2026-08-10 16:43:47.309121+00:00,orchestrator,throughput_eps,25.141182826285256,normal,f398aa60-da48-45c3-9eb4-8bb4a858c345,,,10.89
2026-08-10 16:43:47.309121+00:00,orchestrator,queue_wait_ms,3.0,normal,f398aa60-da48-45c3-9eb4-8bb4a858c345,,,10.89
2026-08-10 16:43:47.309121+00:00,orchestrator,stage_latency_ms,24.586399998952402,normal,f398aa60-da48-45c3-9eb4-8bb4a858c345,,,10.89
2026-08-10 16:43:47.310121+00:00,orchestrator,end_to_end_latency_ms,47.99951171875,normal,f398aa60-da48-45c3-9eb4-8bb4a858c345,,,10.89
2026-08-10 16:43:47.310121+00:00,orchestrator,xai_latency_ms,0.003899998773704283,normal,f398aa60-da48-45c3-9eb4-8bb4a858c345,,deterministic,10.89
2026-08-10 16:43:47.321120+00:00,detector,throughput_eps,24.999511098274777,normal,f398aa60-da48-45c3-9eb4-8bb4a858c345,,,10.9
2026-08-10 16:43:47.321120+00:00,detector,events_processed,271.0,normal,f398aa60-da48-45c3-9eb4-8bb4a858c345,,,10.9
2026-08-10 16:43:47.321120+00:00,detector,alerts_emitted,271.0,normal,f398aa60-da48-45c3-9eb4-8bb4a858c345,,,10.9
2026-08-10 16:43:47.321120+00:00,orchestrator,events_received,271.0,normal,f398aa60-da48-45c3-9eb4-8bb4a858c345,,,10.9
2026-08-10 16:43:47.322120+00:00,detector,stage_latency_ms,18.67879999917932,normal,f398aa60-da48-45c3-9eb4-8bb4a858c345,,,10.9
2026-08-10 16:43:47.322120+00:00,detector,queue_wait_ms,1.99951171875,normal,f398aa60-da48-45c3-9eb4-8bb4a858c345,,,10.9
2026-08-10 16:43:47.323120+00:00,detector,end_to_end_latency_ms,21.0,normal,f398aa60-da48-45c3-9eb4-8bb4a858c345,,,10.9
2026-08-10 16:43:47.342120+00:00,generator,events_sent,272.0,normal,f398aa60-da48-45c3-9eb4-8bb4a858c345,,,10.92
2026-08-10 16:43:47.342120+00:00,generator,throughput_eps,24.99639668878753,normal,f398aa60-da48-45c3-9eb4-8bb4a858c345,,,10.92
2026-08-10 16:43:47.347122+00:00,orchestrator,events_processed,271.0,normal,f398aa60-da48-45c3-9eb4-8bb4a858c345,,,10.93
2026-08-10 16:43:47.347122+00:00,orchestrator,throughput_eps,25.09781925249551,normal,f398aa60-da48-45c3-9eb4-8bb4a858c345,,,10.93
2026-08-10 16:43:47.347122+00:00,orchestrator,queue_wait_ms,2.000732421875,normal,f398aa60-da48-45c3-9eb4-8bb4a858c345,,,10.93
2026-08-10 16:43:47.348120+00:00,orchestrator,stage_latency_ms,25.369699998918804,normal,f398aa60-da48-45c3-9eb4-8bb4a858c345,,,10.93
2026-08-10 16:43:47.348120+00:00,orchestrator,end_to_end_latency_ms,47.00146484375,normal,f398aa60-da48-45c3-9eb4-8bb4a858c345,,,10.93
2026-08-10 16:43:47.348120+00:00,orchestrator,xai_latency_ms,0.0018000009731622413,normal,f398aa60-da48-45c3-9eb4-8bb4a858c345,,deterministic,10.93
2026-08-10 16:43:47.361187+00:00,detector,events_processed,272.0,normal,f398aa60-da48-45c3-9eb4-8bb4a858c345,,,10.94
2026-08-10 16:43:47.362188+00:00,orchestrator,events_received,272.0,normal,f398aa60-da48-45c3-9eb4-8bb4a858c345,,,10.94
2026-08-10 16:43:47.362188+00:00,detector,stage_latency_ms,19.12079999965499,normal,f398aa60-da48-45c3-9eb4-8bb4a858c345,,,10.94
2026-08-10 16:43:47.362188+00:00,detector,queue_wait_ms,2.000244140625,normal,f398aa60-da48-45c3-9eb4-8bb4a858c345,,,10.94
2026-08-10 16:43:47.362188+00:00,detector,alerts_emitted,272.0,normal,f398aa60-da48-45c3-9eb4-8bb4a858c345,,,10.94
2026-08-10 16:43:47.362188+00:00,detector,throughput_eps,24.99784393595742,normal,f398aa60-da48-45c3-9eb4-8bb4a858c345,,,10.94
2026-08-10 16:43:47.363187+00:00,detector,end_to_end_latency_ms,21.06787109375,normal,f398aa60-da48-45c3-9eb4-8bb4a858c345,,,10.94
2026-08-10 16:43:47.381800+00:00,generator,events_sent,273.0,normal,f398aa60-da48-45c3-9eb4-8bb4a858c345,,,10.96
2026-08-10 16:43:47.381800+00:00,generator,throughput_eps,25.000693063568438,normal,f398aa60-da48-45c3-9eb4-8bb4a858c345,,,10.96
2026-08-10 16:43:47.385802+00:00,orchestrator,events_processed,272.0,normal,f398aa60-da48-45c3-9eb4-8bb4a858c345,,,10.97
2026-08-10 16:43:47.385802+00:00,orchestrator,throughput_eps,25.04591316618031,normal,f398aa60-da48-45c3-9eb4-8bb4a858c345,,,10.97
2026-08-10 16:43:47.386801+00:00,orchestrator,queue_wait_ms,3.00244140625,normal,f398aa60-da48-45c3-9eb4-8bb4a858c345,,,10.97
2026-08-10 16:43:47.386801+00:00,orchestrator,stage_latency_ms,24.038800000198535,normal,f398aa60-da48-45c3-9eb4-8bb4a858c345,,,10.97
2026-08-10 16:43:47.386801+00:00,orchestrator,end_to_end_latency_ms,45.682861328125,normal,f398aa60-da48-45c3-9eb4-8bb4a858c345,,,10.97
2026-08-10 16:43:47.387802+00:00,orchestrator,xai_latency_ms,0.0017999991541728377,normal,f398aa60-da48-45c3-9eb4-8bb4a858c345,,deterministic,10.97
2026-08-10 16:43:47.400801+00:00,detector,events_processed,273.0,normal,f398aa60-da48-45c3-9eb4-8bb4a858c345,,,10.98
2026-08-10 16:43:47.401801+00:00,detector,throughput_eps,25.00099852779081,normal,f398aa60-da48-45c3-9eb4-8bb4a858c345,,,10.98
2026-08-10 16:43:47.401801+00:00,detector,alerts_emitted,273.0,normal,f398aa60-da48-45c3-9eb4-8bb4a858c345,,,10.98
2026-08-10 16:43:47.401801+00:00,orchestrator,events_received,273.0,normal,f398aa60-da48-45c3-9eb4-8bb4a858c345,,,10.98
2026-08-10 16:43:47.402802+00:00,detector,queue_wait_ms,1.995849609375,normal,f398aa60-da48-45c3-9eb4-8bb4a858c345,,,10.98
2026-08-10 16:43:47.402802+00:00,detector,stage_latency_ms,19.156000000293716,normal,f398aa60-da48-45c3-9eb4-8bb4a858c345,,,10.98
2026-08-10 16:43:47.402802+00:00,detector,end_to_end_latency_ms,20.996826171875,normal,f398aa60-da48-45c3-9eb4-8bb4a858c345,,,10.98
2026-08-10 16:43:47.421801+00:00,generator,throughput_eps,25.00171011696882,normal,f398aa60-da48-45c3-9eb4-8bb4a858c345,,,11.0
2026-08-10 16:43:47.421801+00:00,generator,events_sent,274.0,normal,f398aa60-da48-45c3-9eb4-8bb4a858c345,,,11.0
2026-08-10 16:43:47.440801+00:00,detector,events_processed,274.0,normal,f398aa60-da48-45c3-9eb4-8bb4a858c345,,,11.02
2026-08-10 16:43:47.441800+00:00,detector,throughput_eps,25.001288566419635,normal,f398aa60-da48-45c3-9eb4-8bb4a858c345,,,11.02
2026-08-10 16:43:47.441800+00:00,detector,alerts_emitted,274.0,normal,f398aa60-da48-45c3-9eb4-8bb4a858c345,,,11.02
2026-08-10 16:43:47.441800+00:00,detector,queue_wait_ms,2.000732421875,normal,f398aa60-da48-45c3-9eb4-8bb4a858c345,,,11.02
2026-08-10 16:43:47.442801+00:00,detector,stage_latency_ms,19.282699999166653,normal,f398aa60-da48-45c3-9eb4-8bb4a858c345,,,11.02
2026-08-10 16:43:47.442801+00:00,detector,end_to_end_latency_ms,21.0009765625,normal,f398aa60-da48-45c3-9eb4-8bb4a858c345,,,11.02
2026-08-10 16:43:47.461802+00:00,generator,throughput_eps,25.003413466001284,normal,f398aa60-da48-45c3-9eb4-8bb4a858c345,,,11.04
2026-08-10 16:43:47.461802+00:00,generator,events_sent,275.0,normal,f398aa60-da48-45c3-9eb4-8bb4a858c345,,,11.04
2026-08-10 16:43:47.476801+00:00,orchestrator,events_processed,273.0,normal,f398aa60-da48-45c3-9eb4-8bb4a858c345,,,11.06
2026-08-10 16:43:47.477801+00:00,orchestrator,xai_latency_ms,0.0020000006770715117,normal,f398aa60-da48-45c3-9eb4-8bb4a858c345,,deterministic,11.06
2026-08-10 16:43:47.477801+00:00,orchestrator,end_to_end_latency_ms,96.996337890625,normal,f398aa60-da48-45c3-9eb4-8bb4a858c345,,,11.06
2026-08-10 16:43:47.477801+00:00,orchestrator,throughput_eps,24.747930258159577,normal,f398aa60-da48-45c3-9eb4-8bb4a858c345,,,11.06
2026-08-10 16:43:47.477801+00:00,orchestrator,queue_wait_ms,3.0,normal,f398aa60-da48-45c3-9eb4-8bb4a858c345,,,11.06
2026-08-10 16:43:47.477801+00:00,orchestrator,stage_latency_ms,75.31299999936891,normal,f398aa60-da48-45c3-9eb4-8bb4a858c345,,,11.06
2026-08-10 16:43:47.480802+00:00,orchestrator,events_received,274.0,normal,f398aa60-da48-45c3-9eb4-8bb4a858c345,,,11.06
2026-08-10 16:43:47.481801+00:00,detector,alerts_emitted,275.0,normal,f398aa60-da48-45c3-9eb4-8bb4a858c345,,,11.06
2026-08-10 16:43:47.481801+00:00,detector,throughput_eps,25.003427469839032,normal,f398aa60-da48-45c3-9eb4-8bb4a858c345,,,11.06
2026-08-10 16:43:47.481801+00:00,detector,queue_wait_ms,2.001953125,normal,f398aa60-da48-45c3-9eb4-8bb4a858c345,,,11.06
2026-08-10 16:43:47.481801+00:00,detector,stage_latency_ms,18.764899999951012,normal,f398aa60-da48-45c3-9eb4-8bb4a858c345,,,11.06
2026-08-10 16:43:47.482801+00:00,detector,end_to_end_latency_ms,21.00146484375,normal,f398aa60-da48-45c3-9eb4-8bb4a858c345,,,11.06
2026-08-10 16:43:47.501802+00:00,generator,events_sent,276.0,normal,f398aa60-da48-45c3-9eb4-8bb4a858c345,,,11.08
2026-08-10 16:43:47.501802+00:00,generator,throughput_eps,25.00026700284739,normal,f398aa60-da48-45c3-9eb4-8bb4a858c345,,,11.08
2026-08-10 16:43:47.505801+00:00,orchestrator,events_processed,274.0,normal,f398aa60-da48-45c3-9eb4-8bb4a858c345,,,11.09
2026-08-10 16:43:47.506801+00:00,orchestrator,end_to_end_latency_ms,86.001220703125,normal,f398aa60-da48-45c3-9eb4-8bb4a858c345,,,11.09
2026-08-10 16:43:47.506801+00:00,orchestrator,stage_latency_ms,25.19899999970221,normal,f398aa60-da48-45c3-9eb4-8bb4a858c345,,,11.09
2026-08-10 16:43:47.506801+00:00,orchestrator,throughput_eps,24.803602971361965,normal,f398aa60-da48-45c3-9eb4-8bb4a858c345,,,11.09
2026-08-10 16:43:47.506801+00:00,orchestrator,queue_wait_ms,42.001708984375,normal,f398aa60-da48-45c3-9eb4-8bb4a858c345,,,11.09
2026-08-10 16:43:47.507800+00:00,orchestrator,xai_latency_ms,0.0020000006770715117,normal,f398aa60-da48-45c3-9eb4-8bb4a858c345,,deterministic,11.09
2026-08-10 16:43:47.509802+00:00,orchestrator,events_received,275.0,normal,f398aa60-da48-45c3-9eb4-8bb4a858c345,,,11.09
2026-08-10 16:43:47.520801+00:00,detector,events_processed,276.0,normal,f398aa60-da48-45c3-9eb4-8bb4a858c345,,,11.1
2026-08-10 16:43:47.520801+00:00,detector,alerts_emitted,276.0,normal,f398aa60-da48-45c3-9eb4-8bb4a858c345,,,11.1
2026-08-10 16:43:47.521801+00:00,detector,throughput_eps,25.00229521070421,normal,f398aa60-da48-45c3-9eb4-8bb4a858c345,,,11.1
2026-08-10 16:43:47.521801+00:00,detector,queue_wait_ms,2.00048828125,normal,f398aa60-da48-45c3-9eb4-8bb4a858c345,,,11.1
2026-08-10 16:43:47.521801+00:00,detector,stage_latency_ms,18.592600001284154,normal,f398aa60-da48-45c3-9eb4-8bb4a858c345,,,11.1
2026-08-10 16:43:47.521801+00:00,detector,end_to_end_latency_ms,20.99951171875,normal,f398aa60-da48-45c3-9eb4-8bb4a858c345,,,11.1
2026-08-10 16:43:47.533802+00:00,orchestrator,events_processed,275.0,normal,f398aa60-da48-45c3-9eb4-8bb4a858c345,,,11.11
2026-08-10 16:43:47.534801+00:00,orchestrator,stage_latency_ms,24.167699999452452,normal,f398aa60-da48-45c3-9eb4-8bb4a858c345,,,11.11
2026-08-10 16:43:47.534801+00:00,orchestrator,end_to_end_latency_ms,74.001708984375,normal,f398aa60-da48-45c3-9eb4-8bb4a858c345,,,11.11
2026-08-10 16:43:47.534801+00:00,orchestrator,throughput_eps,24.858631070063808,normal,f398aa60-da48-45c3-9eb4-8bb4a858c345,,,11.11
2026-08-10 16:43:47.534801+00:00,orchestrator,queue_wait_ms,31.00048828125,normal,f398aa60-da48-45c3-9eb4-8bb4a858c345,,,11.11
2026-08-10 16:43:47.535803+00:00,orchestrator,xai_latency_ms,0.0017999991541728377,normal,f398aa60-da48-45c3-9eb4-8bb4a858c345,,deterministic,11.12
2026-08-10 16:43:47.537801+00:00,orchestrator,events_received,276.0,normal,f398aa60-da48-45c3-9eb4-8bb4a858c345,,,11.12
2026-08-10 16:43:47.540801+00:00,generator,events_sent,277.0,normal,f398aa60-da48-45c3-9eb4-8bb4a858c345,,,11.12
2026-08-10 16:43:47.541800+00:00,generator,throughput_eps,25.002772307391446,normal,f398aa60-da48-45c3-9eb4-8bb4a858c345,,,11.12
2026-08-10 16:43:47.560802+00:00,detector,events_processed,277.0,normal,f398aa60-da48-45c3-9eb4-8bb4a858c345,,,11.14
2026-08-10 16:43:47.560802+00:00,detector,alerts_emitted,277.0,normal,f398aa60-da48-45c3-9eb4-8bb4a858c345,,,11.14
2026-08-10 16:43:47.560802+00:00,detector,throughput_eps,25.00484293797869,normal,f398aa60-da48-45c3-9eb4-8bb4a858c345,,,11.14
2026-08-10 16:43:47.561802+00:00,detector,queue_wait_ms,1.999267578125,normal,f398aa60-da48-45c3-9eb4-8bb4a858c345,,,11.14
2026-08-10 16:43:47.561802+00:00,detector,stage_latency_ms,19.023600001673913,normal,f398aa60-da48-45c3-9eb4-8bb4a858c345,,,11.14
2026-08-10 16:43:47.561802+00:00,detector,end_to_end_latency_ms,21.000732421875,normal,f398aa60-da48-45c3-9eb4-8bb4a858c345,,,11.14
2026-08-10 16:43:47.562801+00:00,orchestrator,events_processed,276.0,normal,f398aa60-da48-45c3-9eb4-8bb4a858c345,,,11.14
2026-08-10 16:43:47.563802+00:00,orchestrator,xai_latency_ms,0.0020000006770715117,normal,f398aa60-da48-45c3-9eb4-8bb4a858c345,,deterministic,11.14
2026-08-10 16:43:47.563802+00:00,orchestrator,end_to_end_latency_ms,63.00048828125,normal,f398aa60-da48-45c3-9eb4-8bb4a858c345,,,11.14
2026-08-10 16:43:47.563802+00:00,orchestrator,stage_latency_ms,24.81389999957173,normal,f398aa60-da48-45c3-9eb4-8bb4a858c345,,,11.14
2026-08-10 16:43:47.563802+00:00,orchestrator,throughput_eps,24.919139402246305,normal,f398aa60-da48-45c3-9eb4-8bb4a858c345,,,11.14
2026-08-10 16:43:47.563802+00:00,orchestrator,queue_wait_ms,19.00048828125,normal,f398aa60-da48-45c3-9eb4-8bb4a858c345,,,11.14
2026-08-10 16:43:47.566802+00:00,orchestrator,events_received,277.0,normal,f398aa60-da48-45c3-9eb4-8bb4a858c345,,,11.15
2026-08-10 16:43:47.581801+00:00,generator,events_sent,278.0,normal,f398aa60-da48-45c3-9eb4-8bb4a858c345,,,11.16
2026-08-10 16:43:47.581801+00:00,generator,throughput_eps,25.001769625258305,normal,f398aa60-da48-45c3-9eb4-8bb4a858c345,,,11.16
2026-08-10 16:43:47.590801+00:00,orchestrator,events_processed,277.0,normal,f398aa60-da48-45c3-9eb4-8bb4a858c345,,,11.17
2026-08-10 16:43:47.590801+00:00,orchestrator,throughput_eps,24.976504461261474,normal,f398aa60-da48-45c3-9eb4-8bb4a858c345,,,11.17
2026-08-10 16:43:47.591801+00:00,orchestrator,queue_wait_ms,8.0009765625,normal,f398aa60-da48-45c3-9eb4-8bb4a858c345,,,11.17
2026-08-10 16:43:47.591801+00:00,orchestrator,stage_latency_ms,24.522300000171526,normal,f398aa60-da48-45c3-9eb4-8bb4a858c345,,,11.17
2026-08-10 16:43:47.591801+00:00,orchestrator,end_to_end_latency_ms,51.000244140625,normal,f398aa60-da48-45c3-9eb4-8bb4a858c345,,,11.17
2026-08-10 16:43:47.591801+00:00,orchestrator,xai_latency_ms,0.0017999991541728377,normal,f398aa60-da48-45c3-9eb4-8bb4a858c345,,deterministic,11.17
2026-08-10 16:43:47.600802+00:00,orchestrator,events_received,278.0,normal,f398aa60-da48-45c3-9eb4-8bb4a858c345,,,11.18
2026-08-10 16:43:47.600802+00:00,detector,throughput_eps,25.00300886209359,normal,f398aa60-da48-45c3-9eb4-8bb4a858c345,,,11.18
2026-08-10 16:43:47.600802+00:00,detector,alerts_emitted,278.0,normal,f398aa60-da48-45c3-9eb4-8bb4a858c345,,,11.18
2026-08-10 16:43:47.600802+00:00,detector,events_processed,278.0,normal,f398aa60-da48-45c3-9eb4-8bb4a858c345,,,11.18
2026-08-10 16:43:47.601800+00:00,detector,queue_wait_ms,1.969970703125,normal,f398aa60-da48-45c3-9eb4-8bb4a858c345,,,11.18
2026-08-10 16:43:47.601800+00:00,detector,stage_latency_ms,18.50919999924372,normal,f398aa60-da48-45c3-9eb4-8bb4a858c345,,,11.18
2026-08-10 16:43:47.601800+00:00,detector,end_to_end_latency_ms,20.97119140625,normal,f398aa60-da48-45c3-9eb4-8bb4a858c345,,,11.18
2026-08-10 16:43:47.621800+00:00,generator,events_sent,279.0,normal,f398aa60-da48-45c3-9eb4-8bb4a858c345,,,11.2
2026-08-10 16:43:47.621800+00:00,generator,throughput_eps,25.00060751476818,normal,f398aa60-da48-45c3-9eb4-8bb4a858c345,,,11.2
2026-08-10 16:43:47.626802+00:00,orchestrator,events_processed,278.0,normal,f398aa60-da48-45c3-9eb4-8bb4a858c345,,,11.21
2026-08-10 16:43:47.626802+00:00,orchestrator,throughput_eps,25.000113000516276,normal,f398aa60-da48-45c3-9eb4-8bb4a858c345,,,11.21
2026-08-10 16:43:47.626802+00:00,orchestrator,queue_wait_ms,2.96728515625,normal,f398aa60-da48-45c3-9eb4-8bb4a858c345,,,11.21
2026-08-10 16:43:47.626802+00:00,orchestrator,stage_latency_ms,25.43100000002596,normal,f398aa60-da48-45c3-9eb4-8bb4a858c345,,,11.21
2026-08-10 16:43:47.626802+00:00,orchestrator,end_to_end_latency_ms,46.970703125,normal,f398aa60-da48-45c3-9eb4-8bb4a858c345,,,11.21
2026-08-10 16:43:47.627802+00:00,orchestrator,xai_latency_ms,0.0020000006770715117,normal,f398aa60-da48-45c3-9eb4-8bb4a858c345,,deterministic,11.21
2026-08-10 16:43:47.641803+00:00,orchestrator,events_received,279.0,normal,f398aa60-da48-45c3-9eb4-8bb4a858c345,,,11.22
2026-08-10 16:43:47.641803+00:00,detector,events_processed,279.0,normal,f398aa60-da48-45c3-9eb4-8bb4a858c345,,,11.22
2026-08-10 16:43:47.641803+00:00,detector,alerts_emitted,279.0,normal,f398aa60-da48-45c3-9eb4-8bb4a858c345,,,11.22
2026-08-10 16:43:47.642801+00:00,detector,throughput_eps,24.99827128889752,normal,f398aa60-da48-45c3-9eb4-8bb4a858c345,,,11.22
2026-08-10 16:43:47.642801+00:00,detector,queue_wait_ms,1.999755859375,normal,f398aa60-da48-45c3-9eb4-8bb4a858c345,,,11.22
2026-08-10 16:43:47.642801+00:00,detector,stage_latency_ms,19.93939999920258,normal,f398aa60-da48-45c3-9eb4-8bb4a858c345,,,11.22
2026-08-10 16:43:47.642801+00:00,detector,end_to_end_latency_ms,22.0029296875,normal,f398aa60-da48-45c3-9eb4-8bb4a858c345,,,11.22
2026-08-10 16:43:47.661799+00:00,generator,events_sent,280.0,normal,f398aa60-da48-45c3-9eb4-8bb4a858c345,,,11.24
2026-08-10 16:43:47.661799+00:00,generator,throughput_eps,25.004083166780777,normal,f398aa60-da48-45c3-9eb4-8bb4a858c345,,,11.24
2026-08-10 16:43:47.666806+00:00,orchestrator,events_processed,279.0,normal,f398aa60-da48-45c3-9eb4-8bb4a858c345,,,11.25
2026-08-10 16:43:47.667805+00:00,orchestrator,stage_latency_ms,24.919099998442107,normal,f398aa60-da48-45c3-9eb4-8bb4a858c345,,,11.25
2026-08-10 16:43:47.667805+00:00,orchestrator,throughput_eps,24.997539052761855,normal,f398aa60-da48-45c3-9eb4-8bb4a858c345,,,11.25
2026-08-10 16:43:47.667805+00:00,orchestrator,queue_wait_ms,2.0,normal,f398aa60-da48-45c3-9eb4-8bb4a858c345,,,11.25
2026-08-10 16:43:47.667805+00:00,orchestrator,end_to_end_latency_ms,47.006103515625,normal,f398aa60-da48-45c3-9eb4-8bb4a858c345,,,11.25
2026-08-10 16:43:47.668806+00:00,orchestrator,xai_latency_ms,0.0016000012692529708,normal,f398aa60-da48-45c3-9eb4-8bb4a858c345,,deterministic,11.25
2026-08-10 16:43:47.680809+00:00,detector,events_processed,280.0,normal,f398aa60-da48-45c3-9eb4-8bb4a858c345,,,11.26
2026-08-10 16:43:47.681808+00:00,detector,alerts_emitted,280.0,normal,f398aa60-da48-45c3-9eb4-8bb4a858c345,,,11.26
2026-08-10 16:43:47.681808+00:00,orchestrator,events_received,280.0,normal,f398aa60-da48-45c3-9eb4-8bb4a858c345,,,11.26
2026-08-10 16:43:47.681808+00:00,detector,throughput_eps,25.002618274184293,normal,f398aa60-da48-45c3-9eb4-8bb4a858c345,,,11.26
2026-08-10 16:43:47.681808+00:00,detector,queue_wait_ms,1.99951171875,normal,f398aa60-da48-45c3-9eb4-8bb4a858c345,,,11.26
2026-08-10 16:43:47.681808+00:00,detector,stage_latency_ms,19.01679999900807,normal,f398aa60-da48-45c3-9eb4-8bb4a858c345,,,11.26
2026-08-10 16:43:47.681808+00:00,detector,end_to_end_latency_ms,21.0087890625,normal,f398aa60-da48-45c3-9eb4-8bb4a858c345,,,11.26
2026-08-10 16:43:47.701806+00:00,generator,events_sent,281.0,normal,f398aa60-da48-45c3-9eb4-8bb4a858c345,,,11.28
2026-08-10 16:43:47.701806+00:00,generator,throughput_eps,25.002694790443567,normal,f398aa60-da48-45c3-9eb4-8bb4a858c345,,,11.28
2026-08-10 16:43:47.705806+00:00,orchestrator,events_processed,280.0,normal,f398aa60-da48-45c3-9eb4-8bb4a858c345,,,11.29
2026-08-10 16:43:47.706806+00:00,orchestrator,xai_latency_ms,0.0020000006770715117,normal,f398aa60-da48-45c3-9eb4-8bb4a858c345,,deterministic,11.29
2026-08-10 16:43:47.706806+00:00,orchestrator,end_to_end_latency_ms,46.006103515625,normal,f398aa60-da48-45c3-9eb4-8bb4a858c345,,,11.29
2026-08-10 16:43:47.706806+00:00,orchestrator,queue_wait_ms,3.00048828125,normal,f398aa60-da48-45c3-9eb4-8bb4a858c345,,,11.29
2026-08-10 16:43:47.706806+00:00,orchestrator,throughput_eps,25.00202616420228,normal,f398aa60-da48-45c3-9eb4-8bb4a858c345,,,11.29
2026-08-10 16:43:47.706806+00:00,orchestrator,stage_latency_ms,24.89380000042729,normal,f398aa60-da48-45c3-9eb4-8bb4a858c345,,,11.29
2026-08-10 16:43:47.720806+00:00,detector,events_processed,281.0,normal,f398aa60-da48-45c3-9eb4-8bb4a858c345,,,11.3
2026-08-10 16:43:47.721806+00:00,detector,alerts_emitted,281.0,normal,f398aa60-da48-45c3-9eb4-8bb4a858c345,,,11.3
2026-08-10 16:43:47.721806+00:00,orchestrator,events_received,281.0,normal,f398aa60-da48-45c3-9eb4-8bb4a858c345,,,11.3
2026-08-10 16:43:47.721806+00:00,detector,throughput_eps,25.000953536370528,normal,f398aa60-da48-45c3-9eb4-8bb4a858c345,,,11.3
2026-08-10 16:43:47.721806+00:00,detector,queue_wait_ms,2.00048828125,normal,f398aa60-da48-45c3-9eb4-8bb4a858c345,,,11.3
2026-08-10 16:43:47.721806+00:00,detector,stage_latency_ms,18.98290000099223,normal,f398aa60-da48-45c3-9eb4-8bb4a858c345,,,11.3
2026-08-10 16:43:47.721806+00:00,detector,end_to_end_latency_ms,21.000244140625,normal,f398aa60-da48-45c3-9eb4-8bb4a858c345,,,11.3
2026-08-10 16:43:47.741807+00:00,generator,events_sent,282.0,normal,f398aa60-da48-45c3-9eb4-8bb4a858c345,,,11.32
2026-08-10 16:43:47.741807+00:00,generator,throughput_eps,25.00043200746218,normal,f398aa60-da48-45c3-9eb4-8bb4a858c345,,,11.32
2026-08-10 16:43:47.745805+00:00,orchestrator,throughput_eps,25.00152909352039,normal,f398aa60-da48-45c3-9eb4-8bb4a858c345,,,11.33
2026-08-10 16:43:47.745805+00:00,orchestrator,events_processed,281.0,normal,f398aa60-da48-45c3-9eb4-8bb4a858c345,,,11.33
2026-08-10 16:43:47.746805+00:00,orchestrator,end_to_end_latency_ms,45.99951171875,normal,f398aa60-da48-45c3-9eb4-8bb4a858c345,,,11.33
2026-08-10 16:43:47.746805+00:00,orchestrator,xai_latency_ms,0.0016000012692529708,normal,f398aa60-da48-45c3-9eb4-8bb4a858c345,,deterministic,11.33
2026-08-10 16:43:47.746805+00:00,orchestrator,queue_wait_ms,3.0009765625,normal,f398aa60-da48-45c3-9eb4-8bb4a858c345,,,11.33
2026-08-10 16:43:47.746805+00:00,orchestrator,stage_latency_ms,24.626399999760906,normal,f398aa60-da48-45c3-9eb4-8bb4a858c345,,,11.33
2026-08-10 16:43:47.761805+00:00,orchestrator,events_received,282.0,normal,f398aa60-da48-45c3-9eb4-8bb4a858c345,,,11.34
2026-08-10 16:43:47.761805+00:00,detector,throughput_eps,25.00364403108491,normal,f398aa60-da48-45c3-9eb4-8bb4a858c345,,,11.34
2026-08-10 16:43:47.761805+00:00,detector,events_processed,282.0,normal,f398aa60-da48-45c3-9eb4-8bb4a858c345,,,11.34
2026-08-10 16:43:47.761805+00:00,detector,alerts_emitted,282.0,normal,f398aa60-da48-45c3-9eb4-8bb4a858c345,,,11.34
2026-08-10 16:43:47.762805+00:00,detector,queue_wait_ms,2.002197265625,normal,f398aa60-da48-45c3-9eb4-8bb4a858c345,,,11.34
2026-08-10 16:43:47.762805+00:00,detector,stage_latency_ms,19.30969999921217,normal,f398aa60-da48-45c3-9eb4-8bb4a858c345,,,11.34
2026-08-10 16:43:47.762805+00:00,detector,end_to_end_latency_ms,22.000732421875,normal,f398aa60-da48-45c3-9eb4-8bb4a858c345,,,11.34
2026-08-10 16:43:47.781806+00:00,generator,events_sent,283.0,normal,f398aa60-da48-45c3-9eb4-8bb4a858c345,,,11.36
2026-08-10 16:43:47.781806+00:00,generator,throughput_eps,25.004857443615826,normal,f398aa60-da48-45c3-9eb4-8bb4a858c345,,,11.36
2026-08-10 16:43:47.786805+00:00,orchestrator,events_processed,282.0,normal,f398aa60-da48-45c3-9eb4-8bb4a858c345,,,11.37
2026-08-10 16:43:47.786805+00:00,orchestrator,throughput_eps,25.006339106962677,normal,f398aa60-da48-45c3-9eb4-8bb4a858c345,,,11.37
2026-08-10 16:43:47.786805+00:00,orchestrator,queue_wait_ms,3.0009765625,normal,f398aa60-da48-45c3-9eb4-8bb4a858c345,,,11.37
2026-08-10 16:43:47.786805+00:00,orchestrator,stage_latency_ms,24.807499999951688,normal,f398aa60-da48-45c3-9eb4-8bb4a858c345,,,11.37
2026-08-10 16:43:47.787805+00:00,orchestrator,end_to_end_latency_ms,47.000732421875,normal,f398aa60-da48-45c3-9eb4-8bb4a858c345,,,11.37
2026-08-10 16:43:47.787805+00:00,orchestrator,xai_latency_ms,0.0018999999156221747,normal,f398aa60-da48-45c3-9eb4-8bb4a858c345,,deterministic,11.37
2026-08-10 16:43:47.800807+00:00,detector,throughput_eps,25.003399462188323,normal,f398aa60-da48-45c3-9eb4-8bb4a858c345,,,11.38
2026-08-10 16:43:47.800807+00:00,orchestrator,events_received,283.0,normal,f398aa60-da48-45c3-9eb4-8bb4a858c345,,,11.38
2026-08-10 16:43:47.800807+00:00,detector,events_processed,283.0,normal,f398aa60-da48-45c3-9eb4-8bb4a858c345,,,11.38
2026-08-10 16:43:47.800807+00:00,detector,alerts_emitted,283.0,normal,f398aa60-da48-45c3-9eb4-8bb4a858c345,,,11.38
2026-08-10 16:43:47.801807+00:00,detector,queue_wait_ms,2.0009765625,normal,f398aa60-da48-45c3-9eb4-8bb4a858c345,,,11.38
2026-08-10 16:43:47.801807+00:00,detector,stage_latency_ms,18.568999999843072,normal,f398aa60-da48-45c3-9eb4-8bb4a858c345,,,11.38
2026-08-10 16:43:47.801807+00:00,detector,end_to_end_latency_ms,21.002197265625,normal,f398aa60-da48-45c3-9eb4-8bb4a858c345,,,11.38
2026-08-10 16:43:47.820807+00:00,generator,events_sent,284.0,normal,f398aa60-da48-45c3-9eb4-8bb4a858c345,,,11.4
2026-08-10 16:43:47.821807+00:00,generator,throughput_eps,25.003611521650097,normal,f398aa60-da48-45c3-9eb4-8bb4a858c345,,,11.4
2026-08-10 16:43:47.826807+00:00,orchestrator,events_processed,283.0,normal,f398aa60-da48-45c3-9eb4-8bb4a858c345,,,11.41
2026-08-10 16:43:47.826807+00:00,orchestrator,throughput_eps,25.203463085905064,normal,f398aa60-da48-45c3-9eb4-8bb4a858c345,,,11.41
2026-08-10 16:43:47.826807+00:00,orchestrator,queue_wait_ms,2.00048828125,normal,f398aa60-da48-45c3-9eb4-8bb4a858c345,,,11.41
2026-08-10 16:43:47.826807+00:00,orchestrator,stage_latency_ms,25.40179999959946,normal,f398aa60-da48-45c3-9eb4-8bb4a858c345,,,11.41
2026-08-10 16:43:47.827805+00:00,orchestrator,xai_latency_ms,0.0018999999156221747,normal,f398aa60-da48-45c3-9eb4-8bb4a858c345,,deterministic,11.41
2026-08-10 16:43:47.827805+00:00,orchestrator,end_to_end_latency_ms,47.00244140625,normal,f398aa60-da48-45c3-9eb4-8bb4a858c345,,,11.41
2026-08-10 16:43:47.841804+00:00,detector,alerts_emitted,284.0,normal,f398aa60-da48-45c3-9eb4-8bb4a858c345,,,11.42
2026-08-10 16:43:47.841804+00:00,orchestrator,events_received,284.0,normal,f398aa60-da48-45c3-9eb4-8bb4a858c345,,,11.42
2026-08-10 16:43:47.841804+00:00,detector,events_processed,284.0,normal,f398aa60-da48-45c3-9eb4-8bb4a858c345,,,11.42
2026-08-10 16:43:47.842805+00:00,detector,throughput_eps,24.9952705521419,normal,f398aa60-da48-45c3-9eb4-8bb4a858c345,,,11.42
2026-08-10 16:43:47.842805+00:00,detector,queue_wait_ms,1.999755859375,normal,f398aa60-da48-45c3-9eb4-8bb4a858c345,,,11.42
2026-08-10 16:43:47.842805+00:00,detector,stage_latency_ms,20.078899999134592,normal,f398aa60-da48-45c3-9eb4-8bb4a858c345,,,11.42
2026-08-10 16:43:47.842805+00:00,detector,end_to_end_latency_ms,21.996826171875,normal,f398aa60-da48-45c3-9eb4-8bb4a858c345,,,11.42
2026-08-10 16:43:47.861804+00:00,generator,events_sent,285.0,normal,f398aa60-da48-45c3-9eb4-8bb4a858c345,,,11.44
2026-08-10 16:43:47.861804+00:00,generator,throughput_eps,25.00182363302193,normal,f398aa60-da48-45c3-9eb4-8bb4a858c345,,,11.44
2026-08-10 16:43:47.867200+00:00,orchestrator,events_processed,284.0,normal,f398aa60-da48-45c3-9eb4-8bb4a858c345,,,11.45
2026-08-10 16:43:47.867200+00:00,orchestrator,throughput_eps,25.197529481005777,normal,f398aa60-da48-45c3-9eb4-8bb4a858c345,,,11.45
2026-08-10 16:43:47.868200+00:00,orchestrator,queue_wait_ms,1.999267578125,normal,f398aa60-da48-45c3-9eb4-8bb4a858c345,,,11.45
2026-08-10 16:43:47.868200+00:00,orchestrator,stage_latency_ms,25.081800000407384,normal,f398aa60-da48-45c3-9eb4-8bb4a858c345,,,11.45
2026-08-10 16:43:47.868200+00:00,orchestrator,end_to_end_latency_ms,47.392578125,normal,f398aa60-da48-45c3-9eb4-8bb4a858c345,,,11.45
2026-08-10 16:43:47.868200+00:00,orchestrator,xai_latency_ms,0.002200000380980782,normal,f398aa60-da48-45c3-9eb4-8bb4a858c345,,deterministic,11.45
2026-08-10 16:43:47.882202+00:00,detector,alerts_emitted,285.0,normal,f398aa60-da48-45c3-9eb4-8bb4a858c345,,,11.46
2026-08-10 16:43:47.882202+00:00,detector,queue_wait_ms,1.999755859375,normal,f398aa60-da48-45c3-9eb4-8bb4a858c345,,,11.46
2026-08-10 16:43:47.882202+00:00,detector,throughput_eps,25.002271879827326,normal,f398aa60-da48-45c3-9eb4-8bb4a858c345,,,11.46
2026-08-10 16:43:47.882202+00:00,detector,events_processed,285.0,normal,f398aa60-da48-45c3-9eb4-8bb4a858c345,,,11.46
2026-08-10 16:43:47.882202+00:00,orchestrator,events_received,285.0,normal,f398aa60-da48-45c3-9eb4-8bb4a858c345,,,11.46
2026-08-10 16:43:47.883202+00:00,detector,stage_latency_ms,20.083299999896553,normal,f398aa60-da48-45c3-9eb4-8bb4a858c345,,,11.46
2026-08-10 16:43:47.883202+00:00,detector,end_to_end_latency_ms,22.3974609375,normal,f398aa60-da48-45c3-9eb4-8bb4a858c345,,,11.46
2026-08-10 16:43:47.902200+00:00,generator,events_sent,286.0,normal,f398aa60-da48-45c3-9eb4-8bb4a858c345,,,11.48
2026-08-10 16:43:47.902200+00:00,generator,throughput_eps,24.997957828125042,normal,f398aa60-da48-45c3-9eb4-8bb4a858c345,,,11.48
2026-08-10 16:43:47.906201+00:00,orchestrator,events_processed,285.0,normal,f398aa60-da48-45c3-9eb4-8bb4a858c345,,,11.49
2026-08-10 16:43:47.906201+00:00,orchestrator,throughput_eps,25.200597254155422,normal,f398aa60-da48-45c3-9eb4-8bb4a858c345,,,11.49
2026-08-10 16:43:47.907202+00:00,orchestrator,end_to_end_latency_ms,46.396728515625,normal,f398aa60-da48-45c3-9eb4-8bb4a858c345,,,11.49
2026-08-10 16:43:47.907202+00:00,orchestrator,queue_wait_ms,3.000244140625,normal,f398aa60-da48-45c3-9eb4-8bb4a858c345,,,11.49
2026-08-10 16:43:47.907202+00:00,orchestrator,stage_latency_ms,24.142700000084005,normal,f398aa60-da48-45c3-9eb4-8bb4a858c345,,,11.49
2026-08-10 16:43:47.907202+00:00,orchestrator,xai_latency_ms,0.0017000002117129043,normal,f398aa60-da48-45c3-9eb4-8bb4a858c345,,deterministic,11.49
2026-08-10 16:43:47.922200+00:00,detector,queue_wait_ms,2.0,normal,f398aa60-da48-45c3-9eb4-8bb4a858c345,,,11.5
2026-08-10 16:43:47.922200+00:00,orchestrator,events_received,286.0,normal,f398aa60-da48-45c3-9eb4-8bb4a858c345,,,11.5
2026-08-10 16:43:47.922200+00:00,detector,events_processed,286.0,normal,f398aa60-da48-45c3-9eb4-8bb4a858c345,,,11.5
2026-08-10 16:43:47.922200+00:00,detector,alerts_emitted,286.0,normal,f398aa60-da48-45c3-9eb4-8bb4a858c345,,,11.5
2026-08-10 16:43:47.922200+00:00,detector,throughput_eps,25.00300786184529,normal,f398aa60-da48-45c3-9eb4-8bb4a858c345,,,11.5
2026-08-10 16:43:47.923201+00:00,detector,stage_latency_ms,19.482399999105837,normal,f398aa60-da48-45c3-9eb4-8bb4a858c345,,,11.5
2026-08-10 16:43:47.923201+00:00,detector,end_to_end_latency_ms,22.000244140625,normal,f398aa60-da48-45c3-9eb4-8bb4a858c345,,,11.5
2026-08-10 16:43:47.942202+00:00,generator,events_sent,287.0,normal,f398aa60-da48-45c3-9eb4-8bb4a858c345,,,11.52
2026-08-10 16:43:47.942202+00:00,generator,throughput_eps,24.997452376581016,normal,f398aa60-da48-45c3-9eb4-8bb4a858c345,,,11.52
2026-08-10 16:43:47.961236+00:00,detector,events_processed,287.0,normal,f398aa60-da48-45c3-9eb4-8bb4a858c345,,,11.54
2026-08-10 16:43:47.962200+00:00,detector,alerts_emitted,287.0,normal,f398aa60-da48-45c3-9eb4-8bb4a858c345,,,11.54
2026-08-10 16:43:47.962200+00:00,detector,throughput_eps,25.00163317119707,normal,f398aa60-da48-45c3-9eb4-8bb4a858c345,,,11.54
2026-08-10 16:43:47.962200+00:00,detector,queue_wait_ms,2.0,normal,f398aa60-da48-45c3-9eb4-8bb4a858c345,,,11.54
2026-08-10 16:43:47.962200+00:00,detector,stage_latency_ms,18.95159999912721,normal,f398aa60-da48-45c3-9eb4-8bb4a858c345,,,11.54
2026-08-10 16:43:47.963200+00:00,detector,end_to_end_latency_ms,21.034423828125,normal,f398aa60-da48-45c3-9eb4-8bb4a858c345,,,11.54
2026-08-10 16:43:47.982200+00:00,generator,events_sent,288.0,normal,f398aa60-da48-45c3-9eb4-8bb4a858c345,,,11.56
2026-08-10 16:43:47.982200+00:00,generator,throughput_eps,24.997834864949144,normal,f398aa60-da48-45c3-9eb4-8bb4a858c345,,,11.56
2026-08-10 16:43:47.987202+00:00,orchestrator,stage_latency_ms,64.56520000028831,normal,f398aa60-da48-45c3-9eb4-8bb4a858c345,,,11.57
2026-08-10 16:43:47.987202+00:00,orchestrator,queue_wait_ms,3.001708984375,normal,f398aa60-da48-45c3-9eb4-8bb4a858c345,,,11.57
2026-08-10 16:43:47.987202+00:00,orchestrator,events_processed,286.0,normal,f398aa60-da48-45c3-9eb4-8bb4a858c345,,,11.57
2026-08-10 16:43:47.987202+00:00,orchestrator,throughput_eps,24.838467334362157,normal,f398aa60-da48-45c3-9eb4-8bb4a858c345,,,11.57
2026-08-10 16:43:47.988201+00:00,orchestrator,end_to_end_latency_ms,87.001708984375,normal,f398aa60-da48-45c3-9eb4-8bb4a858c345,,,11.57
2026-08-10 16:43:47.988201+00:00,orchestrator,xai_latency_ms,0.002099999619531445,normal,f398aa60-da48-45c3-9eb4-8bb4a858c345,,deterministic,11.57
2026-08-10 16:43:47.990201+00:00,orchestrator,events_received,287.0,normal,f398aa60-da48-45c3-9eb4-8bb4a858c345,,,11.57
2026-08-10 16:43:48.002200+00:00,detector,events_processed,288.0,normal,f398aa60-da48-45c3-9eb4-8bb4a858c345,,,11.58
2026-08-10 16:43:48.002200+00:00,detector,alerts_emitted,288.0,normal,f398aa60-da48-45c3-9eb4-8bb4a858c345,,,11.58
2026-08-10 16:43:48.003200+00:00,detector,throughput_eps,24.993054853323557,normal,f398aa60-da48-45c3-9eb4-8bb4a858c345,,,11.58
2026-08-10 16:43:48.003200+00:00,detector,queue_wait_ms,3.0,normal,f398aa60-da48-45c3-9eb4-8bb4a858c345,,,11.58
2026-08-10 16:43:48.003200+00:00,detector,stage_latency_ms,19.67020000120101,normal,f398aa60-da48-45c3-9eb4-8bb4a858c345,,,11.58
2026-08-10 16:43:48.003200+00:00,detector,end_to_end_latency_ms,22.00048828125,normal,f398aa60-da48-45c3-9eb4-8bb4a858c345,,,11.58
2026-08-10 16:43:48.016201+00:00,orchestrator,stage_latency_ms,25.153900000077556,normal,f398aa60-da48-45c3-9eb4-8bb4a858c345,,,11.6
2026-08-10 16:43:48.016201+00:00,orchestrator,queue_wait_ms,30.9990234375,normal,f398aa60-da48-45c3-9eb4-8bb4a858c345,,,11.6
2026-08-10 16:43:48.016201+00:00,orchestrator,events_processed,287.0,normal,f398aa60-da48-45c3-9eb4-8bb4a858c345,,,11.6
2026-08-10 16:43:48.016201+00:00,orchestrator,throughput_eps,24.855944268004016,normal,f398aa60-da48-45c3-9eb4-8bb4a858c345,,,11.6
2026-08-10 16:43:48.017200+00:00,orchestrator,end_to_end_latency_ms,75.9990234375,normal,f398aa60-da48-45c3-9eb4-8bb4a858c345,,,11.6
2026-08-10 16:43:48.017200+00:00,orchestrator,xai_latency_ms,0.0017999991541728377,normal,f398aa60-da48-45c3-9eb4-8bb4a858c345,,deterministic,11.6
2026-08-10 16:43:48.019199+00:00,orchestrator,events_received,288.0,normal,f398aa60-da48-45c3-9eb4-8bb4a858c345,,,11.6
2026-08-10 16:43:48.022201+00:00,generator,events_sent,289.0,normal,f398aa60-da48-45c3-9eb4-8bb4a858c345,,,11.6
2026-08-10 16:43:48.022201+00:00,generator,throughput_eps,24.998068193650052,normal,f398aa60-da48-45c3-9eb4-8bb4a858c345,,,11.6
2026-08-10 16:43:48.042199+00:00,detector,events_processed,289.0,normal,f398aa60-da48-45c3-9eb4-8bb4a858c345,,,11.62
2026-08-10 16:43:48.042199+00:00,detector,alerts_emitted,289.0,normal,f398aa60-da48-45c3-9eb4-8bb4a858c345,,,11.62
2026-08-10 16:43:48.042199+00:00,detector,throughput_eps,24.99595176450351,normal,f398aa60-da48-45c3-9eb4-8bb4a858c345,,,11.62
2026-08-10 16:43:48.043202+00:00,detector,stage_latency_ms,19.647799999802373,normal,f398aa60-da48-45c3-9eb4-8bb4a858c345,,,11.62
2026-08-10 16:43:48.043202+00:00,detector,queue_wait_ms,2.002197265625,normal,f398aa60-da48-45c3-9eb4-8bb4a858c345,,,11.62
2026-08-10 16:43:48.043202+00:00,detector,end_to_end_latency_ms,22.000244140625,normal,f398aa60-da48-45c3-9eb4-8bb4a858c345,,,11.62
2026-08-10 16:43:48.044199+00:00,orchestrator,queue_wait_ms,19.0,normal,f398aa60-da48-45c3-9eb4-8bb4a858c345,,,11.62
2026-08-10 16:43:48.044199+00:00,orchestrator,events_processed,288.0,normal,f398aa60-da48-45c3-9eb4-8bb4a858c345,,,11.62
2026-08-10 16:43:48.044199+00:00,orchestrator,throughput_eps,24.910716676704727,normal,f398aa60-da48-45c3-9eb4-8bb4a858c345,,,11.62
2026-08-10 16:43:48.045199+00:00,orchestrator,stage_latency_ms,24.552400000175112,normal,f398aa60-da48-45c3-9eb4-8bb4a858c345,,,11.62
2026-08-10 16:43:48.045199+00:00,orchestrator,end_to_end_latency_ms,63.999267578125,normal,f398aa60-da48-45c3-9eb4-8bb4a858c345,,,11.62
2026-08-10 16:43:48.045199+00:00,orchestrator,xai_latency_ms,0.001999998858082108,normal,f398aa60-da48-45c3-9eb4-8bb4a858c345,,deterministic,11.62
2026-08-10 16:43:48.048200+00:00,orchestrator,events_received,289.0,normal,f398aa60-da48-45c3-9eb4-8bb4a858c345,,,11.63
2026-08-10 16:43:48.061203+00:00,generator,events_sent,290.0,normal,f398aa60-da48-45c3-9eb4-8bb4a858c345,,,11.64
2026-08-10 16:43:48.062201+00:00,generator,throughput_eps,25.00036500533441,normal,f398aa60-da48-45c3-9eb4-8bb4a858c345,,,11.64
2026-08-10 16:43:48.073199+00:00,orchestrator,throughput_eps,24.96966387208686,normal,f398aa60-da48-45c3-9eb4-8bb4a858c345,,,11.65
2026-08-10 16:43:48.073199+00:00,orchestrator,queue_wait_ms,9.001708984375,normal,f398aa60-da48-45c3-9eb4-8bb4a858c345,,,11.65
2026-08-10 16:43:48.073199+00:00,orchestrator,events_processed,289.0,normal,f398aa60-da48-45c3-9eb4-8bb4a858c345,,,11.65
2026-08-10 16:43:48.073199+00:00,orchestrator,stage_latency_ms,24.880999999368214,normal,f398aa60-da48-45c3-9eb4-8bb4a858c345,,,11.65
2026-08-10 16:43:48.074200+00:00,orchestrator,xai_latency_ms,0.0017999991541728377,normal,f398aa60-da48-45c3-9eb4-8bb4a858c345,,deterministic,11.65
2026-08-10 16:43:48.074200+00:00,orchestrator,end_to_end_latency_ms,52.999755859375,normal,f398aa60-da48-45c3-9eb4-8bb4a858c345,,,11.65
2026-08-10 16:43:48.082199+00:00,detector,events_processed,290.0,normal,f398aa60-da48-45c3-9eb4-8bb4a858c345,,,11.66
2026-08-10 16:43:48.082199+00:00,detector,alerts_emitted,290.0,normal,f398aa60-da48-45c3-9eb4-8bb4a858c345,,,11.66
2026-08-10 16:43:48.082199+00:00,orchestrator,events_received,290.0,normal,f398aa60-da48-45c3-9eb4-8bb4a858c345,,,11.66
2026-08-10 16:43:48.082199+00:00,detector,throughput_eps,24.996115019134024,normal,f398aa60-da48-45c3-9eb4-8bb4a858c345,,,11.66
2026-08-10 16:43:48.082199+00:00,detector,queue_wait_ms,2.00146484375,normal,f398aa60-da48-45c3-9eb4-8bb4a858c345,,,11.66
2026-08-10 16:43:48.083201+00:00,detector,stage_latency_ms,19.945199999710894,normal,f398aa60-da48-45c3-9eb4-8bb4a858c345,,,11.66
2026-08-10 16:43:48.083201+00:00,detector,end_to_end_latency_ms,21.9990234375,normal,f398aa60-da48-45c3-9eb4-8bb4a858c345,,,11.66
2026-08-10 16:43:48.102200+00:00,generator,events_sent,291.0,normal,f398aa60-da48-45c3-9eb4-8bb4a858c345,,,11.68
2026-08-10 16:43:48.102200+00:00,generator,throughput_eps,24.998873538661055,normal,f398aa60-da48-45c3-9eb4-8bb4a858c345,,,11.68
2026-08-10 16:43:48.107198+00:00,orchestrator,queue_wait_ms,3.0,normal,f398aa60-da48-45c3-9eb4-8bb4a858c345,,,11.69
2026-08-10 16:43:48.107198+00:00,orchestrator,stage_latency_ms,24.760100001003593,normal,f398aa60-da48-45c3-9eb4-8bb4a858c345,,,11.69
2026-08-10 16:43:48.107198+00:00,orchestrator,events_processed,290.0,normal,f398aa60-da48-45c3-9eb4-8bb4a858c345,,,11.69
2026-08-10 16:43:48.107198+00:00,orchestrator,throughput_eps,24.998351419196478,normal,f398aa60-da48-45c3-9eb4-8bb4a858c345,,,11.69
2026-08-10 16:43:48.108199+00:00,orchestrator,end_to_end_latency_ms,46.998779296875,normal,f398aa60-da48-45c3-9eb4-8bb4a858c345,,,11.69
2026-08-10 16:43:48.108199+00:00,orchestrator,xai_latency_ms,0.0022999993234407157,normal,f398aa60-da48-45c3-9eb4-8bb4a858c345,,deterministic,11.69
2026-08-10 16:43:48.121199+00:00,detector,events_processed,291.0,normal,f398aa60-da48-45c3-9eb4-8bb4a858c345,,,11.7
2026-08-10 16:43:48.121199+00:00,detector,alerts_emitted,291.0,normal,f398aa60-da48-45c3-9eb4-8bb4a858c345,,,11.7
2026-08-10 16:43:48.122198+00:00,detector,throughput_eps,24.998120605000544,normal,f398aa60-da48-45c3-9eb4-8bb4a858c345,,,11.7
2026-08-10 16:43:48.122198+00:00,orchestrator,events_received,291.0,normal,f398aa60-da48-45c3-9eb4-8bb4a858c345,,,11.7
2026-08-10 16:43:48.122198+00:00,detector,queue_wait_ms,2.001220703125,normal,f398aa60-da48-45c3-9eb4-8bb4a858c345,,,11.7
2026-08-10 16:43:48.122198+00:00,detector,stage_latency_ms,19.076700000368874,normal,f398aa60-da48-45c3-9eb4-8bb4a858c345,,,11.7
2026-08-10 16:43:48.122198+00:00,detector,end_to_end_latency_ms,21.000244140625,normal,f398aa60-da48-45c3-9eb4-8bb4a858c345,,,11.7
2026-08-10 16:43:48.141198+00:00,generator,events_sent,292.0,normal,f398aa60-da48-45c3-9eb4-8bb4a858c345,,,11.72
2026-08-10 16:43:48.142198+00:00,generator,throughput_eps,25.000707019993765,normal,f398aa60-da48-45c3-9eb4-8bb4a858c345,,,11.72
2026-08-10 16:43:48.146199+00:00,orchestrator,events_processed,291.0,normal,f398aa60-da48-45c3-9eb4-8bb4a858c345,,,11.73
2026-08-10 16:43:48.147200+00:00,orchestrator,queue_wait_ms,2.99951171875,normal,f398aa60-da48-45c3-9eb4-8bb4a858c345,,,11.73
2026-08-10 16:43:48.147200+00:00,orchestrator,stage_latency_ms,24.836799999320647,normal,f398aa60-da48-45c3-9eb4-8bb4a858c345,,,11.73
2026-08-10 16:43:48.147200+00:00,orchestrator,throughput_eps,24.997540564554217,normal,f398aa60-da48-45c3-9eb4-8bb4a858c345,,,11.73
2026-08-10 16:43:48.148199+00:00,orchestrator,end_to_end_latency_ms,46.00048828125,normal,f398aa60-da48-45c3-9eb4-8bb4a858c345,,,11.73
2026-08-10 16:43:48.148199+00:00,orchestrator,xai_latency_ms,0.002099999619531445,normal,f398aa60-da48-45c3-9eb4-8bb4a858c345,,deterministic,11.73
2026-08-10 16:43:48.166199+00:00,detector,events_processed,292.0,normal,f398aa60-da48-45c3-9eb4-8bb4a858c345,,,11.75
2026-08-10 16:43:48.166199+00:00,detector,alerts_emitted,292.0,normal,f398aa60-da48-45c3-9eb4-8bb4a858c345,,,11.75
2026-08-10 16:43:48.166199+00:00,detector,throughput_eps,24.978015820954433,normal,f398aa60-da48-45c3-9eb4-8bb4a858c345,,,11.75
2026-08-10 16:43:48.166199+00:00,orchestrator,events_received,292.0,normal,f398aa60-da48-45c3-9eb4-8bb4a858c345,,,11.75
2026-08-10 16:43:48.167199+00:00,detector,queue_wait_ms,1.999267578125,normal,f398aa60-da48-45c3-9eb4-8bb4a858c345,,,11.75
2026-08-10 16:43:48.167199+00:00,detector,stage_latency_ms,23.93879999908677,normal,f398aa60-da48-45c3-9eb4-8bb4a858c345,,,11.75
2026-08-10 16:43:48.167199+00:00,detector,end_to_end_latency_ms,26.000244140625,normal,f398aa60-da48-45c3-9eb4-8bb4a858c345,,,11.75
2026-08-10 16:43:48.182200+00:00,generator,events_sent,293.0,normal,f398aa60-da48-45c3-9eb4-8bb4a858c345,,,11.76
2026-08-10 16:43:48.182609+00:00,generator,throughput_eps,24.999626517669903,normal,f398aa60-da48-45c3-9eb4-8bb4a858c345,,,11.76
2026-08-10 16:43:48.192198+00:00,orchestrator,queue_wait_ms,3.0,normal,f398aa60-da48-45c3-9eb4-8bb4a858c345,,,11.77
2026-08-10 16:43:48.192198+00:00,orchestrator,end_to_end_latency_ms,51.99951171875,normal,f398aa60-da48-45c3-9eb4-8bb4a858c345,,,11.77
2026-08-10 16:43:48.192198+00:00,orchestrator,stage_latency_ms,25.236800000129733,normal,f398aa60-da48-45c3-9eb4-8bb4a858c345,,,11.77
2026-08-10 16:43:48.192198+00:00,orchestrator,throughput_eps,24.97321723150264,normal,f398aa60-da48-45c3-9eb4-8bb4a858c345,,,11.77
2026-08-10 16:43:48.192198+00:00,orchestrator,events_processed,292.0,normal,f398aa60-da48-45c3-9eb4-8bb4a858c345,,,11.77
2026-08-10 16:43:48.193199+00:00,orchestrator,xai_latency_ms,0.0017000002117129043,normal,f398aa60-da48-45c3-9eb4-8bb4a858c345,,deterministic,11.77
2026-08-10 16:43:48.201199+00:00,detector,events_processed,293.0,normal,f398aa60-da48-45c3-9eb4-8bb4a858c345,,,11.78
2026-08-10 16:43:48.201199+00:00,detector,alerts_emitted,293.0,normal,f398aa60-da48-45c3-9eb4-8bb4a858c345,,,11.78
2026-08-10 16:43:48.201199+00:00,detector,throughput_eps,25.002124680552434,normal,f398aa60-da48-45c3-9eb4-8bb4a858c345,,,11.78
2026-08-10 16:43:48.202198+00:00,detector,queue_wait_ms,2.0009765625,normal,f398aa60-da48-45c3-9eb4-8bb4a858c345,,,11.78
2026-08-10 16:43:48.202198+00:00,detector,stage_latency_ms,18.942500000775908,normal,f398aa60-da48-45c3-9eb4-8bb4a858c345,,,11.78
2026-08-10 16:43:48.202198+00:00,detector,end_to_end_latency_ms,21.0,normal,f398aa60-da48-45c3-9eb4-8bb4a858c345,,,11.78
2026-08-10 16:43:48.221198+00:00,generator,events_sent,294.0,normal,f398aa60-da48-45c3-9eb4-8bb4a858c345,,,11.8
2026-08-10 16:43:48.222199+00:00,generator,throughput_eps,25.000820026892537,normal,f398aa60-da48-45c3-9eb4-8bb4a858c345,,,11.8
2026-08-10 16:43:48.226198+00:00,orchestrator,throughput_eps,25.00050451018446,normal,f398aa60-da48-45c3-9eb4-8bb4a858c345,,,11.81
2026-08-10 16:43:48.226198+00:00,orchestrator,queue_wait_ms,2.0009765625,normal,f398aa60-da48-45c3-9eb4-8bb4a858c345,,,11.81
2026-08-10 16:43:48.226198+00:00,orchestrator,events_processed,293.0,normal,f398aa60-da48-45c3-9eb4-8bb4a858c345,,,11.81
2026-08-10 16:43:48.227198+00:00,orchestrator,xai_latency_ms,0.0018999999156221747,normal,f398aa60-da48-45c3-9eb4-8bb4a858c345,,deterministic,11.81
2026-08-10 16:43:48.227198+00:00,orchestrator,end_to_end_latency_ms,45.998779296875,normal,f398aa60-da48-45c3-9eb4-8bb4a858c345,,,11.81
2026-08-10 16:43:48.227198+00:00,orchestrator,stage_latency_ms,24.77540000109002,normal,f398aa60-da48-45c3-9eb4-8bb4a858c345,,,11.81
2026-08-10 16:43:48.241198+00:00,detector,events_processed,294.0,normal,f398aa60-da48-45c3-9eb4-8bb4a858c345,,,11.82
2026-08-10 16:43:48.241198+00:00,detector,alerts_emitted,294.0,normal,f398aa60-da48-45c3-9eb4-8bb4a858c345,,,11.82
2026-08-10 16:43:48.241198+00:00,orchestrator,events_received,294.0,normal,f398aa60-da48-45c3-9eb4-8bb4a858c345,,,11.82
2026-08-10 16:43:48.241198+00:00,detector,throughput_eps,25.002563762890244,normal,f398aa60-da48-45c3-9eb4-8bb4a858c345,,,11.82
2026-08-10 16:43:48.242200+00:00,detector,queue_wait_ms,2.001220703125,normal,f398aa60-da48-45c3-9eb4-8bb4a858c345,,,11.82
2026-08-10 16:43:48.242200+00:00,detector,stage_latency_ms,19.155899999532267,normal,f398aa60-da48-45c3-9eb4-8bb4a858c345,,,11.82
2026-08-10 16:43:48.242200+00:00,detector,end_to_end_latency_ms,21.0,normal,f398aa60-da48-45c3-9eb4-8bb4a858c345,,,11.82
2026-08-10 16:43:48.261198+00:00,generator,events_sent,295.0,normal,f398aa60-da48-45c3-9eb4-8bb4a858c345,,,11.84
2026-08-10 16:43:48.262197+00:00,generator,throughput_eps,24.999466241236455,normal,f398aa60-da48-45c3-9eb4-8bb4a858c345,,,11.84
2026-08-10 16:43:48.267198+00:00,orchestrator,xai_latency_ms,0.0017000002117129043,normal,f398aa60-da48-45c3-9eb4-8bb4a858c345,,deterministic,11.85
2026-08-10 16:43:48.267198+00:00,orchestrator,stage_latency_ms,25.20849999928032,normal,f398aa60-da48-45c3-9eb4-8bb4a858c345,,,11.85
2026-08-10 16:43:48.267198+00:00,orchestrator,end_to_end_latency_ms,47.000244140625,normal,f398aa60-da48-45c3-9eb4-8bb4a858c345,,,11.85
2026-08-10 16:43:48.267198+00:00,orchestrator,throughput_eps,25.00215818629215,normal,f398aa60-da48-45c3-9eb4-8bb4a858c345,,,11.85
2026-08-10 16:43:48.267198+00:00,orchestrator,events_processed,294.0,normal,f398aa60-da48-45c3-9eb4-8bb4a858c345,,,11.85
2026-08-10 16:43:48.267198+00:00,orchestrator,queue_wait_ms,1.999755859375,normal,f398aa60-da48-45c3-9eb4-8bb4a858c345,,,11.85
2026-08-10 16:43:48.281197+00:00,detector,events_processed,295.0,normal,f398aa60-da48-45c3-9eb4-8bb4a858c345,,,11.86
2026-08-10 16:43:48.281197+00:00,detector,alerts_emitted,295.0,normal,f398aa60-da48-45c3-9eb4-8bb4a858c345,,,11.86
2026-08-10 16:43:48.282198+00:00,detector,throughput_eps,25.000254502591503,normal,f398aa60-da48-45c3-9eb4-8bb4a858c345,,,11.86
2026-08-10 16:43:48.282198+00:00,detector,queue_wait_ms,1.999755859375,normal,f398aa60-da48-45c3-9eb4-8bb4a858c345,,,11.86
2026-08-10 16:43:48.282198+00:00,detector,stage_latency_ms,19.268000000010943,normal,f398aa60-da48-45c3-9eb4-8bb4a858c345,,,11.86
2026-08-10 16:43:48.282198+00:00,detector,end_to_end_latency_ms,20.999755859375,normal,f398aa60-da48-45c3-9eb4-8bb4a858c345,,,11.86
2026-08-10 16:43:48.302198+00:00,generator,events_sent,296.0,normal,f398aa60-da48-45c3-9eb4-8bb4a858c345,,,11.88
2026-08-10 16:43:48.302198+00:00,generator,throughput_eps,24.997149014681536,normal,f398aa60-da48-45c3-9eb4-8bb4a858c345,,,11.88
2026-08-10 16:43:48.307198+00:00,orchestrator,stage_latency_ms,25.199799998517847,normal,f398aa60-da48-45c3-9eb4-8bb4a858c345,,,11.89
2026-08-10 16:43:48.307198+00:00,orchestrator,events_processed,295.0,normal,f398aa60-da48-45c3-9eb4-8bb4a858c345,,,11.89
2026-08-10 16:43:48.307198+00:00,orchestrator,throughput_eps,24.995360236249976,normal,f398aa60-da48-45c3-9eb4-8bb4a858c345,,,11.89
2026-08-10 16:43:48.307198+00:00,orchestrator,queue_wait_ms,3.0,normal,f398aa60-da48-45c3-9eb4-8bb4a858c345,,,11.89
2026-08-10 16:43:48.308197+00:00,orchestrator,xai_latency_ms,0.0018000009731622413,normal,f398aa60-da48-45c3-9eb4-8bb4a858c345,,deterministic,11.89
2026-08-10 16:43:48.308197+00:00,orchestrator,end_to_end_latency_ms,47.00048828125,normal,f398aa60-da48-45c3-9eb4-8bb4a858c345,,,11.89
2026-08-10 16:43:48.321202+00:00,detector,events_processed,296.0,normal,f398aa60-da48-45c3-9eb4-8bb4a858c345,,,11.9
2026-08-10 16:43:48.321202+00:00,detector,alerts_emitted,296.0,normal,f398aa60-da48-45c3-9eb4-8bb4a858c345,,,11.9
2026-08-10 16:43:48.322199+00:00,detector,throughput_eps,25.000706519961685,normal,f398aa60-da48-45c3-9eb4-8bb4a858c345,,,11.9
2026-08-10 16:43:48.322199+00:00,orchestrator,events_received,296.0,normal,f398aa60-da48-45c3-9eb4-8bb4a858c345,,,11.9
2026-08-10 16:43:48.322199+00:00,detector,queue_wait_ms,2.001708984375,normal,f398aa60-da48-45c3-9eb4-8bb4a858c345,,,11.9
2026-08-10 16:43:48.322199+00:00,detector,stage_latency_ms,18.7753000009252,normal,f398aa60-da48-45c3-9eb4-8bb4a858c345,,,11.9
2026-08-10 16:43:48.322199+00:00,detector,end_to_end_latency_ms,21.0048828125,normal,f398aa60-da48-45c3-9eb4-8bb4a858c345,,,11.9
2026-08-10 16:43:48.342199+00:00,generator,events_sent,297.0,normal,f398aa60-da48-45c3-9eb4-8bb4a858c345,,,11.92
2026-08-10 16:43:48.342199+00:00,generator,throughput_eps,24.99861348415828,normal,f398aa60-da48-45c3-9eb4-8bb4a858c345,,,11.92
2026-08-10 16:43:48.346197+00:00,orchestrator,events_processed,296.0,normal,f398aa60-da48-45c3-9eb4-8bb4a858c345,,,11.93
2026-08-10 16:43:48.346197+00:00,orchestrator,throughput_eps,25.00285818963584,normal,f398aa60-da48-45c3-9eb4-8bb4a858c345,,,11.93
2026-08-10 16:43:48.347197+00:00,orchestrator,xai_latency_ms,0.0017000002117129043,normal,f398aa60-da48-45c3-9eb4-8bb4a858c345,,deterministic,11.93
2026-08-10 16:43:48.347197+00:00,orchestrator,end_to_end_latency_ms,46.00048828125,normal,f398aa60-da48-45c3-9eb4-8bb4a858c345,,,11.93
2026-08-10 16:43:48.347197+00:00,orchestrator,queue_wait_ms,3.002197265625,normal,f398aa60-da48-45c3-9eb4-8bb4a858c345,,,11.93
2026-08-10 16:43:48.347197+00:00,orchestrator,stage_latency_ms,24.59420000013779,normal,f398aa60-da48-45c3-9eb4-8bb4a858c345,,,11.93
2026-08-10 16:43:48.362197+00:00,detector,events_processed,297.0,normal,f398aa60-da48-45c3-9eb4-8bb4a858c345,,,11.94
2026-08-10 16:43:48.362197+00:00,orchestrator,events_received,297.0,normal,f398aa60-da48-45c3-9eb4-8bb4a858c345,,,11.94
2026-08-10 16:43:48.362197+00:00,detector,alerts_emitted,297.0,normal,f398aa60-da48-45c3-9eb4-8bb4a858c345,,,11.94
2026-08-10 16:43:48.363197+00:00,detector,throughput_eps,24.996666271225457,normal,f398aa60-da48-45c3-9eb4-8bb4a858c345,,,11.94
2026-08-10 16:43:48.363197+00:00,detector,queue_wait_ms,2.001708984375,normal,f398aa60-da48-45c3-9eb4-8bb4a858c345,,,11.94
2026-08-10 16:43:48.363197+00:00,detector,stage_latency_ms,19.606099998782156,normal,f398aa60-da48-45c3-9eb4-8bb4a858c345,,,11.94
2026-08-10 16:43:48.363197+00:00,detector,end_to_end_latency_ms,22.000244140625,normal,f398aa60-da48-45c3-9eb4-8bb4a858c345,,,11.94
2026-08-10 16:43:48.382197+00:00,generator,events_sent,298.0,normal,f398aa60-da48-45c3-9eb4-8bb4a858c345,,,11.96
2026-08-10 16:43:48.382197+00:00,generator,throughput_eps,24.997680658742393,normal,f398aa60-da48-45c3-9eb4-8bb4a858c345,,,11.96
2026-08-10 16:43:48.386197+00:00,orchestrator,events_processed,297.0,normal,f398aa60-da48-45c3-9eb4-8bb4a858c345,,,11.97
2026-08-10 16:43:48.386197+00:00,orchestrator,throughput_eps,25.00313139217868,normal,f398aa60-da48-45c3-9eb4-8bb4a858c345,,,11.97
2026-08-10 16:43:48.387197+00:00,orchestrator,end_to_end_latency_ms,46.00048828125,normal,f398aa60-da48-45c3-9eb4-8bb4a858c345,,,11.97
2026-08-10 16:43:48.387197+00:00,orchestrator,xai_latency_ms,0.0018999999156221747,normal,f398aa60-da48-45c3-9eb4-8bb4a858c345,,deterministic,11.97
2026-08-10 16:43:48.387197+00:00,orchestrator,stage_latency_ms,24.3133999993006,normal,f398aa60-da48-45c3-9eb4-8bb4a858c345,,,11.97
2026-08-10 16:43:48.387197+00:00,orchestrator,queue_wait_ms,3.000244140625,normal,f398aa60-da48-45c3-9eb4-8bb4a858c345,,,11.97
2026-08-10 16:43:48.401197+00:00,detector,events_processed,298.0,normal,f398aa60-da48-45c3-9eb4-8bb4a858c345,,,11.98
2026-08-10 16:43:48.402198+00:00,detector,alerts_emitted,298.0,normal,f398aa60-da48-45c3-9eb4-8bb4a858c345,,,11.98
2026-08-10 16:43:48.402198+00:00,detector,throughput_eps,24.993877004042226,normal,f398aa60-da48-45c3-9eb4-8bb4a858c345,,,11.98
2026-08-10 16:43:48.402198+00:00,orchestrator,events_received,298.0,normal,f398aa60-da48-45c3-9eb4-8bb4a858c345,,,11.98
2026-08-10 16:43:48.402198+00:00,detector,queue_wait_ms,1.999755859375,normal,f398aa60-da48-45c3-9eb4-8bb4a858c345,,,11.98
2026-08-10 16:43:48.402198+00:00,detector,stage_latency_ms,19.192899999325164,normal,f398aa60-da48-45c3-9eb4-8bb4a858c345,,,11.98
2026-08-10 16:43:48.402198+00:00,detector,end_to_end_latency_ms,20.99951171875,normal,f398aa60-da48-45c3-9eb4-8bb4a858c345,,,11.98
2026-08-10 16:43:48.422199+00:00,generator,events_sent,299.0,normal,f398aa60-da48-45c3-9eb4-8bb4a858c345,,,12.0
2026-08-10 16:43:48.422199+00:00,generator,throughput_eps,25.001839349027843,normal,f398aa60-da48-45c3-9eb4-8bb4a858c345,,,12.0
2026-08-10 16:43:48.427196+00:00,orchestrator,queue_wait_ms,3.001220703125,normal,f398aa60-da48-45c3-9eb4-8bb4a858c345,,,12.01
2026-08-10 16:43:48.427196+00:00,orchestrator,stage_latency_ms,24.625000000014552,normal,f398aa60-da48-45c3-9eb4-8bb4a858c345,,,12.01
2026-08-10 16:43:48.427196+00:00,orchestrator,events_processed,298.0,normal,f398aa60-da48-45c3-9eb4-8bb4a858c345,,,12.01
2026-08-10 16:43:48.427196+00:00,orchestrator,throughput_eps,24.997313292797866,normal,f398aa60-da48-45c3-9eb4-8bb4a858c345,,,12.01
2026-08-10 16:43:48.428197+00:00,orchestrator,end_to_end_latency_ms,46.998046875,normal,f398aa60-da48-45c3-9eb4-8bb4a858c345,,,12.01
2026-08-10 16:43:48.428197+00:00,orchestrator,xai_latency_ms,0.0017999991541728377,normal,f398aa60-da48-45c3-9eb4-8bb4a858c345,,deterministic,12.01
2026-08-10 16:43:48.441197+00:00,detector,events_processed,299.0,normal,f398aa60-da48-45c3-9eb4-8bb4a858c345,,,12.02
2026-08-10 16:43:48.442196+00:00,detector,alerts_emitted,299.0,normal,f398aa60-da48-45c3-9eb4-8bb4a858c345,,,12.02
2026-08-10 16:43:48.442196+00:00,detector,throughput_eps,25.005234966936506,normal,f398aa60-da48-45c3-9eb4-8bb4a858c345,,,12.02
2026-08-10 16:43:48.442196+00:00,detector,queue_wait_ms,2.000732421875,normal,f398aa60-da48-45c3-9eb4-8bb4a858c345,,,12.02
2026-08-10 16:43:48.442196+00:00,detector,stage_latency_ms,19.17669999966165,normal,f398aa60-da48-45c3-9eb4-8bb4a858c345,,,12.02
2026-08-10 16:43:48.442196+00:00,detector,end_to_end_latency_ms,20.9990234375,normal,f398aa60-da48-45c3-9eb4-8bb4a858c345,,,12.02
2026-08-10 16:43:48.462197+00:00,generator,events_sent,300.0,normal,f398aa60-da48-45c3-9eb4-8bb4a858c345,,,12.04
2026-08-10 16:43:48.462197+00:00,generator,throughput_eps,25.000696019374512,normal,f398aa60-da48-45c3-9eb4-8bb4a858c345,,,12.04
2026-08-10 16:43:48.467197+00:00,orchestrator,queue_wait_ms,2.96875,normal,f398aa60-da48-45c3-9eb4-8bb4a858c345,,,12.05
2026-08-10 16:43:48.467197+00:00,orchestrator,events_processed,299.0,normal,f398aa60-da48-45c3-9eb4-8bb4a858c345,,,12.05
2026-08-10 16:43:48.467197+00:00,orchestrator,throughput_eps,25.0043697152559,normal,f398aa60-da48-45c3-9eb4-8bb4a858c345,,,12.05
2026-08-10 16:43:48.468197+00:00,orchestrator,xai_latency_ms,0.0017000002117129043,normal,f398aa60-da48-45c3-9eb4-8bb4a858c345,,deterministic,12.05
2026-08-10 16:43:48.468197+00:00,orchestrator,stage_latency_ms,25.286900001447066,normal,f398aa60-da48-45c3-9eb4-8bb4a858c345,,,12.05
2026-08-10 16:43:48.468197+00:00,orchestrator,end_to_end_latency_ms,46.998779296875,normal,f398aa60-da48-45c3-9eb4-8bb4a858c345,,,12.05
2026-08-10 16:43:48.481198+00:00,detector,events_processed,300.0,normal,f398aa60-da48-45c3-9eb4-8bb4a858c345,,,12.06
2026-08-10 16:43:48.482197+00:00,detector,alerts_emitted,300.0,normal,f398aa60-da48-45c3-9eb4-8bb4a858c345,,,12.06
2026-08-10 16:43:48.482197+00:00,orchestrator,events_received,300.0,normal,f398aa60-da48-45c3-9eb4-8bb4a858c345,,,12.06
2026-08-10 16:43:48.482197+00:00,detector,throughput_eps,25.00448980619225,normal,f398aa60-da48-45c3-9eb4-8bb4a858c345,,,12.06
2026-08-10 16:43:48.482197+00:00,detector,queue_wait_ms,1.97021484375,normal,f398aa60-da48-45c3-9eb4-8bb4a858c345,,,12.06
2026-08-10 16:43:48.483197+00:00,detector,stage_latency_ms,19.15960000042105,normal,f398aa60-da48-45c3-9eb4-8bb4a858c345,,,12.06
2026-08-10 16:43:48.483197+00:00,detector,end_to_end_latency_ms,20.970458984375,normal,f398aa60-da48-45c3-9eb4-8bb4a858c345,,,12.06
2026-08-10 16:43:48.501709+00:00,generator,events_sent,301.0,normal,f398aa60-da48-45c3-9eb4-8bb4a858c345,,,12.08
2026-08-10 16:43:48.502708+00:00,generator,throughput_eps,25.00164560831075,normal,f398aa60-da48-45c3-9eb4-8bb4a858c345,,,12.08
2026-08-10 16:43:48.507215+00:00,orchestrator,events_processed,300.0,normal,f398aa60-da48-45c3-9eb4-8bb4a858c345,,,12.09
2026-08-10 16:43:48.508215+00:00,orchestrator,stage_latency_ms,25.18670000063139,normal,f398aa60-da48-45c3-9eb4-8bb4a858c345,,,12.09
2026-08-10 16:43:48.508215+00:00,orchestrator,xai_latency_ms,0.0020000006770715117,normal,f398aa60-da48-45c3-9eb4-8bb4a858c345,,deterministic,12.09
2026-08-10 16:43:48.508215+00:00,orchestrator,end_to_end_latency_ms,46.988037109375,normal,f398aa60-da48-45c3-9eb4-8bb4a858c345,,,12.09
2026-08-10 16:43:48.508215+00:00,orchestrator,queue_wait_ms,3.000732421875,normal,f398aa60-da48-45c3-9eb4-8bb4a858c345,,,12.09
2026-08-10 16:43:48.508215+00:00,orchestrator,throughput_eps,25.003249422296154,normal,f398aa60-da48-45c3-9eb4-8bb4a858c345,,,12.09
2026-08-10 16:43:48.522215+00:00,detector,events_processed,301.0,normal,f398aa60-da48-45c3-9eb4-8bb4a858c345,,,12.1
2026-08-10 16:43:48.522215+00:00,detector,alerts_emitted,301.0,normal,f398aa60-da48-45c3-9eb4-8bb4a858c345,,,12.1
2026-08-10 16:43:48.522215+00:00,detector,throughput_eps,25.00097836489936,normal,f398aa60-da48-45c3-9eb4-8bb4a858c345,,,12.1
2026-08-10 16:43:48.522215+00:00,orchestrator,events_received,301.0,normal,f398aa60-da48-45c3-9eb4-8bb4a858c345,,,12.1
2026-08-10 16:43:48.522215+00:00,detector,queue_wait_ms,2.511962890625,normal,f398aa60-da48-45c3-9eb4-8bb4a858c345,,,12.1
2026-08-10 16:43:48.523216+00:00,detector,stage_latency_ms,19.37530000031984,normal,f398aa60-da48-45c3-9eb4-8bb4a858c345,,,12.1
2026-08-10 16:43:48.523216+00:00,detector,end_to_end_latency_ms,22.018798828125,normal,f398aa60-da48-45c3-9eb4-8bb4a858c345,,,12.1
2026-08-10 16:43:48.542216+00:00,generator,events_sent,302.0,normal,f398aa60-da48-45c3-9eb4-8bb4a858c345,,,12.12
2026-08-10 16:43:48.542216+00:00,generator,throughput_eps,25.000609014834406,normal,f398aa60-da48-45c3-9eb4-8bb4a858c345,,,12.12
2026-08-10 16:43:48.547216+00:00,orchestrator,end_to_end_latency_ms,47.019775390625,normal,f398aa60-da48-45c3-9eb4-8bb4a858c345,,,12.13
2026-08-10 16:43:48.547216+00:00,orchestrator,queue_wait_ms,3.000732421875,normal,f398aa60-da48-45c3-9eb4-8bb4a858c345,,,12.13
2026-08-10 16:43:48.547216+00:00,orchestrator,stage_latency_ms,24.633799999719486,normal,f398aa60-da48-45c3-9eb4-8bb4a858c345,,,12.13
2026-08-10 16:43:48.547216+00:00,orchestrator,throughput_eps,25.00055101213803,normal,f398aa60-da48-45c3-9eb4-8bb4a858c345,,,12.13
2026-08-10 16:43:48.547216+00:00,orchestrator,events_processed,301.0,normal,f398aa60-da48-45c3-9eb4-8bb4a858c345,,,12.13
2026-08-10 16:43:48.548216+00:00,orchestrator,xai_latency_ms,0.0019000017346115783,normal,f398aa60-da48-45c3-9eb4-8bb4a858c345,,deterministic,12.13
2026-08-10 16:43:48.561216+00:00,detector,events_processed,302.0,normal,f398aa60-da48-45c3-9eb4-8bb4a858c345,,,12.14
2026-08-10 16:43:48.562217+00:00,detector,alerts_emitted,302.0,normal,f398aa60-da48-45c3-9eb4-8bb4a858c345,,,12.14
2026-08-10 16:43:48.562217+00:00,orchestrator,events_received,302.0,normal,f398aa60-da48-45c3-9eb4-8bb4a858c345,,,12.14
2026-08-10 16:43:48.562217+00:00,detector,throughput_eps,25.00286982939365,normal,f398aa60-da48-45c3-9eb4-8bb4a858c345,,,12.14
2026-08-10 16:43:48.562217+00:00,detector,queue_wait_ms,1.99951171875,normal,f398aa60-da48-45c3-9eb4-8bb4a858c345,,,12.14
2026-08-10 16:43:48.562217+00:00,detector,stage_latency_ms,19.07019999998738,normal,f398aa60-da48-45c3-9eb4-8bb4a858c345,,,12.14
2026-08-10 16:43:48.562217+00:00,detector,end_to_end_latency_ms,20.99853515625,normal,f398aa60-da48-45c3-9eb4-8bb4a858c345,,,12.14
2026-08-10 16:43:48.582214+00:00,generator,events_sent,303.0,normal,f398aa60-da48-45c3-9eb4-8bb4a858c345,,,12.16
2026-08-10 16:43:48.582214+00:00,generator,throughput_eps,25.000633016036712,normal,f398aa60-da48-45c3-9eb4-8bb4a858c345,,,12.16
2026-08-10 16:43:48.587217+00:00,orchestrator,xai_latency_ms,0.0020000006770715117,normal,f398aa60-da48-45c3-9eb4-8bb4a858c345,,deterministic,12.17
2026-08-10 16:43:48.587217+00:00,orchestrator,end_to_end_latency_ms,47.0,normal,f398aa60-da48-45c3-9eb4-8bb4a858c345,,,12.17
2026-08-10 16:43:48.587217+00:00,orchestrator,stage_latency_ms,24.848600000041188,normal,f398aa60-da48-45c3-9eb4-8bb4a858c345,,,12.17
2026-08-10 16:43:48.587217+00:00,orchestrator,queue_wait_ms,2.9990234375,normal,f398aa60-da48-45c3-9eb4-8bb4a858c345,,,12.17
2026-08-10 16:43:48.587217+00:00,orchestrator,throughput_eps,25.000474509008566,normal,f398aa60-da48-45c3-9eb4-8bb4a858c345,,,12.17
2026-08-10 16:43:48.587217+00:00,orchestrator,events_processed,302.0,normal,f398aa60-da48-45c3-9eb4-8bb4a858c345,,,12.17
2026-08-10 16:43:48.602215+00:00,detector,events_processed,303.0,normal,f398aa60-da48-45c3-9eb4-8bb4a858c345,,,12.18
2026-08-10 16:43:48.602215+00:00,detector,alerts_emitted,303.0,normal,f398aa60-da48-45c3-9eb4-8bb4a858c345,,,12.18
2026-08-10 16:43:48.603214+00:00,orchestrator,events_received,303.0,normal,f398aa60-da48-45c3-9eb4-8bb4a858c345,,,12.18
2026-08-10 16:43:48.603214+00:00,detector,throughput_eps,24.994967747019803,normal,f398aa60-da48-45c3-9eb4-8bb4a858c345,,,12.18
2026-08-10 16:43:48.603214+00:00,detector,queue_wait_ms,1.997314453125,normal,f398aa60-da48-45c3-9eb4-8bb4a858c345,,,12.18
2026-08-10 16:43:48.603214+00:00,detector,stage_latency_ms,19.777600000452367,normal,f398aa60-da48-45c3-9eb4-8bb4a858c345,,,12.18
2026-08-10 16:43:48.603214+00:00,detector,end_to_end_latency_ms,21.998046875,normal,f398aa60-da48-45c3-9eb4-8bb4a858c345,,,12.18
2026-08-10 16:43:48.622216+00:00,generator,events_sent,304.0,normal,f398aa60-da48-45c3-9eb4-8bb4a858c345,,,12.2
2026-08-10 16:43:48.622216+00:00,generator,throughput_eps,25.002023163711687,normal,f398aa60-da48-45c3-9eb4-8bb4a858c345,,,12.2
2026-08-10 16:43:48.628227+00:00,orchestrator,queue_wait_ms,2.99755859375,normal,f398aa60-da48-45c3-9eb4-8bb4a858c345,,,12.21
2026-08-10 16:43:48.628227+00:00,orchestrator,throughput_eps,25.24817389551989,normal,f398aa60-da48-45c3-9eb4-8bb4a858c345,,,12.21
2026-08-10 16:43:48.628227+00:00,orchestrator,events_processed,303.0,normal,f398aa60-da48-45c3-9eb4-8bb4a858c345,,,12.21
2026-08-10 16:43:48.629228+00:00,orchestrator,stage_latency_ms,25.258699999540113,normal,f398aa60-da48-45c3-9eb4-8bb4a858c345,,,12.21
2026-08-10 16:43:48.629228+00:00,orchestrator,end_to_end_latency_ms,48.0107421875,normal,f398aa60-da48-45c3-9eb4-8bb4a858c345,,,12.21
2026-08-10 16:43:48.629228+00:00,orchestrator,xai_latency_ms,0.002099999619531445,normal,f398aa60-da48-45c3-9eb4-8bb4a858c345,,deterministic,12.21
2026-08-10 16:43:48.642228+00:00,detector,events_processed,304.0,normal,f398aa60-da48-45c3-9eb4-8bb4a858c345,,,12.22
2026-08-10 16:43:48.642228+00:00,detector,alerts_emitted,304.0,normal,f398aa60-da48-45c3-9eb4-8bb4a858c345,,,12.22
2026-08-10 16:43:48.642228+00:00,orchestrator,events_received,304.0,normal,f398aa60-da48-45c3-9eb4-8bb4a858c345,,,12.22
2026-08-10 16:43:48.642228+00:00,detector,throughput_eps,25.005276314954838,normal,f398aa60-da48-45c3-9eb4-8bb4a858c345,,,12.22
2026-08-10 16:43:48.642228+00:00,detector,queue_wait_ms,2.00048828125,normal,f398aa60-da48-45c3-9eb4-8bb4a858c345,,,12.22
2026-08-10 16:43:48.643227+00:00,detector,stage_latency_ms,19.6605000001,normal,f398aa60-da48-45c3-9eb4-8bb4a858c345,,,12.22
2026-08-10 16:43:48.643227+00:00,detector,end_to_end_latency_ms,22.01220703125,normal,f398aa60-da48-45c3-9eb4-8bb4a858c345,,,12.22
2026-08-10 16:43:48.662226+00:00,generator,events_sent,305.0,normal,f398aa60-da48-45c3-9eb4-8bb4a858c345,,,12.24
2026-08-10 16:43:48.662226+00:00,generator,throughput_eps,25.001342572095858,normal,f398aa60-da48-45c3-9eb4-8bb4a858c345,,,12.24
2026-08-10 16:43:48.667228+00:00,orchestrator,queue_wait_ms,3.001953125,normal,f398aa60-da48-45c3-9eb4-8bb4a858c345,,,12.25
2026-08-10 16:43:48.667228+00:00,orchestrator,events_processed,304.0,normal,f398aa60-da48-45c3-9eb4-8bb4a858c345,,,12.25
2026-08-10 16:43:48.667228+00:00,orchestrator,throughput_eps,25.2513891019594,normal,f398aa60-da48-45c3-9eb4-8bb4a858c345,,,12.25
2026-08-10 16:43:48.668226+00:00,orchestrator,stage_latency_ms,24.800499999400927,normal,f398aa60-da48-45c3-9eb4-8bb4a858c345,,,12.25
2026-08-10 16:43:48.668226+00:00,orchestrator,end_to_end_latency_ms,47.012451171875,normal,f398aa60-da48-45c3-9eb4-8bb4a858c345,,,12.25
2026-08-10 16:43:48.668226+00:00,orchestrator,xai_latency_ms,0.0015999994502635673,normal,f398aa60-da48-45c3-9eb4-8bb4a858c345,,deterministic,12.25
2026-08-10 16:43:48.681229+00:00,detector,events_processed,305.0,normal,f398aa60-da48-45c3-9eb4-8bb4a858c345,,,12.26
2026-08-10 16:43:48.682226+00:00,detector,stage_latency_ms,19.137699999191682,normal,f398aa60-da48-45c3-9eb4-8bb4a858c345,,,12.26
2026-08-10 16:43:48.682226+00:00,orchestrator,events_received,305.0,normal,f398aa60-da48-45c3-9eb4-8bb4a858c345,,,12.26
2026-08-10 16:43:48.682226+00:00,detector,alerts_emitted,305.0,normal,f398aa60-da48-45c3-9eb4-8bb4a858c345,,,12.26
2026-08-10 16:43:48.682226+00:00,detector,throughput_eps,25.007076002230242,normal,f398aa60-da48-45c3-9eb4-8bb4a858c345,,,12.26
2026-08-10 16:43:48.682226+00:00,detector,queue_wait_ms,1.998291015625,normal,f398aa60-da48-45c3-9eb4-8bb4a858c345,,,12.26
2026-08-10 16:43:48.683229+00:00,detector,end_to_end_latency_ms,21.0009765625,normal,f398aa60-da48-45c3-9eb4-8bb4a858c345,,,12.26
2026-08-10 16:43:48.702227+00:00,generator,throughput_eps,24.996102926124617,normal,f398aa60-da48-45c3-9eb4-8bb4a858c345,,,12.28
2026-08-10 16:43:48.702227+00:00,generator,events_sent,306.0,normal,f398aa60-da48-45c3-9eb4-8bb4a858c345,,,12.28
2026-08-10 16:43:48.707227+00:00,orchestrator,queue_wait_ms,2.998291015625,normal,f398aa60-da48-45c3-9eb4-8bb4a858c345,,,12.29
2026-08-10 16:43:48.707227+00:00,orchestrator,throughput_eps,25.146904190777693,normal,f398aa60-da48-45c3-9eb4-8bb4a858c345,,,12.29
2026-08-10 16:43:48.707227+00:00,orchestrator,events_processed,305.0,normal,f398aa60-da48-45c3-9eb4-8bb4a858c345,,,12.29
2026-08-10 16:43:48.708228+00:00,orchestrator,stage_latency_ms,25.13139999973646,normal,f398aa60-da48-45c3-9eb4-8bb4a858c345,,,12.29
2026-08-10 16:43:48.708228+00:00,orchestrator,end_to_end_latency_ms,46.9990234375,normal,f398aa60-da48-45c3-9eb4-8bb4a858c345,,,12.29
2026-08-10 16:43:48.708228+00:00,orchestrator,xai_latency_ms,0.0018000009731622413,normal,f398aa60-da48-45c3-9eb4-8bb4a858c345,,deterministic,12.29
2026-08-10 16:43:48.722228+00:00,detector,events_processed,306.0,normal,f398aa60-da48-45c3-9eb4-8bb4a858c345,,,12.3
2026-08-10 16:43:48.722228+00:00,detector,alerts_emitted,306.0,normal,f398aa60-da48-45c3-9eb4-8bb4a858c345,,,12.3
2026-08-10 16:43:48.722228+00:00,orchestrator,events_received,306.0,normal,f398aa60-da48-45c3-9eb4-8bb4a858c345,,,12.3
2026-08-10 16:43:48.722228+00:00,detector,throughput_eps,24.99521261048492,normal,f398aa60-da48-45c3-9eb4-8bb4a858c345,,,12.3
2026-08-10 16:43:48.723229+00:00,detector,queue_wait_ms,2.002197265625,normal,f398aa60-da48-45c3-9eb4-8bb4a858c345,,,12.3
2026-08-10 16:43:48.723229+00:00,detector,stage_latency_ms,19.64099999895552,normal,f398aa60-da48-45c3-9eb4-8bb4a858c345,,,12.3
2026-08-10 16:43:48.723229+00:00,detector,end_to_end_latency_ms,22.003173828125,normal,f398aa60-da48-45c3-9eb4-8bb4a858c345,,,12.3
2026-08-10 16:43:48.742227+00:00,generator,events_sent,307.0,normal,f398aa60-da48-45c3-9eb4-8bb4a858c345,,,12.32
2026-08-10 16:43:48.743227+00:00,generator,throughput_eps,24.997265420118424,normal,f398aa60-da48-45c3-9eb4-8bb4a858c345,,,12.32
2026-08-10 16:43:48.746227+00:00,orchestrator,queue_wait_ms,3.001220703125,normal,f398aa60-da48-45c3-9eb4-8bb4a858c345,,,12.33
2026-08-10 16:43:48.746227+00:00,orchestrator,throughput_eps,25.09683362285474,normal,f398aa60-da48-45c3-9eb4-8bb4a858c345,,,12.33
2026-08-10 16:43:48.746227+00:00,orchestrator,events_processed,306.0,normal,f398aa60-da48-45c3-9eb4-8bb4a858c345,,,12.33
2026-08-10 16:43:48.747225+00:00,orchestrator,stage_latency_ms,24.028400001043337,normal,f398aa60-da48-45c3-9eb4-8bb4a858c345,,,12.33
2026-08-10 16:43:48.747225+00:00,orchestrator,end_to_end_latency_ms,46.001953125,normal,f398aa60-da48-45c3-9eb4-8bb4a858c345,,,12.33
2026-08-10 16:43:48.747225+00:00,orchestrator,xai_latency_ms,0.0018999999156221747,normal,f398aa60-da48-45c3-9eb4-8bb4a858c345,,deterministic,12.33
2026-08-10 16:43:48.762225+00:00,detector,events_processed,307.0,normal,f398aa60-da48-45c3-9eb4-8bb4a858c345,,,12.34
2026-08-10 16:43:48.762225+00:00,detector,alerts_emitted,307.0,normal,f398aa60-da48-45c3-9eb4-8bb4a858c345,,,12.34
2026-08-10 16:43:48.762225+00:00,orchestrator,events_received,307.0,normal,f398aa60-da48-45c3-9eb4-8bb4a858c345,,,12.34
2026-08-10 16:43:48.763228+00:00,detector,queue_wait_ms,2.00048828125,normal,f398aa60-da48-45c3-9eb4-8bb4a858c345,,,12.34
2026-08-10 16:43:48.763228+00:00,detector,stage_latency_ms,19.419700000071316,normal,f398aa60-da48-45c3-9eb4-8bb4a858c345,,,12.34
2026-08-10 16:43:48.763228+00:00,detector,end_to_end_latency_ms,21.998779296875,normal,f398aa60-da48-45c3-9eb4-8bb4a858c345,,,12.34
2026-08-10 16:43:48.782224+00:00,generator,events_sent,308.0,normal,f398aa60-da48-45c3-9eb4-8bb4a858c345,,,12.36
2026-08-10 16:43:48.782224+00:00,generator,throughput_eps,24.998420462702953,normal,f398aa60-da48-45c3-9eb4-8bb4a858c345,,,12.36
2026-08-10 16:43:48.788235+00:00,orchestrator,stage_latency_ms,25.639999999839347,normal,f398aa60-da48-45c3-9eb4-8bb4a858c345,,,12.37
2026-08-10 16:43:48.788235+00:00,orchestrator,queue_wait_ms,3.0,normal,f398aa60-da48-45c3-9eb4-8bb4a858c345,,,12.37
2026-08-10 16:43:48.788235+00:00,orchestrator,throughput_eps,25.033336393406625,normal,f398aa60-da48-45c3-9eb4-8bb4a858c345,,,12.37
2026-08-10 16:43:48.788235+00:00,orchestrator,events_processed,307.0,normal,f398aa60-da48-45c3-9eb4-8bb4a858c345,,,12.37
2026-08-10 16:43:48.789235+00:00,orchestrator,end_to_end_latency_ms,48.00830078125,normal,f398aa60-da48-45c3-9eb4-8bb4a858c345,,,12.37
2026-08-10 16:43:48.789235+00:00,orchestrator,xai_latency_ms,0.001999998858082108,normal,f398aa60-da48-45c3-9eb4-8bb4a858c345,,deterministic,12.37
2026-08-10 16:43:48.801234+00:00,detector,events_processed,308.0,normal,f398aa60-da48-45c3-9eb4-8bb4a858c345,,,12.38
2026-08-10 16:43:48.802236+00:00,detector,alerts_emitted,308.0,normal,f398aa60-da48-45c3-9eb4-8bb4a858c345,,,12.38
2026-08-10 16:43:48.802236+00:00,orchestrator,events_received,308.0,normal,f398aa60-da48-45c3-9eb4-8bb4a858c345,,,12.38
2026-08-10 16:43:48.802236+00:00,detector,throughput_eps,24.998217868977495,normal,f398aa60-da48-45c3-9eb4-8bb4a858c345,,,12.38
2026-08-10 16:43:48.802236+00:00,detector,queue_wait_ms,1.99755859375,normal,f398aa60-da48-45c3-9eb4-8bb4a858c345,,,12.38
2026-08-10 16:43:48.802236+00:00,detector,stage_latency_ms,18.98310000069614,normal,f398aa60-da48-45c3-9eb4-8bb4a858c345,,,12.38
2026-08-10 16:43:48.802236+00:00,detector,end_to_end_latency_ms,21.00732421875,normal,f398aa60-da48-45c3-9eb4-8bb4a858c345,,,12.38
2026-08-10 16:43:48.822236+00:00,generator,events_sent,309.0,normal,f398aa60-da48-45c3-9eb4-8bb4a858c345,,,12.4
2026-08-10 16:43:48.822236+00:00,generator,throughput_eps,24.995281636654166,normal,f398aa60-da48-45c3-9eb4-8bb4a858c345,,,12.4
2026-08-10 16:43:48.826236+00:00,orchestrator,events_processed,308.0,normal,f398aa60-da48-45c3-9eb4-8bb4a858c345,,,12.41
2026-08-10 16:43:48.827237+00:00,orchestrator,xai_latency_ms,0.0018999999156221747,normal,f398aa60-da48-45c3-9eb4-8bb4a858c345,,deterministic,12.41
2026-08-10 16:43:48.827237+00:00,orchestrator,end_to_end_latency_ms,46.010009765625,normal,f398aa60-da48-45c3-9eb4-8bb4a858c345,,,12.41
2026-08-10 16:43:48.827237+00:00,orchestrator,throughput_eps,25.000736021670257,normal,f398aa60-da48-45c3-9eb4-8bb4a858c345,,,12.41
2026-08-10 16:43:48.827237+00:00,orchestrator,queue_wait_ms,3.00146484375,normal,f398aa60-da48-45c3-9eb4-8bb4a858c345,,,12.41
2026-08-10 16:43:48.827237+00:00,orchestrator,stage_latency_ms,24.785699999483768,normal,f398aa60-da48-45c3-9eb4-8bb4a858c345,,,12.41
2026-08-10 16:43:48.841234+00:00,detector,events_processed,309.0,normal,f398aa60-da48-45c3-9eb4-8bb4a858c345,,,12.42
2026-08-10 16:43:48.841234+00:00,detector,alerts_emitted,309.0,normal,f398aa60-da48-45c3-9eb4-8bb4a858c345,,,12.42
2026-08-10 16:43:48.841234+00:00,detector,throughput_eps,25.001928576184916,normal,f398aa60-da48-45c3-9eb4-8bb4a858c345,,,12.42
2026-08-10 16:43:48.841234+00:00,orchestrator,events_received,309.0,normal,f398aa60-da48-45c3-9eb4-8bb4a858c345,,,12.42
2026-08-10 16:43:48.842235+00:00,detector,queue_wait_ms,1.999267578125,normal,f398aa60-da48-45c3-9eb4-8bb4a858c345,,,12.42
2026-08-10 16:43:48.842235+00:00,detector,stage_latency_ms,18.494099998861202,normal,f398aa60-da48-45c3-9eb4-8bb4a858c345,,,12.42
2026-08-10 16:43:48.842235+00:00,detector,end_to_end_latency_ms,20.996826171875,normal,f398aa60-da48-45c3-9eb4-8bb4a858c345,,,12.42
2026-08-10 16:43:48.862234+00:00,generator,throughput_eps,24.99548569433368,normal,f398aa60-da48-45c3-9eb4-8bb4a858c345,,,12.44
2026-08-10 16:43:48.862234+00:00,generator,events_sent,310.0,normal,f398aa60-da48-45c3-9eb4-8bb4a858c345,,,12.44
2026-08-10 16:43:48.866234+00:00,orchestrator,throughput_eps,25.003535782263274,normal,f398aa60-da48-45c3-9eb4-8bb4a858c345,,,12.45
2026-08-10 16:43:48.866234+00:00,orchestrator,events_processed,309.0,normal,f398aa60-da48-45c3-9eb4-8bb4a858c345,,,12.45
2026-08-10 16:43:48.867234+00:00,orchestrator,queue_wait_ms,1.968994140625,normal,f398aa60-da48-45c3-9eb4-8bb4a858c345,,,12.45
2026-08-10 16:43:48.867234+00:00,orchestrator,stage_latency_ms,24.956199998996453,normal,f398aa60-da48-45c3-9eb4-8bb4a858c345,,,12.45
2026-08-10 16:43:48.867234+00:00,orchestrator,end_to_end_latency_ms,45.997314453125,normal,f398aa60-da48-45c3-9eb4-8bb4a858c345,,,12.45
2026-08-10 16:43:48.867234+00:00,orchestrator,xai_latency_ms,0.0015999994502635673,normal,f398aa60-da48-45c3-9eb4-8bb4a858c345,,deterministic,12.45
2026-08-10 16:43:48.882237+00:00,detector,events_processed,310.0,normal,f398aa60-da48-45c3-9eb4-8bb4a858c345,,,12.46
2026-08-10 16:43:48.882237+00:00,detector,alerts_emitted,310.0,normal,f398aa60-da48-45c3-9eb4-8bb4a858c345,,,12.46
2026-08-10 16:43:48.882237+00:00,detector,throughput_eps,24.99656146091304,normal,f398aa60-da48-45c3-9eb4-8bb4a858c345,,,12.46
2026-08-10 16:43:48.883236+00:00,detector,queue_wait_ms,2.00048828125,normal,f398aa60-da48-45c3-9eb4-8bb4a858c345,,,12.46
2026-08-10 16:43:48.883236+00:00,detector,stage_latency_ms,19.34590000018943,normal,f398aa60-da48-45c3-9eb4-8bb4a858c345,,,12.46
2026-08-10 16:43:48.883236+00:00,detector,end_to_end_latency_ms,22.003173828125,normal,f398aa60-da48-45c3-9eb4-8bb4a858c345,,,12.46
2026-08-10 16:43:48.902236+00:00,generator,events_sent,311.0,normal,f398aa60-da48-45c3-9eb4-8bb4a858c345,,,12.48
2026-08-10 16:43:48.902236+00:00,generator,throughput_eps,24.999805949089772,normal,f398aa60-da48-45c3-9eb4-8bb4a858c345,,,12.48
2026-08-10 16:43:48.906236+00:00,orchestrator,throughput_eps,25.004104173663997,normal,f398aa60-da48-45c3-9eb4-8bb4a858c345,,,12.49
2026-08-10 16:43:48.906236+00:00,orchestrator,events_processed,310.0,normal,f398aa60-da48-45c3-9eb4-8bb4a858c345,,,12.49
2026-08-10 16:43:48.907236+00:00,orchestrator,queue_wait_ms,3.0009765625,normal,f398aa60-da48-45c3-9eb4-8bb4a858c345,,,12.49
2026-08-10 16:43:48.907236+00:00,orchestrator,stage_latency_ms,24.234199998318218,normal,f398aa60-da48-45c3-9eb4-8bb4a858c345,,,12.49
2026-08-10 16:43:48.907236+00:00,orchestrator,end_to_end_latency_ms,46.002197265625,normal,f398aa60-da48-45c3-9eb4-8bb4a858c345,,,12.49
2026-08-10 16:43:48.907236+00:00,orchestrator,xai_latency_ms,0.0017000002117129043,normal,f398aa60-da48-45c3-9eb4-8bb4a858c345,,deterministic,12.49
2026-08-10 16:43:48.922236+00:00,detector,events_processed,311.0,normal,f398aa60-da48-45c3-9eb4-8bb4a858c345,,,12.5
2026-08-10 16:43:48.922236+00:00,detector,alerts_emitted,311.0,normal,f398aa60-da48-45c3-9eb4-8bb4a858c345,,,12.5
2026-08-10 16:43:48.922236+00:00,orchestrator,events_received,311.0,normal,f398aa60-da48-45c3-9eb4-8bb4a858c345,,,12.5
2026-08-10 16:43:48.922236+00:00,detector,throughput_eps,25.04066381668852,normal,f398aa60-da48-45c3-9eb4-8bb4a858c345,,,12.5
2026-08-10 16:43:48.922236+00:00,detector,queue_wait_ms,1.999755859375,normal,f398aa60-da48-45c3-9eb4-8bb4a858c345,,,12.5
2026-08-10 16:43:48.923236+00:00,detector,stage_latency_ms,19.477799998639966,normal,f398aa60-da48-45c3-9eb4-8bb4a858c345,,,12.5
2026-08-10 16:43:48.923236+00:00,detector,end_to_end_latency_ms,22.000244140625,normal,f398aa60-da48-45c3-9eb4-8bb4a858c345,,,12.5
2026-08-10 16:43:48.942235+00:00,generator,throughput_eps,25.000806477630675,normal,f398aa60-da48-45c3-9eb4-8bb4a858c345,,,12.52
2026-08-10 16:43:48.942235+00:00,generator,events_sent,312.0,normal,f398aa60-da48-45c3-9eb4-8bb4a858c345,,,12.52
2026-08-10 16:43:48.946235+00:00,orchestrator,throughput_eps,25.004147688027235,normal,f398aa60-da48-45c3-9eb4-8bb4a858c345,,,12.53
2026-08-10 16:43:48.946235+00:00,orchestrator,events_processed,311.0,normal,f398aa60-da48-45c3-9eb4-8bb4a858c345,,,12.53
2026-08-10 16:43:48.947235+00:00,orchestrator,queue_wait_ms,3.000732421875,normal,f398aa60-da48-45c3-9eb4-8bb4a858c345,,,12.53
2026-08-10 16:43:48.947235+00:00,orchestrator,stage_latency_ms,24.22169999954349,normal,f398aa60-da48-45c3-9eb4-8bb4a858c345,,,12.53
2026-08-10 16:43:48.947235+00:00,orchestrator,end_to_end_latency_ms,45.999267578125,normal,f398aa60-da48-45c3-9eb4-8bb4a858c345,,,12.53
2026-08-10 16:43:48.947235+00:00,orchestrator,xai_latency_ms,0.0018999999156221747,normal,f398aa60-da48-45c3-9eb4-8bb4a858c345,,deterministic,12.53
2026-08-10 16:43:48.961769+00:00,detector,events_processed,312.0,normal,f398aa60-da48-45c3-9eb4-8bb4a858c345,,,12.54
2026-08-10 16:43:48.962777+00:00,detector,alerts_emitted,312.0,normal,f398aa60-da48-45c3-9eb4-8bb4a858c345,,,12.54
2026-08-10 16:43:48.962777+00:00,orchestrator,events_received,312.0,normal,f398aa60-da48-45c3-9eb4-8bb4a858c345,,,12.54
2026-08-10 16:43:48.962777+00:00,detector,queue_wait_ms,2.0,normal,f398aa60-da48-45c3-9eb4-8bb4a858c345,,,12.54
2026-08-10 16:43:48.963775+00:00,detector,stage_latency_ms,19.864599998982158,normal,f398aa60-da48-45c3-9eb4-8bb4a858c345,,,12.54
2026-08-10 16:43:48.963775+00:00,detector,end_to_end_latency_ms,21.533447265625,normal,f398aa60-da48-45c3-9eb4-8bb4a858c345,,,12.54
2026-08-10 16:43:48.981776+00:00,generator,events_sent,313.0,normal,f398aa60-da48-45c3-9eb4-8bb4a858c345,,,12.56
2026-08-10 16:43:48.981776+00:00,generator,throughput_eps,25.00307237753327,normal,f398aa60-da48-45c3-9eb4-8bb4a858c345,,,12.56
2026-08-10 16:43:48.987777+00:00,orchestrator,throughput_eps,25.03395204712314,normal,f398aa60-da48-45c3-9eb4-8bb4a858c345,,,12.57
2026-08-10 16:43:48.987777+00:00,orchestrator,events_processed,312.0,normal,f398aa60-da48-45c3-9eb4-8bb4a858c345,,,12.57
2026-08-10 16:43:48.988777+00:00,orchestrator,queue_wait_ms,3.54443359375,normal,f398aa60-da48-45c3-9eb4-8bb4a858c345,,,12.57
2026-08-10 16:43:48.988777+00:00,orchestrator,stage_latency_ms,25.423200000659563,normal,f398aa60-da48-45c3-9eb4-8bb4a858c345,,,12.57
2026-08-10 16:43:48.988777+00:00,orchestrator,end_to_end_latency_ms,47.5419921875,normal,f398aa60-da48-45c3-9eb4-8bb4a858c345,,,12.57
2026-08-10 16:43:48.988777+00:00,orchestrator,xai_latency_ms,0.0018999999156221747,normal,f398aa60-da48-45c3-9eb4-8bb4a858c345,,deterministic,12.57
2026-08-10 16:43:49.000777+00:00,detector,events_processed,313.0,normal,f398aa60-da48-45c3-9eb4-8bb4a858c345,,,12.58
2026-08-10 16:43:49.001777+00:00,detector,alerts_emitted,313.0,normal,f398aa60-da48-45c3-9eb4-8bb4a858c345,,,12.58
2026-08-10 16:43:49.001777+00:00,detector,throughput_eps,25.008817108553224,normal,f398aa60-da48-45c3-9eb4-8bb4a858c345,,,12.58
2026-08-10 16:43:49.001777+00:00,orchestrator,events_received,313.0,normal,f398aa60-da48-45c3-9eb4-8bb4a858c345,,,12.58
2026-08-10 16:43:49.001777+00:00,detector,queue_wait_ms,1.99853515625,normal,f398aa60-da48-45c3-9eb4-8bb4a858c345,,,12.58
2026-08-10 16:43:49.001777+00:00,detector,stage_latency_ms,19.25680000022112,normal,f398aa60-da48-45c3-9eb4-8bb4a858c345,,,12.58
2026-08-10 16:43:49.002777+00:00,detector,end_to_end_latency_ms,20.999267578125,normal,f398aa60-da48-45c3-9eb4-8bb4a858c345,,,12.58
2026-08-10 16:43:49.021776+00:00,generator,events_sent,314.0,normal,f398aa60-da48-45c3-9eb4-8bb4a858c345,,,12.6
2026-08-10 16:43:49.021776+00:00,generator,throughput_eps,25.001842635807556,normal,f398aa60-da48-45c3-9eb4-8bb4a858c345,,,12.6
2026-08-10 16:43:49.040777+00:00,detector,events_processed,314.0,normal,f398aa60-da48-45c3-9eb4-8bb4a858c345,,,12.62
2026-08-10 16:43:49.041777+00:00,detector,queue_wait_ms,1.999267578125,normal,f398aa60-da48-45c3-9eb4-8bb4a858c345,,,12.62
2026-08-10 16:43:49.041777+00:00,detector,alerts_emitted,314.0,normal,f398aa60-da48-45c3-9eb4-8bb4a858c345,,,12.62
2026-08-10 16:43:49.041777+00:00,detector,throughput_eps,25.00329993552017,normal,f398aa60-da48-45c3-9eb4-8bb4a858c345,,,12.62
2026-08-10 16:43:49.042777+00:00,detector,stage_latency_ms,19.276499999250518,normal,f398aa60-da48-45c3-9eb4-8bb4a858c345,,,12.62
2026-08-10 16:43:49.042777+00:00,detector,end_to_end_latency_ms,20.999755859375,normal,f398aa60-da48-45c3-9eb4-8bb4a858c345,,,12.62
2026-08-10 16:43:49.061775+00:00,generator,events_sent,315.0,normal,f398aa60-da48-45c3-9eb4-8bb4a858c345,,,12.64
2026-08-10 16:43:49.062427+00:00,generator,throughput_eps,25.001702615951523,normal,f398aa60-da48-45c3-9eb4-8bb4a858c345,,,12.64
2026-08-10 16:43:49.066777+00:00,orchestrator,events_processed,313.0,normal,f398aa60-da48-45c3-9eb4-8bb4a858c345,,,12.65
2026-08-10 16:43:49.066777+00:00,orchestrator,throughput_eps,24.810317122269996,normal,f398aa60-da48-45c3-9eb4-8bb4a858c345,,,12.65
2026-08-10 16:43:49.067777+00:00,orchestrator,queue_wait_ms,3.000244140625,normal,f398aa60-da48-45c3-9eb4-8bb4a858c345,,,12.65
2026-08-10 16:43:49.067777+00:00,orchestrator,stage_latency_ms,65.23009999909846,normal,f398aa60-da48-45c3-9eb4-8bb4a858c345,,,12.65
2026-08-10 16:43:49.067777+00:00,orchestrator,end_to_end_latency_ms,86.99951171875,normal,f398aa60-da48-45c3-9eb4-8bb4a858c345,,,12.65
2026-08-10 16:43:49.067777+00:00,orchestrator,xai_latency_ms,0.0018999999156221747,normal,f398aa60-da48-45c3-9eb4-8bb4a858c345,,deterministic,12.65
2026-08-10 16:43:49.070777+00:00,orchestrator,events_received,314.0,normal,f398aa60-da48-45c3-9eb4-8bb4a858c345,,,12.65
2026-08-10 16:43:49.080778+00:00,detector,alerts_emitted,315.0,normal,f398aa60-da48-45c3-9eb4-8bb4a858c345,,,12.66
2026-08-10 16:43:49.080778+00:00,detector,events_processed,315.0,normal,f398aa60-da48-45c3-9eb4-8bb4a858c345,,,12.66
2026-08-10 16:43:49.081777+00:00,detector,throughput_eps,25.04503498010434,normal,f398aa60-da48-45c3-9eb4-8bb4a858c345,,,12.66
2026-08-10 16:43:49.081777+00:00,detector,queue_wait_ms,1.99853515625,normal,f398aa60-da48-45c3-9eb4-8bb4a858c345,,,12.66
2026-08-10 16:43:49.081777+00:00,detector,stage_latency_ms,18.885400000726804,normal,f398aa60-da48-45c3-9eb4-8bb4a858c345,,,12.66
2026-08-10 16:43:49.081777+00:00,detector,end_to_end_latency_ms,21.0009765625,normal,f398aa60-da48-45c3-9eb4-8bb4a858c345,,,12.66
2026-08-10 16:43:49.095777+00:00,orchestrator,events_processed,314.0,normal,f398aa60-da48-45c3-9eb4-8bb4a858c345,,,12.68
2026-08-10 16:43:49.096775+00:00,orchestrator,throughput_eps,25.103787459018545,normal,f398aa60-da48-45c3-9eb4-8bb4a858c345,,,12.68
2026-08-10 16:43:49.096775+00:00,orchestrator,queue_wait_ms,32.002197265625,normal,f398aa60-da48-45c3-9eb4-8bb4a858c345,,,12.68
2026-08-10 16:43:49.096775+00:00,orchestrator,stage_latency_ms,25.698999999804073,normal,f398aa60-da48-45c3-9eb4-8bb4a858c345,,,12.68
2026-08-10 16:43:49.096775+00:00,orchestrator,end_to_end_latency_ms,76.0,normal,f398aa60-da48-45c3-9eb4-8bb4a858c345,,,12.68
2026-08-10 16:43:49.097777+00:00,orchestrator,xai_latency_ms,0.002099999619531445,normal,f398aa60-da48-45c3-9eb4-8bb4a858c345,,deterministic,12.68
2026-08-10 16:43:49.099774+00:00,orchestrator,events_received,315.0,normal,f398aa60-da48-45c3-9eb4-8bb4a858c345,,,12.68
2026-08-10 16:43:49.100777+00:00,generator,events_sent,316.0,normal,f398aa60-da48-45c3-9eb4-8bb4a858c345,,,12.68
2026-08-10 16:43:49.100777+00:00,generator,throughput_eps,25.003392460287724,normal,f398aa60-da48-45c3-9eb4-8bb4a858c345,,,12.68
2026-08-10 16:43:49.120775+00:00,detector,alerts_emitted,316.0,normal,f398aa60-da48-45c3-9eb4-8bb4a858c345,,,12.7
2026-08-10 16:43:49.120775+00:00,detector,events_processed,316.0,normal,f398aa60-da48-45c3-9eb4-8bb4a858c345,,,12.7
2026-08-10 16:43:49.121774+00:00,detector,throughput_eps,25.00180813076127,normal,f398aa60-da48-45c3-9eb4-8bb4a858c345,,,12.7
2026-08-10 16:43:49.121774+00:00,detector,queue_wait_ms,2.0029296875,normal,f398aa60-da48-45c3-9eb4-8bb4a858c345,,,12.7
2026-08-10 16:43:49.121774+00:00,detector,stage_latency_ms,19.581399999879068,normal,f398aa60-da48-45c3-9eb4-8bb4a858c345,,,12.7
2026-08-10 16:43:49.121774+00:00,detector,end_to_end_latency_ms,21.000732421875,normal,f398aa60-da48-45c3-9eb4-8bb4a858c345,,,12.7
2026-08-10 16:43:49.124775+00:00,orchestrator,events_processed,315.0,normal,f398aa60-da48-45c3-9eb4-8bb4a858c345,,,12.7
2026-08-10 16:43:49.125776+00:00,orchestrator,throughput_eps,25.15904592791928,normal,f398aa60-da48-45c3-9eb4-8bb4a858c345,,,12.71
2026-08-10 16:43:49.125776+00:00,orchestrator,queue_wait_ms,20.998291015625,normal,f398aa60-da48-45c3-9eb4-8bb4a858c345,,,12.71
2026-08-10 16:43:49.125776+00:00,orchestrator,stage_latency_ms,25.09219999956258,normal,f398aa60-da48-45c3-9eb4-8bb4a858c345,,,12.71
2026-08-10 16:43:49.125776+00:00,orchestrator,end_to_end_latency_ms,64.99853515625,normal,f398aa60-da48-45c3-9eb4-8bb4a858c345,,,12.71
2026-08-10 16:43:49.125776+00:00,orchestrator,xai_latency_ms,0.0018999999156221747,normal,f398aa60-da48-45c3-9eb4-8bb4a858c345,,deterministic,12.71
2026-08-10 16:43:49.128775+00:00,orchestrator,events_received,316.0,normal,f398aa60-da48-45c3-9eb4-8bb4a858c345,,,12.71
2026-08-10 16:43:49.140775+00:00,generator,events_sent,317.0,normal,f398aa60-da48-45c3-9eb4-8bb4a858c345,,,12.72
2026-08-10 16:43:49.141775+00:00,generator,throughput_eps,25.001556596914966,normal,f398aa60-da48-45c3-9eb4-8bb4a858c345,,,12.72
2026-08-10 16:43:49.153776+00:00,orchestrator,queue_wait_ms,9.9990234375,normal,f398aa60-da48-45c3-9eb4-8bb4a858c345,,,12.73
2026-08-10 16:43:49.153776+00:00,orchestrator,events_processed,316.0,normal,f398aa60-da48-45c3-9eb4-8bb4a858c345,,,12.73
2026-08-10 16:43:49.153776+00:00,orchestrator,throughput_eps,25.214695124312307,normal,f398aa60-da48-45c3-9eb4-8bb4a858c345,,,12.73
2026-08-10 16:43:49.154776+00:00,orchestrator,stage_latency_ms,25.391399998625275,normal,f398aa60-da48-45c3-9eb4-8bb4a858c345,,,12.73
2026-08-10 16:43:49.154776+00:00,orchestrator,end_to_end_latency_ms,54.001708984375,normal,f398aa60-da48-45c3-9eb4-8bb4a858c345,,,12.73
2026-08-10 16:43:49.154776+00:00,orchestrator,xai_latency_ms,0.002200000380980782,normal,f398aa60-da48-45c3-9eb4-8bb4a858c345,,deterministic,12.73
2026-08-10 16:43:49.160775+00:00,detector,events_processed,317.0,normal,f398aa60-da48-45c3-9eb4-8bb4a858c345,,,12.74
2026-08-10 16:43:49.161775+00:00,detector,stage_latency_ms,19.386699999813573,normal,f398aa60-da48-45c3-9eb4-8bb4a858c345,,,12.74
2026-08-10 16:43:49.161775+00:00,detector,alerts_emitted,317.0,normal,f398aa60-da48-45c3-9eb4-8bb4a858c345,,,12.74
2026-08-10 16:43:49.161775+00:00,orchestrator,events_received,317.0,normal,f398aa60-da48-45c3-9eb4-8bb4a858c345,,,12.74
2026-08-10 16:43:49.161775+00:00,detector,throughput_eps,25.00744221480253,normal,f398aa60-da48-45c3-9eb4-8bb4a858c345,,,12.74
2026-08-10 16:43:49.161775+00:00,detector,queue_wait_ms,2.000244140625,normal,f398aa60-da48-45c3-9eb4-8bb4a858c345,,,12.74
2026-08-10 16:43:49.161775+00:00,detector,end_to_end_latency_ms,21.0,normal,f398aa60-da48-45c3-9eb4-8bb4a858c345,,,12.74
2026-08-10 16:43:49.181775+00:00,generator,throughput_eps,24.998415423025737,normal,f398aa60-da48-45c3-9eb4-8bb4a858c345,,,12.76
2026-08-10 16:43:49.181775+00:00,generator,events_sent,318.0,normal,f398aa60-da48-45c3-9eb4-8bb4a858c345,,,12.76
2026-08-10 16:43:49.186776+00:00,orchestrator,throughput_eps,25.13772153220259,normal,f398aa60-da48-45c3-9eb4-8bb4a858c345,,,12.77
2026-08-10 16:43:49.186776+00:00,orchestrator,events_processed,317.0,normal,f398aa60-da48-45c3-9eb4-8bb4a858c345,,,12.77
2026-08-10 16:43:49.187774+00:00,orchestrator,queue_wait_ms,2.998291015625,normal,f398aa60-da48-45c3-9eb4-8bb4a858c345,,,12.77
2026-08-10 16:43:49.187774+00:00,orchestrator,stage_latency_ms,25.39470000010624,normal,f398aa60-da48-45c3-9eb4-8bb4a858c345,,,12.77
2026-08-10 16:43:49.187774+00:00,orchestrator,end_to_end_latency_ms,47.0009765625,normal,f398aa60-da48-45c3-9eb4-8bb4a858c345,,,12.77
2026-08-10 16:43:49.187774+00:00,orchestrator,xai_latency_ms,0.0018999999156221747,normal,f398aa60-da48-45c3-9eb4-8bb4a858c345,,deterministic,12.77
2026-08-10 16:43:49.201774+00:00,detector,events_processed,318.0,normal,f398aa60-da48-45c3-9eb4-8bb4a858c345,,,12.78
2026-08-10 16:43:49.202774+00:00,detector,alerts_emitted,318.0,normal,f398aa60-da48-45c3-9eb4-8bb4a858c345,,,12.78
2026-08-10 16:43:49.202774+00:00,detector,throughput_eps,24.994593407407724,normal,f398aa60-da48-45c3-9eb4-8bb4a858c345,,,12.78
2026-08-10 16:43:49.202774+00:00,orchestrator,events_received,318.0,normal,f398aa60-da48-45c3-9eb4-8bb4a858c345,,,12.78
2026-08-10 16:43:49.202774+00:00,detector,queue_wait_ms,2.00146484375,normal,f398aa60-da48-45c3-9eb4-8bb4a858c345,,,12.78
2026-08-10 16:43:49.202774+00:00,detector,stage_latency_ms,19.971600000644685,normal,f398aa60-da48-45c3-9eb4-8bb4a858c345,,,12.78
2026-08-10 16:43:49.202774+00:00,detector,end_to_end_latency_ms,22.00048828125,normal,f398aa60-da48-45c3-9eb4-8bb4a858c345,,,12.78
2026-08-10 16:43:49.221773+00:00,generator,events_sent,319.0,normal,f398aa60-da48-45c3-9eb4-8bb4a858c345,,,12.8
2026-08-10 16:43:49.221773+00:00,generator,throughput_eps,25.000585699204432,normal,f398aa60-da48-45c3-9eb4-8bb4a858c345,,,12.8
2026-08-10 16:43:49.226775+00:00,orchestrator,events_processed,318.0,normal,f398aa60-da48-45c3-9eb4-8bb4a858c345,,,12.81
2026-08-10 16:43:49.227775+00:00,orchestrator,end_to_end_latency_ms,47.001708984375,normal,f398aa60-da48-45c3-9eb4-8bb4a858c345,,,12.81
2026-08-10 16:43:49.227775+00:00,orchestrator,stage_latency_ms,24.70539999922039,normal,f398aa60-da48-45c3-9eb4-8bb4a858c345,,,12.81
2026-08-10 16:43:49.227775+00:00,orchestrator,throughput_eps,25.077459759251127,normal,f398aa60-da48-45c3-9eb4-8bb4a858c345,,,12.81
2026-08-10 16:43:49.227775+00:00,orchestrator,queue_wait_ms,2.998046875,normal,f398aa60-da48-45c3-9eb4-8bb4a858c345,,,12.81
2026-08-10 16:43:49.228773+00:00,orchestrator,xai_latency_ms,0.0018999999156221747,normal,f398aa60-da48-45c3-9eb4-8bb4a858c345,,deterministic,12.81
2026-08-10 16:43:49.242774+00:00,detector,events_processed,319.0,normal,f398aa60-da48-45c3-9eb4-8bb4a858c345,,,12.82
2026-08-10 16:43:49.242774+00:00,detector,alerts_emitted,319.0,normal,f398aa60-da48-45c3-9eb4-8bb4a858c345,,,12.82
2026-08-10 16:43:49.242774+00:00,orchestrator,events_received,319.0,normal,f398aa60-da48-45c3-9eb4-8bb4a858c345,,,12.82
2026-08-10 16:43:49.243774+00:00,detector,throughput_eps,24.99034294549889,normal,f398aa60-da48-45c3-9eb4-8bb4a858c345,,,12.82
2026-08-10 16:43:49.243774+00:00,detector,queue_wait_ms,1.999267578125,normal,f398aa60-da48-45c3-9eb4-8bb4a858c345,,,12.82
2026-08-10 16:43:49.243774+00:00,detector,stage_latency_ms,20.791800001461525,normal,f398aa60-da48-45c3-9eb4-8bb4a858c345,,,12.82
2026-08-10 16:43:49.243774+00:00,detector,end_to_end_latency_ms,23.00048828125,normal,f398aa60-da48-45c3-9eb4-8bb4a858c345,,,12.82
2026-08-10 16:43:49.261773+00:00,generator,throughput_eps,25.00145958520991,normal,f398aa60-da48-45c3-9eb4-8bb4a858c345,,,12.84
2026-08-10 16:43:49.261773+00:00,generator,events_sent,320.0,normal,f398aa60-da48-45c3-9eb4-8bb4a858c345,,,12.84
2026-08-10 16:43:49.268774+00:00,orchestrator,throughput_eps,25.01407892418675,normal,f398aa60-da48-45c3-9eb4-8bb4a858c345,,,12.85
2026-08-10 16:43:49.268774+00:00,orchestrator,events_processed,319.0,normal,f398aa60-da48-45c3-9eb4-8bb4a858c345,,,12.85
2026-08-10 16:43:49.269774+00:00,orchestrator,queue_wait_ms,1.9990234375,normal,f398aa60-da48-45c3-9eb4-8bb4a858c345,,,12.85
2026-08-10 16:43:49.269774+00:00,orchestrator,stage_latency_ms,25.574700001016026,normal,f398aa60-da48-45c3-9eb4-8bb4a858c345,,,12.85
2026-08-10 16:43:49.269774+00:00,orchestrator,end_to_end_latency_ms,48.999755859375,normal,f398aa60-da48-45c3-9eb4-8bb4a858c345,,,12.85
2026-08-10 16:43:49.269774+00:00,orchestrator,xai_latency_ms,0.0018000009731622413,normal,f398aa60-da48-45c3-9eb4-8bb4a858c345,,deterministic,12.85
2026-08-10 16:43:49.282772+00:00,detector,events_processed,320.0,normal,f398aa60-da48-45c3-9eb4-8bb4a858c345,,,12.86
2026-08-10 16:43:49.283775+00:00,detector,alerts_emitted,320.0,normal,f398aa60-da48-45c3-9eb4-8bb4a858c345,,,12.86
2026-08-10 16:43:49.283775+00:00,orchestrator,events_received,320.0,normal,f398aa60-da48-45c3-9eb4-8bb4a858c345,,,12.86
2026-08-10 16:43:49.283775+00:00,detector,throughput_eps,24.99063808374771,normal,f398aa60-da48-45c3-9eb4-8bb4a858c345,,,12.86
2026-08-10 16:43:49.283775+00:00,detector,queue_wait_ms,2.00048828125,normal,f398aa60-da48-45c3-9eb4-8bb4a858c345,,,12.86
2026-08-10 16:43:49.283775+00:00,detector,stage_latency_ms,21.225200000117184,normal,f398aa60-da48-45c3-9eb4-8bb4a858c345,,,12.86
2026-08-10 16:43:49.284775+00:00,detector,end_to_end_latency_ms,22.99951171875,normal,f398aa60-da48-45c3-9eb4-8bb4a858c345,,,12.86
2026-08-10 16:43:49.301774+00:00,generator,events_sent,321.0,normal,f398aa60-da48-45c3-9eb4-8bb4a858c345,,,12.88
2026-08-10 16:43:49.301774+00:00,generator,throughput_eps,25.00112051392997,normal,f398aa60-da48-45c3-9eb4-8bb4a858c345,,,12.88
2026-08-10 16:43:49.308774+00:00,orchestrator,queue_wait_ms,3.001708984375,normal,f398aa60-da48-45c3-9eb4-8bb4a858c345,,,12.89
2026-08-10 16:43:49.308774+00:00,orchestrator,events_processed,320.0,normal,f398aa60-da48-45c3-9eb4-8bb4a858c345,,,12.89
2026-08-10 16:43:49.308774+00:00,orchestrator,throughput_eps,24.99035906208686,normal,f398aa60-da48-45c3-9eb4-8bb4a858c345,,,12.89
2026-08-10 16:43:49.309775+00:00,orchestrator,stage_latency_ms,25.27659999941534,normal,f398aa60-da48-45c3-9eb4-8bb4a858c345,,,12.89
2026-08-10 16:43:49.309775+00:00,orchestrator,end_to_end_latency_ms,49.0009765625,normal,f398aa60-da48-45c3-9eb4-8bb4a858c345,,,12.89
2026-08-10 16:43:49.309775+00:00,orchestrator,xai_latency_ms,0.0018999999156221747,normal,f398aa60-da48-45c3-9eb4-8bb4a858c345,,deterministic,12.89
2026-08-10 16:43:49.322775+00:00,detector,events_processed,321.0,normal,f398aa60-da48-45c3-9eb4-8bb4a858c345,,,12.9
2026-08-10 16:43:49.322775+00:00,detector,alerts_emitted,321.0,normal,f398aa60-da48-45c3-9eb4-8bb4a858c345,,,12.9
2026-08-10 16:43:49.322775+00:00,orchestrator,events_received,321.0,normal,f398aa60-da48-45c3-9eb4-8bb4a858c345,,,12.9
2026-08-10 16:43:49.323774+00:00,detector,throughput_eps,24.991336672533308,normal,f398aa60-da48-45c3-9eb4-8bb4a858c345,,,12.9
2026-08-10 16:43:49.323774+00:00,detector,queue_wait_ms,2.000244140625,normal,f398aa60-da48-45c3-9eb4-8bb4a858c345,,,12.9
2026-08-10 16:43:49.323774+00:00,detector,stage_latency_ms,21.011899998484296,normal,f398aa60-da48-45c3-9eb4-8bb4a858c345,,,12.9
2026-08-10 16:43:49.324774+00:00,detector,end_to_end_latency_ms,23.00146484375,normal,f398aa60-da48-45c3-9eb4-8bb4a858c345,,,12.9
2026-08-10 16:43:49.341773+00:00,generator,throughput_eps,25.00206066984129,normal,f398aa60-da48-45c3-9eb4-8bb4a858c345,,,12.92
2026-08-10 16:43:49.341773+00:00,generator,events_sent,322.0,normal,f398aa60-da48-45c3-9eb4-8bb4a858c345,,,12.92
2026-08-10 16:43:49.348774+00:00,orchestrator,events_processed,321.0,normal,f398aa60-da48-45c3-9eb4-8bb4a858c345,,,12.93
2026-08-10 16:43:49.348774+00:00,orchestrator,throughput_eps,24.99332839379228,normal,f398aa60-da48-45c3-9eb4-8bb4a858c345,,,12.93
2026-08-10 16:43:49.348774+00:00,orchestrator,queue_wait_ms,2.0,normal,f398aa60-da48-45c3-9eb4-8bb4a858c345,,,12.93
2026-08-10 16:43:49.348774+00:00,orchestrator,stage_latency_ms,25.353099999847473,normal,f398aa60-da48-45c3-9eb4-8bb4a858c345,,,12.93
2026-08-10 16:43:49.349772+00:00,orchestrator,end_to_end_latency_ms,49.0,normal,f398aa60-da48-45c3-9eb4-8bb4a858c345,,,12.93
2026-08-10 16:43:49.349772+00:00,orchestrator,xai_latency_ms,0.0020000006770715117,normal,f398aa60-da48-45c3-9eb4-8bb4a858c345,,deterministic,12.93
2026-08-10 16:43:49.362853+00:00,detector,events_processed,322.0,normal,f398aa60-da48-45c3-9eb4-8bb4a858c345,,,12.94
2026-08-10 16:43:49.363853+00:00,orchestrator,events_received,322.0,normal,f398aa60-da48-45c3-9eb4-8bb4a858c345,,,12.94
2026-08-10 16:43:49.363853+00:00,detector,alerts_emitted,322.0,normal,f398aa60-da48-45c3-9eb4-8bb4a858c345,,,12.94
2026-08-10 16:43:49.363853+00:00,detector,throughput_eps,24.989359873160513,normal,f398aa60-da48-45c3-9eb4-8bb4a858c345,,,12.94
2026-08-10 16:43:49.363853+00:00,detector,queue_wait_ms,1.999755859375,normal,f398aa60-da48-45c3-9eb4-8bb4a858c345,,,12.94
2026-08-10 16:43:49.364853+00:00,detector,stage_latency_ms,21.568000000115717,normal,f398aa60-da48-45c3-9eb4-8bb4a858c345,,,12.94
2026-08-10 16:43:49.364853+00:00,detector,end_to_end_latency_ms,23.07958984375,normal,f398aa60-da48-45c3-9eb4-8bb4a858c345,,,12.94
2026-08-10 16:43:49.381853+00:00,generator,throughput_eps,25.00023450220262,normal,f398aa60-da48-45c3-9eb4-8bb4a858c345,,,12.96
2026-08-10 16:43:49.381853+00:00,generator,events_sent,323.0,normal,f398aa60-da48-45c3-9eb4-8bb4a858c345,,,12.96
2026-08-10 16:43:49.387852+00:00,orchestrator,events_processed,322.0,normal,f398aa60-da48-45c3-9eb4-8bb4a858c345,,,12.97
2026-08-10 16:43:49.388851+00:00,orchestrator,throughput_eps,24.989271742889372,normal,f398aa60-da48-45c3-9eb4-8bb4a858c345,,,12.97
2026-08-10 16:43:49.388851+00:00,orchestrator,queue_wait_ms,3.515869140625,normal,f398aa60-da48-45c3-9eb4-8bb4a858c345,,,12.97
2026-08-10 16:43:49.388851+00:00,orchestrator,stage_latency_ms,24.769300000116345,normal,f398aa60-da48-45c3-9eb4-8bb4a858c345,,,12.97
2026-08-10 16:43:49.389850+00:00,orchestrator,end_to_end_latency_ms,48.078857421875,normal,f398aa60-da48-45c3-9eb4-8bb4a858c345,,,12.97
2026-08-10 16:43:49.389850+00:00,orchestrator,xai_latency_ms,0.0018999999156221747,normal,f398aa60-da48-45c3-9eb4-8bb4a858c345,,deterministic,12.97
2026-08-10 16:43:49.402853+00:00,detector,events_processed,323.0,normal,f398aa60-da48-45c3-9eb4-8bb4a858c345,,,12.98
2026-08-10 16:43:49.402853+00:00,detector,alerts_emitted,323.0,normal,f398aa60-da48-45c3-9eb4-8bb4a858c345,,,12.98
2026-08-10 16:43:49.402853+00:00,orchestrator,events_received,323.0,normal,f398aa60-da48-45c3-9eb4-8bb4a858c345,,,12.98
2026-08-10 16:43:49.402853+00:00,detector,throughput_eps,24.995313378745113,normal,f398aa60-da48-45c3-9eb4-8bb4a858c345,,,12.98
2026-08-10 16:43:49.403850+00:00,detector,queue_wait_ms,2.00244140625,normal,f398aa60-da48-45c3-9eb4-8bb4a858c345,,,12.98
2026-08-10 16:43:49.403850+00:00,detector,stage_latency_ms,20.58699999906821,normal,f398aa60-da48-45c3-9eb4-8bb4a858c345,,,12.98
2026-08-10 16:43:49.403850+00:00,detector,end_to_end_latency_ms,23.00244140625,normal,f398aa60-da48-45c3-9eb4-8bb4a858c345,,,12.98
2026-08-10 16:43:49.420850+00:00,generator,events_sent,324.0,normal,f398aa60-da48-45c3-9eb4-8bb4a858c345,,,13.0
2026-08-10 16:43:49.421852+00:00,generator,throughput_eps,25.003343947221804,normal,f398aa60-da48-45c3-9eb4-8bb4a858c345,,,13.0
2026-08-10 16:43:49.427850+00:00,orchestrator,events_processed,323.0,normal,f398aa60-da48-45c3-9eb4-8bb4a858c345,,,13.01
2026-08-10 16:43:49.427850+00:00,orchestrator,throughput_eps,24.99508211680922,normal,f398aa60-da48-45c3-9eb4-8bb4a858c345,,,13.01
2026-08-10 16:43:49.428850+00:00,orchestrator,queue_wait_ms,3.001953125,normal,f398aa60-da48-45c3-9eb4-8bb4a858c345,,,13.01
2026-08-10 16:43:49.428850+00:00,orchestrator,stage_latency_ms,24.904899999455665,normal,f398aa60-da48-45c3-9eb4-8bb4a858c345,,,13.01
2026-08-10 16:43:49.428850+00:00,orchestrator,end_to_end_latency_ms,48.0,normal,f398aa60-da48-45c3-9eb4-8bb4a858c345,,,13.01
2026-08-10 16:43:49.428850+00:00,orchestrator,xai_latency_ms,0.0017000002117129043,normal,f398aa60-da48-45c3-9eb4-8bb4a858c345,,deterministic,13.01
2026-08-10 16:43:49.440850+00:00,detector,events_processed,324.0,normal,f398aa60-da48-45c3-9eb4-8bb4a858c345,,,13.02
2026-08-10 16:43:49.440850+00:00,detector,alerts_emitted,324.0,normal,f398aa60-da48-45c3-9eb4-8bb4a858c345,,,13.02
2026-08-10 16:43:49.441850+00:00,detector,throughput_eps,25.00281831768343,normal,f398aa60-da48-45c3-9eb4-8bb4a858c345,,,13.02
2026-08-10 16:43:49.441850+00:00,detector,queue_wait_ms,2.0029296875,normal,f398aa60-da48-45c3-9eb4-8bb4a858c345,,,13.02
2026-08-10 16:43:49.441850+00:00,detector,stage_latency_ms,19.231799999033683,normal,f398aa60-da48-45c3-9eb4-8bb4a858c345,,,13.02
2026-08-10 16:43:49.441850+00:00,detector,end_to_end_latency_ms,21.001220703125,normal,f398aa60-da48-45c3-9eb4-8bb4a858c345,,,13.02
2026-08-10 16:43:49.461850+00:00,generator,throughput_eps,25.00162460555839,normal,f398aa60-da48-45c3-9eb4-8bb4a858c345,,,13.04
2026-08-10 16:43:49.461850+00:00,generator,events_sent,325.0,normal,f398aa60-da48-45c3-9eb4-8bb4a858c345,,,13.04
2026-08-10 16:43:49.465851+00:00,orchestrator,events_processed,324.0,normal,f398aa60-da48-45c3-9eb4-8bb4a858c345,,,13.05
2026-08-10 16:43:49.466850+00:00,orchestrator,throughput_eps,25.003385458391048,normal,f398aa60-da48-45c3-9eb4-8bb4a858c345,,,13.05
2026-08-10 16:43:49.466850+00:00,orchestrator,queue_wait_ms,2.000732421875,normal,f398aa60-da48-45c3-9eb4-8bb4a858c345,,,13.05
2026-08-10 16:43:49.466850+00:00,orchestrator,stage_latency_ms,25.014400000145542,normal,f398aa60-da48-45c3-9eb4-8bb4a858c345,,,13.05
2026-08-10 16:43:49.466850+00:00,orchestrator,end_to_end_latency_ms,46.00146484375,normal,f398aa60-da48-45c3-9eb4-8bb4a858c345,,,13.05
2026-08-10 16:43:49.466850+00:00,orchestrator,xai_latency_ms,0.0018999999156221747,normal,f398aa60-da48-45c3-9eb4-8bb4a858c345,,deterministic,13.05
2026-08-10 16:43:49.480850+00:00,detector,events_processed,325.0,normal,f398aa60-da48-45c3-9eb4-8bb4a858c345,,,13.06
2026-08-10 16:43:49.481852+00:00,detector,alerts_emitted,325.0,normal,f398aa60-da48-45c3-9eb4-8bb4a858c345,,,13.06
2026-08-10 16:43:49.481852+00:00,orchestrator,events_received,325.0,normal,f398aa60-da48-45c3-9eb4-8bb4a858c345,,,13.06
2026-08-10 16:43:49.481852+00:00,detector,throughput_eps,25.001499089885396,normal,f398aa60-da48-45c3-9eb4-8bb4a858c345,,,13.06
2026-08-10 16:43:49.481852+00:00,detector,queue_wait_ms,1.99951171875,normal,f398aa60-da48-45c3-9eb4-8bb4a858c345,,,13.06
2026-08-10 16:43:49.482852+00:00,detector,end_to_end_latency_ms,20.999755859375,normal,f398aa60-da48-45c3-9eb4-8bb4a858c345,,,13.06
2026-08-10 16:43:49.482852+00:00,detector,stage_latency_ms,19.10880000104953,normal,f398aa60-da48-45c3-9eb4-8bb4a858c345,,,13.06
2026-08-10 16:43:49.501850+00:00,generator,throughput_eps,25.00287433043464,normal,f398aa60-da48-45c3-9eb4-8bb4a858c345,,,13.08
2026-08-10 16:43:49.501850+00:00,generator,events_sent,326.0,normal,f398aa60-da48-45c3-9eb4-8bb4a858c345,,,13.08
2026-08-10 16:43:49.520848+00:00,detector,events_processed,326.0,normal,f398aa60-da48-45c3-9eb4-8bb4a858c345,,,13.1
2026-08-10 16:43:49.521851+00:00,detector,alerts_emitted,326.0,normal,f398aa60-da48-45c3-9eb4-8bb4a858c345,,,13.1
2026-08-10 16:43:49.521851+00:00,detector,throughput_eps,25.0011035487095,normal,f398aa60-da48-45c3-9eb4-8bb4a858c345,,,13.1
2026-08-10 16:43:49.521851+00:00,detector,queue_wait_ms,2.001708984375,normal,f398aa60-da48-45c3-9eb4-8bb4a858c345,,,13.1
2026-08-10 16:43:49.521851+00:00,detector,stage_latency_ms,18.834900000001653,normal,f398aa60-da48-45c3-9eb4-8bb4a858c345,,,13.1
2026-08-10 16:43:49.522850+00:00,detector,end_to_end_latency_ms,20.99951171875,normal,f398aa60-da48-45c3-9eb4-8bb4a858c345,,,13.1
2026-08-10 16:43:49.541849+00:00,generator,events_sent,327.0,normal,f398aa60-da48-45c3-9eb4-8bb4a858c345,,,13.12
2026-08-10 16:43:49.541849+00:00,generator,throughput_eps,25.00334994882866,normal,f398aa60-da48-45c3-9eb4-8bb4a858c345,,,13.12
2026-08-10 16:43:49.546850+00:00,orchestrator,events_processed,325.0,normal,f398aa60-da48-45c3-9eb4-8bb4a858c345,,,13.13
2026-08-10 16:43:49.546850+00:00,orchestrator,throughput_eps,24.809388760204772,normal,f398aa60-da48-45c3-9eb4-8bb4a858c345,,,13.13
2026-08-10 16:43:49.546850+00:00,orchestrator,queue_wait_ms,3.00146484375,normal,f398aa60-da48-45c3-9eb4-8bb4a858c345,,,13.13
2026-08-10 16:43:49.546850+00:00,orchestrator,stage_latency_ms,64.90519999897515,normal,f398aa60-da48-45c3-9eb4-8bb4a858c345,,,13.13
2026-08-10 16:43:49.546850+00:00,orchestrator,end_to_end_latency_ms,86.99951171875,normal,f398aa60-da48-45c3-9eb4-8bb4a858c345,,,13.13
2026-08-10 16:43:49.547850+00:00,orchestrator,xai_latency_ms,0.0022999993234407157,normal,f398aa60-da48-45c3-9eb4-8bb4a858c345,,deterministic,13.13
2026-08-10 16:43:49.549850+00:00,orchestrator,events_received,326.0,normal,f398aa60-da48-45c3-9eb4-8bb4a858c345,,,13.13
2026-08-10 16:43:49.560849+00:00,detector,events_processed,327.0,normal,f398aa60-da48-45c3-9eb4-8bb4a858c345,,,13.14
2026-08-10 16:43:49.560849+00:00,detector,alerts_emitted,327.0,normal,f398aa60-da48-45c3-9eb4-8bb4a858c345,,,13.14
2026-08-10 16:43:49.560849+00:00,detector,throughput_eps,25.007857969138346,normal,f398aa60-da48-45c3-9eb4-8bb4a858c345,,,13.14
2026-08-10 16:43:49.561849+00:00,detector,queue_wait_ms,2.00048828125,normal,f398aa60-da48-45c3-9eb4-8bb4a858c345,,,13.14
2026-08-10 16:43:49.561849+00:00,detector,stage_latency_ms,18.78010000109498,normal,f398aa60-da48-45c3-9eb4-8bb4a858c345,,,13.14
2026-08-10 16:43:49.561849+00:00,detector,end_to_end_latency_ms,21.001220703125,normal,f398aa60-da48-45c3-9eb4-8bb4a858c345,,,13.14
2026-08-10 16:43:49.574849+00:00,orchestrator,events_processed,326.0,normal,f398aa60-da48-45c3-9eb4-8bb4a858c345,,,13.15
2026-08-10 16:43:49.574849+00:00,orchestrator,throughput_eps,24.869616023964902,normal,f398aa60-da48-45c3-9eb4-8bb4a858c345,,,13.15
2026-08-10 16:43:49.574849+00:00,orchestrator,queue_wait_ms,31.000244140625,normal,f398aa60-da48-45c3-9eb4-8bb4a858c345,,,13.15
2026-08-10 16:43:49.575850+00:00,orchestrator,stage_latency_ms,24.793900000076974,normal,f398aa60-da48-45c3-9eb4-8bb4a858c345,,,13.16
2026-08-10 16:43:49.575850+00:00,orchestrator,end_to_end_latency_ms,75.000244140625,normal,f398aa60-da48-45c3-9eb4-8bb4a858c345,,,13.16
2026-08-10 16:43:49.575850+00:00,orchestrator,xai_latency_ms,0.0019000017346115783,normal,f398aa60-da48-45c3-9eb4-8bb4a858c345,,deterministic,13.16
2026-08-10 16:43:49.577849+00:00,orchestrator,events_received,327.0,normal,f398aa60-da48-45c3-9eb4-8bb4a858c345,,,13.16
2026-08-10 16:43:49.580850+00:00,generator,events_sent,328.0,normal,f398aa60-da48-45c3-9eb4-8bb4a858c345,,,13.16
2026-08-10 16:43:49.581849+00:00,generator,throughput_eps,25.006443160144354,normal,f398aa60-da48-45c3-9eb4-8bb4a858c345,,,13.16
2026-08-10 16:43:49.600849+00:00,detector,events_processed,328.0,normal,f398aa60-da48-45c3-9eb4-8bb4a858c345,,,13.18
2026-08-10 16:43:49.601849+00:00,detector,alerts_emitted,328.0,normal,f398aa60-da48-45c3-9eb4-8bb4a858c345,,,13.18
2026-08-10 16:43:49.601849+00:00,detector,throughput_eps,25.004681376443838,normal,f398aa60-da48-45c3-9eb4-8bb4a858c345,,,13.18
2026-08-10 16:43:49.601849+00:00,detector,queue_wait_ms,2.000732421875,normal,f398aa60-da48-45c3-9eb4-8bb4a858c345,,,13.18
2026-08-10 16:43:49.601849+00:00,detector,stage_latency_ms,19.52960000016901,normal,f398aa60-da48-45c3-9eb4-8bb4a858c345,,,13.18
2026-08-10 16:43:49.601849+00:00,detector,end_to_end_latency_ms,21.000732421875,normal,f398aa60-da48-45c3-9eb4-8bb4a858c345,,,13.18
2026-08-10 16:43:49.602849+00:00,orchestrator,events_processed,327.0,normal,f398aa60-da48-45c3-9eb4-8bb4a858c345,,,13.18
2026-08-10 16:43:49.602849+00:00,orchestrator,throughput_eps,24.919063785152485,normal,f398aa60-da48-45c3-9eb4-8bb4a858c345,,,13.18
2026-08-10 16:43:49.602849+00:00,orchestrator,queue_wait_ms,19.0009765625,normal,f398aa60-da48-45c3-9eb4-8bb4a858c345,,,13.18
2026-08-10 16:43:49.603849+00:00,orchestrator,end_to_end_latency_ms,63.001220703125,normal,f398aa60-da48-45c3-9eb4-8bb4a858c345,,,13.18
2026-08-10 16:43:49.603849+00:00,orchestrator,xai_latency_ms,0.0017999991541728377,normal,f398aa60-da48-45c3-9eb4-8bb4a858c345,,deterministic,13.18
2026-08-10 16:43:49.603849+00:00,orchestrator,stage_latency_ms,24.686699998710537,normal,f398aa60-da48-45c3-9eb4-8bb4a858c345,,,13.18
2026-08-10 16:43:49.605849+00:00,orchestrator,events_received,328.0,normal,f398aa60-da48-45c3-9eb4-8bb4a858c345,,,13.19
2026-08-10 16:43:49.621849+00:00,generator,events_sent,329.0,normal,f398aa60-da48-45c3-9eb4-8bb4a858c345,,,13.2
2026-08-10 16:43:49.621849+00:00,generator,throughput_eps,25.003678541180648,normal,f398aa60-da48-45c3-9eb4-8bb4a858c345,,,13.2
2026-08-10 16:43:49.631850+00:00,orchestrator,events_processed,328.0,normal,f398aa60-da48-45c3-9eb4-8bb4a858c345,,,13.21
2026-08-10 16:43:49.631850+00:00,orchestrator,throughput_eps,24.97805355697924,normal,f398aa60-da48-45c3-9eb4-8bb4a858c345,,,13.21
2026-08-10 16:43:49.631850+00:00,orchestrator,queue_wait_ms,7.000732421875,normal,f398aa60-da48-45c3-9eb4-8bb4a858c345,,,13.21
2026-08-10 16:43:49.631850+00:00,orchestrator,stage_latency_ms,25.251500001104432,normal,f398aa60-da48-45c3-9eb4-8bb4a858c345,,,13.21
2026-08-10 16:43:49.631850+00:00,orchestrator,end_to_end_latency_ms,52.00244140625,normal,f398aa60-da48-45c3-9eb4-8bb4a858c345,,,13.21
2026-08-10 16:43:49.632850+00:00,orchestrator,xai_latency_ms,0.0015999994502635673,normal,f398aa60-da48-45c3-9eb4-8bb4a858c345,,deterministic,13.21
2026-08-10 16:43:49.640851+00:00,detector,events_processed,329.0,normal,f398aa60-da48-45c3-9eb4-8bb4a858c345,,,13.22
2026-08-10 16:43:49.640851+00:00,detector,alerts_emitted,329.0,normal,f398aa60-da48-45c3-9eb4-8bb4a858c345,,,13.22
2026-08-10 16:43:49.641851+00:00,detector,stage_latency_ms,19.058900001255097,normal,f398aa60-da48-45c3-9eb4-8bb4a858c345,,,13.22
2026-08-10 16:43:49.641851+00:00,detector,end_to_end_latency_ms,21.003173828125,normal,f398aa60-da48-45c3-9eb4-8bb4a858c345,,,13.22
2026-08-10 16:43:49.641851+00:00,detector,queue_wait_ms,2.0009765625,normal,f398aa60-da48-45c3-9eb4-8bb4a858c345,,,13.22
2026-08-10 16:43:49.641851+00:00,detector,throughput_eps,25.003768568004517,normal,f398aa60-da48-45c3-9eb4-8bb4a858c345,,,13.22
2026-08-10 16:43:49.641851+00:00,orchestrator,events_received,329.0,normal,f398aa60-da48-45c3-9eb4-8bb4a858c345,,,13.22
2026-08-10 16:43:49.661849+00:00,generator,events_sent,330.0,normal,f398aa60-da48-45c3-9eb4-8bb4a858c345,,,13.24
2026-08-10 16:43:49.661849+00:00,generator,throughput_eps,25.00335545030035,normal,f398aa60-da48-45c3-9eb4-8bb4a858c345,,,13.24
2026-08-10 16:43:49.666851+00:00,orchestrator,events_processed,329.0,normal,f398aa60-da48-45c3-9eb4-8bb4a858c345,,,13.25
2026-08-10 16:43:49.666851+00:00,orchestrator,throughput_eps,25.001547095735948,normal,f398aa60-da48-45c3-9eb4-8bb4a858c345,,,13.25
2026-08-10 16:43:49.666851+00:00,orchestrator,queue_wait_ms,3.000244140625,normal,f398aa60-da48-45c3-9eb4-8bb4a858c345,,,13.25
2026-08-10 16:43:49.667849+00:00,orchestrator,stage_latency_ms,25.42889999858744,normal,f398aa60-da48-45c3-9eb4-8bb4a858c345,,,13.25
2026-08-10 16:43:49.667849+00:00,orchestrator,end_to_end_latency_ms,47.00341796875,normal,f398aa60-da48-45c3-9eb4-8bb4a858c345,,,13.25
2026-08-10 16:43:49.667849+00:00,orchestrator,xai_latency_ms,0.0018000009731622413,normal,f398aa60-da48-45c3-9eb4-8bb4a858c345,,deterministic,13.25
2026-08-10 16:43:49.680848+00:00,detector,events_processed,330.0,normal,f398aa60-da48-45c3-9eb4-8bb4a858c345,,,13.26
2026-08-10 16:43:49.681849+00:00,detector,stage_latency_ms,19.088900000497233,normal,f398aa60-da48-45c3-9eb4-8bb4a858c345,,,13.26
2026-08-10 16:43:49.681849+00:00,detector,queue_wait_ms,1.99267578125,normal,f398aa60-da48-45c3-9eb4-8bb4a858c345,,,13.26
2026-08-10 16:43:49.681849+00:00,detector,alerts_emitted,330.0,normal,f398aa60-da48-45c3-9eb4-8bb4a858c345,,,13.26
2026-08-10 16:43:49.681849+00:00,detector,throughput_eps,25.006390633190346,normal,f398aa60-da48-45c3-9eb4-8bb4a858c345,,,13.26
2026-08-10 16:43:49.682849+00:00,detector,end_to_end_latency_ms,20.99169921875,normal,f398aa60-da48-45c3-9eb4-8bb4a858c345,,,13.26
2026-08-10 16:43:49.701849+00:00,generator,events_sent,331.0,normal,f398aa60-da48-45c3-9eb4-8bb4a858c345,,,13.28
2026-08-10 16:43:49.701849+00:00,generator,throughput_eps,25.005464694255778,normal,f398aa60-da48-45c3-9eb4-8bb4a858c345,,,13.28
2026-08-10 16:43:49.706361+00:00,orchestrator,events_processed,330.0,normal,f398aa60-da48-45c3-9eb4-8bb4a858c345,,,13.29
2026-08-10 16:43:49.706361+00:00,orchestrator,throughput_eps,25.008019071400835,normal,f398aa60-da48-45c3-9eb4-8bb4a858c345,,,13.29
2026-08-10 16:43:49.707359+00:00,orchestrator,queue_wait_ms,3.00048828125,normal,f398aa60-da48-45c3-9eb4-8bb4a858c345,,,13.29
2026-08-10 16:43:49.707359+00:00,orchestrator,stage_latency_ms,24.786399999356945,normal,f398aa60-da48-45c3-9eb4-8bb4a858c345,,,13.29
2026-08-10 16:43:49.707359+00:00,orchestrator,end_to_end_latency_ms,46.50390625,normal,f398aa60-da48-45c3-9eb4-8bb4a858c345,,,13.29
2026-08-10 16:43:49.707359+00:00,orchestrator,xai_latency_ms,0.002499999027349986,normal,f398aa60-da48-45c3-9eb4-8bb4a858c345,,deterministic,13.29
2026-08-10 16:43:49.720361+00:00,detector,events_processed,331.0,normal,f398aa60-da48-45c3-9eb4-8bb4a858c345,,,13.3
2026-08-10 16:43:49.721359+00:00,detector,stage_latency_ms,18.669500001124106,normal,f398aa60-da48-45c3-9eb4-8bb4a858c345,,,13.3
2026-08-10 16:43:49.721359+00:00,detector,queue_wait_ms,2.0009765625,normal,f398aa60-da48-45c3-9eb4-8bb4a858c345,,,13.3
2026-08-10 16:43:49.721359+00:00,detector,alerts_emitted,331.0,normal,f398aa60-da48-45c3-9eb4-8bb4a858c345,,,13.3
2026-08-10 16:43:49.721359+00:00,orchestrator,events_received,331.0,normal,f398aa60-da48-45c3-9eb4-8bb4a858c345,,,13.3
2026-08-10 16:43:49.722361+00:00,detector,end_to_end_latency_ms,20.512939453125,normal,f398aa60-da48-45c3-9eb4-8bb4a858c345,,,13.3
2026-08-10 16:43:49.742359+00:00,generator,events_sent,332.0,normal,f398aa60-da48-45c3-9eb4-8bb4a858c345,,,13.32
2026-08-10 16:43:49.742359+00:00,generator,throughput_eps,24.997833857051596,normal,f398aa60-da48-45c3-9eb4-8bb4a858c345,,,13.32
2026-08-10 16:43:49.746360+00:00,orchestrator,events_processed,331.0,normal,f398aa60-da48-45c3-9eb4-8bb4a858c345,,,13.33
2026-08-10 16:43:49.747361+00:00,orchestrator,throughput_eps,25.008623973897475,normal,f398aa60-da48-45c3-9eb4-8bb4a858c345,,,13.33
2026-08-10 16:43:49.747361+00:00,orchestrator,queue_wait_ms,2.99951171875,normal,f398aa60-da48-45c3-9eb4-8bb4a858c345,,,13.33
2026-08-10 16:43:49.747361+00:00,orchestrator,stage_latency_ms,25.1484000000346,normal,f398aa60-da48-45c3-9eb4-8bb4a858c345,,,13.33
2026-08-10 16:43:49.747361+00:00,orchestrator,end_to_end_latency_ms,46.51171875,normal,f398aa60-da48-45c3-9eb4-8bb4a858c345,,,13.33
2026-08-10 16:43:49.748359+00:00,orchestrator,xai_latency_ms,0.0022999993234407157,normal,f398aa60-da48-45c3-9eb4-8bb4a858c345,,deterministic,13.33
2026-08-10 16:43:49.761359+00:00,orchestrator,events_received,332.0,normal,f398aa60-da48-45c3-9eb4-8bb4a858c345,,,13.34
2026-08-10 16:43:49.761359+00:00,detector,throughput_eps,25.00023236103483,normal,f398aa60-da48-45c3-9eb4-8bb4a858c345,,,13.34
2026-08-10 16:43:49.761359+00:00,detector,alerts_emitted,332.0,normal,f398aa60-da48-45c3-9eb4-8bb4a858c345,,,13.34
2026-08-10 16:43:49.761359+00:00,detector,events_processed,332.0,normal,f398aa60-da48-45c3-9eb4-8bb4a858c345,,,13.34
2026-08-10 16:43:49.762359+00:00,detector,queue_wait_ms,2.000244140625,normal,f398aa60-da48-45c3-9eb4-8bb4a858c345,,,13.34
2026-08-10 16:43:49.762359+00:00,detector,stage_latency_ms,18.667000000277767,normal,f398aa60-da48-45c3-9eb4-8bb4a858c345,,,13.34
2026-08-10 16:43:49.762359+00:00,detector,end_to_end_latency_ms,21.0,normal,f398aa60-da48-45c3-9eb4-8bb4a858c345,,,13.34
2026-08-10 16:43:49.782361+00:00,generator,events_sent,333.0,normal,f398aa60-da48-45c3-9eb4-8bb4a858c345,,,13.36
2026-08-10 16:43:49.782361+00:00,generator,throughput_eps,24.998798444844457,normal,f398aa60-da48-45c3-9eb4-8bb4a858c345,,,13.36
2026-08-10 16:43:49.786881+00:00,orchestrator,events_processed,332.0,normal,f398aa60-da48-45c3-9eb4-8bb4a858c345,,,13.37
2026-08-10 16:43:49.786881+00:00,orchestrator,throughput_eps,25.00002150001849,normal,f398aa60-da48-45c3-9eb4-8bb4a858c345,,,13.37
2026-08-10 16:43:49.786881+00:00,orchestrator,queue_wait_ms,1.998046875,normal,f398aa60-da48-45c3-9eb4-8bb4a858c345,,,13.37
2026-08-10 16:43:49.787879+00:00,orchestrator,stage_latency_ms,25.21379999961937,normal,f398aa60-da48-45c3-9eb4-8bb4a858c345,,,13.37
2026-08-10 16:43:49.787879+00:00,orchestrator,end_to_end_latency_ms,46.521728515625,normal,f398aa60-da48-45c3-9eb4-8bb4a858c345,,,13.37
2026-08-10 16:43:49.787879+00:00,orchestrator,xai_latency_ms,0.0017000002117129043,normal,f398aa60-da48-45c3-9eb4-8bb4a858c345,,deterministic,13.37
2026-08-10 16:43:49.800879+00:00,detector,events_processed,333.0,normal,f398aa60-da48-45c3-9eb4-8bb4a858c345,,,13.38
2026-08-10 16:43:49.801879+00:00,detector,stage_latency_ms,18.67379999930563,normal,f398aa60-da48-45c3-9eb4-8bb4a858c345,,,13.38
2026-08-10 16:43:49.801879+00:00,detector,queue_wait_ms,2.001953125,normal,f398aa60-da48-45c3-9eb4-8bb4a858c345,,,13.38
2026-08-10 16:43:49.801879+00:00,detector,alerts_emitted,333.0,normal,f398aa60-da48-45c3-9eb4-8bb4a858c345,,,13.38
2026-08-10 16:43:49.801879+00:00,detector,throughput_eps,25.001760123917375,normal,f398aa60-da48-45c3-9eb4-8bb4a858c345,,,13.38
2026-08-10 16:43:49.802879+00:00,detector,end_to_end_latency_ms,20.52001953125,normal,f398aa60-da48-45c3-9eb4-8bb4a858c345,,,13.38
2026-08-10 16:43:49.821878+00:00,generator,events_sent,334.0,normal,f398aa60-da48-45c3-9eb4-8bb4a858c345,,,13.4
2026-08-10 16:43:49.821878+00:00,generator,throughput_eps,25.000859029517837,normal,f398aa60-da48-45c3-9eb4-8bb4a858c345,,,13.4
2026-08-10 16:43:49.825878+00:00,orchestrator,events_processed,333.0,normal,f398aa60-da48-45c3-9eb4-8bb4a858c345,,,13.41
2026-08-10 16:43:49.826878+00:00,orchestrator,throughput_eps,25.001317069379777,normal,f398aa60-da48-45c3-9eb4-8bb4a858c345,,,13.41
2026-08-10 16:43:49.826878+00:00,orchestrator,queue_wait_ms,3.000732421875,normal,f398aa60-da48-45c3-9eb4-8bb4a858c345,,,13.41
2026-08-10 16:43:49.826878+00:00,orchestrator,stage_latency_ms,24.7921000009228,normal,f398aa60-da48-45c3-9eb4-8bb4a858c345,,,13.41
2026-08-10 16:43:49.826878+00:00,orchestrator,end_to_end_latency_ms,45.5185546875,normal,f398aa60-da48-45c3-9eb4-8bb4a858c345,,,13.41
2026-08-10 16:43:49.826878+00:00,orchestrator,xai_latency_ms,0.0018999999156221747,normal,f398aa60-da48-45c3-9eb4-8bb4a858c345,,deterministic,13.41
2026-08-10 16:43:49.840879+00:00,detector,events_processed,334.0,normal,f398aa60-da48-45c3-9eb4-8bb4a858c345,,,13.42
2026-08-10 16:43:49.840879+00:00,detector,alerts_emitted,334.0,normal,f398aa60-da48-45c3-9eb4-8bb4a858c345,,,13.42
2026-08-10 16:43:49.841880+00:00,detector,throughput_eps,25.00065101695277,normal,f398aa60-da48-45c3-9eb4-8bb4a858c345,,,13.42
2026-08-10 16:43:49.841880+00:00,detector,end_to_end_latency_ms,20.964111328125,normal,f398aa60-da48-45c3-9eb4-8bb4a858c345,,,13.42
2026-08-10 16:43:49.841880+00:00,detector,stage_latency_ms,18.94210000136809,normal,f398aa60-da48-45c3-9eb4-8bb4a858c345,,,13.42
2026-08-10 16:43:49.841880+00:00,orchestrator,events_received,334.0,normal,f398aa60-da48-45c3-9eb4-8bb4a858c345,,,13.42
2026-08-10 16:43:49.841880+00:00,detector,queue_wait_ms,1.963134765625,normal,f398aa60-da48-45c3-9eb4-8bb4a858c345,,,13.42
2026-08-10 16:43:49.861878+00:00,generator,events_sent,335.0,normal,f398aa60-da48-45c3-9eb4-8bb4a858c345,,,13.44
2026-08-10 16:43:49.861878+00:00,generator,throughput_eps,25.002112577696742,normal,f398aa60-da48-45c3-9eb4-8bb4a858c345,,,13.44
2026-08-10 16:43:49.866879+00:00,orchestrator,events_processed,334.0,normal,f398aa60-da48-45c3-9eb4-8bb4a858c345,,,13.45
2026-08-10 16:43:49.866879+00:00,orchestrator,throughput_eps,25.0003845059129,normal,f398aa60-da48-45c3-9eb4-8bb4a858c345,,,13.45
2026-08-10 16:43:49.866879+00:00,orchestrator,queue_wait_ms,3.002685546875,normal,f398aa60-da48-45c3-9eb4-8bb4a858c345,,,13.45
2026-08-10 16:43:49.867879+00:00,orchestrator,xai_latency_ms,0.0018999999156221747,normal,f398aa60-da48-45c3-9eb4-8bb4a858c345,,deterministic,13.45
2026-08-10 16:43:49.867879+00:00,orchestrator,stage_latency_ms,25.38040000035835,normal,f398aa60-da48-45c3-9eb4-8bb4a858c345,,,13.45
2026-08-10 16:43:49.867879+00:00,orchestrator,end_to_end_latency_ms,46.96435546875,normal,f398aa60-da48-45c3-9eb4-8bb4a858c345,,,13.45
2026-08-10 16:43:49.881879+00:00,detector,events_processed,335.0,normal,f398aa60-da48-45c3-9eb4-8bb4a858c345,,,13.46
2026-08-10 16:43:49.882878+00:00,detector,throughput_eps,24.99310724367236,normal,f398aa60-da48-45c3-9eb4-8bb4a858c345,,,13.46
2026-08-10 16:43:49.882878+00:00,detector,end_to_end_latency_ms,22.0009765625,normal,f398aa60-da48-45c3-9eb4-8bb4a858c345,,,13.46
2026-08-10 16:43:49.882878+00:00,detector,stage_latency_ms,20.196100000248407,normal,f398aa60-da48-45c3-9eb4-8bb4a858c345,,,13.46
2026-08-10 16:43:49.882878+00:00,detector,alerts_emitted,335.0,normal,f398aa60-da48-45c3-9eb4-8bb4a858c345,,,13.46
2026-08-10 16:43:49.882878+00:00,orchestrator,events_received,335.0,normal,f398aa60-da48-45c3-9eb4-8bb4a858c345,,,13.46
2026-08-10 16:43:49.882878+00:00,detector,queue_wait_ms,1.999755859375,normal,f398aa60-da48-45c3-9eb4-8bb4a858c345,,,13.46
2026-08-10 16:43:49.901878+00:00,generator,events_sent,336.0,normal,f398aa60-da48-45c3-9eb4-8bb4a858c345,,,13.48
2026-08-10 16:43:49.901878+00:00,generator,throughput_eps,25.002770807056514,normal,f398aa60-da48-45c3-9eb4-8bb4a858c345,,,13.48
2026-08-10 16:43:49.907248+00:00,orchestrator,events_processed,335.0,normal,f398aa60-da48-45c3-9eb4-8bb4a858c345,,,13.49
2026-08-10 16:43:49.907248+00:00,orchestrator,throughput_eps,24.992889623684036,normal,f398aa60-da48-45c3-9eb4-8bb4a858c345,,,13.49
2026-08-10 16:43:49.907248+00:00,orchestrator,queue_wait_ms,3.000732421875,normal,f398aa60-da48-45c3-9eb4-8bb4a858c345,,,13.49
2026-08-10 16:43:49.908249+00:00,orchestrator,stage_latency_ms,24.62999999988824,normal,f398aa60-da48-45c3-9eb4-8bb4a858c345,,,13.49
2026-08-10 16:43:49.908249+00:00,orchestrator,end_to_end_latency_ms,47.369873046875,normal,f398aa60-da48-45c3-9eb4-8bb4a858c345,,,13.49
2026-08-10 16:43:49.908249+00:00,orchestrator,xai_latency_ms,0.002099999619531445,normal,f398aa60-da48-45c3-9eb4-8bb4a858c345,,deterministic,13.49
2026-08-10 16:43:49.921250+00:00,detector,throughput_eps,25.003364868152477,normal,f398aa60-da48-45c3-9eb4-8bb4a858c345,,,13.5
2026-08-10 16:43:49.921250+00:00,detector,alerts_emitted,336.0,normal,f398aa60-da48-45c3-9eb4-8bb4a858c345,,,13.5
2026-08-10 16:43:49.921250+00:00,detector,events_processed,336.0,normal,f398aa60-da48-45c3-9eb4-8bb4a858c345,,,13.5
2026-08-10 16:43:49.922249+00:00,detector,queue_wait_ms,1.999755859375,normal,f398aa60-da48-45c3-9eb4-8bb4a858c345,,,13.5
2026-08-10 16:43:49.922249+00:00,detector,stage_latency_ms,18.90129999992496,normal,f398aa60-da48-45c3-9eb4-8bb4a858c345,,,13.5
2026-08-10 16:43:49.922249+00:00,detector,end_to_end_latency_ms,21.3720703125,normal,f398aa60-da48-45c3-9eb4-8bb4a858c345,,,13.5
2026-08-10 16:43:49.942249+00:00,generator,events_sent,337.0,normal,f398aa60-da48-45c3-9eb4-8bb4a858c345,,,13.52
2026-08-10 16:43:49.942249+00:00,generator,throughput_eps,24.99946624122729,normal,f398aa60-da48-45c3-9eb4-8bb4a858c345,,,13.52
2026-08-10 16:43:49.947252+00:00,orchestrator,events_processed,336.0,normal,f398aa60-da48-45c3-9eb4-8bb4a858c345,,,13.53
2026-08-10 16:43:49.947252+00:00,orchestrator,throughput_eps,25.002813320585243,normal,f398aa60-da48-45c3-9eb4-8bb4a858c345,,,13.53
2026-08-10 16:43:49.947252+00:00,orchestrator,queue_wait_ms,3.000732421875,normal,f398aa60-da48-45c3-9eb4-8bb4a858c345,,,13.53
2026-08-10 16:43:49.948249+00:00,orchestrator,end_to_end_latency_ms,47.3740234375,normal,f398aa60-da48-45c3-9eb4-8bb4a858c345,,,13.53
2026-08-10 16:43:49.948249+00:00,orchestrator,stage_latency_ms,25.570300000254065,normal,f398aa60-da48-45c3-9eb4-8bb4a858c345,,,13.53
2026-08-10 16:43:49.948249+00:00,orchestrator,xai_latency_ms,0.0018000009731622413,normal,f398aa60-da48-45c3-9eb4-8bb4a858c345,,deterministic,13.53
2026-08-10 16:43:49.962249+00:00,detector,queue_wait_ms,2.00146484375,normal,f398aa60-da48-45c3-9eb4-8bb4a858c345,,,13.54
2026-08-10 16:43:49.962249+00:00,orchestrator,events_received,337.0,normal,f398aa60-da48-45c3-9eb4-8bb4a858c345,,,13.54
2026-08-10 16:43:49.962249+00:00,detector,throughput_eps,24.99912251064551,normal,f398aa60-da48-45c3-9eb4-8bb4a858c345,,,13.54
2026-08-10 16:43:49.962249+00:00,detector,alerts_emitted,337.0,normal,f398aa60-da48-45c3-9eb4-8bb4a858c345,,,13.54
2026-08-10 16:43:49.962249+00:00,detector,events_processed,337.0,normal,f398aa60-da48-45c3-9eb4-8bb4a858c345,,,13.54
2026-08-10 16:43:49.963248+00:00,detector,stage_latency_ms,19.54440000008617,normal,f398aa60-da48-45c3-9eb4-8bb4a858c345,,,13.54
2026-08-10 16:43:49.963248+00:00,detector,end_to_end_latency_ms,22.001953125,normal,f398aa60-da48-45c3-9eb4-8bb4a858c345,,,13.54
2026-08-10 16:43:49.982248+00:00,generator,events_sent,338.0,normal,f398aa60-da48-45c3-9eb4-8bb4a858c345,,,13.56
2026-08-10 16:43:49.982248+00:00,generator,throughput_eps,24.998334788338333,normal,f398aa60-da48-45c3-9eb4-8bb4a858c345,,,13.56
2026-08-10 16:43:50.001248+00:00,detector,events_processed,338.0,normal,f398aa60-da48-45c3-9eb4-8bb4a858c345,,,13.58
2026-08-10 16:43:50.001248+00:00,detector,alerts_emitted,338.0,normal,f398aa60-da48-45c3-9eb4-8bb4a858c345,,,13.58
2026-08-10 16:43:50.002248+00:00,detector,throughput_eps,25.00172061841697,normal,f398aa60-da48-45c3-9eb4-8bb4a858c345,,,13.58
2026-08-10 16:43:50.002248+00:00,detector,queue_wait_ms,2.0,normal,f398aa60-da48-45c3-9eb4-8bb4a858c345,,,13.58
2026-08-10 16:43:50.002248+00:00,detector,stage_latency_ms,18.906499999502557,normal,f398aa60-da48-45c3-9eb4-8bb4a858c345,,,13.58
2026-08-10 16:43:50.002248+00:00,detector,end_to_end_latency_ms,21.0,normal,f398aa60-da48-45c3-9eb4-8bb4a858c345,,,13.58
2026-08-10 16:43:50.022248+00:00,generator,throughput_eps,24.998585261519562,normal,f398aa60-da48-45c3-9eb4-8bb4a858c345,,,13.6
2026-08-10 16:43:50.022248+00:00,generator,events_sent,339.0,normal,f398aa60-da48-45c3-9eb4-8bb4a858c345,,,13.6
2026-08-10 16:43:50.037249+00:00,orchestrator,events_processed,337.0,normal,f398aa60-da48-45c3-9eb4-8bb4a858c345,,,13.62
2026-08-10 16:43:50.037249+00:00,orchestrator,throughput_eps,24.766639859633177,normal,f398aa60-da48-45c3-9eb4-8bb4a858c345,,,13.62
2026-08-10 16:43:50.038248+00:00,orchestrator,queue_wait_ms,3.00146484375,normal,f398aa60-da48-45c3-9eb4-8bb4a858c345,,,13.62
2026-08-10 16:43:50.038248+00:00,orchestrator,stage_latency_ms,74.98649999979534,normal,f398aa60-da48-45c3-9eb4-8bb4a858c345,,,13.62
2026-08-10 16:43:50.038248+00:00,orchestrator,end_to_end_latency_ms,97.00146484375,normal,f398aa60-da48-45c3-9eb4-8bb4a858c345,,,13.62
2026-08-10 16:43:50.038248+00:00,orchestrator,xai_latency_ms,0.0020000006770715117,normal,f398aa60-da48-45c3-9eb4-8bb4a858c345,,deterministic,13.62
2026-08-10 16:43:50.041248+00:00,orchestrator,events_received,338.0,normal,f398aa60-da48-45c3-9eb4-8bb4a858c345,,,13.62
2026-08-10 16:43:50.041248+00:00,detector,events_processed,339.0,normal,f398aa60-da48-45c3-9eb4-8bb4a858c345,,,13.62
2026-08-10 16:43:50.041248+00:00,detector,alerts_emitted,339.0,normal,f398aa60-da48-45c3-9eb4-8bb4a858c345,,,13.62
2026-08-10 16:43:50.042249+00:00,detector,stage_latency_ms,18.974800001160474,normal,f398aa60-da48-45c3-9eb4-8bb4a858c345,,,13.62
2026-08-10 16:43:50.042249+00:00,detector,throughput_eps,25.01833894280748,normal,f398aa60-da48-45c3-9eb4-8bb4a858c345,,,13.62
2026-08-10 16:43:50.042249+00:00,detector,queue_wait_ms,2.001220703125,normal,f398aa60-da48-45c3-9eb4-8bb4a858c345,,,13.62
2026-08-10 16:43:50.042249+00:00,detector,end_to_end_latency_ms,21.00048828125,normal,f398aa60-da48-45c3-9eb4-8bb4a858c345,,,13.62
2026-08-10 16:43:50.062249+00:00,generator,throughput_eps,24.99786862930737,normal,f398aa60-da48-45c3-9eb4-8bb4a858c345,,,13.64
2026-08-10 16:43:50.062249+00:00,generator,events_sent,340.0,normal,f398aa60-da48-45c3-9eb4-8bb4a858c345,,,13.64
2026-08-10 16:43:50.065764+00:00,orchestrator,events_processed,338.0,normal,f398aa60-da48-45c3-9eb4-8bb4a858c345,,,13.65
2026-08-10 16:43:50.065764+00:00,orchestrator,throughput_eps,24.825464968944118,normal,f398aa60-da48-45c3-9eb4-8bb4a858c345,,,13.65
2026-08-10 16:43:50.065764+00:00,orchestrator,queue_wait_ms,42.0,normal,f398aa60-da48-45c3-9eb4-8bb4a858c345,,,13.65
2026-08-10 16:43:50.066764+00:00,orchestrator,stage_latency_ms,24.515599998267135,normal,f398aa60-da48-45c3-9eb4-8bb4a858c345,,,13.65
2026-08-10 16:43:50.066764+00:00,orchestrator,end_to_end_latency_ms,85.515625,normal,f398aa60-da48-45c3-9eb4-8bb4a858c345,,,13.65
2026-08-10 16:43:50.066764+00:00,orchestrator,xai_latency_ms,0.0017999991541728377,normal,f398aa60-da48-45c3-9eb4-8bb4a858c345,,deterministic,13.65
2026-08-10 16:43:50.069764+00:00,orchestrator,events_received,339.0,normal,f398aa60-da48-45c3-9eb4-8bb4a858c345,,,13.65
2026-08-10 16:43:50.081764+00:00,detector,events_processed,340.0,normal,f398aa60-da48-45c3-9eb4-8bb4a858c345,,,13.66
2026-08-10 16:43:50.081764+00:00,detector,alerts_emitted,340.0,normal,f398aa60-da48-45c3-9eb4-8bb4a858c345,,,13.66
2026-08-10 16:43:50.081764+00:00,detector,throughput_eps,25.003750058396573,normal,f398aa60-da48-45c3-9eb4-8bb4a858c345,,,13.66
2026-08-10 16:43:50.082764+00:00,detector,stage_latency_ms,19.10700000007637,normal,f398aa60-da48-45c3-9eb4-8bb4a858c345,,,13.66
2026-08-10 16:43:50.082764+00:00,detector,queue_wait_ms,2.001953125,normal,f398aa60-da48-45c3-9eb4-8bb4a858c345,,,13.66
2026-08-10 16:43:50.082764+00:00,detector,end_to_end_latency_ms,21.517822265625,normal,f398aa60-da48-45c3-9eb4-8bb4a858c345,,,13.66
2026-08-10 16:43:50.094764+00:00,orchestrator,stage_latency_ms,25.065199999517063,normal,f398aa60-da48-45c3-9eb4-8bb4a858c345,,,13.67
2026-08-10 16:43:50.094764+00:00,orchestrator,queue_wait_ms,30.516357421875,normal,f398aa60-da48-45c3-9eb4-8bb4a858c345,,,13.67
2026-08-10 16:43:50.094764+00:00,orchestrator,events_processed,339.0,normal,f398aa60-da48-45c3-9eb4-8bb4a858c345,,,13.67
2026-08-10 16:43:50.094764+00:00,orchestrator,throughput_eps,24.861098137556606,normal,f398aa60-da48-45c3-9eb4-8bb4a858c345,,,13.67
2026-08-10 16:43:50.095764+00:00,orchestrator,end_to_end_latency_ms,74.5166015625,normal,f398aa60-da48-45c3-9eb4-8bb4a858c345,,,13.68
2026-08-10 16:43:50.095764+00:00,orchestrator,xai_latency_ms,0.002200000380980782,normal,f398aa60-da48-45c3-9eb4-8bb4a858c345,,deterministic,13.68
2026-08-10 16:43:50.097764+00:00,orchestrator,events_received,340.0,normal,f398aa60-da48-45c3-9eb4-8bb4a858c345,,,13.68
2026-08-10 16:43:50.100764+00:00,generator,events_sent,341.0,normal,f398aa60-da48-45c3-9eb4-8bb4a858c345,,,13.68
2026-08-10 16:43:50.101764+00:00,generator,throughput_eps,25.003393960697263,normal,f398aa60-da48-45c3-9eb4-8bb4a858c345,,,13.68
2026-08-10 16:43:50.120764+00:00,detector,alerts_emitted,341.0,normal,f398aa60-da48-45c3-9eb4-8bb4a858c345,,,13.7
2026-08-10 16:43:50.120764+00:00,detector,events_processed,341.0,normal,f398aa60-da48-45c3-9eb4-8bb4a858c345,,,13.7
2026-08-10 16:43:50.121764+00:00,detector,queue_wait_ms,2.0,normal,f398aa60-da48-45c3-9eb4-8bb4a858c345,,,13.7
2026-08-10 16:43:50.121764+00:00,detector,end_to_end_latency_ms,21.00048828125,normal,f398aa60-da48-45c3-9eb4-8bb4a858c345,,,13.7
2026-08-10 16:43:50.121764+00:00,detector,throughput_eps,25.007665849890117,normal,f398aa60-da48-45c3-9eb4-8bb4a858c345,,,13.7
2026-08-10 16:43:50.121764+00:00,detector,stage_latency_ms,19.397899999603396,normal,f398aa60-da48-45c3-9eb4-8bb4a858c345,,,13.7
2026-08-10 16:43:50.122764+00:00,orchestrator,throughput_eps,24.92521380556339,normal,f398aa60-da48-45c3-9eb4-8bb4a858c345,,,13.7
2026-08-10 16:43:50.122764+00:00,orchestrator,events_processed,340.0,normal,f398aa60-da48-45c3-9eb4-8bb4a858c345,,,13.7
2026-08-10 16:43:50.123764+00:00,orchestrator,queue_wait_ms,18.000732421875,normal,f398aa60-da48-45c3-9eb4-8bb4a858c345,,,13.7
2026-08-10 16:43:50.123764+00:00,orchestrator,stage_latency_ms,24.707300000955,normal,f398aa60-da48-45c3-9eb4-8bb4a858c345,,,13.7
2026-08-10 16:43:50.123764+00:00,orchestrator,end_to_end_latency_ms,62.517578125,normal,f398aa60-da48-45c3-9eb4-8bb4a858c345,,,13.7
2026-08-10 16:43:50.123764+00:00,orchestrator,xai_latency_ms,0.0027999994927085936,normal,f398aa60-da48-45c3-9eb4-8bb4a858c345,,deterministic,13.7
2026-08-10 16:43:50.126764+00:00,orchestrator,events_received,341.0,normal,f398aa60-da48-45c3-9eb4-8bb4a858c345,,,13.71
2026-08-10 16:43:50.140764+00:00,generator,events_sent,342.0,normal,f398aa60-da48-45c3-9eb4-8bb4a858c345,,,13.72
2026-08-10 16:43:50.141762+00:00,generator,throughput_eps,25.002963851335924,normal,f398aa60-da48-45c3-9eb4-8bb4a858c345,,,13.72
2026-08-10 16:43:50.151764+00:00,orchestrator,stage_latency_ms,24.93060000051628,normal,f398aa60-da48-45c3-9eb4-8bb4a858c345,,,13.73
2026-08-10 16:43:50.151764+00:00,orchestrator,queue_wait_ms,8.001953125,normal,f398aa60-da48-45c3-9eb4-8bb4a858c345,,,13.73
2026-08-10 16:43:50.151764+00:00,orchestrator,end_to_end_latency_ms,52.0,normal,f398aa60-da48-45c3-9eb4-8bb4a858c345,,,13.73
2026-08-10 16:43:50.151764+00:00,orchestrator,events_processed,341.0,normal,f398aa60-da48-45c3-9eb4-8bb4a858c345,,,13.73
2026-08-10 16:43:50.151764+00:00,orchestrator,throughput_eps,24.97660457563159,normal,f398aa60-da48-45c3-9eb4-8bb4a858c345,,,13.73
2026-08-10 16:43:50.152763+00:00,orchestrator,xai_latency_ms,0.0017000002117129043,normal,f398aa60-da48-45c3-9eb4-8bb4a858c345,,deterministic,13.73
2026-08-10 16:43:50.160764+00:00,detector,events_processed,342.0,normal,f398aa60-da48-45c3-9eb4-8bb4a858c345,,,13.74
2026-08-10 16:43:50.160764+00:00,detector,alerts_emitted,342.0,normal,f398aa60-da48-45c3-9eb4-8bb4a858c345,,,13.74
2026-08-10 16:43:50.160764+00:00,orchestrator,events_received,342.0,normal,f398aa60-da48-45c3-9eb4-8bb4a858c345,,,13.74
2026-08-10 16:43:50.160764+00:00,detector,throughput_eps,25.00397863308438,normal,f398aa60-da48-45c3-9eb4-8bb4a858c345,,,13.74
2026-08-10 16:43:50.160764+00:00,detector,queue_wait_ms,1.999267578125,normal,f398aa60-da48-45c3-9eb4-8bb4a858c345,,,13.74
2026-08-10 16:43:50.161763+00:00,detector,stage_latency_ms,18.87940000051458,normal,f398aa60-da48-45c3-9eb4-8bb4a858c345,,,13.74
2026-08-10 16:43:50.161763+00:00,detector,end_to_end_latency_ms,21.000732421875,normal,f398aa60-da48-45c3-9eb4-8bb4a858c345,,,13.74
2026-08-10 16:43:50.181764+00:00,generator,events_sent,343.0,normal,f398aa60-da48-45c3-9eb4-8bb4a858c345,,,13.76
2026-08-10 16:43:50.181764+00:00,generator,throughput_eps,24.99758793435785,normal,f398aa60-da48-45c3-9eb4-8bb4a858c345,,,13.76
2026-08-10 16:43:50.185765+00:00,orchestrator,xai_latency_ms,0.001999998858082108,normal,f398aa60-da48-45c3-9eb4-8bb4a858c345,,deterministic,13.77
2026-08-10 16:43:50.185765+00:00,orchestrator,stage_latency_ms,24.449900000035996,normal,f398aa60-da48-45c3-9eb4-8bb4a858c345,,,13.77
2026-08-10 16:43:50.185765+00:00,orchestrator,end_to_end_latency_ms,46.001708984375,normal,f398aa60-da48-45c3-9eb4-8bb4a858c345,,,13.77
2026-08-10 16:43:50.185765+00:00,orchestrator,throughput_eps,25.00706349515526,normal,f398aa60-da48-45c3-9eb4-8bb4a858c345,,,13.77
2026-08-10 16:43:50.185765+00:00,orchestrator,events_processed,342.0,normal,f398aa60-da48-45c3-9eb4-8bb4a858c345,,,13.77
2026-08-10 16:43:50.185765+00:00,orchestrator,queue_wait_ms,2.000732421875,normal,f398aa60-da48-45c3-9eb4-8bb4a858c345,,,13.77
2026-08-10 16:43:50.200795+00:00,detector,events_processed,343.0,normal,f398aa60-da48-45c3-9eb4-8bb4a858c345,,,13.78
2026-08-10 16:43:50.201766+00:00,detector,alerts_emitted,343.0,normal,f398aa60-da48-45c3-9eb4-8bb4a858c345,,,13.78
2026-08-10 16:43:50.201766+00:00,orchestrator,events_received,343.0,normal,f398aa60-da48-45c3-9eb4-8bb4a858c345,,,13.78
2026-08-10 16:43:50.201766+00:00,detector,throughput_eps,25.00220569459087,normal,f398aa60-da48-45c3-9eb4-8bb4a858c345,,,13.78
2026-08-10 16:43:50.201766+00:00,detector,queue_wait_ms,2.00048828125,normal,f398aa60-da48-45c3-9eb4-8bb4a858c345,,,13.78
2026-08-10 16:43:50.201766+00:00,detector,stage_latency_ms,18.89639999899373,normal,f398aa60-da48-45c3-9eb4-8bb4a858c345,,,13.78
2026-08-10 16:43:50.201766+00:00,detector,end_to_end_latency_ms,21.0322265625,normal,f398aa60-da48-45c3-9eb4-8bb4a858c345,,,13.78
2026-08-10 16:43:50.221763+00:00,generator,events_sent,344.0,normal,f398aa60-da48-45c3-9eb4-8bb4a858c345,,,13.8
2026-08-10 16:43:50.221763+00:00,generator,throughput_eps,24.99991481883619,normal,f398aa60-da48-45c3-9eb4-8bb4a858c345,,,13.8
2026-08-10 16:43:50.225273+00:00,orchestrator,events_processed,343.0,normal,f398aa60-da48-45c3-9eb4-8bb4a858c345,,,13.8
2026-08-10 16:43:50.226273+00:00,orchestrator,end_to_end_latency_ms,45.51025390625,normal,f398aa60-da48-45c3-9eb4-8bb4a858c345,,,13.81
2026-08-10 16:43:50.226273+00:00,orchestrator,stage_latency_ms,24.307300000145915,normal,f398aa60-da48-45c3-9eb4-8bb4a858c345,,,13.81
2026-08-10 16:43:50.226273+00:00,orchestrator,throughput_eps,25.007254104275454,normal,f398aa60-da48-45c3-9eb4-8bb4a858c345,,,13.81
2026-08-10 16:43:50.226273+00:00,orchestrator,queue_wait_ms,3.001220703125,normal,f398aa60-da48-45c3-9eb4-8bb4a858c345,,,13.81
2026-08-10 16:43:50.227273+00:00,orchestrator,xai_latency_ms,0.0015999994502635673,normal,f398aa60-da48-45c3-9eb4-8bb4a858c345,,deterministic,13.81
2026-08-10 16:43:50.240272+00:00,detector,events_processed,344.0,normal,f398aa60-da48-45c3-9eb4-8bb4a858c345,,,13.82
2026-08-10 16:43:50.240272+00:00,orchestrator,events_received,344.0,normal,f398aa60-da48-45c3-9eb4-8bb4a858c345,,,13.82
2026-08-10 16:43:50.240272+00:00,detector,alerts_emitted,344.0,normal,f398aa60-da48-45c3-9eb4-8bb4a858c345,,,13.82
2026-08-10 16:43:50.241275+00:00,detector,throughput_eps,25.01727042246529,normal,f398aa60-da48-45c3-9eb4-8bb4a858c345,,,13.82
2026-08-10 16:43:50.241275+00:00,detector,queue_wait_ms,2.00048828125,normal,f398aa60-da48-45c3-9eb4-8bb4a858c345,,,13.82
2026-08-10 16:43:50.241275+00:00,detector,stage_latency_ms,18.56930000030843,normal,f398aa60-da48-45c3-9eb4-8bb4a858c345,,,13.82
2026-08-10 16:43:50.241275+00:00,detector,end_to_end_latency_ms,20.509765625,normal,f398aa60-da48-45c3-9eb4-8bb4a858c345,,,13.82
2026-08-10 16:43:50.261780+00:00,generator,events_sent,345.0,normal,f398aa60-da48-45c3-9eb4-8bb4a858c345,,,13.84
2026-08-10 16:43:50.262786+00:00,generator,throughput_eps,24.998305558402464,normal,f398aa60-da48-45c3-9eb4-8bb4a858c345,,,13.84
2026-08-10 16:43:50.282787+00:00,detector,alerts_emitted,345.0,normal,f398aa60-da48-45c3-9eb4-8bb4a858c345,,,13.86
2026-08-10 16:43:50.282787+00:00,detector,throughput_eps,24.991505911161124,normal,f398aa60-da48-45c3-9eb4-8bb4a858c345,,,13.86
2026-08-10 16:43:50.282787+00:00,detector,events_processed,345.0,normal,f398aa60-da48-45c3-9eb4-8bb4a858c345,,,13.86
2026-08-10 16:43:50.282787+00:00,detector,queue_wait_ms,2.512451171875,normal,f398aa60-da48-45c3-9eb4-8bb4a858c345,,,13.86
2026-08-10 16:43:50.283788+00:00,detector,end_to_end_latency_ms,22.513916015625,normal,f398aa60-da48-45c3-9eb4-8bb4a858c345,,,13.86
2026-08-10 16:43:50.283788+00:00,detector,stage_latency_ms,19.905600000129198,normal,f398aa60-da48-45c3-9eb4-8bb4a858c345,,,13.86
2026-08-10 16:43:50.301786+00:00,generator,events_sent,346.0,normal,f398aa60-da48-45c3-9eb4-8bb4a858c345,,,13.88
2026-08-10 16:43:50.302418+00:00,generator,throughput_eps,25.000778524241223,normal,f398aa60-da48-45c3-9eb4-8bb4a858c345,,,13.88
2026-08-10 16:43:50.306786+00:00,orchestrator,events_processed,344.0,normal,f398aa60-da48-45c3-9eb4-8bb4a858c345,,,13.89
2026-08-10 16:43:50.306786+00:00,orchestrator,throughput_eps,25.049866267782377,normal,f398aa60-da48-45c3-9eb4-8bb4a858c345,,,13.89
2026-08-10 16:43:50.306786+00:00,orchestrator,queue_wait_ms,1.968017578125,normal,f398aa60-da48-45c3-9eb4-8bb4a858c345,,,13.89
2026-08-10 16:43:50.307786+00:00,orchestrator,stage_latency_ms,66.23139999828709,normal,f398aa60-da48-45c3-9eb4-8bb4a858c345,,,13.89
2026-08-10 16:43:50.307786+00:00,orchestrator,end_to_end_latency_ms,87.023193359375,normal,f398aa60-da48-45c3-9eb4-8bb4a858c345,,,13.89
2026-08-10 16:43:50.307786+00:00,orchestrator,xai_latency_ms,0.002099999619531445,normal,f398aa60-da48-45c3-9eb4-8bb4a858c345,,deterministic,13.89
2026-08-10 16:43:50.310353+00:00,orchestrator,events_received,345.0,normal,f398aa60-da48-45c3-9eb4-8bb4a858c345,,,13.89
2026-08-10 16:43:50.323353+00:00,detector,events_processed,346.0,normal,f398aa60-da48-45c3-9eb4-8bb4a858c345,,,13.9
2026-08-10 16:43:50.323353+00:00,detector,alerts_emitted,346.0,normal,f398aa60-da48-45c3-9eb4-8bb4a858c345,,,13.9
2026-08-10 16:43:50.323353+00:00,detector,throughput_eps,24.990538360480784,normal,f398aa60-da48-45c3-9eb4-8bb4a858c345,,,13.9
2026-08-10 16:43:50.323353+00:00,detector,queue_wait_ms,2.000732421875,normal,f398aa60-da48-45c3-9eb4-8bb4a858c345,,,13.9
2026-08-10 16:43:50.324355+00:00,detector,end_to_end_latency_ms,23.56787109375,normal,f398aa60-da48-45c3-9eb4-8bb4a858c345,,,13.9
2026-08-10 16:43:50.324355+00:00,detector,stage_latency_ms,21.087499999339343,normal,f398aa60-da48-45c3-9eb4-8bb4a858c345,,,13.9
2026-08-10 16:43:50.335354+00:00,orchestrator,events_processed,345.0,normal,f398aa60-da48-45c3-9eb4-8bb4a858c345,,,13.91
2026-08-10 16:43:50.335354+00:00,orchestrator,throughput_eps,25.052104870842452,normal,f398aa60-da48-45c3-9eb4-8bb4a858c345,,,13.91
2026-08-10 16:43:50.335354+00:00,orchestrator,queue_wait_ms,30.568359375,normal,f398aa60-da48-45c3-9eb4-8bb4a858c345,,,13.91
2026-08-10 16:43:50.335354+00:00,orchestrator,stage_latency_ms,24.444599999696948,normal,f398aa60-da48-45c3-9eb4-8bb4a858c345,,,13.91
2026-08-10 16:43:50.335354+00:00,orchestrator,end_to_end_latency_ms,75.080078125,normal,f398aa60-da48-45c3-9eb4-8bb4a858c345,,,13.91
2026-08-10 16:43:50.335354+00:00,orchestrator,xai_latency_ms,0.001999998858082108,normal,f398aa60-da48-45c3-9eb4-8bb4a858c345,,deterministic,13.91
2026-08-10 16:43:50.338353+00:00,orchestrator,events_received,346.0,normal,f398aa60-da48-45c3-9eb4-8bb4a858c345,,,13.92
2026-08-10 16:43:50.341353+00:00,generator,events_sent,347.0,normal,f398aa60-da48-45c3-9eb4-8bb4a858c345,,,13.92
2026-08-10 16:43:50.342352+00:00,generator,throughput_eps,25.000605357392843,normal,f398aa60-da48-45c3-9eb4-8bb4a858c345,,,13.92
2026-08-10 16:43:50.361354+00:00,detector,alerts_emitted,347.0,normal,f398aa60-da48-45c3-9eb4-8bb4a858c345,,,13.94
2026-08-10 16:43:50.361354+00:00,detector,events_processed,347.0,normal,f398aa60-da48-45c3-9eb4-8bb4a858c345,,,13.94
2026-08-10 16:43:50.362354+00:00,detector,stage_latency_ms,19.395699999222415,normal,f398aa60-da48-45c3-9eb4-8bb4a858c345,,,13.94
2026-08-10 16:43:50.362354+00:00,detector,end_to_end_latency_ms,21.00146484375,normal,f398aa60-da48-45c3-9eb4-8bb4a858c345,,,13.94
2026-08-10 16:43:50.362354+00:00,detector,throughput_eps,24.99731480457209,normal,f398aa60-da48-45c3-9eb4-8bb4a858c345,,,13.94
2026-08-10 16:43:50.362354+00:00,detector,queue_wait_ms,1.99951171875,normal,f398aa60-da48-45c3-9eb4-8bb4a858c345,,,13.94
2026-08-10 16:43:50.363353+00:00,orchestrator,events_processed,346.0,normal,f398aa60-da48-45c3-9eb4-8bb4a858c345,,,13.94
2026-08-10 16:43:50.363353+00:00,orchestrator,throughput_eps,25.05001084365424,normal,f398aa60-da48-45c3-9eb4-8bb4a858c345,,,13.94
2026-08-10 16:43:50.364355+00:00,orchestrator,queue_wait_ms,18.0,normal,f398aa60-da48-45c3-9eb4-8bb4a858c345,,,13.94
2026-08-10 16:43:50.364355+00:00,orchestrator,stage_latency_ms,25.203299999702722,normal,f398aa60-da48-45c3-9eb4-8bb4a858c345,,,13.94
2026-08-10 16:43:50.364355+00:00,orchestrator,end_to_end_latency_ms,63.5673828125,normal,f398aa60-da48-45c3-9eb4-8bb4a858c345,,,13.94
2026-08-10 16:43:50.365353+00:00,orchestrator,xai_latency_ms,0.0015999994502635673,normal,f398aa60-da48-45c3-9eb4-8bb4a858c345,,deterministic,13.94
2026-08-10 16:43:50.367353+00:00,orchestrator,events_received,347.0,normal,f398aa60-da48-45c3-9eb4-8bb4a858c345,,,13.95
2026-08-10 16:43:50.382353+00:00,generator,events_sent,348.0,normal,f398aa60-da48-45c3-9eb4-8bb4a858c345,,,13.96
2026-08-10 16:43:50.382353+00:00,generator,throughput_eps,24.998945608985288,normal,f398aa60-da48-45c3-9eb4-8bb4a858c345,,,13.96
2026-08-10 16:43:50.392354+00:00,orchestrator,events_processed,347.0,normal,f398aa60-da48-45c3-9eb4-8bb4a858c345,,,13.97
2026-08-10 16:43:50.392354+00:00,orchestrator,throughput_eps,25.047902610873148,normal,f398aa60-da48-45c3-9eb4-8bb4a858c345,,,13.97
2026-08-10 16:43:50.393352+00:00,orchestrator,xai_latency_ms,0.0020000006770715117,normal,f398aa60-da48-45c3-9eb4-8bb4a858c345,,deterministic,13.97
2026-08-10 16:43:50.393352+00:00,orchestrator,end_to_end_latency_ms,52.000732421875,normal,f398aa60-da48-45c3-9eb4-8bb4a858c345,,,13.97
2026-08-10 16:43:50.393352+00:00,orchestrator,stage_latency_ms,24.85770000021148,normal,f398aa60-da48-45c3-9eb4-8bb4a858c345,,,13.97
2026-08-10 16:43:50.393352+00:00,orchestrator,queue_wait_ms,7.99951171875,normal,f398aa60-da48-45c3-9eb4-8bb4a858c345,,,13.97
2026-08-10 16:43:50.402354+00:00,detector,events_processed,348.0,normal,f398aa60-da48-45c3-9eb4-8bb4a858c345,,,13.98
2026-08-10 16:43:50.402354+00:00,detector,alerts_emitted,348.0,normal,f398aa60-da48-45c3-9eb4-8bb4a858c345,,,13.98
2026-08-10 16:43:50.402354+00:00,orchestrator,events_received,348.0,normal,f398aa60-da48-45c3-9eb4-8bb4a858c345,,,13.98
2026-08-10 16:43:50.402354+00:00,detector,throughput_eps,25.00254310141364,normal,f398aa60-da48-45c3-9eb4-8bb4a858c345,,,13.98
2026-08-10 16:43:50.403353+00:00,detector,queue_wait_ms,1.99951171875,normal,f398aa60-da48-45c3-9eb4-8bb4a858c345,,,13.98
2026-08-10 16:43:50.403353+00:00,detector,stage_latency_ms,19.83519999885175,normal,f398aa60-da48-45c3-9eb4-8bb4a858c345,,,13.98
2026-08-10 16:43:50.403353+00:00,detector,end_to_end_latency_ms,22.001220703125,normal,f398aa60-da48-45c3-9eb4-8bb4a858c345,,,13.98
2026-08-10 16:43:50.422352+00:00,generator,events_sent,349.0,normal,f398aa60-da48-45c3-9eb4-8bb4a858c345,,,14.0
2026-08-10 16:43:50.422352+00:00,generator,throughput_eps,24.999046911335462,normal,f398aa60-da48-45c3-9eb4-8bb4a858c345,,,14.0
2026-08-10 16:43:50.427353+00:00,orchestrator,events_processed,348.0,normal,f398aa60-da48-45c3-9eb4-8bb4a858c345,,,14.01
2026-08-10 16:43:50.428353+00:00,orchestrator,xai_latency_ms,0.0017999991541728377,normal,f398aa60-da48-45c3-9eb4-8bb4a858c345,,deterministic,14.01
2026-08-10 16:43:50.428353+00:00,orchestrator,end_to_end_latency_ms,46.999267578125,normal,f398aa60-da48-45c3-9eb4-8bb4a858c345,,,14.01
2026-08-10 16:43:50.428353+00:00,orchestrator,stage_latency_ms,25.13610000096378,normal,f398aa60-da48-45c3-9eb4-8bb4a858c345,,,14.01
2026-08-10 16:43:50.428353+00:00,orchestrator,queue_wait_ms,3.002197265625,normal,f398aa60-da48-45c3-9eb4-8bb4a858c345,,,14.01
2026-08-10 16:43:50.428353+00:00,orchestrator,throughput_eps,25.0154455366955,normal,f398aa60-da48-45c3-9eb4-8bb4a858c345,,,14.01
2026-08-10 16:43:50.442353+00:00,detector,events_processed,349.0,normal,f398aa60-da48-45c3-9eb4-8bb4a858c345,,,14.02
2026-08-10 16:43:50.442353+00:00,detector,alerts_emitted,349.0,normal,f398aa60-da48-45c3-9eb4-8bb4a858c345,,,14.02
2026-08-10 16:43:50.442353+00:00,orchestrator,events_received,349.0,normal,f398aa60-da48-45c3-9eb4-8bb4a858c345,,,14.02
2026-08-10 16:43:50.442353+00:00,detector,throughput_eps,25.004000139937574,normal,f398aa60-da48-45c3-9eb4-8bb4a858c345,,,14.02
2026-08-10 16:43:50.442353+00:00,detector,queue_wait_ms,1.9990234375,normal,f398aa60-da48-45c3-9eb4-8bb4a858c345,,,14.02
2026-08-10 16:43:50.443353+00:00,detector,stage_latency_ms,19.311800000650692,normal,f398aa60-da48-45c3-9eb4-8bb4a858c345,,,14.02
2026-08-10 16:43:50.443353+00:00,detector,end_to_end_latency_ms,22.000244140625,normal,f398aa60-da48-45c3-9eb4-8bb4a858c345,,,14.02
2026-08-10 16:43:50.462352+00:00,generator,events_sent,350.0,normal,f398aa60-da48-45c3-9eb4-8bb4a858c345,,,14.04
2026-08-10 16:43:50.462352+00:00,generator,throughput_eps,24.99945011289969,normal,f398aa60-da48-45c3-9eb4-8bb4a858c345,,,14.04
2026-08-10 16:43:50.467353+00:00,orchestrator,stage_latency_ms,24.759399999311427,normal,f398aa60-da48-45c3-9eb4-8bb4a858c345,,,14.05
2026-08-10 16:43:50.467353+00:00,orchestrator,queue_wait_ms,3.001220703125,normal,f398aa60-da48-45c3-9eb4-8bb4a858c345,,,14.05
2026-08-10 16:43:50.467353+00:00,orchestrator,events_processed,349.0,normal,f398aa60-da48-45c3-9eb4-8bb4a858c345,,,14.05
2026-08-10 16:43:50.467353+00:00,orchestrator,throughput_eps,25.004807424276386,normal,f398aa60-da48-45c3-9eb4-8bb4a858c345,,,14.05
2026-08-10 16:43:50.468353+00:00,orchestrator,end_to_end_latency_ms,46.999755859375,normal,f398aa60-da48-45c3-9eb4-8bb4a858c345,,,14.05
2026-08-10 16:43:50.468353+00:00,orchestrator,xai_latency_ms,0.0018000009731622413,normal,f398aa60-da48-45c3-9eb4-8bb4a858c345,,deterministic,14.05
2026-08-10 16:43:50.481353+00:00,detector,events_processed,350.0,normal,f398aa60-da48-45c3-9eb4-8bb4a858c345,,,14.06
2026-08-10 16:43:50.482354+00:00,orchestrator,events_received,350.0,normal,f398aa60-da48-45c3-9eb4-8bb4a858c345,,,14.06
2026-08-10 16:43:50.482354+00:00,detector,throughput_eps,25.001566598158572,normal,f398aa60-da48-45c3-9eb4-8bb4a858c345,,,14.06
2026-08-10 16:43:50.482354+00:00,detector,queue_wait_ms,2.00048828125,normal,f398aa60-da48-45c3-9eb4-8bb4a858c345,,,14.06
2026-08-10 16:43:50.483352+00:00,detector,stage_latency_ms,19.444800000201212,normal,f398aa60-da48-45c3-9eb4-8bb4a858c345,,,14.06
2026-08-10 16:43:50.483352+00:00,detector,end_to_end_latency_ms,21.00146484375,normal,f398aa60-da48-45c3-9eb4-8bb4a858c345,,,14.06
2026-08-10 16:43:50.502353+00:00,generator,events_sent,351.0,normal,f398aa60-da48-45c3-9eb4-8bb4a858c345,,,14.08
2026-08-10 16:43:50.502353+00:00,generator,throughput_eps,24.998621547788908,normal,f398aa60-da48-45c3-9eb4-8bb4a858c345,,,14.08
2026-08-10 16:43:50.506352+00:00,orchestrator,events_processed,350.0,normal,f398aa60-da48-45c3-9eb4-8bb4a858c345,,,14.09
2026-08-10 16:43:50.507351+00:00,orchestrator,xai_latency_ms,0.001999998858082108,normal,f398aa60-da48-45c3-9eb4-8bb4a858c345,,deterministic,14.09
2026-08-10 16:43:50.507351+00:00,orchestrator,end_to_end_latency_ms,46.0009765625,normal,f398aa60-da48-45c3-9eb4-8bb4a858c345,,,14.09
2026-08-10 16:43:50.507351+00:00,orchestrator,queue_wait_ms,3.001708984375,normal,f398aa60-da48-45c3-9eb4-8bb4a858c345,,,14.09
2026-08-10 16:43:50.507351+00:00,orchestrator,throughput_eps,25.00413018222632,normal,f398aa60-da48-45c3-9eb4-8bb4a858c345,,,14.09
2026-08-10 16:43:50.507351+00:00,orchestrator,stage_latency_ms,24.619000001621316,normal,f398aa60-da48-45c3-9eb4-8bb4a858c345,,,14.09
2026-08-10 16:43:50.521352+00:00,detector,events_processed,351.0,normal,f398aa60-da48-45c3-9eb4-8bb4a858c345,,,14.1
2026-08-10 16:43:50.521352+00:00,detector,alerts_emitted,351.0,normal,f398aa60-da48-45c3-9eb4-8bb4a858c345,,,14.1
2026-08-10 16:43:50.521352+00:00,orchestrator,events_received,351.0,normal,f398aa60-da48-45c3-9eb4-8bb4a858c345,,,14.1
2026-08-10 16:43:50.522353+00:00,detector,throughput_eps,25.004004641385535,normal,f398aa60-da48-45c3-9eb4-8bb4a858c345,,,14.1
2026-08-10 16:43:50.522353+00:00,detector,queue_wait_ms,2.0,normal,f398aa60-da48-45c3-9eb4-8bb4a858c345,,,14.1
2026-08-10 16:43:50.522353+00:00,detector,stage_latency_ms,18.91059999979916,normal,f398aa60-da48-45c3-9eb4-8bb4a858c345,,,14.1
2026-08-10 16:43:50.522353+00:00,detector,end_to_end_latency_ms,21.000244140625,normal,f398aa60-da48-45c3-9eb4-8bb4a858c345,,,14.1
2026-08-10 16:43:50.542352+00:00,generator,events_sent,352.0,normal,f398aa60-da48-45c3-9eb4-8bb4a858c345,,,14.12
2026-08-10 16:43:50.542352+00:00,generator,throughput_eps,24.999920867192916,normal,f398aa60-da48-45c3-9eb4-8bb4a858c345,,,14.12
2026-08-10 16:43:50.546352+00:00,orchestrator,events_processed,351.0,normal,f398aa60-da48-45c3-9eb4-8bb4a858c345,,,14.13
2026-08-10 16:43:50.547353+00:00,orchestrator,queue_wait_ms,2.001220703125,normal,f398aa60-da48-45c3-9eb4-8bb4a858c345,,,14.13
2026-08-10 16:43:50.547353+00:00,orchestrator,end_to_end_latency_ms,45.999267578125,normal,f398aa60-da48-45c3-9eb4-8bb4a858c345,,,14.13
2026-08-10 16:43:50.547353+00:00,orchestrator,throughput_eps,25.002897335738112,normal,f398aa60-da48-45c3-9eb4-8bb4a858c345,,,14.13
2026-08-10 16:43:50.547353+00:00,orchestrator,stage_latency_ms,25.02959999947052,normal,f398aa60-da48-45c3-9eb4-8bb4a858c345,,,14.13
2026-08-10 16:43:50.548354+00:00,orchestrator,xai_latency_ms,0.0021000014385208488,normal,f398aa60-da48-45c3-9eb4-8bb4a858c345,,deterministic,14.13
2026-08-10 16:43:50.561742+00:00,detector,events_processed,352.0,normal,f398aa60-da48-45c3-9eb4-8bb4a858c345,,,14.14
2026-08-10 16:43:50.561742+00:00,detector,alerts_emitted,352.0,normal,f398aa60-da48-45c3-9eb4-8bb4a858c345,,,14.14
2026-08-10 16:43:50.561742+00:00,detector,throughput_eps,25.00329075568815,normal,f398aa60-da48-45c3-9eb4-8bb4a858c345,,,14.14
2026-08-10 16:43:50.562742+00:00,detector,queue_wait_ms,2.0009765625,normal,f398aa60-da48-45c3-9eb4-8bb4a858c345,,,14.14
2026-08-10 16:43:50.562742+00:00,detector,stage_latency_ms,18.958599999677972,normal,f398aa60-da48-45c3-9eb4-8bb4a858c345,,,14.14
2026-08-10 16:43:50.562742+00:00,detector,end_to_end_latency_ms,21.390869140625,normal,f398aa60-da48-45c3-9eb4-8bb4a858c345,,,14.14
2026-08-10 16:43:50.581741+00:00,generator,events_sent,353.0,normal,f398aa60-da48-45c3-9eb4-8bb4a858c345,,,14.16
2026-08-10 16:43:50.581741+00:00,generator,throughput_eps,25.000888031547007,normal,f398aa60-da48-45c3-9eb4-8bb4a858c345,,,14.16
2026-08-10 16:43:50.585742+00:00,orchestrator,events_processed,352.0,normal,f398aa60-da48-45c3-9eb4-8bb4a858c345,,,14.17
2026-08-10 16:43:50.586741+00:00,orchestrator,stage_latency_ms,24.290200000905315,normal,f398aa60-da48-45c3-9eb4-8bb4a858c345,,,14.17
2026-08-10 16:43:50.586741+00:00,orchestrator,end_to_end_latency_ms,45.390869140625,normal,f398aa60-da48-45c3-9eb4-8bb4a858c345,,,14.17
2026-08-10 16:43:50.586741+00:00,orchestrator,throughput_eps,25.002822818687683,normal,f398aa60-da48-45c3-9eb4-8bb4a858c345,,,14.17
2026-08-10 16:43:50.586741+00:00,orchestrator,queue_wait_ms,3.390869140625,normal,f398aa60-da48-45c3-9eb4-8bb4a858c345,,,14.17
2026-08-10 16:43:50.587741+00:00,orchestrator,xai_latency_ms,0.0017999991541728377,normal,f398aa60-da48-45c3-9eb4-8bb4a858c345,,deterministic,14.17
2026-08-10 16:43:50.600742+00:00,detector,events_processed,353.0,normal,f398aa60-da48-45c3-9eb4-8bb4a858c345,,,14.18
2026-08-10 16:43:50.600742+00:00,detector,alerts_emitted,353.0,normal,f398aa60-da48-45c3-9eb4-8bb4a858c345,,,14.18
2026-08-10 16:43:50.601742+00:00,orchestrator,events_received,353.0,normal,f398aa60-da48-45c3-9eb4-8bb4a858c345,,,14.18
2026-08-10 16:43:50.601742+00:00,detector,throughput_eps,25.005814852187477,normal,f398aa60-da48-45c3-9eb4-8bb4a858c345,,,14.18
2026-08-10 16:43:50.601742+00:00,detector,queue_wait_ms,1.969482421875,normal,f398aa60-da48-45c3-9eb4-8bb4a858c345,,,14.18
2026-08-10 16:43:50.601742+00:00,detector,stage_latency_ms,18.660199999430915,normal,f398aa60-da48-45c3-9eb4-8bb4a858c345,,,14.18
2026-08-10 16:43:50.601742+00:00,detector,end_to_end_latency_ms,20.97021484375,normal,f398aa60-da48-45c3-9eb4-8bb4a858c345,,,14.18
2026-08-10 16:43:50.621742+00:00,generator,events_sent,354.0,normal,f398aa60-da48-45c3-9eb4-8bb4a858c345,,,14.2
2026-08-10 16:43:50.621742+00:00,generator,throughput_eps,24.999686495867877,normal,f398aa60-da48-45c3-9eb4-8bb4a858c345,,,14.2
2026-08-10 16:43:50.625742+00:00,orchestrator,events_processed,353.0,normal,f398aa60-da48-45c3-9eb4-8bb4a858c345,,,14.21
2026-08-10 16:43:50.626741+00:00,orchestrator,end_to_end_latency_ms,45.969970703125,normal,f398aa60-da48-45c3-9eb4-8bb4a858c345,,,14.21
2026-08-10 16:43:50.626741+00:00,orchestrator,stage_latency_ms,24.861500000042724,normal,f398aa60-da48-45c3-9eb4-8bb4a858c345,,,14.21
2026-08-10 16:43:50.626741+00:00,orchestrator,throughput_eps,25.005767830415433,normal,f398aa60-da48-45c3-9eb4-8bb4a858c345,,,14.21
2026-08-10 16:43:50.626741+00:00,orchestrator,queue_wait_ms,3.000244140625,normal,f398aa60-da48-45c3-9eb4-8bb4a858c345,,,14.21
2026-08-10 16:43:50.627742+00:00,orchestrator,xai_latency_ms,0.0018999999156221747,normal,f398aa60-da48-45c3-9eb4-8bb4a858c345,,deterministic,14.21
2026-08-10 16:43:50.640743+00:00,detector,events_processed,354.0,normal,f398aa60-da48-45c3-9eb4-8bb4a858c345,,,14.22
2026-08-10 16:43:50.640743+00:00,orchestrator,events_received,354.0,normal,f398aa60-da48-45c3-9eb4-8bb4a858c345,,,14.22
2026-08-10 16:43:50.641742+00:00,detector,alerts_emitted,354.0,normal,f398aa60-da48-45c3-9eb4-8bb4a858c345,,,14.22
2026-08-10 16:43:50.641742+00:00,detector,throughput_eps,25.001406079079114,normal,f398aa60-da48-45c3-9eb4-8bb4a858c345,,,14.22
2026-08-10 16:43:50.641742+00:00,detector,queue_wait_ms,2.00048828125,normal,f398aa60-da48-45c3-9eb4-8bb4a858c345,,,14.22
2026-08-10 16:43:50.641742+00:00,detector,stage_latency_ms,18.825099999958184,normal,f398aa60-da48-45c3-9eb4-8bb4a858c345,,,14.22
2026-08-10 16:43:50.642742+00:00,detector,end_to_end_latency_ms,21.001220703125,normal,f398aa60-da48-45c3-9eb4-8bb4a858c345,,,14.22
2026-08-10 16:43:50.661741+00:00,generator,events_sent,355.0,normal,f398aa60-da48-45c3-9eb4-8bb4a858c345,,,14.24
2026-08-10 16:43:50.661741+00:00,generator,throughput_eps,24.999705648627142,normal,f398aa60-da48-45c3-9eb4-8bb4a858c345,,,14.24
2026-08-10 16:43:50.680741+00:00,detector,events_processed,355.0,normal,f398aa60-da48-45c3-9eb4-8bb4a858c345,,,14.26
2026-08-10 16:43:50.681741+00:00,detector,end_to_end_latency_ms,21.0,normal,f398aa60-da48-45c3-9eb4-8bb4a858c345,,,14.26
2026-08-10 16:43:50.681741+00:00,detector,stage_latency_ms,18.850899999961257,normal,f398aa60-da48-45c3-9eb4-8bb4a858c345,,,14.26
2026-08-10 16:43:50.681741+00:00,detector,throughput_eps,25.00391411271038,normal,f398aa60-da48-45c3-9eb4-8bb4a858c345,,,14.26
2026-08-10 16:43:50.681741+00:00,detector,alerts_emitted,355.0,normal,f398aa60-da48-45c3-9eb4-8bb4a858c345,,,14.26
2026-08-10 16:43:50.681741+00:00,detector,queue_wait_ms,2.00048828125,normal,f398aa60-da48-45c3-9eb4-8bb4a858c345,,,14.26
2026-08-10 16:43:50.701740+00:00,generator,events_sent,356.0,normal,f398aa60-da48-45c3-9eb4-8bb4a858c345,,,14.28
2026-08-10 16:43:50.701740+00:00,generator,throughput_eps,25.000084000285213,normal,f398aa60-da48-45c3-9eb4-8bb4a858c345,,,14.28
2026-08-10 16:43:50.716742+00:00,orchestrator,events_processed,354.0,normal,f398aa60-da48-45c3-9eb4-8bb4a858c345,,,14.3
2026-08-10 16:43:50.716742+00:00,orchestrator,throughput_eps,24.74733972134413,normal,f398aa60-da48-45c3-9eb4-8bb4a858c345,,,14.3
2026-08-10 16:43:50.716742+00:00,orchestrator,queue_wait_ms,2.001220703125,normal,f398aa60-da48-45c3-9eb4-8bb4a858c345,,,14.3
2026-08-10 16:43:50.717741+00:00,orchestrator,stage_latency_ms,75.5685000003723,normal,f398aa60-da48-45c3-9eb4-8bb4a858c345,,,14.3
2026-08-10 16:43:50.717741+00:00,orchestrator,end_to_end_latency_ms,97.000244140625,normal,f398aa60-da48-45c3-9eb4-8bb4a858c345,,,14.3
2026-08-10 16:43:50.717741+00:00,orchestrator,xai_latency_ms,0.0018999999156221747,normal,f398aa60-da48-45c3-9eb4-8bb4a858c345,,deterministic,14.3
2026-08-10 16:43:50.720740+00:00,detector,alerts_emitted,356.0,normal,f398aa60-da48-45c3-9eb4-8bb4a858c345,,,14.3
2026-08-10 16:43:50.720740+00:00,detector,throughput_eps,25.002056169102342,normal,f398aa60-da48-45c3-9eb4-8bb4a858c345,,,14.3
2026-08-10 16:43:50.720740+00:00,orchestrator,events_received,355.0,normal,f398aa60-da48-45c3-9eb4-8bb4a858c345,,,14.3
2026-08-10 16:43:50.720740+00:00,detector,events_processed,356.0,normal,f398aa60-da48-45c3-9eb4-8bb4a858c345,,,14.3
2026-08-10 16:43:50.721741+00:00,detector,queue_wait_ms,1.99951171875,normal,f398aa60-da48-45c3-9eb4-8bb4a858c345,,,14.3
2026-08-10 16:43:50.721741+00:00,detector,stage_latency_ms,18.609200000355486,normal,f398aa60-da48-45c3-9eb4-8bb4a858c345,,,14.3
2026-08-10 16:43:50.721741+00:00,detector,end_to_end_latency_ms,20.999267578125,normal,f398aa60-da48-45c3-9eb4-8bb4a858c345,,,14.3
2026-08-10 16:43:50.741741+00:00,generator,events_sent,357.0,normal,f398aa60-da48-45c3-9eb4-8bb4a858c345,,,14.32
2026-08-10 16:43:50.741741+00:00,generator,throughput_eps,25.002518753744205,normal,f398aa60-da48-45c3-9eb4-8bb4a858c345,,,14.32
2026-08-10 16:43:50.744741+00:00,orchestrator,events_processed,355.0,normal,f398aa60-da48-45c3-9eb4-8bb4a858c345,,,14.32
2026-08-10 16:43:50.744741+00:00,orchestrator,throughput_eps,24.808193153875752,normal,f398aa60-da48-45c3-9eb4-8bb4a858c345,,,14.32
2026-08-10 16:43:50.745740+00:00,orchestrator,queue_wait_ms,41.999755859375,normal,f398aa60-da48-45c3-9eb4-8bb4a858c345,,,14.33
2026-08-10 16:43:50.745740+00:00,orchestrator,stage_latency_ms,24.306900000738096,normal,f398aa60-da48-45c3-9eb4-8bb4a858c345,,,14.33
2026-08-10 16:43:50.745740+00:00,orchestrator,end_to_end_latency_ms,84.999755859375,normal,f398aa60-da48-45c3-9eb4-8bb4a858c345,,,14.33
2026-08-10 16:43:50.745740+00:00,orchestrator,xai_latency_ms,0.0017999991541728377,normal,f398aa60-da48-45c3-9eb4-8bb4a858c345,,deterministic,14.33
2026-08-10 16:43:50.748741+00:00,orchestrator,events_received,356.0,normal,f398aa60-da48-45c3-9eb4-8bb4a858c345,,,14.33
2026-08-10 16:43:50.760741+00:00,detector,queue_wait_ms,2.000244140625,normal,f398aa60-da48-45c3-9eb4-8bb4a858c345,,,14.34
2026-08-10 16:43:50.760741+00:00,detector,throughput_eps,25.00187564071248,normal,f398aa60-da48-45c3-9eb4-8bb4a858c345,,,14.34
2026-08-10 16:43:50.760741+00:00,detector,events_processed,357.0,normal,f398aa60-da48-45c3-9eb4-8bb4a858c345,,,14.34
2026-08-10 16:43:50.760741+00:00,detector,alerts_emitted,357.0,normal,f398aa60-da48-45c3-9eb4-8bb4a858c345,,,14.34
2026-08-10 16:43:50.761773+00:00,detector,stage_latency_ms,18.938899998829584,normal,f398aa60-da48-45c3-9eb4-8bb4a858c345,,,14.34
2026-08-10 16:43:50.761773+00:00,detector,end_to_end_latency_ms,21.000732421875,normal,f398aa60-da48-45c3-9eb4-8bb4a858c345,,,14.34
2026-08-10 16:43:50.772740+00:00,orchestrator,events_processed,356.0,normal,f398aa60-da48-45c3-9eb4-8bb4a858c345,,,14.35
2026-08-10 16:43:50.772740+00:00,orchestrator,throughput_eps,24.86709540213021,normal,f398aa60-da48-45c3-9eb4-8bb4a858c345,,,14.35
2026-08-10 16:43:50.773742+00:00,orchestrator,queue_wait_ms,30.000732421875,normal,f398aa60-da48-45c3-9eb4-8bb4a858c345,,,14.35
2026-08-10 16:43:50.773742+00:00,orchestrator,stage_latency_ms,24.531900000511087,normal,f398aa60-da48-45c3-9eb4-8bb4a858c345,,,14.35
2026-08-10 16:43:50.773742+00:00,orchestrator,end_to_end_latency_ms,72.999755859375,normal,f398aa60-da48-45c3-9eb4-8bb4a858c345,,,14.35
2026-08-10 16:43:50.773742+00:00,orchestrator,xai_latency_ms,0.0017000002117129043,normal,f398aa60-da48-45c3-9eb4-8bb4a858c345,,deterministic,14.35
2026-08-10 16:43:50.776740+00:00,orchestrator,events_received,357.0,normal,f398aa60-da48-45c3-9eb4-8bb4a858c345,,,14.36
2026-08-10 16:43:50.780740+00:00,generator,events_sent,358.0,normal,f398aa60-da48-45c3-9eb4-8bb4a858c345,,,14.36
2026-08-10 16:43:50.781742+00:00,generator,throughput_eps,25.00073802178522,normal,f398aa60-da48-45c3-9eb4-8bb4a858c345,,,14.36
2026-08-10 16:43:50.800740+00:00,detector,alerts_emitted,358.0,normal,f398aa60-da48-45c3-9eb4-8bb4a858c345,,,14.38
2026-08-10 16:43:50.800740+00:00,detector,events_processed,358.0,normal,f398aa60-da48-45c3-9eb4-8bb4a858c345,,,14.38
2026-08-10 16:43:50.801742+00:00,detector,throughput_eps,25.000753550941468,normal,f398aa60-da48-45c3-9eb4-8bb4a858c345,,,14.38
2026-08-10 16:43:50.801742+00:00,detector,queue_wait_ms,2.001708984375,normal,f398aa60-da48-45c3-9eb4-8bb4a858c345,,,14.38
2026-08-10 16:43:50.801742+00:00,detector,stage_latency_ms,19.182500000169966,normal,f398aa60-da48-45c3-9eb4-8bb4a858c345,,,14.38
2026-08-10 16:43:50.801742+00:00,detector,end_to_end_latency_ms,20.999755859375,normal,f398aa60-da48-45c3-9eb4-8bb4a858c345,,,14.38
2026-08-10 16:43:50.821741+00:00,generator,events_sent,359.0,normal,f398aa60-da48-45c3-9eb4-8bb4a858c345,,,14.4
2026-08-10 16:43:50.821741+00:00,generator,throughput_eps,25.000814026509243,normal,f398aa60-da48-45c3-9eb4-8bb4a858c345,,,14.4
2026-08-10 16:43:50.840741+00:00,detector,events_processed,359.0,normal,f398aa60-da48-45c3-9eb4-8bb4a858c345,,,14.42
2026-08-10 16:43:50.841741+00:00,detector,alerts_emitted,359.0,normal,f398aa60-da48-45c3-9eb4-8bb4a858c345,,,14.42
2026-08-10 16:43:50.841741+00:00,detector,throughput_eps,25.001048935143373,normal,f398aa60-da48-45c3-9eb4-8bb4a858c345,,,14.42
2026-08-10 16:43:50.841741+00:00,detector,queue_wait_ms,2.0009765625,normal,f398aa60-da48-45c3-9eb4-8bb4a858c345,,,14.42
2026-08-10 16:43:50.841741+00:00,detector,stage_latency_ms,19.255799999882584,normal,f398aa60-da48-45c3-9eb4-8bb4a858c345,,,14.42
2026-08-10 16:43:50.842740+00:00,detector,end_to_end_latency_ms,21.001220703125,normal,f398aa60-da48-45c3-9eb4-8bb4a858c345,,,14.42
2026-08-10 16:43:50.856743+00:00,orchestrator,queue_wait_ms,17.9990234375,normal,f398aa60-da48-45c3-9eb4-8bb4a858c345,,,14.44
2026-08-10 16:43:50.856743+00:00,orchestrator,throughput_eps,24.647280385014046,normal,f398aa60-da48-45c3-9eb4-8bb4a858c345,,,14.44
2026-08-10 16:43:50.856743+00:00,orchestrator,events_processed,357.0,normal,f398aa60-da48-45c3-9eb4-8bb4a858c345,,,14.44
2026-08-10 16:43:50.857740+00:00,orchestrator,stage_latency_ms,80.08349999909115,normal,f398aa60-da48-45c3-9eb4-8bb4a858c345,,,14.44
2026-08-10 16:43:50.857740+00:00,orchestrator,end_to_end_latency_ms,117.00244140625,normal,f398aa60-da48-45c3-9eb4-8bb4a858c345,,,14.44
2026-08-10 16:43:50.857740+00:00,orchestrator,xai_latency_ms,0.002599999788799323,normal,f398aa60-da48-45c3-9eb4-8bb4a858c345,,deterministic,14.44
2026-08-10 16:43:50.860740+00:00,orchestrator,events_received,358.0,normal,f398aa60-da48-45c3-9eb4-8bb4a858c345,,,14.44
2026-08-10 16:43:50.860740+00:00,generator,events_sent,360.0,normal,f398aa60-da48-45c3-9eb4-8bb4a858c345,,,14.44
2026-08-10 16:43:50.860740+00:00,generator,throughput_eps,25.002127180978484,normal,f398aa60-da48-45c3-9eb4-8bb4a858c345,,,14.44
2026-08-10 16:43:50.880742+00:00,detector,events_processed,360.0,normal,f398aa60-da48-45c3-9eb4-8bb4a858c345,,,14.46
2026-08-10 16:43:50.880742+00:00,detector,alerts_emitted,360.0,normal,f398aa60-da48-45c3-9eb4-8bb4a858c345,,,14.46
2026-08-10 16:43:50.881740+00:00,detector,stage_latency_ms,19.376799999008654,normal,f398aa60-da48-45c3-9eb4-8bb4a858c345,,,14.46
2026-08-10 16:43:50.881740+00:00,detector,end_to_end_latency_ms,21.001708984375,normal,f398aa60-da48-45c3-9eb4-8bb4a858c345,,,14.46
2026-08-10 16:43:50.881740+00:00,detector,queue_wait_ms,2.000244140625,normal,f398aa60-da48-45c3-9eb4-8bb4a858c345,,,14.46
2026-08-10 16:43:50.881740+00:00,detector,throughput_eps,25.003736558399137,normal,f398aa60-da48-45c3-9eb4-8bb4a858c345,,,14.46
2026-08-10 16:43:50.884741+00:00,orchestrator,events_processed,358.0,normal,f398aa60-da48-45c3-9eb4-8bb4a858c345,,,14.46
2026-08-10 16:43:50.884741+00:00,orchestrator,throughput_eps,24.706281977933834,normal,f398aa60-da48-45c3-9eb4-8bb4a858c345,,,14.46
2026-08-10 16:43:50.885742+00:00,orchestrator,queue_wait_ms,61.998291015625,normal,f398aa60-da48-45c3-9eb4-8bb4a858c345,,,14.47
2026-08-10 16:43:50.885742+00:00,orchestrator,stage_latency_ms,24.189599998862832,normal,f398aa60-da48-45c3-9eb4-8bb4a858c345,,,14.47
2026-08-10 16:43:50.885742+00:00,orchestrator,end_to_end_latency_ms,105.001220703125,normal,f398aa60-da48-45c3-9eb4-8bb4a858c345,,,14.47
2026-08-10 16:43:50.885742+00:00,orchestrator,xai_latency_ms,0.0017000002117129043,normal,f398aa60-da48-45c3-9eb4-8bb4a858c345,,deterministic,14.47
2026-08-10 16:43:50.886741+00:00,orchestrator,events_received,359.0,normal,f398aa60-da48-45c3-9eb4-8bb4a858c345,,,14.47
2026-08-10 16:43:50.901740+00:00,generator,events_sent,361.0,normal,f398aa60-da48-45c3-9eb4-8bb4a858c345,,,14.48
2026-08-10 16:43:50.901740+00:00,generator,throughput_eps,25.003346948020322,normal,f398aa60-da48-45c3-9eb4-8bb4a858c345,,,14.48
2026-08-10 16:43:50.910741+00:00,orchestrator,events_processed,359.0,normal,f398aa60-da48-45c3-9eb4-8bb4a858c345,,,14.49
2026-08-10 16:43:50.911741+00:00,orchestrator,stage_latency_ms,24.710699999559438,normal,f398aa60-da48-45c3-9eb4-8bb4a858c345,,,14.49
2026-08-10 16:43:50.911741+00:00,orchestrator,end_to_end_latency_ms,91.00146484375,normal,f398aa60-da48-45c3-9eb4-8bb4a858c345,,,14.49
2026-08-10 16:43:50.911741+00:00,orchestrator,throughput_eps,24.784144208733824,normal,f398aa60-da48-45c3-9eb4-8bb4a858c345,,,14.49
2026-08-10 16:43:50.911741+00:00,orchestrator,queue_wait_ms,48.00048828125,normal,f398aa60-da48-45c3-9eb4-8bb4a858c345,,,14.49
2026-08-10 16:43:50.911741+00:00,orchestrator,xai_latency_ms,0.0018999999156221747,normal,f398aa60-da48-45c3-9eb4-8bb4a858c345,,deterministic,14.49
2026-08-10 16:43:50.914740+00:00,orchestrator,events_received,360.0,normal,f398aa60-da48-45c3-9eb4-8bb4a858c345,,,14.49
2026-08-10 16:43:50.920740+00:00,detector,events_processed,361.0,normal,f398aa60-da48-45c3-9eb4-8bb4a858c345,,,14.5
2026-08-10 16:43:50.921741+00:00,detector,alerts_emitted,361.0,normal,f398aa60-da48-45c3-9eb4-8bb4a858c345,,,14.5
2026-08-10 16:43:50.921741+00:00,detector,throughput_eps,25.007774917215496,normal,f398aa60-da48-45c3-9eb4-8bb4a858c345,,,14.5
2026-08-10 16:43:50.921741+00:00,detector,queue_wait_ms,2.00048828125,normal,f398aa60-da48-45c3-9eb4-8bb4a858c345,,,14.5
2026-08-10 16:43:50.921741+00:00,detector,stage_latency_ms,19.258100001025014,normal,f398aa60-da48-45c3-9eb4-8bb4a858c345,,,14.5
2026-08-10 16:43:50.921741+00:00,detector,end_to_end_latency_ms,21.00048828125,normal,f398aa60-da48-45c3-9eb4-8bb4a858c345,,,14.5
2026-08-10 16:43:50.940739+00:00,orchestrator,events_processed,360.0,normal,f398aa60-da48-45c3-9eb4-8bb4a858c345,,,14.52
2026-08-10 16:43:50.940739+00:00,orchestrator,throughput_eps,24.839306712508318,normal,f398aa60-da48-45c3-9eb4-8bb4a858c345,,,14.52
2026-08-10 16:43:50.940739+00:00,orchestrator,queue_wait_ms,37.000732421875,normal,f398aa60-da48-45c3-9eb4-8bb4a858c345,,,14.52
2026-08-10 16:43:50.940739+00:00,orchestrator,stage_latency_ms,25.231999999959953,normal,f398aa60-da48-45c3-9eb4-8bb4a858c345,,,14.52
2026-08-10 16:43:50.940739+00:00,orchestrator,end_to_end_latency_ms,80.99853515625,normal,f398aa60-da48-45c3-9eb4-8bb4a858c345,,,14.52
2026-08-10 16:43:50.941741+00:00,orchestrator,xai_latency_ms,0.0017999991541728377,normal,f398aa60-da48-45c3-9eb4-8bb4a858c345,,deterministic,14.52
2026-08-10 16:43:50.941741+00:00,generator,events_sent,362.0,normal,f398aa60-da48-45c3-9eb4-8bb4a858c345,,,14.52
2026-08-10 16:43:50.941741+00:00,generator,throughput_eps,25.003928117099836,normal,f398aa60-da48-45c3-9eb4-8bb4a858c345,,,14.52
2026-08-10 16:43:50.943740+00:00,orchestrator,events_received,361.0,normal,f398aa60-da48-45c3-9eb4-8bb4a858c345,,,14.52
2026-08-10 16:43:50.960740+00:00,detector,events_processed,362.0,normal,f398aa60-da48-45c3-9eb4-8bb4a858c345,,,14.54
2026-08-10 16:43:50.960740+00:00,detector,alerts_emitted,362.0,normal,f398aa60-da48-45c3-9eb4-8bb4a858c345,,,14.54
2026-08-10 16:43:50.961740+00:00,detector,throughput_eps,25.00873655203511,normal,f398aa60-da48-45c3-9eb4-8bb4a858c345,,,14.54
2026-08-10 16:43:50.961740+00:00,detector,queue_wait_ms,2.00146484375,normal,f398aa60-da48-45c3-9eb4-8bb4a858c345,,,14.54
2026-08-10 16:43:50.961740+00:00,detector,stage_latency_ms,18.914700000095763,normal,f398aa60-da48-45c3-9eb4-8bb4a858c345,,,14.54
2026-08-10 16:43:50.961740+00:00,detector,end_to_end_latency_ms,21.000244140625,normal,f398aa60-da48-45c3-9eb4-8bb4a858c345,,,14.54
2026-08-10 16:43:50.968740+00:00,orchestrator,events_processed,361.0,normal,f398aa60-da48-45c3-9eb4-8bb4a858c345,,,14.55
2026-08-10 16:43:50.968740+00:00,orchestrator,throughput_eps,24.902232129651736,normal,f398aa60-da48-45c3-9eb4-8bb4a858c345,,,14.55
2026-08-10 16:43:50.968740+00:00,orchestrator,queue_wait_ms,24.999267578125,normal,f398aa60-da48-45c3-9eb4-8bb4a858c345,,,14.55
2026-08-10 16:43:50.969739+00:00,orchestrator,stage_latency_ms,24.91060000102152,normal,f398aa60-da48-45c3-9eb4-8bb4a858c345,,,14.55
2026-08-10 16:43:50.969739+00:00,orchestrator,end_to_end_latency_ms,68.999755859375,normal,f398aa60-da48-45c3-9eb4-8bb4a858c345,,,14.55
2026-08-10 16:43:50.969739+00:00,orchestrator,xai_latency_ms,0.002499999027349986,normal,f398aa60-da48-45c3-9eb4-8bb4a858c345,,deterministic,14.55
2026-08-10 16:43:50.971739+00:00,orchestrator,events_received,362.0,normal,f398aa60-da48-45c3-9eb4-8bb4a858c345,,,14.55
2026-08-10 16:43:50.981740+00:00,generator,throughput_eps,25.001810631124005,normal,f398aa60-da48-45c3-9eb4-8bb4a858c345,,,14.56
2026-08-10 16:43:50.981740+00:00,generator,events_sent,363.0,normal,f398aa60-da48-45c3-9eb4-8bb4a858c345,,,14.56
2026-08-10 16:43:50.996739+00:00,orchestrator,events_processed,362.0,normal,f398aa60-da48-45c3-9eb4-8bb4a858c345,,,14.58
2026-08-10 16:43:50.996739+00:00,orchestrator,throughput_eps,24.964013569147294,normal,f398aa60-da48-45c3-9eb4-8bb4a858c345,,,14.58
2026-08-10 16:43:50.996739+00:00,orchestrator,queue_wait_ms,13.00048828125,normal,f398aa60-da48-45c3-9eb4-8bb4a858c345,,,14.58
2026-08-10 16:43:50.996739+00:00,orchestrator,stage_latency_ms,24.459399999614106,normal,f398aa60-da48-45c3-9eb4-8bb4a858c345,,,14.58
2026-08-10 16:43:50.997740+00:00,orchestrator,end_to_end_latency_ms,56.999267578125,normal,f398aa60-da48-45c3-9eb4-8bb4a858c345,,,14.58
2026-08-10 16:43:50.997740+00:00,orchestrator,xai_latency_ms,0.0018999999156221747,normal,f398aa60-da48-45c3-9eb4-8bb4a858c345,,deterministic,14.58
2026-08-10 16:43:51.000739+00:00,detector,events_processed,363.0,normal,f398aa60-da48-45c3-9eb4-8bb4a858c345,,,14.58
2026-08-10 16:43:51.000739+00:00,detector,alerts_emitted,363.0,normal,f398aa60-da48-45c3-9eb4-8bb4a858c345,,,14.58
2026-08-10 16:43:51.000739+00:00,orchestrator,events_received,363.0,normal,f398aa60-da48-45c3-9eb4-8bb4a858c345,,,14.58
2026-08-10 16:43:51.000739+00:00,detector,throughput_eps,25.016643072300255,normal,f398aa60-da48-45c3-9eb4-8bb4a858c345,,,14.58
2026-08-10 16:43:51.001739+00:00,detector,queue_wait_ms,2.000244140625,normal,f398aa60-da48-45c3-9eb4-8bb4a858c345,,,14.58
2026-08-10 16:43:51.001739+00:00,detector,stage_latency_ms,18.647400000190828,normal,f398aa60-da48-45c3-9eb4-8bb4a858c345,,,14.58
2026-08-10 16:43:51.001739+00:00,detector,end_to_end_latency_ms,20.999755859375,normal,f398aa60-da48-45c3-9eb4-8bb4a858c345,,,14.58
2026-08-10 16:43:51.021739+00:00,generator,throughput_eps,25.000661517502138,normal,f398aa60-da48-45c3-9eb4-8bb4a858c345,,,14.6
2026-08-10 16:43:51.021739+00:00,generator,events_sent,364.0,normal,f398aa60-da48-45c3-9eb4-8bb4a858c345,,,14.6
2026-08-10 16:43:51.024740+00:00,orchestrator,events_processed,363.0,normal,f398aa60-da48-45c3-9eb4-8bb4a858c345,,,14.6
2026-08-10 16:43:51.025741+00:00,orchestrator,throughput_eps,25.020690109064066,normal,f398aa60-da48-45c3-9eb4-8bb4a858c345,,,14.61
2026-08-10 16:43:51.025741+00:00,orchestrator,queue_wait_ms,1.998046875,normal,f398aa60-da48-45c3-9eb4-8bb4a858c345,,,14.61
2026-08-10 16:43:51.025741+00:00,orchestrator,stage_latency_ms,24.36209999905259,normal,f398aa60-da48-45c3-9eb4-8bb4a858c345,,,14.61
2026-08-10 16:43:51.025741+00:00,orchestrator,end_to_end_latency_ms,45.000244140625,normal,f398aa60-da48-45c3-9eb4-8bb4a858c345,,,14.61
2026-08-10 16:43:51.026739+00:00,orchestrator,xai_latency_ms,0.0016999983927235007,normal,f398aa60-da48-45c3-9eb4-8bb4a858c345,,deterministic,14.61
2026-08-10 16:43:51.040740+00:00,detector,events_processed,364.0,normal,f398aa60-da48-45c3-9eb4-8bb4a858c345,,,14.62
2026-08-10 16:43:51.041740+00:00,detector,alerts_emitted,364.0,normal,f398aa60-da48-45c3-9eb4-8bb4a858c345,,,14.62
2026-08-10 16:43:51.041740+00:00,orchestrator,events_received,364.0,normal,f398aa60-da48-45c3-9eb4-8bb4a858c345,,,14.62
2026-08-10 16:43:51.041740+00:00,detector,throughput_eps,25.00058201355167,normal,f398aa60-da48-45c3-9eb4-8bb4a858c345,,,14.62
2026-08-10 16:43:51.041740+00:00,detector,queue_wait_ms,1.999755859375,normal,f398aa60-da48-45c3-9eb4-8bb4a858c345,,,14.62
2026-08-10 16:43:51.041740+00:00,detector,stage_latency_ms,19.197599998733494,normal,f398aa60-da48-45c3-9eb4-8bb4a858c345,,,14.62
2026-08-10 16:43:51.042739+00:00,detector,end_to_end_latency_ms,21.000732421875,normal,f398aa60-da48-45c3-9eb4-8bb4a858c345,,,14.62
2026-08-10 16:43:51.061741+00:00,generator,events_sent,365.0,normal,f398aa60-da48-45c3-9eb4-8bb4a858c345,,,14.64
2026-08-10 16:43:51.061741+00:00,generator,throughput_eps,25.000967037401313,normal,f398aa60-da48-45c3-9eb4-8bb4a858c345,,,14.64
2026-08-10 16:43:51.066739+00:00,orchestrator,events_processed,364.0,normal,f398aa60-da48-45c3-9eb4-8bb4a858c345,,,14.65
2026-08-10 16:43:51.066739+00:00,orchestrator,throughput_eps,24.99509723184275,normal,f398aa60-da48-45c3-9eb4-8bb4a858c345,,,14.65
2026-08-10 16:43:51.066739+00:00,orchestrator,queue_wait_ms,2.99853515625,normal,f398aa60-da48-45c3-9eb4-8bb4a858c345,,,14.65
2026-08-10 16:43:51.066739+00:00,orchestrator,stage_latency_ms,25.039800000740797,normal,f398aa60-da48-45c3-9eb4-8bb4a858c345,,,14.65
2026-08-10 16:43:51.066739+00:00,orchestrator,end_to_end_latency_ms,47.000244140625,normal,f398aa60-da48-45c3-9eb4-8bb4a858c345,,,14.65
2026-08-10 16:43:51.067739+00:00,orchestrator,xai_latency_ms,0.002099999619531445,normal,f398aa60-da48-45c3-9eb4-8bb4a858c345,,deterministic,14.65
2026-08-10 16:43:51.080738+00:00,detector,events_processed,365.0,normal,f398aa60-da48-45c3-9eb4-8bb4a858c345,,,14.66
2026-08-10 16:43:51.081739+00:00,detector,alerts_emitted,365.0,normal,f398aa60-da48-45c3-9eb4-8bb4a858c345,,,14.66
2026-08-10 16:43:51.081739+00:00,orchestrator,events_received,365.0,normal,f398aa60-da48-45c3-9eb4-8bb4a858c345,,,14.66
2026-08-10 16:43:51.081739+00:00,detector,throughput_eps,25.001299966787297,normal,f398aa60-da48-45c3-9eb4-8bb4a858c345,,,14.66
2026-08-10 16:43:51.082740+00:00,detector,end_to_end_latency_ms,20.999755859375,normal,f398aa60-da48-45c3-9eb4-8bb4a858c345,,,14.66
2026-08-10 16:43:51.082740+00:00,detector,stage_latency_ms,19.490599999699043,normal,f398aa60-da48-45c3-9eb4-8bb4a858c345,,,14.66
2026-08-10 16:43:51.082740+00:00,detector,queue_wait_ms,2.00244140625,normal,f398aa60-da48-45c3-9eb4-8bb4a858c345,,,14.66
2026-08-10 16:43:51.101769+00:00,generator,events_sent,366.0,normal,f398aa60-da48-45c3-9eb4-8bb4a858c345,,,14.68
2026-08-10 16:43:51.102739+00:00,generator,throughput_eps,25.00051251050716,normal,f398aa60-da48-45c3-9eb4-8bb4a858c345,,,14.68
2026-08-10 16:43:51.121739+00:00,detector,events_processed,366.0,normal,f398aa60-da48-45c3-9eb4-8bb4a858c345,,,14.7
2026-08-10 16:43:51.121739+00:00,detector,alerts_emitted,366.0,normal,f398aa60-da48-45c3-9eb4-8bb4a858c345,,,14.7
2026-08-10 16:43:51.122739+00:00,detector,throughput_eps,24.994418081273224,normal,f398aa60-da48-45c3-9eb4-8bb4a858c345,,,14.7
2026-08-10 16:43:51.122739+00:00,detector,queue_wait_ms,3.000732421875,normal,f398aa60-da48-45c3-9eb4-8bb4a858c345,,,14.7
2026-08-10 16:43:51.122739+00:00,detector,stage_latency_ms,19.506599999658647,normal,f398aa60-da48-45c3-9eb4-8bb4a858c345,,,14.7
2026-08-10 16:43:51.123738+00:00,detector,end_to_end_latency_ms,22.00146484375,normal,f398aa60-da48-45c3-9eb4-8bb4a858c345,,,14.7
2026-08-10 16:43:51.141739+00:00,generator,events_sent,367.0,normal,f398aa60-da48-45c3-9eb4-8bb4a858c345,,,14.72
2026-08-10 16:43:51.141739+00:00,generator,throughput_eps,25.00198165706574,normal,f398aa60-da48-45c3-9eb4-8bb4a858c345,,,14.72
2026-08-10 16:43:51.146738+00:00,orchestrator,events_processed,365.0,normal,f398aa60-da48-45c3-9eb4-8bb4a858c345,,,14.73
2026-08-10 16:43:51.147740+00:00,orchestrator,xai_latency_ms,0.002099999619531445,normal,f398aa60-da48-45c3-9eb4-8bb4a858c345,,deterministic,14.73
2026-08-10 16:43:51.147740+00:00,orchestrator,end_to_end_latency_ms,86.999755859375,normal,f398aa60-da48-45c3-9eb4-8bb4a858c345,,,14.73
2026-08-10 16:43:51.147740+00:00,orchestrator,stage_latency_ms,65.40700000005018,normal,f398aa60-da48-45c3-9eb4-8bb4a858c345,,,14.73
2026-08-10 16:43:51.147740+00:00,orchestrator,queue_wait_ms,3.000244140625,normal,f398aa60-da48-45c3-9eb4-8bb4a858c345,,,14.73
2026-08-10 16:43:51.147740+00:00,orchestrator,throughput_eps,24.794248056981033,normal,f398aa60-da48-45c3-9eb4-8bb4a858c345,,,14.73
2026-08-10 16:43:51.150738+00:00,orchestrator,events_received,366.0,normal,f398aa60-da48-45c3-9eb4-8bb4a858c345,,,14.73
2026-08-10 16:43:51.160738+00:00,detector,events_processed,367.0,normal,f398aa60-da48-45c3-9eb4-8bb4a858c345,,,14.74
2026-08-10 16:43:51.160738+00:00,detector,alerts_emitted,367.0,normal,f398aa60-da48-45c3-9eb4-8bb4a858c345,,,14.74
2026-08-10 16:43:51.161738+00:00,detector,throughput_eps,25.000936527019864,normal,f398aa60-da48-45c3-9eb4-8bb4a858c345,,,14.74
2026-08-10 16:43:51.161738+00:00,detector,queue_wait_ms,2.001953125,normal,f398aa60-da48-45c3-9eb4-8bb4a858c345,,,14.74
2026-08-10 16:43:51.161738+00:00,detector,stage_latency_ms,19.092600001386018,normal,f398aa60-da48-45c3-9eb4-8bb4a858c345,,,14.74
2026-08-10 16:43:51.162738+00:00,detector,end_to_end_latency_ms,21.0009765625,normal,f398aa60-da48-45c3-9eb4-8bb4a858c345,,,14.74
2026-08-10 16:43:51.175739+00:00,orchestrator,events_processed,366.0,normal,f398aa60-da48-45c3-9eb4-8bb4a858c345,,,14.76
2026-08-10 16:43:51.175739+00:00,orchestrator,throughput_eps,24.85327398692639,normal,f398aa60-da48-45c3-9eb4-8bb4a858c345,,,14.76
2026-08-10 16:43:51.175739+00:00,orchestrator,queue_wait_ms,30.997314453125,normal,f398aa60-da48-45c3-9eb4-8bb4a858c345,,,14.76
2026-08-10 16:43:51.175739+00:00,orchestrator,stage_latency_ms,24.648900000102003,normal,f398aa60-da48-45c3-9eb4-8bb4a858c345,,,14.76
2026-08-10 16:43:51.176738+00:00,orchestrator,xai_latency_ms,0.002200000380980782,normal,f398aa60-da48-45c3-9eb4-8bb4a858c345,,deterministic,14.76
2026-08-10 16:43:51.176738+00:00,orchestrator,end_to_end_latency_ms,76.00048828125,normal,f398aa60-da48-45c3-9eb4-8bb4a858c345,,,14.76
2026-08-10 16:43:51.178738+00:00,orchestrator,events_received,367.0,normal,f398aa60-da48-45c3-9eb4-8bb4a858c345,,,14.76
2026-08-10 16:43:51.181738+00:00,generator,events_sent,368.0,normal,f398aa60-da48-45c3-9eb4-8bb4a858c345,,,14.76
2026-08-10 16:43:51.181738+00:00,generator,throughput_eps,25.002584767211427,normal,f398aa60-da48-45c3-9eb4-8bb4a858c345,,,14.76
2026-08-10 16:43:51.200738+00:00,detector,events_processed,368.0,normal,f398aa60-da48-45c3-9eb4-8bb4a858c345,,,14.78
2026-08-10 16:43:51.200738+00:00,detector,alerts_emitted,368.0,normal,f398aa60-da48-45c3-9eb4-8bb4a858c345,,,14.78
2026-08-10 16:43:51.200738+00:00,detector,throughput_eps,25.001992658816413,normal,f398aa60-da48-45c3-9eb4-8bb4a858c345,,,14.78
2026-08-10 16:43:51.201737+00:00,detector,queue_wait_ms,2.000732421875,normal,f398aa60-da48-45c3-9eb4-8bb4a858c345,,,14.78
2026-08-10 16:43:51.201737+00:00,detector,stage_latency_ms,19.04339999964577,normal,f398aa60-da48-45c3-9eb4-8bb4a858c345,,,14.78
2026-08-10 16:43:51.201737+00:00,detector,end_to_end_latency_ms,21.000244140625,normal,f398aa60-da48-45c3-9eb4-8bb4a858c345,,,14.78
2026-08-10 16:43:51.203738+00:00,orchestrator,events_processed,367.0,normal,f398aa60-da48-45c3-9eb4-8bb4a858c345,,,14.78
2026-08-10 16:43:51.203738+00:00,orchestrator,throughput_eps,24.914062557756512,normal,f398aa60-da48-45c3-9eb4-8bb4a858c345,,,14.78
2026-08-10 16:43:51.204740+00:00,orchestrator,xai_latency_ms,0.001999998858082108,normal,f398aa60-da48-45c3-9eb4-8bb4a858c345,,deterministic,14.78
2026-08-10 16:43:51.204740+00:00,orchestrator,end_to_end_latency_ms,64.00048828125,normal,f398aa60-da48-45c3-9eb4-8bb4a858c345,,,14.78
2026-08-10 16:43:51.204740+00:00,orchestrator,stage_latency_ms,24.738300000535673,normal,f398aa60-da48-45c3-9eb4-8bb4a858c345,,,14.78
2026-08-10 16:43:51.204740+00:00,orchestrator,queue_wait_ms,20.00146484375,normal,f398aa60-da48-45c3-9eb4-8bb4a858c345,,,14.78
2026-08-10 16:43:51.207738+00:00,orchestrator,events_received,368.0,normal,f398aa60-da48-45c3-9eb4-8bb4a858c345,,,14.79
2026-08-10 16:43:51.221737+00:00,generator,events_sent,369.0,normal,f398aa60-da48-45c3-9eb4-8bb4a858c345,,,14.8
2026-08-10 16:43:51.222260+00:00,generator,throughput_eps,25.001588600939048,normal,f398aa60-da48-45c3-9eb4-8bb4a858c345,,,14.8
2026-08-10 16:43:51.240738+00:00,detector,events_processed,369.0,normal,f398aa60-da48-45c3-9eb4-8bb4a858c345,,,14.82
2026-08-10 16:43:51.241737+00:00,detector,alerts_emitted,369.0,normal,f398aa60-da48-45c3-9eb4-8bb4a858c345,,,14.82
2026-08-10 16:43:51.241737+00:00,detector,throughput_eps,25.003305880642007,normal,f398aa60-da48-45c3-9eb4-8bb4a858c345,,,14.82
2026-08-10 16:43:51.241737+00:00,detector,queue_wait_ms,1.999267578125,normal,f398aa60-da48-45c3-9eb4-8bb4a858c345,,,14.82
2026-08-10 16:43:51.241737+00:00,detector,stage_latency_ms,19.093999999313382,normal,f398aa60-da48-45c3-9eb4-8bb4a858c345,,,14.82
2026-08-10 16:43:51.242738+00:00,detector,end_to_end_latency_ms,20.999755859375,normal,f398aa60-da48-45c3-9eb4-8bb4a858c345,,,14.82
2026-08-10 16:43:51.260737+00:00,generator,events_sent,370.0,normal,f398aa60-da48-45c3-9eb4-8bb4a858c345,,,14.84
2026-08-10 16:43:51.261739+00:00,generator,throughput_eps,25.001688614045808,normal,f398aa60-da48-45c3-9eb4-8bb4a858c345,,,14.84
2026-08-10 16:43:51.276737+00:00,orchestrator,throughput_eps,24.7435447260232,normal,f398aa60-da48-45c3-9eb4-8bb4a858c345,,,14.86
2026-08-10 16:43:51.276737+00:00,orchestrator,events_processed,368.0,normal,f398aa60-da48-45c3-9eb4-8bb4a858c345,,,14.86
2026-08-10 16:43:51.277737+00:00,orchestrator,queue_wait_ms,9.99951171875,normal,f398aa60-da48-45c3-9eb4-8bb4a858c345,,,14.86
2026-08-10 16:43:51.277737+00:00,orchestrator,stage_latency_ms,69.2778000011458,normal,f398aa60-da48-45c3-9eb4-8bb4a858c345,,,14.86
2026-08-10 16:43:51.277737+00:00,orchestrator,end_to_end_latency_ms,96.999755859375,normal,f398aa60-da48-45c3-9eb4-8bb4a858c345,,,14.86
2026-08-10 16:43:51.277737+00:00,orchestrator,xai_latency_ms,0.0018999999156221747,normal,f398aa60-da48-45c3-9eb4-8bb4a858c345,,deterministic,14.86
2026-08-10 16:43:51.280739+00:00,detector,events_processed,370.0,normal,f398aa60-da48-45c3-9eb4-8bb4a858c345,,,14.86
2026-08-10 16:43:51.280739+00:00,orchestrator,events_received,369.0,normal,f398aa60-da48-45c3-9eb4-8bb4a858c345,,,14.86
2026-08-10 16:43:51.280739+00:00,detector,alerts_emitted,370.0,normal,f398aa60-da48-45c3-9eb4-8bb4a858c345,,,14.86
2026-08-10 16:43:51.280739+00:00,detector,throughput_eps,25.005091536737623,normal,f398aa60-da48-45c3-9eb4-8bb4a858c345,,,14.86
2026-08-10 16:43:51.281739+00:00,detector,queue_wait_ms,2.0029296875,normal,f398aa60-da48-45c3-9eb4-8bb4a858c345,,,14.86
2026-08-10 16:43:51.281739+00:00,detector,stage_latency_ms,18.901600000390317,normal,f398aa60-da48-45c3-9eb4-8bb4a858c345,,,14.86
2026-08-10 16:43:51.281739+00:00,detector,end_to_end_latency_ms,21.00244140625,normal,f398aa60-da48-45c3-9eb4-8bb4a858c345,,,14.86
2026-08-10 16:43:51.301738+00:00,generator,throughput_eps,25.000475009031362,normal,f398aa60-da48-45c3-9eb4-8bb4a858c345,,,14.88
2026-08-10 16:43:51.301738+00:00,generator,events_sent,371.0,normal,f398aa60-da48-45c3-9eb4-8bb4a858c345,,,14.88
2026-08-10 16:43:51.320736+00:00,detector,events_processed,371.0,normal,f398aa60-da48-45c3-9eb4-8bb4a858c345,,,14.9
2026-08-10 16:43:51.320736+00:00,detector,alerts_emitted,371.0,normal,f398aa60-da48-45c3-9eb4-8bb4a858c345,,,14.9
2026-08-10 16:43:51.321737+00:00,detector,throughput_eps,25.002374225452503,normal,f398aa60-da48-45c3-9eb4-8bb4a858c345,,,14.9
2026-08-10 16:43:51.321737+00:00,detector,queue_wait_ms,2.0009765625,normal,f398aa60-da48-45c3-9eb4-8bb4a858c345,,,14.9
2026-08-10 16:43:51.321737+00:00,detector,stage_latency_ms,18.534800001361873,normal,f398aa60-da48-45c3-9eb4-8bb4a858c345,,,14.9
2026-08-10 16:43:51.321737+00:00,detector,end_to_end_latency_ms,20.99951171875,normal,f398aa60-da48-45c3-9eb4-8bb4a858c345,,,14.9
2026-08-10 16:43:51.341738+00:00,generator,events_sent,372.0,normal,f398aa60-da48-45c3-9eb4-8bb4a858c345,,,14.92
2026-08-10 16:43:51.341738+00:00,generator,throughput_eps,25.000013000005705,normal,f398aa60-da48-45c3-9eb4-8bb4a858c345,,,14.92
2026-08-10 16:43:51.356739+00:00,orchestrator,events_processed,369.0,normal,f398aa60-da48-45c3-9eb4-8bb4a858c345,,,14.94
2026-08-10 16:43:51.356739+00:00,orchestrator,throughput_eps,24.54157642775998,normal,f398aa60-da48-45c3-9eb4-8bb4a858c345,,,14.94
2026-08-10 16:43:51.356739+00:00,orchestrator,queue_wait_ms,42.0009765625,normal,f398aa60-da48-45c3-9eb4-8bb4a858c345,,,14.94
2026-08-10 16:43:51.357739+00:00,orchestrator,end_to_end_latency_ms,137.000732421875,normal,f398aa60-da48-45c3-9eb4-8bb4a858c345,,,14.94
2026-08-10 16:43:51.357739+00:00,orchestrator,xai_latency_ms,0.003099999958067201,normal,f398aa60-da48-45c3-9eb4-8bb4a858c345,,deterministic,14.94
2026-08-10 16:43:51.357739+00:00,orchestrator,stage_latency_ms,76.10190000013972,normal,f398aa60-da48-45c3-9eb4-8bb4a858c345,,,14.94
2026-08-10 16:43:51.360737+00:00,detector,events_processed,372.0,normal,f398aa60-da48-45c3-9eb4-8bb4a858c345,,,14.94
2026-08-10 16:43:51.360737+00:00,orchestrator,events_received,370.0,normal,f398aa60-da48-45c3-9eb4-8bb4a858c345,,,14.94
2026-08-10 16:43:51.360737+00:00,detector,alerts_emitted,372.0,normal,f398aa60-da48-45c3-9eb4-8bb4a858c345,,,14.94
2026-08-10 16:43:51.361738+00:00,detector,throughput_eps,25.00056851292763,normal,f398aa60-da48-45c3-9eb4-8bb4a858c345,,,14.94
2026-08-10 16:43:51.361738+00:00,detector,queue_wait_ms,2.001953125,normal,f398aa60-da48-45c3-9eb4-8bb4a858c345,,,14.94
2026-08-10 16:43:51.361738+00:00,detector,stage_latency_ms,18.989399999554735,normal,f398aa60-da48-45c3-9eb4-8bb4a858c345,,,14.94
2026-08-10 16:43:51.361738+00:00,detector,end_to_end_latency_ms,21.001220703125,normal,f398aa60-da48-45c3-9eb4-8bb4a858c345,,,14.94
2026-08-10 16:43:51.381808+00:00,generator,events_sent,373.0,normal,f398aa60-da48-45c3-9eb4-8bb4a858c345,,,14.96
2026-08-10 16:43:51.381808+00:00,generator,throughput_eps,25.00526060672982,normal,f398aa60-da48-45c3-9eb4-8bb4a858c345,,,14.96
2026-08-10 16:43:51.384807+00:00,orchestrator,throughput_eps,24.603518303117973,normal,f398aa60-da48-45c3-9eb4-8bb4a858c345,,,14.96
2026-08-10 16:43:51.384807+00:00,orchestrator,queue_wait_ms,81.999755859375,normal,f398aa60-da48-45c3-9eb4-8bb4a858c345,,,14.96
2026-08-10 16:43:51.384807+00:00,orchestrator,events_processed,370.0,normal,f398aa60-da48-45c3-9eb4-8bb4a858c345,,,14.96
2026-08-10 16:43:51.385808+00:00,orchestrator,xai_latency_ms,0.002099999619531445,normal,f398aa60-da48-45c3-9eb4-8bb4a858c345,,deterministic,14.97
2026-08-10 16:43:51.385808+00:00,orchestrator,events_received,371.0,normal,f398aa60-da48-45c3-9eb4-8bb4a858c345,,,14.97
2026-08-10 16:43:51.385808+00:00,orchestrator,stage_latency_ms,23.98429999993823,normal,f398aa60-da48-45c3-9eb4-8bb4a858c345,,,14.97
2026-08-10 16:43:51.385808+00:00,orchestrator,end_to_end_latency_ms,125.071044921875,normal,f398aa60-da48-45c3-9eb4-8bb4a858c345,,,14.97
2026-08-10 16:43:51.400809+00:00,detector,events_processed,373.0,normal,f398aa60-da48-45c3-9eb4-8bb4a858c345,,,14.98
2026-08-10 16:43:51.401808+00:00,detector,alerts_emitted,373.0,normal,f398aa60-da48-45c3-9eb4-8bb4a858c345,,,14.98
2026-08-10 16:43:51.401808+00:00,detector,throughput_eps,25.006411643950926,normal,f398aa60-da48-45c3-9eb4-8bb4a858c345,,,14.98
2026-08-10 16:43:51.401808+00:00,detector,queue_wait_ms,2.000244140625,normal,f398aa60-da48-45c3-9eb4-8bb4a858c345,,,14.98
2026-08-10 16:43:51.401808+00:00,detector,stage_latency_ms,19.306099999084836,normal,f398aa60-da48-45c3-9eb4-8bb4a858c345,,,14.98
2026-08-10 16:43:51.402808+00:00,detector,end_to_end_latency_ms,21.001708984375,normal,f398aa60-da48-45c3-9eb4-8bb4a858c345,,,14.98
2026-08-10 16:43:51.409807+00:00,orchestrator,events_processed,371.0,normal,f398aa60-da48-45c3-9eb4-8bb4a858c345,,,14.99
2026-08-10 16:43:51.410808+00:00,orchestrator,end_to_end_latency_ms,110.070068359375,normal,f398aa60-da48-45c3-9eb4-8bb4a858c345,,,14.99
2026-08-10 16:43:51.410808+00:00,orchestrator,stage_latency_ms,23.94790000107605,normal,f398aa60-da48-45c3-9eb4-8bb4a858c345,,,14.99
2026-08-10 16:43:51.410808+00:00,orchestrator,xai_latency_ms,0.0017000002117129043,normal,f398aa60-da48-45c3-9eb4-8bb4a858c345,,deterministic,14.99
2026-08-10 16:43:51.410808+00:00,orchestrator,throughput_eps,24.688038037400293,normal,f398aa60-da48-45c3-9eb4-8bb4a858c345,,,14.99
2026-08-10 16:43:51.410808+00:00,orchestrator,queue_wait_ms,67.07080078125,normal,f398aa60-da48-45c3-9eb4-8bb4a858c345,,,14.99
2026-08-10 16:43:51.413809+00:00,orchestrator,events_received,372.0,normal,f398aa60-da48-45c3-9eb4-8bb4a858c345,,,14.99
2026-08-10 16:43:51.420809+00:00,generator,events_sent,374.0,normal,f398aa60-da48-45c3-9eb4-8bb4a858c345,,,15.0
2026-08-10 16:43:51.421808+00:00,generator,throughput_eps,25.003243920862026,normal,f398aa60-da48-45c3-9eb4-8bb4a858c345,,,15.0
2026-08-10 16:43:51.437808+00:00,orchestrator,events_processed,372.0,normal,f398aa60-da48-45c3-9eb4-8bb4a858c345,,,15.02
2026-08-10 16:43:51.438807+00:00,orchestrator,throughput_eps,24.744305822243252,normal,f398aa60-da48-45c3-9eb4-8bb4a858c345,,,15.02
2026-08-10 16:43:51.438807+00:00,orchestrator,queue_wait_ms,55.07275390625,normal,f398aa60-da48-45c3-9eb4-8bb4a858c345,,,15.02
2026-08-10 16:43:51.438807+00:00,orchestrator,stage_latency_ms,24.321799999597715,normal,f398aa60-da48-45c3-9eb4-8bb4a858c345,,,15.02
2026-08-10 16:43:51.438807+00:00,orchestrator,end_to_end_latency_ms,98.072265625,normal,f398aa60-da48-45c3-9eb4-8bb4a858c345,,,15.02
2026-08-10 16:43:51.438807+00:00,orchestrator,xai_latency_ms,0.0017999991541728377,normal,f398aa60-da48-45c3-9eb4-8bb4a858c345,,deterministic,15.02
2026-08-10 16:43:51.439810+00:00,orchestrator,events_received,373.0,normal,f398aa60-da48-45c3-9eb4-8bb4a858c345,,,15.02
2026-08-10 16:43:51.440807+00:00,detector,events_processed,374.0,normal,f398aa60-da48-45c3-9eb4-8bb4a858c345,,,15.02
2026-08-10 16:43:51.441807+00:00,detector,throughput_eps,25.001579099735704,normal,f398aa60-da48-45c3-9eb4-8bb4a858c345,,,15.02
2026-08-10 16:43:51.441807+00:00,detector,alerts_emitted,374.0,normal,f398aa60-da48-45c3-9eb4-8bb4a858c345,,,15.02
2026-08-10 16:43:51.441807+00:00,detector,queue_wait_ms,2.000244140625,normal,f398aa60-da48-45c3-9eb4-8bb4a858c345,,,15.02
2026-08-10 16:43:51.442809+00:00,detector,end_to_end_latency_ms,20.99951171875,normal,f398aa60-da48-45c3-9eb4-8bb4a858c345,,,15.02
2026-08-10 16:43:51.442809+00:00,detector,stage_latency_ms,19.530499999746098,normal,f398aa60-da48-45c3-9eb4-8bb4a858c345,,,15.02
2026-08-10 16:43:51.460937+00:00,generator,events_sent,375.0,normal,f398aa60-da48-45c3-9eb4-8bb4a858c345,,,15.04
2026-08-10 16:43:51.461947+00:00,generator,throughput_eps,25.005673787383667,normal,f398aa60-da48-45c3-9eb4-8bb4a858c345,,,15.04
2026-08-10 16:43:51.464948+00:00,orchestrator,events_processed,373.0,normal,f398aa60-da48-45c3-9eb4-8bb4a858c345,,,15.04
2026-08-10 16:43:51.464948+00:00,orchestrator,throughput_eps,24.81169821947959,normal,f398aa60-da48-45c3-9eb4-8bb4a858c345,,,15.04
2026-08-10 16:43:51.465947+00:00,orchestrator,queue_wait_ms,41.00146484375,normal,f398aa60-da48-45c3-9eb4-8bb4a858c345,,,15.05
2026-08-10 16:43:51.465947+00:00,orchestrator,stage_latency_ms,25.533500000165077,normal,f398aa60-da48-45c3-9eb4-8bb4a858c345,,,15.05
2026-08-10 16:43:51.465947+00:00,orchestrator,end_to_end_latency_ms,85.140625,normal,f398aa60-da48-45c3-9eb4-8bb4a858c345,,,15.05
2026-08-10 16:43:51.465947+00:00,orchestrator,xai_latency_ms,0.0039000005926936865,normal,f398aa60-da48-45c3-9eb4-8bb4a858c345,,deterministic,15.05
2026-08-10 16:43:51.468947+00:00,orchestrator,events_received,374.0,normal,f398aa60-da48-45c3-9eb4-8bb4a858c345,,,15.05
2026-08-10 16:43:51.481947+00:00,detector,queue_wait_ms,2.140380859375,normal,f398aa60-da48-45c3-9eb4-8bb4a858c345,,,15.06
2026-08-10 16:43:51.481947+00:00,detector,events_processed,375.0,normal,f398aa60-da48-45c3-9eb4-8bb4a858c345,,,15.06
2026-08-10 16:43:51.481947+00:00,detector,alerts_emitted,375.0,normal,f398aa60-da48-45c3-9eb4-8bb4a858c345,,,15.06
2026-08-10 16:43:51.481947+00:00,detector,throughput_eps,25.004560331716167,normal,f398aa60-da48-45c3-9eb4-8bb4a858c345,,,15.06
2026-08-10 16:43:51.482945+00:00,detector,end_to_end_latency_ms,22.14013671875,normal,f398aa60-da48-45c3-9eb4-8bb4a858c345,,,15.06
2026-08-10 16:43:51.482945+00:00,detector,stage_latency_ms,19.801700000243727,normal,f398aa60-da48-45c3-9eb4-8bb4a858c345,,,15.06
2026-08-10 16:43:51.492945+00:00,orchestrator,events_processed,374.0,normal,f398aa60-da48-45c3-9eb4-8bb4a858c345,,,15.07
2026-08-10 16:43:51.493945+00:00,orchestrator,throughput_eps,24.870866549730547,normal,f398aa60-da48-45c3-9eb4-8bb4a858c345,,,15.07
2026-08-10 16:43:51.493945+00:00,orchestrator,queue_wait_ms,30.14013671875,normal,f398aa60-da48-45c3-9eb4-8bb4a858c345,,,15.07
2026-08-10 16:43:51.493945+00:00,orchestrator,stage_latency_ms,24.796699999569682,normal,f398aa60-da48-45c3-9eb4-8bb4a858c345,,,15.07
2026-08-10 16:43:51.493945+00:00,orchestrator,end_to_end_latency_ms,73.1376953125,normal,f398aa60-da48-45c3-9eb4-8bb4a858c345,,,15.07
2026-08-10 16:43:51.494946+00:00,orchestrator,xai_latency_ms,0.0018999999156221747,normal,f398aa60-da48-45c3-9eb4-8bb4a858c345,,deterministic,15.07
2026-08-10 16:43:51.496946+00:00,orchestrator,events_received,375.0,normal,f398aa60-da48-45c3-9eb4-8bb4a858c345,,,15.08
2026-08-10 16:43:51.501946+00:00,generator,events_sent,376.0,normal,f398aa60-da48-45c3-9eb4-8bb4a858c345,,,15.08
2026-08-10 16:43:51.501946+00:00,generator,throughput_eps,25.001351573070643,normal,f398aa60-da48-45c3-9eb4-8bb4a858c345,,,15.08
2026-08-10 16:43:51.520945+00:00,detector,events_processed,376.0,normal,f398aa60-da48-45c3-9eb4-8bb4a858c345,,,15.1
2026-08-10 16:43:51.520945+00:00,detector,alerts_emitted,376.0,normal,f398aa60-da48-45c3-9eb4-8bb4a858c345,,,15.1
2026-08-10 16:43:51.521945+00:00,orchestrator,queue_wait_ms,17.970458984375,normal,f398aa60-da48-45c3-9eb4-8bb4a858c345,,,15.1
2026-08-10 16:43:51.521945+00:00,detector,stage_latency_ms,18.65670000006503,normal,f398aa60-da48-45c3-9eb4-8bb4a858c345,,,15.1
2026-08-10 16:43:51.521945+00:00,detector,queue_wait_ms,1.999755859375,normal,f398aa60-da48-45c3-9eb4-8bb4a858c345,,,15.1
2026-08-10 16:43:51.521945+00:00,orchestrator,stage_latency_ms,24.709499999516993,normal,f398aa60-da48-45c3-9eb4-8bb4a858c345,,,15.1
2026-08-10 16:43:51.521945+00:00,detector,throughput_eps,25.00694793040704,normal,f398aa60-da48-45c3-9eb4-8bb4a858c345,,,15.1
2026-08-10 16:43:51.521945+00:00,orchestrator,events_processed,375.0,normal,f398aa60-da48-45c3-9eb4-8bb4a858c345,,,15.1
2026-08-10 16:43:51.521945+00:00,orchestrator,throughput_eps,25.179110792394464,normal,f398aa60-da48-45c3-9eb4-8bb4a858c345,,,15.1
2026-08-10 16:43:51.522945+00:00,orchestrator,xai_latency_ms,0.0017999991541728377,normal,f398aa60-da48-45c3-9eb4-8bb4a858c345,,deterministic,15.1
2026-08-10 16:43:51.522945+00:00,detector,end_to_end_latency_ms,20.99853515625,normal,f398aa60-da48-45c3-9eb4-8bb4a858c345,,,15.1
2026-08-10 16:43:51.522945+00:00,orchestrator,end_to_end_latency_ms,62.138671875,normal,f398aa60-da48-45c3-9eb4-8bb4a858c345,,,15.1
2026-08-10 16:43:51.524945+00:00,orchestrator,events_received,376.0,normal,f398aa60-da48-45c3-9eb4-8bb4a858c345,,,15.1
2026-08-10 16:43:51.541946+00:00,generator,events_sent,377.0,normal,f398aa60-da48-45c3-9eb4-8bb4a858c345,,,15.12
2026-08-10 16:43:51.541946+00:00,generator,throughput_eps,25.002001660259292,normal,f398aa60-da48-45c3-9eb4-8bb4a858c345,,,15.12
2026-08-10 16:43:51.561460+00:00,detector,events_processed,377.0,normal,f398aa60-da48-45c3-9eb4-8bb4a858c345,,,15.14
2026-08-10 16:43:51.561460+00:00,detector,alerts_emitted,377.0,normal,f398aa60-da48-45c3-9eb4-8bb4a858c345,,,15.14
2026-08-10 16:43:51.561460+00:00,detector,throughput_eps,25.001049044020128,normal,f398aa60-da48-45c3-9eb4-8bb4a858c345,,,15.14
2026-08-10 16:43:51.562462+00:00,detector,queue_wait_ms,2.0029296875,normal,f398aa60-da48-45c3-9eb4-8bb4a858c345,,,15.14
2026-08-10 16:43:51.562462+00:00,detector,stage_latency_ms,19.211299999369658,normal,f398aa60-da48-45c3-9eb4-8bb4a858c345,,,15.14
2026-08-10 16:43:51.562462+00:00,detector,end_to_end_latency_ms,21.51611328125,normal,f398aa60-da48-45c3-9eb4-8bb4a858c345,,,15.14
2026-08-10 16:43:51.582463+00:00,generator,events_sent,378.0,normal,f398aa60-da48-45c3-9eb4-8bb4a858c345,,,15.16
2026-08-10 16:43:51.583396+00:00,generator,throughput_eps,24.99798756120267,normal,f398aa60-da48-45c3-9eb4-8bb4a858c345,,,15.16
2026-08-10 16:43:51.596460+00:00,orchestrator,throughput_eps,25.001293566928673,normal,f398aa60-da48-45c3-9eb4-8bb4a858c345,,,15.18
2026-08-10 16:43:51.596460+00:00,orchestrator,events_processed,376.0,normal,f398aa60-da48-45c3-9eb4-8bb4a858c345,,,15.18
2026-08-10 16:43:51.597461+00:00,orchestrator,queue_wait_ms,5.99951171875,normal,f398aa60-da48-45c3-9eb4-8bb4a858c345,,,15.18
2026-08-10 16:43:51.597461+00:00,orchestrator,stage_latency_ms,71.21010000082606,normal,f398aa60-da48-45c3-9eb4-8bb4a858c345,,,15.18
2026-08-10 16:43:51.597461+00:00,orchestrator,end_to_end_latency_ms,96.51416015625,normal,f398aa60-da48-45c3-9eb4-8bb4a858c345,,,15.18
2026-08-10 16:43:51.598461+00:00,orchestrator,xai_latency_ms,0.0018999999156221747,normal,f398aa60-da48-45c3-9eb4-8bb4a858c345,,deterministic,15.18
2026-08-10 16:43:51.600461+00:00,orchestrator,events_received,377.0,normal,f398aa60-da48-45c3-9eb4-8bb4a858c345,,,15.18
2026-08-10 16:43:51.601460+00:00,detector,events_processed,378.0,normal,f398aa60-da48-45c3-9eb4-8bb4a858c345,,,15.18
2026-08-10 16:43:51.601460+00:00,detector,alerts_emitted,378.0,normal,f398aa60-da48-45c3-9eb4-8bb4a858c345,,,15.18
2026-08-10 16:43:51.601460+00:00,detector,throughput_eps,25.001800532891007,normal,f398aa60-da48-45c3-9eb4-8bb4a858c345,,,15.18
2026-08-10 16:43:51.602460+00:00,detector,queue_wait_ms,1.97216796875,normal,f398aa60-da48-45c3-9eb4-8bb4a858c345,,,15.18
2026-08-10 16:43:51.602460+00:00,detector,stage_latency_ms,18.33029999943392,normal,f398aa60-da48-45c3-9eb4-8bb4a858c345,,,15.18
2026-08-10 16:43:51.602460+00:00,detector,end_to_end_latency_ms,20.9697265625,normal,f398aa60-da48-45c3-9eb4-8bb4a858c345,,,15.18
2026-08-10 16:43:51.621876+00:00,generator,events_sent,379.0,normal,f398aa60-da48-45c3-9eb4-8bb4a858c345,,,15.2
2026-08-10 16:43:51.622963+00:00,generator,throughput_eps,25.000656017215874,normal,f398aa60-da48-45c3-9eb4-8bb4a858c345,,,15.2
2026-08-10 16:43:51.624882+00:00,orchestrator,events_processed,377.0,normal,f398aa60-da48-45c3-9eb4-8bb4a858c345,,,15.2
2026-08-10 16:43:51.625881+00:00,orchestrator,throughput_eps,25.001558097095085,normal,f398aa60-da48-45c3-9eb4-8bb4a858c345,,,15.21
2026-08-10 16:43:51.625881+00:00,orchestrator,queue_wait_ms,40.998046875,normal,f398aa60-da48-45c3-9eb4-8bb4a858c345,,,15.21
2026-08-10 16:43:51.625881+00:00,orchestrator,stage_latency_ms,24.266100001113955,normal,f398aa60-da48-45c3-9eb4-8bb4a858c345,,,15.21
2026-08-10 16:43:51.625881+00:00,orchestrator,end_to_end_latency_ms,84.938232421875,normal,f398aa60-da48-45c3-9eb4-8bb4a858c345,,,15.21
2026-08-10 16:43:51.626885+00:00,orchestrator,xai_latency_ms,0.0017999991541728377,normal,f398aa60-da48-45c3-9eb4-8bb4a858c345,,deterministic,15.21
2026-08-10 16:43:51.628883+00:00,orchestrator,events_received,378.0,normal,f398aa60-da48-45c3-9eb4-8bb4a858c345,,,15.21
2026-08-10 16:43:51.641882+00:00,detector,events_processed,379.0,normal,f398aa60-da48-45c3-9eb4-8bb4a858c345,,,15.22
2026-08-10 16:43:51.642881+00:00,detector,alerts_emitted,379.0,normal,f398aa60-da48-45c3-9eb4-8bb4a858c345,,,15.22
2026-08-10 16:43:51.642881+00:00,detector,throughput_eps,25.00826331507088,normal,f398aa60-da48-45c3-9eb4-8bb4a858c345,,,15.22
2026-08-10 16:43:51.642881+00:00,detector,queue_wait_ms,2.4248046875,normal,f398aa60-da48-45c3-9eb4-8bb4a858c345,,,15.22
2026-08-10 16:43:51.642881+00:00,detector,stage_latency_ms,19.625599999926635,normal,f398aa60-da48-45c3-9eb4-8bb4a858c345,,,15.22
2026-08-10 16:43:51.643882+00:00,detector,end_to_end_latency_ms,21.422607421875,normal,f398aa60-da48-45c3-9eb4-8bb4a858c345,,,15.22
2026-08-10 16:43:51.653882+00:00,orchestrator,throughput_eps,25.21889082030142,normal,f398aa60-da48-45c3-9eb4-8bb4a858c345,,,15.23
2026-08-10 16:43:51.653882+00:00,orchestrator,events_processed,378.0,normal,f398aa60-da48-45c3-9eb4-8bb4a858c345,,,15.23
2026-08-10 16:43:51.654883+00:00,orchestrator,queue_wait_ms,29.421875,normal,f398aa60-da48-45c3-9eb4-8bb4a858c345,,,15.23
2026-08-10 16:43:51.654883+00:00,orchestrator,stage_latency_ms,24.73430000100052,normal,f398aa60-da48-45c3-9eb4-8bb4a858c345,,,15.23
2026-08-10 16:43:51.654883+00:00,orchestrator,end_to_end_latency_ms,73.391357421875,normal,f398aa60-da48-45c3-9eb4-8bb4a858c345,,,15.23
2026-08-10 16:43:51.654883+00:00,orchestrator,xai_latency_ms,0.002099999619531445,normal,f398aa60-da48-45c3-9eb4-8bb4a858c345,,deterministic,15.23
2026-08-10 16:43:51.657881+00:00,orchestrator,events_received,379.0,normal,f398aa60-da48-45c3-9eb4-8bb4a858c345,,,15.24
2026-08-10 16:43:51.660882+00:00,generator,events_sent,380.0,normal,f398aa60-da48-45c3-9eb4-8bb4a858c345,,,15.24
2026-08-10 16:43:51.661882+00:00,generator,throughput_eps,25.00613550541236,normal,f398aa60-da48-45c3-9eb4-8bb4a858c345,,,15.24
2026-08-10 16:43:51.680882+00:00,detector,events_processed,380.0,normal,f398aa60-da48-45c3-9eb4-8bb4a858c345,,,15.26
2026-08-10 16:43:51.681882+00:00,orchestrator,events_processed,379.0,normal,f398aa60-da48-45c3-9eb4-8bb4a858c345,,,15.26
2026-08-10 16:43:51.681882+00:00,detector,alerts_emitted,380.0,normal,f398aa60-da48-45c3-9eb4-8bb4a858c345,,,15.26
2026-08-10 16:43:51.681882+00:00,detector,throughput_eps,25.013485770713892,normal,f398aa60-da48-45c3-9eb4-8bb4a858c345,,,15.26
2026-08-10 16:43:51.681882+00:00,detector,queue_wait_ms,1.999755859375,normal,f398aa60-da48-45c3-9eb4-8bb4a858c345,,,15.26
2026-08-10 16:43:51.681882+00:00,detector,stage_latency_ms,19.46740000130376,normal,f398aa60-da48-45c3-9eb4-8bb4a858c345,,,15.26
2026-08-10 16:43:51.682882+00:00,orchestrator,queue_wait_ms,18.0,normal,f398aa60-da48-45c3-9eb4-8bb4a858c345,,,15.26
2026-08-10 16:43:51.682882+00:00,orchestrator,stage_latency_ms,24.527499999749125,normal,f398aa60-da48-45c3-9eb4-8bb4a858c345,,,15.26
2026-08-10 16:43:51.682882+00:00,detector,end_to_end_latency_ms,20.999755859375,normal,f398aa60-da48-45c3-9eb4-8bb4a858c345,,,15.26
2026-08-10 16:43:51.682882+00:00,orchestrator,throughput_eps,25.276453628624424,normal,f398aa60-da48-45c3-9eb4-8bb4a858c345,,,15.26
2026-08-10 16:43:51.683882+00:00,orchestrator,end_to_end_latency_ms,61.42333984375,normal,f398aa60-da48-45c3-9eb4-8bb4a858c345,,,15.26
2026-08-10 16:43:51.683882+00:00,orchestrator,xai_latency_ms,0.0018000009731622413,normal,f398aa60-da48-45c3-9eb4-8bb4a858c345,,deterministic,15.26
2026-08-10 16:43:51.685882+00:00,orchestrator,events_received,380.0,normal,f398aa60-da48-45c3-9eb4-8bb4a858c345,,,15.27
2026-08-10 16:43:51.701881+00:00,generator,events_sent,381.0,normal,f398aa60-da48-45c3-9eb4-8bb4a858c345,,,15.28
2026-08-10 16:43:51.701881+00:00,generator,throughput_eps,25.007188566422563,normal,f398aa60-da48-45c3-9eb4-8bb4a858c345,,,15.28
2026-08-10 16:43:51.710883+00:00,orchestrator,events_processed,380.0,normal,f398aa60-da48-45c3-9eb4-8bb4a858c345,,,15.29
2026-08-10 16:43:51.711881+00:00,orchestrator,throughput_eps,25.329950752941954,normal,f398aa60-da48-45c3-9eb4-8bb4a858c345,,,15.29
2026-08-10 16:43:51.711881+00:00,orchestrator,queue_wait_ms,7.000732421875,normal,f398aa60-da48-45c3-9eb4-8bb4a858c345,,,15.29
2026-08-10 16:43:51.711881+00:00,orchestrator,stage_latency_ms,25.01219999976456,normal,f398aa60-da48-45c3-9eb4-8bb4a858c345,,,15.29
2026-08-10 16:43:51.712881+00:00,orchestrator,end_to_end_latency_ms,51.00146484375,normal,f398aa60-da48-45c3-9eb4-8bb4a858c345,,,15.29
2026-08-10 16:43:51.712881+00:00,orchestrator,xai_latency_ms,0.0018000009731622413,normal,f398aa60-da48-45c3-9eb4-8bb4a858c345,,deterministic,15.29
2026-08-10 16:43:51.720881+00:00,detector,alerts_emitted,381.0,normal,f398aa60-da48-45c3-9eb4-8bb4a858c345,,,15.3
2026-08-10 16:43:51.720881+00:00,detector,events_processed,381.0,normal,f398aa60-da48-45c3-9eb4-8bb4a858c345,,,15.3
2026-08-10 16:43:51.721883+00:00,orchestrator,events_received,381.0,normal,f398aa60-da48-45c3-9eb4-8bb4a858c345,,,15.3
2026-08-10 16:43:51.721883+00:00,detector,queue_wait_ms,1.999755859375,normal,f398aa60-da48-45c3-9eb4-8bb4a858c345,,,15.3
2026-08-10 16:43:51.721883+00:00,detector,stage_latency_ms,19.156099999236176,normal,f398aa60-da48-45c3-9eb4-8bb4a858c345,,,15.3
2026-08-10 16:43:51.721883+00:00,detector,throughput_eps,25.00931647057209,normal,f398aa60-da48-45c3-9eb4-8bb4a858c345,,,15.3
2026-08-10 16:43:51.722882+00:00,detector,end_to_end_latency_ms,21.0,normal,f398aa60-da48-45c3-9eb4-8bb4a858c345,,,15.3
2026-08-10 16:43:51.741889+00:00,generator,events_sent,382.0,normal,f398aa60-da48-45c3-9eb4-8bb4a858c345,,,15.32
2026-08-10 16:43:51.741889+00:00,generator,throughput_eps,25.001703241032995,normal,f398aa60-da48-45c3-9eb4-8bb4a858c345,,,15.32
2026-08-10 16:43:51.745888+00:00,orchestrator,events_processed,381.0,normal,f398aa60-da48-45c3-9eb4-8bb4a858c345,,,15.33
2026-08-10 16:43:51.746889+00:00,orchestrator,throughput_eps,25.297964851010757,normal,f398aa60-da48-45c3-9eb4-8bb4a858c345,,,15.33
2026-08-10 16:43:51.746889+00:00,orchestrator,queue_wait_ms,3.00146484375,normal,f398aa60-da48-45c3-9eb4-8bb4a858c345,,,15.33
2026-08-10 16:43:51.746889+00:00,orchestrator,stage_latency_ms,24.84830000139482,normal,f398aa60-da48-45c3-9eb4-8bb4a858c345,,,15.33
2026-08-10 16:43:51.747889+00:00,orchestrator,end_to_end_latency_ms,46.00634765625,normal,f398aa60-da48-45c3-9eb4-8bb4a858c345,,,15.33
2026-08-10 16:43:51.747889+00:00,orchestrator,xai_latency_ms,0.0017000002117129043,normal,f398aa60-da48-45c3-9eb4-8bb4a858c345,,deterministic,15.33
2026-08-10 16:43:51.760887+00:00,orchestrator,events_received,382.0,normal,f398aa60-da48-45c3-9eb4-8bb4a858c345,,,15.34
2026-08-10 16:43:51.760887+00:00,detector,throughput_eps,25.003089381725644,normal,f398aa60-da48-45c3-9eb4-8bb4a858c345,,,15.34
2026-08-10 16:43:51.760887+00:00,detector,alerts_emitted,382.0,normal,f398aa60-da48-45c3-9eb4-8bb4a858c345,,,15.34
2026-08-10 16:43:51.760887+00:00,detector,events_processed,382.0,normal,f398aa60-da48-45c3-9eb4-8bb4a858c345,,,15.34
2026-08-10 16:43:51.761889+00:00,detector,queue_wait_ms,2.008544921875,normal,f398aa60-da48-45c3-9eb4-8bb4a858c345,,,15.34
2026-08-10 16:43:51.761889+00:00,detector,stage_latency_ms,18.503499999496853,normal,f398aa60-da48-45c3-9eb4-8bb4a858c345,,,15.34
2026-08-10 16:43:51.761889+00:00,detector,end_to_end_latency_ms,21.0068359375,normal,f398aa60-da48-45c3-9eb4-8bb4a858c345,,,15.34
2026-08-10 16:43:51.781887+00:00,generator,events_sent,383.0,normal,f398aa60-da48-45c3-9eb4-8bb4a858c345,,,15.36
2026-08-10 16:43:51.781887+00:00,generator,throughput_eps,25.00406316026551,normal,f398aa60-da48-45c3-9eb4-8bb4a858c345,,,15.36
2026-08-10 16:43:51.785887+00:00,orchestrator,events_processed,382.0,normal,f398aa60-da48-45c3-9eb4-8bb4a858c345,,,15.37
2026-08-10 16:43:51.786887+00:00,orchestrator,throughput_eps,25.227074200574418,normal,f398aa60-da48-45c3-9eb4-8bb4a858c345,,,15.37
2026-08-10 16:43:51.786887+00:00,orchestrator,queue_wait_ms,1.99951171875,normal,f398aa60-da48-45c3-9eb4-8bb4a858c345,,,15.37
2026-08-10 16:43:51.786887+00:00,orchestrator,stage_latency_ms,25.106199998845113,normal,f398aa60-da48-45c3-9eb4-8bb4a858c345,,,15.37
2026-08-10 16:43:51.787888+00:00,orchestrator,end_to_end_latency_ms,46.00732421875,normal,f398aa60-da48-45c3-9eb4-8bb4a858c345,,,15.37
2026-08-10 16:43:51.787888+00:00,orchestrator,xai_latency_ms,0.001999998858082108,normal,f398aa60-da48-45c3-9eb4-8bb4a858c345,,deterministic,15.37
2026-08-10 16:43:51.800888+00:00,detector,events_processed,383.0,normal,f398aa60-da48-45c3-9eb4-8bb4a858c345,,,15.38
2026-08-10 16:43:51.801889+00:00,orchestrator,events_received,383.0,normal,f398aa60-da48-45c3-9eb4-8bb4a858c345,,,15.38
2026-08-10 16:43:51.801889+00:00,detector,stage_latency_ms,19.320999999763444,normal,f398aa60-da48-45c3-9eb4-8bb4a858c345,,,15.38
2026-08-10 16:43:51.801889+00:00,detector,queue_wait_ms,1.99951171875,normal,f398aa60-da48-45c3-9eb4-8bb4a858c345,,,15.38
2026-08-10 16:43:51.801889+00:00,detector,alerts_emitted,383.0,normal,f398aa60-da48-45c3-9eb4-8bb4a858c345,,,15.38
2026-08-10 16:43:51.801889+00:00,detector,throughput_eps,25.000819526865033,normal,f398aa60-da48-45c3-9eb4-8bb4a858c345,,,15.38
2026-08-10 16:43:51.802887+00:00,detector,end_to_end_latency_ms,21.0,normal,f398aa60-da48-45c3-9eb4-8bb4a858c345,,,15.38
2026-08-10 16:43:51.820888+00:00,generator,events_sent,384.0,normal,f398aa60-da48-45c3-9eb4-8bb4a858c345,,,15.4
2026-08-10 16:43:51.821887+00:00,generator,throughput_eps,25.004698382824788,normal,f398aa60-da48-45c3-9eb4-8bb4a858c345,,,15.4
2026-08-10 16:43:51.825888+00:00,orchestrator,events_processed,383.0,normal,f398aa60-da48-45c3-9eb4-8bb4a858c345,,,15.41
2026-08-10 16:43:51.826887+00:00,orchestrator,end_to_end_latency_ms,46.000244140625,normal,f398aa60-da48-45c3-9eb4-8bb4a858c345,,,15.41
2026-08-10 16:43:51.826887+00:00,orchestrator,throughput_eps,25.11483153965516,normal,f398aa60-da48-45c3-9eb4-8bb4a858c345,,,15.41
2026-08-10 16:43:51.826887+00:00,orchestrator,queue_wait_ms,3.001708984375,normal,f398aa60-da48-45c3-9eb4-8bb4a858c345,,,15.41
2026-08-10 16:43:51.826887+00:00,orchestrator,stage_latency_ms,24.73160000045027,normal,f398aa60-da48-45c3-9eb4-8bb4a858c345,,,15.41
2026-08-10 16:43:51.827887+00:00,orchestrator,xai_latency_ms,0.0021999985619913787,normal,f398aa60-da48-45c3-9eb4-8bb4a858c345,,deterministic,15.41
2026-08-10 16:43:51.840887+00:00,detector,throughput_eps,25.003388459199527,normal,f398aa60-da48-45c3-9eb4-8bb4a858c345,,,15.42
2026-08-10 16:43:51.840887+00:00,orchestrator,events_received,384.0,normal,f398aa60-da48-45c3-9eb4-8bb4a858c345,,,15.42
2026-08-10 16:43:51.840887+00:00,detector,events_processed,384.0,normal,f398aa60-da48-45c3-9eb4-8bb4a858c345,,,15.42
2026-08-10 16:43:51.840887+00:00,detector,alerts_emitted,384.0,normal,f398aa60-da48-45c3-9eb4-8bb4a858c345,,,15.42
2026-08-10 16:43:51.841887+00:00,detector,queue_wait_ms,1.99951171875,normal,f398aa60-da48-45c3-9eb4-8bb4a858c345,,,15.42
2026-08-10 16:43:51.841887+00:00,detector,stage_latency_ms,18.974100001287297,normal,f398aa60-da48-45c3-9eb4-8bb4a858c345,,,15.42
2026-08-10 16:43:51.841887+00:00,detector,end_to_end_latency_ms,20.99951171875,normal,f398aa60-da48-45c3-9eb4-8bb4a858c345,,,15.42
2026-08-10 16:43:51.860887+00:00,generator,events_sent,385.0,normal,f398aa60-da48-45c3-9eb4-8bb4a858c345,,,15.44
2026-08-10 16:43:51.861887+00:00,generator,throughput_eps,25.00394362198959,normal,f398aa60-da48-45c3-9eb4-8bb4a858c345,,,15.44
2026-08-10 16:43:51.865887+00:00,orchestrator,events_processed,384.0,normal,f398aa60-da48-45c3-9eb4-8bb4a858c345,,,15.45
2026-08-10 16:43:51.865887+00:00,orchestrator,throughput_eps,25.053894434478934,normal,f398aa60-da48-45c3-9eb4-8bb4a858c345,,,15.45
2026-08-10 16:43:51.866887+00:00,orchestrator,queue_wait_ms,1.999755859375,normal,f398aa60-da48-45c3-9eb4-8bb4a858c345,,,15.45
2026-08-10 16:43:51.866887+00:00,orchestrator,stage_latency_ms,24.90579999903275,normal,f398aa60-da48-45c3-9eb4-8bb4a858c345,,,15.45
2026-08-10 16:43:51.866887+00:00,orchestrator,end_to_end_latency_ms,46.0,normal,f398aa60-da48-45c3-9eb4-8bb4a858c345,,,15.45
2026-08-10 16:43:51.867888+00:00,orchestrator,xai_latency_ms,0.0017000002117129043,normal,f398aa60-da48-45c3-9eb4-8bb4a858c345,,deterministic,15.45
2026-08-10 16:43:51.881887+00:00,detector,throughput_eps,25.000479343864207,normal,f398aa60-da48-45c3-9eb4-8bb4a858c345,,,15.46
2026-08-10 16:43:51.881887+00:00,orchestrator,events_received,385.0,normal,f398aa60-da48-45c3-9eb4-8bb4a858c345,,,15.46
2026-08-10 16:43:51.881887+00:00,detector,events_processed,385.0,normal,f398aa60-da48-45c3-9eb4-8bb4a858c345,,,15.46
2026-08-10 16:43:51.881887+00:00,detector,alerts_emitted,385.0,normal,f398aa60-da48-45c3-9eb4-8bb4a858c345,,,15.46
2026-08-10 16:43:51.882887+00:00,detector,queue_wait_ms,2.0009765625,normal,f398aa60-da48-45c3-9eb4-8bb4a858c345,,,15.46
2026-08-10 16:43:51.882887+00:00,detector,stage_latency_ms,19.78390000112995,normal,f398aa60-da48-45c3-9eb4-8bb4a858c345,,,15.46
2026-08-10 16:43:51.882887+00:00,detector,end_to_end_latency_ms,22.0009765625,normal,f398aa60-da48-45c3-9eb4-8bb4a858c345,,,15.46
2026-08-10 16:43:51.901888+00:00,generator,events_sent,386.0,normal,f398aa60-da48-45c3-9eb4-8bb4a858c345,,,15.48
2026-08-10 16:43:51.901888+00:00,generator,throughput_eps,25.001685113574105,normal,f398aa60-da48-45c3-9eb4-8bb4a858c345,,,15.48
2026-08-10 16:43:51.906887+00:00,orchestrator,events_processed,385.0,normal,f398aa60-da48-45c3-9eb4-8bb4a858c345,,,15.49
2026-08-10 16:43:51.906887+00:00,orchestrator,throughput_eps,25.002404731287978,normal,f398aa60-da48-45c3-9eb4-8bb4a858c345,,,15.49
2026-08-10 16:43:51.906887+00:00,orchestrator,queue_wait_ms,3.0,normal,f398aa60-da48-45c3-9eb4-8bb4a858c345,,,15.49
2026-08-10 16:43:51.907886+00:00,orchestrator,stage_latency_ms,24.605200000223704,normal,f398aa60-da48-45c3-9eb4-8bb4a858c345,,,15.49
2026-08-10 16:43:51.907886+00:00,orchestrator,end_to_end_latency_ms,47.000732421875,normal,f398aa60-da48-45c3-9eb4-8bb4a858c345,,,15.49
2026-08-10 16:43:51.907886+00:00,orchestrator,xai_latency_ms,0.0020000006770715117,normal,f398aa60-da48-45c3-9eb4-8bb4a858c345,,deterministic,15.49
2026-08-10 16:43:51.921887+00:00,detector,queue_wait_ms,2.0009765625,normal,f398aa60-da48-45c3-9eb4-8bb4a858c345,,,15.5
2026-08-10 16:43:51.921887+00:00,detector,throughput_eps,25.00088503132958,normal,f398aa60-da48-45c3-9eb4-8bb4a858c345,,,15.5
2026-08-10 16:43:51.921887+00:00,detector,events_processed,386.0,normal,f398aa60-da48-45c3-9eb4-8bb4a858c345,,,15.5
2026-08-10 16:43:51.921887+00:00,detector,alerts_emitted,386.0,normal,f398aa60-da48-45c3-9eb4-8bb4a858c345,,,15.5
2026-08-10 16:43:51.921887+00:00,orchestrator,events_received,386.0,normal,f398aa60-da48-45c3-9eb4-8bb4a858c345,,,15.5
2026-08-10 16:43:51.922887+00:00,detector,stage_latency_ms,19.281500000943197,normal,f398aa60-da48-45c3-9eb4-8bb4a858c345,,,15.5
2026-08-10 16:43:51.922887+00:00,detector,end_to_end_latency_ms,22.000244140625,normal,f398aa60-da48-45c3-9eb4-8bb4a858c345,,,15.5
2026-08-10 16:43:51.940887+00:00,generator,events_sent,387.0,normal,f398aa60-da48-45c3-9eb4-8bb4a858c345,,,15.52
2026-08-10 16:43:51.941887+00:00,generator,throughput_eps,25.001992658816413,normal,f398aa60-da48-45c3-9eb4-8bb4a858c345,,,15.52
2026-08-10 16:43:51.946454+00:00,orchestrator,events_processed,386.0,normal,f398aa60-da48-45c3-9eb4-8bb4a858c345,,,15.53
2026-08-10 16:43:51.947454+00:00,orchestrator,throughput_eps,24.99769325722152,normal,f398aa60-da48-45c3-9eb4-8bb4a858c345,,,15.53
2026-08-10 16:43:51.947454+00:00,orchestrator,queue_wait_ms,3.000244140625,normal,f398aa60-da48-45c3-9eb4-8bb4a858c345,,,15.53
2026-08-10 16:43:51.947454+00:00,orchestrator,stage_latency_ms,24.917200000345474,normal,f398aa60-da48-45c3-9eb4-8bb4a858c345,,,15.53
2026-08-10 16:43:51.948454+00:00,orchestrator,end_to_end_latency_ms,46.566650390625,normal,f398aa60-da48-45c3-9eb4-8bb4a858c345,,,15.53
2026-08-10 16:43:51.948454+00:00,orchestrator,xai_latency_ms,0.003600000127335079,normal,f398aa60-da48-45c3-9eb4-8bb4a858c345,,deterministic,15.53
2026-08-10 16:43:51.961453+00:00,detector,throughput_eps,24.998460276293127,normal,f398aa60-da48-45c3-9eb4-8bb4a858c345,,,15.54
2026-08-10 16:43:51.961453+00:00,orchestrator,events_received,387.0,normal,f398aa60-da48-45c3-9eb4-8bb4a858c345,,,15.54
2026-08-10 16:43:51.961453+00:00,detector,events_processed,387.0,normal,f398aa60-da48-45c3-9eb4-8bb4a858c345,,,15.54
2026-08-10 16:43:51.961453+00:00,detector,alerts_emitted,387.0,normal,f398aa60-da48-45c3-9eb4-8bb4a858c345,,,15.54
2026-08-10 16:43:51.962455+00:00,detector,queue_wait_ms,2.0009765625,normal,f398aa60-da48-45c3-9eb4-8bb4a858c345,,,15.54
2026-08-10 16:43:51.962455+00:00,detector,stage_latency_ms,19.485700000586803,normal,f398aa60-da48-45c3-9eb4-8bb4a858c345,,,15.54
2026-08-10 16:43:51.962455+00:00,detector,end_to_end_latency_ms,21.5673828125,normal,f398aa60-da48-45c3-9eb4-8bb4a858c345,,,15.54
2026-08-10 16:43:51.982453+00:00,generator,events_sent,388.0,normal,f398aa60-da48-45c3-9eb4-8bb4a858c345,,,15.56
2026-08-10 16:43:51.982453+00:00,generator,throughput_eps,24.99760909964202,normal,f398aa60-da48-45c3-9eb4-8bb4a858c345,,,15.56
2026-08-10 16:43:51.986453+00:00,orchestrator,queue_wait_ms,1.999267578125,normal,f398aa60-da48-45c3-9eb4-8bb4a858c345,,,15.57
2026-08-10 16:43:51.986453+00:00,orchestrator,events_processed,387.0,normal,f398aa60-da48-45c3-9eb4-8bb4a858c345,,,15.57
2026-08-10 16:43:51.986453+00:00,orchestrator,throughput_eps,25.001619104857443,normal,f398aa60-da48-45c3-9eb4-8bb4a858c345,,,15.57
2026-08-10 16:43:51.987454+00:00,orchestrator,xai_latency_ms,0.001999998858082108,normal,f398aa60-da48-45c3-9eb4-8bb4a858c345,,deterministic,15.57
2026-08-10 16:43:51.987454+00:00,orchestrator,end_to_end_latency_ms,46.5673828125,normal,f398aa60-da48-45c3-9eb4-8bb4a858c345,,,15.57
2026-08-10 16:43:51.987454+00:00,orchestrator,stage_latency_ms,24.409199999354314,normal,f398aa60-da48-45c3-9eb4-8bb4a858c345,,,15.57
2026-08-10 16:43:52.001454+00:00,detector,events_processed,388.0,normal,f398aa60-da48-45c3-9eb4-8bb4a858c345,,,15.58
2026-08-10 16:43:52.001454+00:00,detector,alerts_emitted,388.0,normal,f398aa60-da48-45c3-9eb4-8bb4a858c345,,,15.58
2026-08-10 16:43:52.001454+00:00,orchestrator,events_received,388.0,normal,f398aa60-da48-45c3-9eb4-8bb4a858c345,,,15.58
2026-08-10 16:43:52.001454+00:00,detector,throughput_eps,25.00578410002164,normal,f398aa60-da48-45c3-9eb4-8bb4a858c345,,,15.58
2026-08-10 16:43:52.002453+00:00,detector,queue_wait_ms,1.99951171875,normal,f398aa60-da48-45c3-9eb4-8bb4a858c345,,,15.58
2026-08-10 16:43:52.002453+00:00,detector,stage_latency_ms,18.488599998818245,normal,f398aa60-da48-45c3-9eb4-8bb4a858c345,,,15.58
2026-08-10 16:43:52.002453+00:00,detector,end_to_end_latency_ms,21.0,normal,f398aa60-da48-45c3-9eb4-8bb4a858c345,,,15.58
2026-08-10 16:43:52.021998+00:00,generator,events_sent,389.0,normal,f398aa60-da48-45c3-9eb4-8bb4a858c345,,,15.6
2026-08-10 16:43:52.021998+00:00,generator,throughput_eps,25.000829027491072,normal,f398aa60-da48-45c3-9eb4-8bb4a858c345,,,15.6
2026-08-10 16:43:52.025997+00:00,orchestrator,events_processed,388.0,normal,f398aa60-da48-45c3-9eb4-8bb4a858c345,,,15.61
2026-08-10 16:43:52.026995+00:00,orchestrator,queue_wait_ms,3.000244140625,normal,f398aa60-da48-45c3-9eb4-8bb4a858c345,,,15.61
2026-08-10 16:43:52.026995+00:00,orchestrator,stage_latency_ms,24.64259999942442,normal,f398aa60-da48-45c3-9eb4-8bb4a858c345,,,15.61
2026-08-10 16:43:52.026995+00:00,orchestrator,throughput_eps,25.00456585388844,normal,f398aa60-da48-45c3-9eb4-8bb4a858c345,,,15.61
2026-08-10 16:43:52.027996+00:00,orchestrator,end_to_end_latency_ms,45.54296875,normal,f398aa60-da48-45c3-9eb4-8bb4a858c345,,,15.61
2026-08-10 16:43:52.027996+00:00,orchestrator,xai_latency_ms,0.0030000010156072676,normal,f398aa60-da48-45c3-9eb4-8bb4a858c345,,deterministic,15.61
2026-08-10 16:43:52.040996+00:00,detector,events_processed,389.0,normal,f398aa60-da48-45c3-9eb4-8bb4a858c345,,,15.62
2026-08-10 16:43:52.041997+00:00,detector,alerts_emitted,389.0,normal,f398aa60-da48-45c3-9eb4-8bb4a858c345,,,15.62
2026-08-10 16:43:52.041997+00:00,orchestrator,events_received,389.0,normal,f398aa60-da48-45c3-9eb4-8bb4a858c345,,,15.62
2026-08-10 16:43:52.041997+00:00,detector,throughput_eps,25.00435375808026,normal,f398aa60-da48-45c3-9eb4-8bb4a858c345,,,15.62
2026-08-10 16:43:52.041997+00:00,detector,queue_wait_ms,2.00048828125,normal,f398aa60-da48-45c3-9eb4-8bb4a858c345,,,15.62
2026-08-10 16:43:52.042997+00:00,detector,stage_latency_ms,19.22019999983604,normal,f398aa60-da48-45c3-9eb4-8bb4a858c345,,,15.62
2026-08-10 16:43:52.042997+00:00,detector,end_to_end_latency_ms,20.998291015625,normal,f398aa60-da48-45c3-9eb4-8bb4a858c345,,,15.62
2026-08-10 16:43:52.061996+00:00,generator,events_sent,390.0,normal,f398aa60-da48-45c3-9eb4-8bb4a858c345,,,15.64
2026-08-10 16:43:52.061996+00:00,generator,throughput_eps,25.004541324799124,normal,f398aa60-da48-45c3-9eb4-8bb4a858c345,,,15.64
2026-08-10 16:43:52.066996+00:00,orchestrator,throughput_eps,25.000414506872787,normal,f398aa60-da48-45c3-9eb4-8bb4a858c345,,,15.65
2026-08-10 16:43:52.066996+00:00,orchestrator,events_processed,389.0,normal,f398aa60-da48-45c3-9eb4-8bb4a858c345,,,15.65
2026-08-10 16:43:52.067996+00:00,orchestrator,end_to_end_latency_ms,46.998779296875,normal,f398aa60-da48-45c3-9eb4-8bb4a858c345,,,15.65
2026-08-10 16:43:52.067996+00:00,orchestrator,queue_wait_ms,3.000244140625,normal,f398aa60-da48-45c3-9eb4-8bb4a858c345,,,15.65
2026-08-10 16:43:52.067996+00:00,orchestrator,stage_latency_ms,25.23270000165212,normal,f398aa60-da48-45c3-9eb4-8bb4a858c345,,,15.65
2026-08-10 16:43:52.068996+00:00,orchestrator,xai_latency_ms,0.0020000006770715117,normal,f398aa60-da48-45c3-9eb4-8bb4a858c345,,deterministic,15.65
2026-08-10 16:43:52.081999+00:00,detector,events_processed,390.0,normal,f398aa60-da48-45c3-9eb4-8bb4a858c345,,,15.66
2026-08-10 16:43:52.081999+00:00,detector,alerts_emitted,390.0,normal,f398aa60-da48-45c3-9eb4-8bb4a858c345,,,15.66
2026-08-10 16:43:52.081999+00:00,orchestrator,events_received,390.0,normal,f398aa60-da48-45c3-9eb4-8bb4a858c345,,,15.66
2026-08-10 16:43:52.081999+00:00,detector,throughput_eps,25.000237002250618,normal,f398aa60-da48-45c3-9eb4-8bb4a858c345,,,15.66
2026-08-10 16:43:52.082998+00:00,detector,queue_wait_ms,2.0009765625,normal,f398aa60-da48-45c3-9eb4-8bb4a858c345,,,15.66
2026-08-10 16:43:52.082998+00:00,detector,stage_latency_ms,19.562600000426755,normal,f398aa60-da48-45c3-9eb4-8bb4a858c345,,,15.66
2026-08-10 16:43:52.083998+00:00,detector,end_to_end_latency_ms,21.001220703125,normal,f398aa60-da48-45c3-9eb4-8bb4a858c345,,,15.66
2026-08-10 16:43:52.101995+00:00,generator,events_sent,391.0,normal,f398aa60-da48-45c3-9eb4-8bb4a858c345,,,15.68
2026-08-10 16:43:52.101995+00:00,generator,throughput_eps,25.00306987691816,normal,f398aa60-da48-45c3-9eb4-8bb4a858c345,,,15.68
2026-08-10 16:43:52.105996+00:00,orchestrator,events_processed,390.0,normal,f398aa60-da48-45c3-9eb4-8bb4a858c345,,,15.69
2026-08-10 16:43:52.106996+00:00,orchestrator,stage_latency_ms,24.309700000230805,normal,f398aa60-da48-45c3-9eb4-8bb4a858c345,,,15.69
2026-08-10 16:43:52.106996+00:00,orchestrator,throughput_eps,25.001614104209086,normal,f398aa60-da48-45c3-9eb4-8bb4a858c345,,,15.69
2026-08-10 16:43:52.106996+00:00,orchestrator,queue_wait_ms,3.00244140625,normal,f398aa60-da48-45c3-9eb4-8bb4a858c345,,,15.69
2026-08-10 16:43:52.107997+00:00,orchestrator,end_to_end_latency_ms,46.0009765625,normal,f398aa60-da48-45c3-9eb4-8bb4a858c345,,,15.69
2026-08-10 16:43:52.107997+00:00,orchestrator,xai_latency_ms,0.0017000002117129043,normal,f398aa60-da48-45c3-9eb4-8bb4a858c345,,deterministic,15.69
2026-08-10 16:43:52.120996+00:00,detector,events_processed,391.0,normal,f398aa60-da48-45c3-9eb4-8bb4a858c345,,,15.7
2026-08-10 16:43:52.120996+00:00,detector,alerts_emitted,391.0,normal,f398aa60-da48-45c3-9eb4-8bb4a858c345,,,15.7
2026-08-10 16:43:52.120996+00:00,orchestrator,events_received,391.0,normal,f398aa60-da48-45c3-9eb4-8bb4a858c345,,,15.7
2026-08-10 16:43:52.121997+00:00,detector,stage_latency_ms,18.95639999929699,normal,f398aa60-da48-45c3-9eb4-8bb4a858c345,,,15.7
2026-08-10 16:43:52.121997+00:00,detector,throughput_eps,25.002514252831237,normal,f398aa60-da48-45c3-9eb4-8bb4a858c345,,,15.7
2026-08-10 16:43:52.121997+00:00,detector,queue_wait_ms,1.99951171875,normal,f398aa60-da48-45c3-9eb4-8bb4a858c345,,,15.7
2026-08-10 16:43:52.122996+00:00,detector,end_to_end_latency_ms,21.0,normal,f398aa60-da48-45c3-9eb4-8bb4a858c345,,,15.7
2026-08-10 16:43:52.141996+00:00,generator,events_sent,392.0,normal,f398aa60-da48-45c3-9eb4-8bb4a858c345,,,15.72
2026-08-10 16:43:52.141996+00:00,generator,throughput_eps,25.00275080264131,normal,f398aa60-da48-45c3-9eb4-8bb4a858c345,,,15.72
2026-08-10 16:43:52.146996+00:00,orchestrator,stage_latency_ms,25.134100000286708,normal,f398aa60-da48-45c3-9eb4-8bb4a858c345,,,15.73
2026-08-10 16:43:52.146996+00:00,orchestrator,queue_wait_ms,1.999755859375,normal,f398aa60-da48-45c3-9eb4-8bb4a858c345,,,15.73
2026-08-10 16:43:52.146996+00:00,orchestrator,throughput_eps,25.00564927628115,normal,f398aa60-da48-45c3-9eb4-8bb4a858c345,,,15.73
2026-08-10 16:43:52.146996+00:00,orchestrator,events_processed,391.0,normal,f398aa60-da48-45c3-9eb4-8bb4a858c345,,,15.73
2026-08-10 16:43:52.147996+00:00,orchestrator,end_to_end_latency_ms,46.99951171875,normal,f398aa60-da48-45c3-9eb4-8bb4a858c345,,,15.73
2026-08-10 16:43:52.147996+00:00,orchestrator,xai_latency_ms,0.0018000009731622413,normal,f398aa60-da48-45c3-9eb4-8bb4a858c345,,deterministic,15.73
2026-08-10 16:43:52.160995+00:00,detector,events_processed,392.0,normal,f398aa60-da48-45c3-9eb4-8bb4a858c345,,,15.74
2026-08-10 16:43:52.160995+00:00,detector,alerts_emitted,392.0,normal,f398aa60-da48-45c3-9eb4-8bb4a858c345,,,15.74
2026-08-10 16:43:52.160995+00:00,orchestrator,events_received,392.0,normal,f398aa60-da48-45c3-9eb4-8bb4a858c345,,,15.74
2026-08-10 16:43:52.161995+00:00,detector,throughput_eps,25.00381508210145,normal,f398aa60-da48-45c3-9eb4-8bb4a858c345,,,15.74
2026-08-10 16:43:52.161995+00:00,detector,queue_wait_ms,2.00048828125,normal,f398aa60-da48-45c3-9eb4-8bb4a858c345,,,15.74
2026-08-10 16:43:52.161995+00:00,detector,stage_latency_ms,18.835199998648022,normal,f398aa60-da48-45c3-9eb4-8bb4a858c345,,,15.74
2026-08-10 16:43:52.162996+00:00,detector,end_to_end_latency_ms,20.999755859375,normal,f398aa60-da48-45c3-9eb4-8bb4a858c345,,,15.74
2026-08-10 16:43:52.180997+00:00,generator,events_sent,393.0,normal,f398aa60-da48-45c3-9eb4-8bb4a858c345,,,15.76
2026-08-10 16:43:52.181996+00:00,generator,throughput_eps,25.003520495676902,normal,f398aa60-da48-45c3-9eb4-8bb4a858c345,,,15.76
2026-08-10 16:43:52.186994+00:00,orchestrator,stage_latency_ms,25.156600000627805,normal,f398aa60-da48-45c3-9eb4-8bb4a858c345,,,15.77
2026-08-10 16:43:52.186994+00:00,orchestrator,queue_wait_ms,1.9990234375,normal,f398aa60-da48-45c3-9eb4-8bb4a858c345,,,15.77
2026-08-10 16:43:52.186994+00:00,orchestrator,events_processed,392.0,normal,f398aa60-da48-45c3-9eb4-8bb4a858c345,,,15.77
2026-08-10 16:43:52.186994+00:00,orchestrator,throughput_eps,25.00196415429764,normal,f398aa60-da48-45c3-9eb4-8bb4a858c345,,,15.77
2026-08-10 16:43:52.187996+00:00,orchestrator,end_to_end_latency_ms,46.999267578125,normal,f398aa60-da48-45c3-9eb4-8bb4a858c345,,,15.77
2026-08-10 16:43:52.187996+00:00,orchestrator,xai_latency_ms,0.002300001142430119,normal,f398aa60-da48-45c3-9eb4-8bb4a858c345,,deterministic,15.77
2026-08-10 16:43:52.200998+00:00,detector,events_processed,393.0,normal,f398aa60-da48-45c3-9eb4-8bb4a858c345,,,15.78
2026-08-10 16:43:52.200998+00:00,detector,alerts_emitted,393.0,normal,f398aa60-da48-45c3-9eb4-8bb4a858c345,,,15.78
2026-08-10 16:43:52.200998+00:00,orchestrator,events_received,393.0,normal,f398aa60-da48-45c3-9eb4-8bb4a858c345,,,15.78
2026-08-10 16:43:52.201997+00:00,detector,throughput_eps,25.004739398307176,normal,f398aa60-da48-45c3-9eb4-8bb4a858c345,,,15.78
2026-08-10 16:43:52.201997+00:00,detector,queue_wait_ms,1.9990234375,normal,f398aa60-da48-45c3-9eb4-8bb4a858c345,,,15.78
2026-08-10 16:43:52.201997+00:00,detector,stage_latency_ms,19.1675000005489,normal,f398aa60-da48-45c3-9eb4-8bb4a858c345,,,15.78
2026-08-10 16:43:52.202995+00:00,detector,end_to_end_latency_ms,21.000732421875,normal,f398aa60-da48-45c3-9eb4-8bb4a858c345,,,15.78
2026-08-10 16:43:52.220995+00:00,generator,events_sent,394.0,normal,f398aa60-da48-45c3-9eb4-8bb4a858c345,,,15.8
2026-08-10 16:43:52.221997+00:00,generator,throughput_eps,25.003343947221804,normal,f398aa60-da48-45c3-9eb4-8bb4a858c345,,,15.8
2026-08-10 16:43:52.226996+00:00,orchestrator,stage_latency_ms,25.195599999278784,normal,f398aa60-da48-45c3-9eb4-8bb4a858c345,,,15.81
2026-08-10 16:43:52.226996+00:00,orchestrator,queue_wait_ms,2.002685546875,normal,f398aa60-da48-45c3-9eb4-8bb4a858c345,,,15.81
2026-08-10 16:43:52.226996+00:00,orchestrator,events_processed,393.0,normal,f398aa60-da48-45c3-9eb4-8bb4a858c345,,,15.81
2026-08-10 16:43:52.226996+00:00,orchestrator,throughput_eps,25.002840822775468,normal,f398aa60-da48-45c3-9eb4-8bb4a858c345,,,15.81
2026-08-10 16:43:52.227995+00:00,orchestrator,end_to_end_latency_ms,46.99853515625,normal,f398aa60-da48-45c3-9eb4-8bb4a858c345,,,15.81
2026-08-10 16:43:52.227995+00:00,orchestrator,xai_latency_ms,0.0017999991541728377,normal,f398aa60-da48-45c3-9eb4-8bb4a858c345,,deterministic,15.81
2026-08-10 16:43:52.240995+00:00,detector,events_processed,394.0,normal,f398aa60-da48-45c3-9eb4-8bb4a858c345,,,15.82
2026-08-10 16:43:52.241995+00:00,detector,alerts_emitted,394.0,normal,f398aa60-da48-45c3-9eb4-8bb4a858c345,,,15.82
2026-08-10 16:43:52.241995+00:00,orchestrator,events_received,394.0,normal,f398aa60-da48-45c3-9eb4-8bb4a858c345,,,15.82
2026-08-10 16:43:52.241995+00:00,detector,throughput_eps,25.00080652602053,normal,f398aa60-da48-45c3-9eb4-8bb4a858c345,,,15.82
2026-08-10 16:43:52.242995+00:00,detector,queue_wait_ms,2.002197265625,normal,f398aa60-da48-45c3-9eb4-8bb4a858c345,,,15.82
2026-08-10 16:43:52.242995+00:00,detector,stage_latency_ms,19.54200000000128,normal,f398aa60-da48-45c3-9eb4-8bb4a858c345,,,15.82
2026-08-10 16:43:52.242995+00:00,detector,end_to_end_latency_ms,21.000244140625,normal,f398aa60-da48-45c3-9eb4-8bb4a858c345,,,15.82
2026-08-10 16:43:52.261997+00:00,generator,events_sent,395.0,normal,f398aa60-da48-45c3-9eb4-8bb4a858c345,,,15.84
2026-08-10 16:43:52.261997+00:00,generator,throughput_eps,25.002132681921196,normal,f398aa60-da48-45c3-9eb4-8bb4a858c345,,,15.84
2026-08-10 16:43:52.266995+00:00,orchestrator,queue_wait_ms,2.9990234375,normal,f398aa60-da48-45c3-9eb4-8bb4a858c345,,,15.85
2026-08-10 16:43:52.266995+00:00,orchestrator,events_processed,394.0,normal,f398aa60-da48-45c3-9eb4-8bb4a858c345,,,15.85
2026-08-10 16:43:52.266995+00:00,orchestrator,throughput_eps,25.00699395606835,normal,f398aa60-da48-45c3-9eb4-8bb4a858c345,,,15.85
2026-08-10 16:43:52.267995+00:00,orchestrator,stage_latency_ms,24.744799999098177,normal,f398aa60-da48-45c3-9eb4-8bb4a858c345,,,15.85
2026-08-10 16:43:52.267995+00:00,orchestrator,end_to_end_latency_ms,46.999755859375,normal,f398aa60-da48-45c3-9eb4-8bb4a858c345,,,15.85
2026-08-10 16:43:52.267995+00:00,orchestrator,xai_latency_ms,0.0015999994502635673,normal,f398aa60-da48-45c3-9eb4-8bb4a858c345,,deterministic,15.85
2026-08-10 16:43:52.281995+00:00,orchestrator,events_received,395.0,normal,f398aa60-da48-45c3-9eb4-8bb4a858c345,,,15.86
2026-08-10 16:43:52.281995+00:00,detector,events_processed,395.0,normal,f398aa60-da48-45c3-9eb4-8bb4a858c345,,,15.86
2026-08-10 16:43:52.281995+00:00,detector,alerts_emitted,395.0,normal,f398aa60-da48-45c3-9eb4-8bb4a858c345,,,15.86
2026-08-10 16:43:52.282995+00:00,detector,stage_latency_ms,19.8515000010957,normal,f398aa60-da48-45c3-9eb4-8bb4a858c345,,,15.86
2026-08-10 16:43:52.282995+00:00,detector,end_to_end_latency_ms,22.0009765625,normal,f398aa60-da48-45c3-9eb4-8bb4a858c345,,,15.86
2026-08-10 16:43:52.282995+00:00,detector,throughput_eps,25.00842433781942,normal,f398aa60-da48-45c3-9eb4-8bb4a858c345,,,15.86
2026-08-10 16:43:52.282995+00:00,detector,queue_wait_ms,2.002685546875,normal,f398aa60-da48-45c3-9eb4-8bb4a858c345,,,15.86
2026-08-10 16:43:52.300995+00:00,generator,events_sent,396.0,normal,f398aa60-da48-45c3-9eb4-8bb4a858c345,,,15.88
2026-08-10 16:43:52.301995+00:00,generator,throughput_eps,25.001342572095858,normal,f398aa60-da48-45c3-9eb4-8bb4a858c345,,,15.88
2026-08-10 16:43:52.307001+00:00,orchestrator,events_processed,395.0,normal,f398aa60-da48-45c3-9eb4-8bb4a858c345,,,15.89
2026-08-10 16:43:52.308001+00:00,orchestrator,throughput_eps,25.005864875548397,normal,f398aa60-da48-45c3-9eb4-8bb4a858c345,,,15.89
2026-08-10 16:43:52.308001+00:00,orchestrator,queue_wait_ms,2.0,normal,f398aa60-da48-45c3-9eb4-8bb4a858c345,,,15.89
2026-08-10 16:43:52.308001+00:00,orchestrator,stage_latency_ms,25.048000001334003,normal,f398aa60-da48-45c3-9eb4-8bb4a858c345,,,15.89
2026-08-10 16:43:52.309000+00:00,orchestrator,end_to_end_latency_ms,47.00732421875,normal,f398aa60-da48-45c3-9eb4-8bb4a858c345,,,15.89
2026-08-10 16:43:52.309000+00:00,orchestrator,xai_latency_ms,0.0017000002117129043,normal,f398aa60-da48-45c3-9eb4-8bb4a858c345,,deterministic,15.89
2026-08-10 16:43:52.321000+00:00,detector,events_processed,396.0,normal,f398aa60-da48-45c3-9eb4-8bb4a858c345,,,15.9
2026-08-10 16:43:52.321000+00:00,detector,alerts_emitted,396.0,normal,f398aa60-da48-45c3-9eb4-8bb4a858c345,,,15.9
2026-08-10 16:43:52.321000+00:00,orchestrator,events_received,396.0,normal,f398aa60-da48-45c3-9eb4-8bb4a858c345,,,15.9
2026-08-10 16:43:52.322002+00:00,detector,throughput_eps,25.001729454307203,normal,f398aa60-da48-45c3-9eb4-8bb4a858c345,,,15.9
2026-08-10 16:43:52.322002+00:00,detector,queue_wait_ms,2.000244140625,normal,f398aa60-da48-45c3-9eb4-8bb4a858c345,,,15.9
2026-08-10 16:43:52.322002+00:00,detector,stage_latency_ms,19.144300000334624,normal,f398aa60-da48-45c3-9eb4-8bb4a858c345,,,15.9
2026-08-10 16:43:52.323001+00:00,detector,end_to_end_latency_ms,21.005615234375,normal,f398aa60-da48-45c3-9eb4-8bb4a858c345,,,15.9
2026-08-10 16:43:52.342000+00:00,generator,throughput_eps,24.99727297895325,normal,f398aa60-da48-45c3-9eb4-8bb4a858c345,,,15.92
2026-08-10 16:43:52.342000+00:00,generator,events_sent,397.0,normal,f398aa60-da48-45c3-9eb4-8bb4a858c345,,,15.92
2026-08-10 16:43:52.347565+00:00,orchestrator,events_processed,396.0,normal,f398aa60-da48-45c3-9eb4-8bb4a858c345,,,15.93
2026-08-10 16:43:52.347565+00:00,orchestrator,throughput_eps,24.9928165807897,normal,f398aa60-da48-45c3-9eb4-8bb4a858c345,,,15.93
2026-08-10 16:43:52.347565+00:00,orchestrator,queue_wait_ms,1.999755859375,normal,f398aa60-da48-45c3-9eb4-8bb4a858c345,,,15.93
2026-08-10 16:43:52.348566+00:00,orchestrator,stage_latency_ms,25.805399998716894,normal,f398aa60-da48-45c3-9eb4-8bb4a858c345,,,15.93
2026-08-10 16:43:52.348566+00:00,orchestrator,end_to_end_latency_ms,47.57080078125,normal,f398aa60-da48-45c3-9eb4-8bb4a858c345,,,15.93
2026-08-10 16:43:52.348566+00:00,orchestrator,xai_latency_ms,0.001999998858082108,normal,f398aa60-da48-45c3-9eb4-8bb4a858c345,,deterministic,15.93
2026-08-10 16:43:52.361566+00:00,detector,events_processed,397.0,normal,f398aa60-da48-45c3-9eb4-8bb4a858c345,,,15.94
2026-08-10 16:43:52.362565+00:00,orchestrator,events_received,397.0,normal,f398aa60-da48-45c3-9eb4-8bb4a858c345,,,15.94
2026-08-10 16:43:52.362565+00:00,detector,alerts_emitted,397.0,normal,f398aa60-da48-45c3-9eb4-8bb4a858c345,,,15.94
2026-08-10 16:43:52.362565+00:00,detector,throughput_eps,24.996857753863903,normal,f398aa60-da48-45c3-9eb4-8bb4a858c345,,,15.94
2026-08-10 16:43:52.362565+00:00,detector,queue_wait_ms,2.000732421875,normal,f398aa60-da48-45c3-9eb4-8bb4a858c345,,,15.94
2026-08-10 16:43:52.362565+00:00,detector,stage_latency_ms,19.49140000033367,normal,f398aa60-da48-45c3-9eb4-8bb4a858c345,,,15.94
2026-08-10 16:43:52.363564+00:00,detector,end_to_end_latency_ms,21.56591796875,normal,f398aa60-da48-45c3-9eb4-8bb4a858c345,,,15.94
2026-08-10 16:43:52.382565+00:00,generator,events_sent,398.0,normal,f398aa60-da48-45c3-9eb4-8bb4a858c345,,,15.96
2026-08-10 16:43:52.382565+00:00,generator,throughput_eps,24.9950408024885,normal,f398aa60-da48-45c3-9eb4-8bb4a858c345,,,15.96
2026-08-10 16:43:52.387565+00:00,orchestrator,events_processed,397.0,normal,f398aa60-da48-45c3-9eb4-8bb4a858c345,,,15.97
2026-08-10 16:43:52.387565+00:00,orchestrator,throughput_eps,25.25391281884994,normal,f398aa60-da48-45c3-9eb4-8bb4a858c345,,,15.97
2026-08-10 16:43:52.387565+00:00,orchestrator,queue_wait_ms,2.99951171875,normal,f398aa60-da48-45c3-9eb4-8bb4a858c345,,,15.97
2026-08-10 16:43:52.387565+00:00,orchestrator,stage_latency_ms,25.032499999724678,normal,f398aa60-da48-45c3-9eb4-8bb4a858c345,,,15.97
2026-08-10 16:43:52.388565+00:00,orchestrator,end_to_end_latency_ms,47.565185546875,normal,f398aa60-da48-45c3-9eb4-8bb4a858c345,,,15.97
2026-08-10 16:43:52.388565+00:00,orchestrator,xai_latency_ms,0.0016000012692529708,normal,f398aa60-da48-45c3-9eb4-8bb4a858c345,,deterministic,15.97
2026-08-10 16:43:52.401565+00:00,detector,events_processed,398.0,normal,f398aa60-da48-45c3-9eb4-8bb4a858c345,,,15.98
2026-08-10 16:43:52.401565+00:00,detector,alerts_emitted,398.0,normal,f398aa60-da48-45c3-9eb4-8bb4a858c345,,,15.98
2026-08-10 16:43:52.401565+00:00,orchestrator,events_received,398.0,normal,f398aa60-da48-45c3-9eb4-8bb4a858c345,,,15.98
2026-08-10 16:43:52.402566+00:00,detector,queue_wait_ms,2.0,normal,f398aa60-da48-45c3-9eb4-8bb4a858c345,,,15.98
2026-08-10 16:43:52.402566+00:00,detector,stage_latency_ms,18.858300001738826,normal,f398aa60-da48-45c3-9eb4-8bb4a858c345,,,15.98
2026-08-10 16:43:52.402566+00:00,detector,throughput_eps,24.99828741571329,normal,f398aa60-da48-45c3-9eb4-8bb4a858c345,,,15.98
2026-08-10 16:43:52.403567+00:00,detector,end_to_end_latency_ms,21.00048828125,normal,f398aa60-da48-45c3-9eb4-8bb4a858c345,,,15.98
2026-08-10 16:43:52.422564+00:00,generator,events_sent,399.0,normal,f398aa60-da48-45c3-9eb4-8bb4a858c345,,,16.0
2026-08-10 16:43:52.422564+00:00,generator,throughput_eps,24.997394928748424,normal,f398aa60-da48-45c3-9eb4-8bb4a858c345,,,16.0
2026-08-10 16:43:52.426566+00:00,orchestrator,events_processed,398.0,normal,f398aa60-da48-45c3-9eb4-8bb4a858c345,,,16.01
2026-08-10 16:43:52.427565+00:00,orchestrator,throughput_eps,25.25340835656494,normal,f398aa60-da48-45c3-9eb4-8bb4a858c345,,,16.01
2026-08-10 16:43:52.427565+00:00,orchestrator,queue_wait_ms,2.00048828125,normal,f398aa60-da48-45c3-9eb4-8bb4a858c345,,,16.01
2026-08-10 16:43:52.427565+00:00,orchestrator,stage_latency_ms,24.98609999929613,normal,f398aa60-da48-45c3-9eb4-8bb4a858c345,,,16.01
2026-08-10 16:43:52.427565+00:00,orchestrator,end_to_end_latency_ms,46.00048828125,normal,f398aa60-da48-45c3-9eb4-8bb4a858c345,,,16.01
2026-08-10 16:43:52.428566+00:00,orchestrator,xai_latency_ms,0.0016000012692529708,normal,f398aa60-da48-45c3-9eb4-8bb4a858c345,,deterministic,16.01
2026-08-10 16:43:52.441565+00:00,detector,events_processed,399.0,normal,f398aa60-da48-45c3-9eb4-8bb4a858c345,,,16.02
2026-08-10 16:43:52.442567+00:00,detector,throughput_eps,24.995630804052094,normal,f398aa60-da48-45c3-9eb4-8bb4a858c345,,,16.02
2026-08-10 16:43:52.442567+00:00,detector,alerts_emitted,399.0,normal,f398aa60-da48-45c3-9eb4-8bb4a858c345,,,16.02
2026-08-10 16:43:52.442567+00:00,orchestrator,events_received,399.0,normal,f398aa60-da48-45c3-9eb4-8bb4a858c345,,,16.02
2026-08-10 16:43:52.442567+00:00,detector,queue_wait_ms,1.99169921875,normal,f398aa60-da48-45c3-9eb4-8bb4a858c345,,,16.02
2026-08-10 16:43:52.443565+00:00,detector,end_to_end_latency_ms,20.991943359375,normal,f398aa60-da48-45c3-9eb4-8bb4a858c345,,,16.02
2026-08-10 16:43:52.443565+00:00,detector,stage_latency_ms,19.151500000589294,normal,f398aa60-da48-45c3-9eb4-8bb4a858c345,,,16.02
2026-08-10 16:43:52.462564+00:00,generator,events_sent,400.0,normal,f398aa60-da48-45c3-9eb4-8bb4a858c345,,,16.04
2026-08-10 16:43:52.462564+00:00,generator,throughput_eps,24.997222586825757,normal,f398aa60-da48-45c3-9eb4-8bb4a858c345,,,16.04
2026-08-10 16:43:52.467566+00:00,orchestrator,events_processed,399.0,normal,f398aa60-da48-45c3-9eb4-8bb4a858c345,,,16.05
2026-08-10 16:43:52.467566+00:00,orchestrator,throughput_eps,25.249759701442297,normal,f398aa60-da48-45c3-9eb4-8bb4a858c345,,,16.05
2026-08-10 16:43:52.467566+00:00,orchestrator,queue_wait_ms,3.0029296875,normal,f398aa60-da48-45c3-9eb4-8bb4a858c345,,,16.05
2026-08-10 16:43:52.467566+00:00,orchestrator,stage_latency_ms,25.054499999896507,normal,f398aa60-da48-45c3-9eb4-8bb4a858c345,,,16.05
2026-08-10 16:43:52.468567+00:00,orchestrator,end_to_end_latency_ms,46.992919921875,normal,f398aa60-da48-45c3-9eb4-8bb4a858c345,,,16.05
2026-08-10 16:43:52.468567+00:00,orchestrator,xai_latency_ms,0.0036999990697950125,normal,f398aa60-da48-45c3-9eb4-8bb4a858c345,,deterministic,16.05
2026-08-10 16:43:52.481564+00:00,detector,events_processed,400.0,normal,f398aa60-da48-45c3-9eb4-8bb4a858c345,,,16.06
2026-08-10 16:43:52.481564+00:00,detector,alerts_emitted,400.0,normal,f398aa60-da48-45c3-9eb4-8bb4a858c345,,,16.06
2026-08-10 16:43:52.482565+00:00,detector,stage_latency_ms,18.911600000137696,normal,f398aa60-da48-45c3-9eb4-8bb4a858c345,,,16.06
2026-08-10 16:43:52.482565+00:00,detector,queue_wait_ms,1.991455078125,normal,f398aa60-da48-45c3-9eb4-8bb4a858c345,,,16.06
2026-08-10 16:43:52.482565+00:00,detector,throughput_eps,24.995542629543948,normal,f398aa60-da48-45c3-9eb4-8bb4a858c345,,,16.06
2026-08-10 16:43:52.482565+00:00,orchestrator,events_received,400.0,normal,f398aa60-da48-45c3-9eb4-8bb4a858c345,,,16.06
2026-08-10 16:43:52.483567+00:00,detector,end_to_end_latency_ms,20.9912109375,normal,f398aa60-da48-45c3-9eb4-8bb4a858c345,,,16.06
2026-08-10 16:43:52.502564+00:00,generator,events_sent,401.0,normal,f398aa60-da48-45c3-9eb4-8bb4a858c345,,,16.08
2026-08-10 16:43:52.502564+00:00,generator,throughput_eps,24.99319993481907,normal,f398aa60-da48-45c3-9eb4-8bb4a858c345,,,16.08
2026-08-10 16:43:52.506564+00:00,orchestrator,events_processed,400.0,normal,f398aa60-da48-45c3-9eb4-8bb4a858c345,,,16.09
2026-08-10 16:43:52.507564+00:00,orchestrator,throughput_eps,25.136199996967072,normal,f398aa60-da48-45c3-9eb4-8bb4a858c345,,,16.09
2026-08-10 16:43:52.507564+00:00,orchestrator,queue_wait_ms,3.00146484375,normal,f398aa60-da48-45c3-9eb4-8bb4a858c345,,,16.09
2026-08-10 16:43:52.507564+00:00,orchestrator,stage_latency_ms,24.843700000928948,normal,f398aa60-da48-45c3-9eb4-8bb4a858c345,,,16.09
2026-08-10 16:43:52.508564+00:00,orchestrator,end_to_end_latency_ms,45.99169921875,normal,f398aa60-da48-45c3-9eb4-8bb4a858c345,,,16.09
2026-08-10 16:43:52.508564+00:00,orchestrator,xai_latency_ms,0.0017000002117129043,normal,f398aa60-da48-45c3-9eb4-8bb4a858c345,,deterministic,16.09
2026-08-10 16:43:52.521564+00:00,detector,events_processed,401.0,normal,f398aa60-da48-45c3-9eb4-8bb4a858c345,,,16.1
2026-08-10 16:43:52.522566+00:00,detector,stage_latency_ms,18.829300001016236,normal,f398aa60-da48-45c3-9eb4-8bb4a858c345,,,16.1
2026-08-10 16:43:52.522566+00:00,detector,throughput_eps,24.994161142235072,normal,f398aa60-da48-45c3-9eb4-8bb4a858c345,,,16.1
2026-08-10 16:43:52.522566+00:00,detector,queue_wait_ms,2.0,normal,f398aa60-da48-45c3-9eb4-8bb4a858c345,,,16.1
2026-08-10 16:43:52.522566+00:00,detector,alerts_emitted,401.0,normal,f398aa60-da48-45c3-9eb4-8bb4a858c345,,,16.1
2026-08-10 16:43:52.522566+00:00,orchestrator,events_received,401.0,normal,f398aa60-da48-45c3-9eb4-8bb4a858c345,,,16.1
2026-08-10 16:43:52.523565+00:00,detector,end_to_end_latency_ms,20.999755859375,normal,f398aa60-da48-45c3-9eb4-8bb4a858c345,,,16.1
2026-08-10 16:43:52.542564+00:00,generator,events_sent,402.0,normal,f398aa60-da48-45c3-9eb4-8bb4a858c345,,,16.12
2026-08-10 16:43:52.542564+00:00,generator,throughput_eps,24.997386361978382,normal,f398aa60-da48-45c3-9eb4-8bb4a858c345,,,16.12
2026-08-10 16:43:52.546516+00:00,orchestrator,events_processed,401.0,normal,f398aa60-da48-45c3-9eb4-8bb4a858c345,,,16.13
2026-08-10 16:43:52.547516+00:00,orchestrator,throughput_eps,25.080642794000045,normal,f398aa60-da48-45c3-9eb4-8bb4a858c345,,,16.13
2026-08-10 16:43:52.547516+00:00,orchestrator,queue_wait_ms,3.0029296875,normal,f398aa60-da48-45c3-9eb4-8bb4a858c345,,,16.13
2026-08-10 16:43:52.547516+00:00,orchestrator,stage_latency_ms,24.745200000324985,normal,f398aa60-da48-45c3-9eb4-8bb4a858c345,,,16.13
2026-08-10 16:43:52.548516+00:00,orchestrator,end_to_end_latency_ms,45.95166015625,normal,f398aa60-da48-45c3-9eb4-8bb4a858c345,,,16.13
2026-08-10 16:43:52.548516+00:00,orchestrator,xai_latency_ms,0.0018999999156221747,normal,f398aa60-da48-45c3-9eb4-8bb4a858c345,,deterministic,16.13
2026-08-10 16:43:52.561516+00:00,detector,events_processed,402.0,normal,f398aa60-da48-45c3-9eb4-8bb4a858c345,,,16.14
2026-08-10 16:43:52.562517+00:00,detector,queue_wait_ms,2.000732421875,normal,f398aa60-da48-45c3-9eb4-8bb4a858c345,,,16.14
2026-08-10 16:43:52.562517+00:00,detector,throughput_eps,24.993060394595922,normal,f398aa60-da48-45c3-9eb4-8bb4a858c345,,,16.14
2026-08-10 16:43:52.562517+00:00,orchestrator,events_received,402.0,normal,f398aa60-da48-45c3-9eb4-8bb4a858c345,,,16.14
2026-08-10 16:43:52.563516+00:00,detector,stage_latency_ms,19.269799999165116,normal,f398aa60-da48-45c3-9eb4-8bb4a858c345,,,16.14
2026-08-10 16:43:52.563516+00:00,detector,end_to_end_latency_ms,20.952880859375,normal,f398aa60-da48-45c3-9eb4-8bb4a858c345,,,16.14
2026-08-10 16:43:52.582517+00:00,generator,events_sent,403.0,normal,f398aa60-da48-45c3-9eb4-8bb4a858c345,,,16.16
2026-08-10 16:43:52.582517+00:00,generator,throughput_eps,24.996399712105262,normal,f398aa60-da48-45c3-9eb4-8bb4a858c345,,,16.16
2026-08-10 16:43:52.586516+00:00,orchestrator,events_processed,402.0,normal,f398aa60-da48-45c3-9eb4-8bb4a858c345,,,16.17
2026-08-10 16:43:52.586516+00:00,orchestrator,throughput_eps,25.021883638987973,normal,f398aa60-da48-45c3-9eb4-8bb4a858c345,,,16.17
2026-08-10 16:43:52.587515+00:00,orchestrator,queue_wait_ms,3.00146484375,normal,f398aa60-da48-45c3-9eb4-8bb4a858c345,,,16.17
2026-08-10 16:43:52.587515+00:00,orchestrator,stage_latency_ms,24.394599999141064,normal,f398aa60-da48-45c3-9eb4-8bb4a858c345,,,16.17
2026-08-10 16:43:52.587515+00:00,orchestrator,end_to_end_latency_ms,45.95263671875,normal,f398aa60-da48-45c3-9eb4-8bb4a858c345,,,16.17
2026-08-10 16:43:52.588516+00:00,orchestrator,xai_latency_ms,0.0016999983927235007,normal,f398aa60-da48-45c3-9eb4-8bb4a858c345,,deterministic,16.17
2026-08-10 16:43:52.601515+00:00,detector,events_processed,403.0,normal,f398aa60-da48-45c3-9eb4-8bb4a858c345,,,16.18
2026-08-10 16:43:52.601515+00:00,detector,alerts_emitted,403.0,normal,f398aa60-da48-45c3-9eb4-8bb4a858c345,,,16.18
2026-08-10 16:43:52.601515+00:00,orchestrator,events_received,403.0,normal,f398aa60-da48-45c3-9eb4-8bb4a858c345,,,16.18
2026-08-10 16:43:52.602515+00:00,detector,stage_latency_ms,18.94449999963399,normal,f398aa60-da48-45c3-9eb4-8bb4a858c345,,,16.18
2026-08-10 16:43:52.602515+00:00,detector,queue_wait_ms,2.0,normal,f398aa60-da48-45c3-9eb4-8bb4a858c345,,,16.18
2026-08-10 16:43:52.602515+00:00,detector,throughput_eps,25.00165182284568,normal,f398aa60-da48-45c3-9eb4-8bb4a858c345,,,16.18
2026-08-10 16:43:52.603516+00:00,detector,end_to_end_latency_ms,20.99853515625,normal,f398aa60-da48-45c3-9eb4-8bb4a858c345,,,16.18
2026-08-10 16:43:52.622515+00:00,generator,events_sent,404.0,normal,f398aa60-da48-45c3-9eb4-8bb4a858c345,,,16.2
2026-08-10 16:43:52.622515+00:00,generator,throughput_eps,24.996956015840635,normal,f398aa60-da48-45c3-9eb4-8bb4a858c345,,,16.2
2026-08-10 16:43:52.626516+00:00,orchestrator,events_processed,403.0,normal,f398aa60-da48-45c3-9eb4-8bb4a858c345,,,16.21
2026-08-10 16:43:52.627515+00:00,orchestrator,throughput_eps,25.001642244962152,normal,f398aa60-da48-45c3-9eb4-8bb4a858c345,,,16.21
2026-08-10 16:43:52.627515+00:00,orchestrator,queue_wait_ms,1.99853515625,normal,f398aa60-da48-45c3-9eb4-8bb4a858c345,,,16.21
2026-08-10 16:43:52.627515+00:00,orchestrator,stage_latency_ms,24.893299998439034,normal,f398aa60-da48-45c3-9eb4-8bb4a858c345,,,16.21
2026-08-10 16:43:52.627515+00:00,orchestrator,end_to_end_latency_ms,45.998779296875,normal,f398aa60-da48-45c3-9eb4-8bb4a858c345,,,16.21
2026-08-10 16:43:52.628515+00:00,orchestrator,xai_latency_ms,0.001999998858082108,normal,f398aa60-da48-45c3-9eb4-8bb4a858c345,,deterministic,16.21
2026-08-10 16:43:52.641515+00:00,detector,events_processed,404.0,normal,f398aa60-da48-45c3-9eb4-8bb4a858c345,,,16.22
2026-08-10 16:43:52.641515+00:00,detector,alerts_emitted,404.0,normal,f398aa60-da48-45c3-9eb4-8bb4a858c345,,,16.22
2026-08-10 16:43:52.641515+00:00,orchestrator,events_received,404.0,normal,f398aa60-da48-45c3-9eb4-8bb4a858c345,,,16.22
2026-08-10 16:43:52.642519+00:00,detector,stage_latency_ms,19.024899998839828,normal,f398aa60-da48-45c3-9eb4-8bb4a858c345,,,16.22
2026-08-10 16:43:52.642519+00:00,detector,throughput_eps,25.001583100244847,normal,f398aa60-da48-45c3-9eb4-8bb4a858c345,,,16.22
2026-08-10 16:43:52.642519+00:00,detector,queue_wait_ms,2.0,normal,f398aa60-da48-45c3-9eb4-8bb4a858c345,,,16.22
2026-08-10 16:43:52.643516+00:00,detector,end_to_end_latency_ms,21.00048828125,normal,f398aa60-da48-45c3-9eb4-8bb4a858c345,,,16.22
2026-08-10 16:43:52.662516+00:00,generator,events_sent,405.0,normal,f398aa60-da48-45c3-9eb4-8bb4a858c345,,,16.24
2026-08-10 16:43:52.662516+00:00,generator,throughput_eps,24.996291376849225,normal,f398aa60-da48-45c3-9eb4-8bb4a858c345,,,16.24
2026-08-10 16:43:52.667515+00:00,orchestrator,events_processed,404.0,normal,f398aa60-da48-45c3-9eb4-8bb4a858c345,,,16.25
2026-08-10 16:43:52.667515+00:00,orchestrator,throughput_eps,25.000299003569985,normal,f398aa60-da48-45c3-9eb4-8bb4a858c345,,,16.25
2026-08-10 16:43:52.667515+00:00,orchestrator,queue_wait_ms,2.0009765625,normal,f398aa60-da48-45c3-9eb4-8bb4a858c345,,,16.25
2026-08-10 16:43:52.667515+00:00,orchestrator,stage_latency_ms,25.129300000116928,normal,f398aa60-da48-45c3-9eb4-8bb4a858c345,,,16.25
2026-08-10 16:43:52.668514+00:00,orchestrator,end_to_end_latency_ms,47.0,normal,f398aa60-da48-45c3-9eb4-8bb4a858c345,,,16.25
2026-08-10 16:43:52.668514+00:00,orchestrator,xai_latency_ms,0.0017000002117129043,normal,f398aa60-da48-45c3-9eb4-8bb4a858c345,,deterministic,16.25
2026-08-10 16:43:52.681516+00:00,detector,events_processed,405.0,normal,f398aa60-da48-45c3-9eb4-8bb4a858c345,,,16.26
2026-08-10 16:43:52.682515+00:00,detector,throughput_eps,24.995067001793966,normal,f398aa60-da48-45c3-9eb4-8bb4a858c345,,,16.26
2026-08-10 16:43:52.682515+00:00,orchestrator,events_received,405.0,normal,f398aa60-da48-45c3-9eb4-8bb4a858c345,,,16.26
2026-08-10 16:43:52.682515+00:00,detector,alerts_emitted,405.0,normal,f398aa60-da48-45c3-9eb4-8bb4a858c345,,,16.26
2026-08-10 16:43:52.683516+00:00,detector,queue_wait_ms,2.001220703125,normal,f398aa60-da48-45c3-9eb4-8bb4a858c345,,,16.26
2026-08-10 16:43:52.683516+00:00,detector,stage_latency_ms,19.284199999674456,normal,f398aa60-da48-45c3-9eb4-8bb4a858c345,,,16.26
2026-08-10 16:43:52.683516+00:00,detector,end_to_end_latency_ms,21.000732421875,normal,f398aa60-da48-45c3-9eb4-8bb4a858c345,,,16.26
2026-08-10 16:43:52.702518+00:00,generator,events_sent,406.0,normal,f398aa60-da48-45c3-9eb4-8bb4a858c345,,,16.28
2026-08-10 16:43:52.702518+00:00,generator,throughput_eps,24.995882230772096,normal,f398aa60-da48-45c3-9eb4-8bb4a858c345,,,16.28
2026-08-10 16:43:52.706515+00:00,orchestrator,events_processed,405.0,normal,f398aa60-da48-45c3-9eb4-8bb4a858c345,,,16.29
2026-08-10 16:43:52.707515+00:00,orchestrator,throughput_eps,24.996111492015,normal,f398aa60-da48-45c3-9eb4-8bb4a858c345,,,16.29
2026-08-10 16:43:52.707515+00:00,orchestrator,queue_wait_ms,3.000244140625,normal,f398aa60-da48-45c3-9eb4-8bb4a858c345,,,16.29
2026-08-10 16:43:52.707515+00:00,orchestrator,stage_latency_ms,24.440499999400345,normal,f398aa60-da48-45c3-9eb4-8bb4a858c345,,,16.29
2026-08-10 16:43:52.708515+00:00,orchestrator,end_to_end_latency_ms,46.0,normal,f398aa60-da48-45c3-9eb4-8bb4a858c345,,,16.29
2026-08-10 16:43:52.708515+00:00,orchestrator,xai_latency_ms,0.0018999999156221747,normal,f398aa60-da48-45c3-9eb4-8bb4a858c345,,deterministic,16.29
2026-08-10 16:43:52.721515+00:00,detector,events_processed,406.0,normal,f398aa60-da48-45c3-9eb4-8bb4a858c345,,,16.3
2026-08-10 16:43:52.722514+00:00,detector,stage_latency_ms,18.965000001117005,normal,f398aa60-da48-45c3-9eb4-8bb4a858c345,,,16.3
2026-08-10 16:43:52.722514+00:00,detector,queue_wait_ms,2.0029296875,normal,f398aa60-da48-45c3-9eb4-8bb4a858c345,,,16.3
2026-08-10 16:43:52.722514+00:00,detector,alerts_emitted,406.0,normal,f398aa60-da48-45c3-9eb4-8bb4a858c345,,,16.3
2026-08-10 16:43:52.722514+00:00,orchestrator,events_received,406.0,normal,f398aa60-da48-45c3-9eb4-8bb4a858c345,,,16.3
2026-08-10 16:43:52.722514+00:00,detector,throughput_eps,24.998504121769873,normal,f398aa60-da48-45c3-9eb4-8bb4a858c345,,,16.3
2026-08-10 16:43:52.723514+00:00,detector,end_to_end_latency_ms,21.000244140625,normal,f398aa60-da48-45c3-9eb4-8bb4a858c345,,,16.3
2026-08-10 16:43:52.742516+00:00,generator,events_sent,407.0,normal,f398aa60-da48-45c3-9eb4-8bb4a858c345,,,16.32
2026-08-10 16:43:52.742516+00:00,generator,throughput_eps,24.997672595718747,normal,f398aa60-da48-45c3-9eb4-8bb4a858c345,,,16.32
2026-08-10 16:43:52.746533+00:00,orchestrator,events_processed,406.0,normal,f398aa60-da48-45c3-9eb4-8bb4a858c345,,,16.33
2026-08-10 16:43:52.747533+00:00,orchestrator,throughput_eps,24.997991592815435,normal,f398aa60-da48-45c3-9eb4-8bb4a858c345,,,16.33
2026-08-10 16:43:52.747533+00:00,orchestrator,queue_wait_ms,2.999267578125,normal,f398aa60-da48-45c3-9eb4-8bb4a858c345,,,16.33
2026-08-10 16:43:52.747533+00:00,orchestrator,stage_latency_ms,24.810799999613664,normal,f398aa60-da48-45c3-9eb4-8bb4a858c345,,,16.33
2026-08-10 16:43:52.748534+00:00,orchestrator,end_to_end_latency_ms,46.0185546875,normal,f398aa60-da48-45c3-9eb4-8bb4a858c345,,,16.33
2026-08-10 16:43:52.748534+00:00,orchestrator,xai_latency_ms,0.002099999619531445,normal,f398aa60-da48-45c3-9eb4-8bb4a858c345,,deterministic,16.33
2026-08-10 16:43:52.761533+00:00,detector,events_processed,407.0,normal,f398aa60-da48-45c3-9eb4-8bb4a858c345,,,16.34
2026-08-10 16:43:52.762534+00:00,detector,throughput_eps,24.993827633170987,normal,f398aa60-da48-45c3-9eb4-8bb4a858c345,,,16.34
2026-08-10 16:43:52.762534+00:00,detector,queue_wait_ms,2.002197265625,normal,f398aa60-da48-45c3-9eb4-8bb4a858c345,,,16.34
2026-08-10 16:43:52.762534+00:00,detector,alerts_emitted,407.0,normal,f398aa60-da48-45c3-9eb4-8bb4a858c345,,,16.34
2026-08-10 16:43:52.762534+00:00,orchestrator,events_received,407.0,normal,f398aa60-da48-45c3-9eb4-8bb4a858c345,,,16.34
2026-08-10 16:43:52.763533+00:00,detector,stage_latency_ms,19.267800000307034,normal,f398aa60-da48-45c3-9eb4-8bb4a858c345,,,16.34
2026-08-10 16:43:52.763533+00:00,detector,end_to_end_latency_ms,21.02001953125,normal,f398aa60-da48-45c3-9eb4-8bb4a858c345,,,16.34
2026-08-10 16:43:52.782533+00:00,generator,events_sent,408.0,normal,f398aa60-da48-45c3-9eb4-8bb4a858c345,,,16.36
2026-08-10 16:43:52.782533+00:00,generator,throughput_eps,24.995658516168326,normal,f398aa60-da48-45c3-9eb4-8bb4a858c345,,,16.36
2026-08-10 16:43:52.786533+00:00,orchestrator,events_processed,407.0,normal,f398aa60-da48-45c3-9eb4-8bb4a858c345,,,16.37
2026-08-10 16:43:52.787533+00:00,orchestrator,throughput_eps,24.99754207635593,normal,f398aa60-da48-45c3-9eb4-8bb4a858c345,,,16.37
2026-08-10 16:43:52.787533+00:00,orchestrator,queue_wait_ms,2.99951171875,normal,f398aa60-da48-45c3-9eb4-8bb4a858c345,,,16.37
2026-08-10 16:43:52.787533+00:00,orchestrator,stage_latency_ms,24.58699999988312,normal,f398aa60-da48-45c3-9eb4-8bb4a858c345,,,16.37
2026-08-10 16:43:52.788533+00:00,orchestrator,end_to_end_latency_ms,46.02001953125,normal,f398aa60-da48-45c3-9eb4-8bb4a858c345,,,16.37
2026-08-10 16:43:52.788533+00:00,orchestrator,xai_latency_ms,0.0017999991541728377,normal,f398aa60-da48-45c3-9eb4-8bb4a858c345,,deterministic,16.37
2026-08-10 16:43:52.801534+00:00,detector,alerts_emitted,408.0,normal,f398aa60-da48-45c3-9eb4-8bb4a858c345,,,16.38
2026-08-10 16:43:52.801534+00:00,orchestrator,events_received,408.0,normal,f398aa60-da48-45c3-9eb4-8bb4a858c345,,,16.38
2026-08-10 16:43:52.801534+00:00,detector,events_processed,408.0,normal,f398aa60-da48-45c3-9eb4-8bb4a858c345,,,16.38
2026-08-10 16:43:52.802536+00:00,detector,throughput_eps,25.00116588097901,normal,f398aa60-da48-45c3-9eb4-8bb4a858c345,,,16.38
2026-08-10 16:43:52.802536+00:00,detector,queue_wait_ms,2.000244140625,normal,f398aa60-da48-45c3-9eb4-8bb4a858c345,,,16.38
2026-08-10 16:43:52.802536+00:00,detector,stage_latency_ms,19.129199999952107,normal,f398aa60-da48-45c3-9eb4-8bb4a858c345,,,16.38
2026-08-10 16:43:52.803533+00:00,detector,end_to_end_latency_ms,21.001220703125,normal,f398aa60-da48-45c3-9eb4-8bb4a858c345,,,16.38
2026-08-10 16:43:52.822533+00:00,generator,events_sent,409.0,normal,f398aa60-da48-45c3-9eb4-8bb4a858c345,,,16.4
2026-08-10 16:43:52.822533+00:00,generator,throughput_eps,24.995848975639223,normal,f398aa60-da48-45c3-9eb4-8bb4a858c345,,,16.4
2026-08-10 16:43:52.826533+00:00,orchestrator,events_processed,408.0,normal,f398aa60-da48-45c3-9eb4-8bb4a858c345,,,16.41
2026-08-10 16:43:52.827533+00:00,orchestrator,throughput_eps,25.002579399164603,normal,f398aa60-da48-45c3-9eb4-8bb4a858c345,,,16.41
2026-08-10 16:43:52.827533+00:00,orchestrator,queue_wait_ms,2.00146484375,normal,f398aa60-da48-45c3-9eb4-8bb4a858c345,,,16.41
2026-08-10 16:43:52.827533+00:00,orchestrator,stage_latency_ms,24.800999999570195,normal,f398aa60-da48-45c3-9eb4-8bb4a858c345,,,16.41
2026-08-10 16:43:52.828532+00:00,orchestrator,xai_latency_ms,0.0018000009731622413,normal,f398aa60-da48-45c3-9eb4-8bb4a858c345,,deterministic,16.41
2026-08-10 16:43:52.828532+00:00,orchestrator,end_to_end_latency_ms,45.999755859375,normal,f398aa60-da48-45c3-9eb4-8bb4a858c345,,,16.41
2026-08-10 16:43:52.841532+00:00,orchestrator,events_received,409.0,normal,f398aa60-da48-45c3-9eb4-8bb4a858c345,,,16.42
2026-08-10 16:43:52.841532+00:00,detector,throughput_eps,25.00263327733137,normal,f398aa60-da48-45c3-9eb4-8bb4a858c345,,,16.42
2026-08-10 16:43:52.841532+00:00,detector,events_processed,409.0,normal,f398aa60-da48-45c3-9eb4-8bb4a858c345,,,16.42
2026-08-10 16:43:52.841532+00:00,detector,alerts_emitted,409.0,normal,f398aa60-da48-45c3-9eb4-8bb4a858c345,,,16.42
2026-08-10 16:43:52.842533+00:00,detector,queue_wait_ms,1.99951171875,normal,f398aa60-da48-45c3-9eb4-8bb4a858c345,,,16.42
2026-08-10 16:43:52.842533+00:00,detector,stage_latency_ms,18.67859999947541,normal,f398aa60-da48-45c3-9eb4-8bb4a858c345,,,16.42
2026-08-10 16:43:52.842533+00:00,detector,end_to_end_latency_ms,20.998779296875,normal,f398aa60-da48-45c3-9eb4-8bb4a858c345,,,16.42
2026-08-10 16:43:52.862533+00:00,generator,events_sent,410.0,normal,f398aa60-da48-45c3-9eb4-8bb4a858c345,,,16.44
2026-08-10 16:43:52.862533+00:00,generator,throughput_eps,24.99673429761485,normal,f398aa60-da48-45c3-9eb4-8bb4a858c345,,,16.44
2026-08-10 16:43:52.867532+00:00,orchestrator,events_processed,409.0,normal,f398aa60-da48-45c3-9eb4-8bb4a858c345,,,16.45
2026-08-10 16:43:52.867532+00:00,orchestrator,throughput_eps,25.00152009241778,normal,f398aa60-da48-45c3-9eb4-8bb4a858c345,,,16.45
2026-08-10 16:43:52.867532+00:00,orchestrator,queue_wait_ms,1.999755859375,normal,f398aa60-da48-45c3-9eb4-8bb4a858c345,,,16.45
2026-08-10 16:43:52.867532+00:00,orchestrator,stage_latency_ms,25.309500000730623,normal,f398aa60-da48-45c3-9eb4-8bb4a858c345,,,16.45
2026-08-10 16:43:52.868533+00:00,orchestrator,end_to_end_latency_ms,46.99853515625,normal,f398aa60-da48-45c3-9eb4-8bb4a858c345,,,16.45
2026-08-10 16:43:52.868533+00:00,orchestrator,xai_latency_ms,0.0017999991541728377,normal,f398aa60-da48-45c3-9eb4-8bb4a858c345,,deterministic,16.45
2026-08-10 16:43:52.881532+00:00,detector,events_processed,410.0,normal,f398aa60-da48-45c3-9eb4-8bb4a858c345,,,16.46
2026-08-10 16:43:52.882534+00:00,detector,queue_wait_ms,2.000732421875,normal,f398aa60-da48-45c3-9eb4-8bb4a858c345,,,16.46
2026-08-10 16:43:52.882534+00:00,detector,throughput_eps,24.99894157707396,normal,f398aa60-da48-45c3-9eb4-8bb4a858c345,,,16.46
2026-08-10 16:43:52.882534+00:00,detector,alerts_emitted,410.0,normal,f398aa60-da48-45c3-9eb4-8bb4a858c345,,,16.46
2026-08-10 16:43:52.882534+00:00,orchestrator,events_received,410.0,normal,f398aa60-da48-45c3-9eb4-8bb4a858c345,,,16.46
2026-08-10 16:43:52.883533+00:00,detector,stage_latency_ms,19.107500000245636,normal,f398aa60-da48-45c3-9eb4-8bb4a858c345,,,16.46
2026-08-10 16:43:52.883533+00:00,detector,end_to_end_latency_ms,21.0,normal,f398aa60-da48-45c3-9eb4-8bb4a858c345,,,16.46
2026-08-10 16:43:52.902532+00:00,generator,events_sent,411.0,normal,f398aa60-da48-45c3-9eb4-8bb4a858c345,,,16.48
2026-08-10 16:43:52.902532+00:00,generator,throughput_eps,24.99810599026992,normal,f398aa60-da48-45c3-9eb4-8bb4a858c345,,,16.48
2026-08-10 16:43:52.906532+00:00,orchestrator,events_processed,410.0,normal,f398aa60-da48-45c3-9eb4-8bb4a858c345,,,16.49
2026-08-10 16:43:52.907533+00:00,orchestrator,throughput_eps,25.20260659990771,normal,f398aa60-da48-45c3-9eb4-8bb4a858c345,,,16.49
2026-08-10 16:43:52.907533+00:00,orchestrator,queue_wait_ms,3.00244140625,normal,f398aa60-da48-45c3-9eb4-8bb4a858c345,,,16.49
2026-08-10 16:43:52.908533+00:00,orchestrator,stage_latency_ms,24.566000000049826,normal,f398aa60-da48-45c3-9eb4-8bb4a858c345,,,16.49
2026-08-10 16:43:52.908533+00:00,orchestrator,end_to_end_latency_ms,46.00048828125,normal,f398aa60-da48-45c3-9eb4-8bb4a858c345,,,16.49
2026-08-10 16:43:52.908533+00:00,orchestrator,xai_latency_ms,0.002099999619531445,normal,f398aa60-da48-45c3-9eb4-8bb4a858c345,,deterministic,16.49
2026-08-10 16:43:52.921532+00:00,detector,throughput_eps,25.001739120972616,normal,f398aa60-da48-45c3-9eb4-8bb4a858c345,,,16.5
2026-08-10 16:43:52.921532+00:00,orchestrator,events_received,411.0,normal,f398aa60-da48-45c3-9eb4-8bb4a858c345,,,16.5
2026-08-10 16:43:52.921532+00:00,detector,alerts_emitted,411.0,normal,f398aa60-da48-45c3-9eb4-8bb4a858c345,,,16.5
2026-08-10 16:43:52.921532+00:00,detector,events_processed,411.0,normal,f398aa60-da48-45c3-9eb4-8bb4a858c345,,,16.5
2026-08-10 16:43:52.922534+00:00,detector,queue_wait_ms,1.998779296875,normal,f398aa60-da48-45c3-9eb4-8bb4a858c345,,,16.5
2026-08-10 16:43:52.922534+00:00,detector,stage_latency_ms,18.621200000779936,normal,f398aa60-da48-45c3-9eb4-8bb4a858c345,,,16.5
2026-08-10 16:43:52.922534+00:00,detector,end_to_end_latency_ms,20.99951171875,normal,f398aa60-da48-45c3-9eb4-8bb4a858c345,,,16.5
2026-08-10 16:43:52.942532+00:00,generator,events_sent,412.0,normal,f398aa60-da48-45c3-9eb4-8bb4a858c345,,,16.52
2026-08-10 16:43:52.942532+00:00,generator,throughput_eps,24.999407776122712,normal,f398aa60-da48-45c3-9eb4-8bb4a858c345,,,16.52
2026-08-10 16:43:52.946533+00:00,orchestrator,events_processed,411.0,normal,f398aa60-da48-45c3-9eb4-8bb4a858c345,,,16.53
2026-08-10 16:43:52.947532+00:00,orchestrator,throughput_eps,25.20063790273149,normal,f398aa60-da48-45c3-9eb4-8bb4a858c345,,,16.53
2026-08-10 16:43:52.947532+00:00,orchestrator,queue_wait_ms,1.999755859375,normal,f398aa60-da48-45c3-9eb4-8bb4a858c345,,,16.53
2026-08-10 16:43:52.947532+00:00,orchestrator,stage_latency_ms,25.233399999706307,normal,f398aa60-da48-45c3-9eb4-8bb4a858c345,,,16.53
2026-08-10 16:43:52.948532+00:00,orchestrator,end_to_end_latency_ms,46.0,normal,f398aa60-da48-45c3-9eb4-8bb4a858c345,,,16.53
2026-08-10 16:43:52.948532+00:00,orchestrator,xai_latency_ms,0.0018999999156221747,normal,f398aa60-da48-45c3-9eb4-8bb4a858c345,,deterministic,16.53
2026-08-10 16:43:52.961532+00:00,detector,events_processed,412.0,normal,f398aa60-da48-45c3-9eb4-8bb4a858c345,,,16.54
2026-08-10 16:43:52.962532+00:00,detector,queue_wait_ms,2.00146484375,normal,f398aa60-da48-45c3-9eb4-8bb4a858c345,,,16.54
2026-08-10 16:43:52.962532+00:00,detector,throughput_eps,25.00223003761846,normal,f398aa60-da48-45c3-9eb4-8bb4a858c345,,,16.54
2026-08-10 16:43:52.962532+00:00,orchestrator,events_received,412.0,normal,f398aa60-da48-45c3-9eb4-8bb4a858c345,,,16.54
2026-08-10 16:43:52.962532+00:00,detector,alerts_emitted,412.0,normal,f398aa60-da48-45c3-9eb4-8bb4a858c345,,,16.54
2026-08-10 16:43:52.963533+00:00,detector,stage_latency_ms,19.27570000043488,normal,f398aa60-da48-45c3-9eb4-8bb4a858c345,,,16.54
2026-08-10 16:43:52.963533+00:00,detector,end_to_end_latency_ms,21.001220703125,normal,f398aa60-da48-45c3-9eb4-8bb4a858c345,,,16.54
2026-08-10 16:43:52.982531+00:00,generator,events_sent,413.0,normal,f398aa60-da48-45c3-9eb4-8bb4a858c345,,,16.56
2026-08-10 16:43:52.982531+00:00,generator,throughput_eps,24.997174210562406,normal,f398aa60-da48-45c3-9eb4-8bb4a858c345,,,16.56
2026-08-10 16:43:52.987533+00:00,orchestrator,events_processed,412.0,normal,f398aa60-da48-45c3-9eb4-8bb4a858c345,,,16.57
2026-08-10 16:43:52.987533+00:00,orchestrator,throughput_eps,25.14393646428974,normal,f398aa60-da48-45c3-9eb4-8bb4a858c345,,,16.57
2026-08-10 16:43:52.987533+00:00,orchestrator,queue_wait_ms,3.00146484375,normal,f398aa60-da48-45c3-9eb4-8bb4a858c345,,,16.57
2026-08-10 16:43:52.987533+00:00,orchestrator,stage_latency_ms,24.902199998905417,normal,f398aa60-da48-45c3-9eb4-8bb4a858c345,,,16.57
2026-08-10 16:43:52.988532+00:00,orchestrator,end_to_end_latency_ms,47.001953125,normal,f398aa60-da48-45c3-9eb4-8bb4a858c345,,,16.57
2026-08-10 16:43:52.988532+00:00,orchestrator,xai_latency_ms,0.0017999991541728377,normal,f398aa60-da48-45c3-9eb4-8bb4a858c345,,deterministic,16.57
2026-08-10 16:43:53.001532+00:00,detector,events_processed,413.0,normal,f398aa60-da48-45c3-9eb4-8bb4a858c345,,,16.58
2026-08-10 16:43:53.002534+00:00,detector,alerts_emitted,413.0,normal,f398aa60-da48-45c3-9eb4-8bb4a858c345,,,16.58
2026-08-10 16:43:53.002534+00:00,orchestrator,events_received,413.0,normal,f398aa60-da48-45c3-9eb4-8bb4a858c345,,,16.58
2026-08-10 16:43:53.002534+00:00,detector,throughput_eps,25.00402114668129,normal,f398aa60-da48-45c3-9eb4-8bb4a858c345,,,16.58
2026-08-10 16:43:53.002534+00:00,detector,queue_wait_ms,1.9970703125,normal,f398aa60-da48-45c3-9eb4-8bb4a858c345,,,16.58
2026-08-10 16:43:53.002534+00:00,detector,stage_latency_ms,18.824400000085006,normal,f398aa60-da48-45c3-9eb4-8bb4a858c345,,,16.58
2026-08-10 16:43:53.003532+00:00,detector,end_to_end_latency_ms,20.998291015625,normal,f398aa60-da48-45c3-9eb4-8bb4a858c345,,,16.58
2026-08-10 16:43:53.022531+00:00,generator,events_sent,414.0,normal,f398aa60-da48-45c3-9eb4-8bb4a858c345,,,16.6
2026-08-10 16:43:53.022531+00:00,generator,throughput_eps,24.995539606433542,normal,f398aa60-da48-45c3-9eb4-8bb4a858c345,,,16.6
2026-08-10 16:43:53.026531+00:00,orchestrator,events_processed,413.0,normal,f398aa60-da48-45c3-9eb4-8bb4a858c345,,,16.61
2026-08-10 16:43:53.026531+00:00,orchestrator,throughput_eps,25.088349626742772,normal,f398aa60-da48-45c3-9eb4-8bb4a858c345,,,16.61
2026-08-10 16:43:53.027531+00:00,orchestrator,queue_wait_ms,3.002685546875,normal,f398aa60-da48-45c3-9eb4-8bb4a858c345,,,16.61
2026-08-10 16:43:53.027531+00:00,orchestrator,stage_latency_ms,24.447300000247196,normal,f398aa60-da48-45c3-9eb4-8bb4a858c345,,,16.61
2026-08-10 16:43:53.028531+00:00,orchestrator,xai_latency_ms,0.0017000002117129043,normal,f398aa60-da48-45c3-9eb4-8bb4a858c345,,deterministic,16.61
2026-08-10 16:43:53.028531+00:00,orchestrator,end_to_end_latency_ms,45.9970703125,normal,f398aa60-da48-45c3-9eb4-8bb4a858c345,,,16.61
2026-08-10 16:43:53.042531+00:00,detector,events_processed,414.0,normal,f398aa60-da48-45c3-9eb4-8bb4a858c345,,,16.62
2026-08-10 16:43:53.042531+00:00,detector,alerts_emitted,414.0,normal,f398aa60-da48-45c3-9eb4-8bb4a858c345,,,16.62
2026-08-10 16:43:53.043533+00:00,detector,throughput_eps,24.996483861532674,normal,f398aa60-da48-45c3-9eb4-8bb4a858c345,,,16.62
2026-08-10 16:43:53.043533+00:00,detector,queue_wait_ms,2.000244140625,normal,f398aa60-da48-45c3-9eb4-8bb4a858c345,,,16.62
2026-08-10 16:43:53.043533+00:00,detector,stage_latency_ms,19.743900000321446,normal,f398aa60-da48-45c3-9eb4-8bb4a858c345,,,16.62
2026-08-10 16:43:53.043533+00:00,detector,end_to_end_latency_ms,22.00048828125,normal,f398aa60-da48-45c3-9eb4-8bb4a858c345,,,16.62
2026-08-10 16:43:53.062532+00:00,generator,events_sent,415.0,normal,f398aa60-da48-45c3-9eb4-8bb4a858c345,,,16.64
2026-08-10 16:43:53.062532+00:00,generator,throughput_eps,24.99757936746468,normal,f398aa60-da48-45c3-9eb4-8bb4a858c345,,,16.64
2026-08-10 16:43:53.067531+00:00,orchestrator,events_processed,414.0,normal,f398aa60-da48-45c3-9eb4-8bb4a858c345,,,16.65
2026-08-10 16:43:53.067531+00:00,orchestrator,throughput_eps,25.024667315062814,normal,f398aa60-da48-45c3-9eb4-8bb4a858c345,,,16.65
2026-08-10 16:43:53.068531+00:00,orchestrator,end_to_end_latency_ms,47.000732421875,normal,f398aa60-da48-45c3-9eb4-8bb4a858c345,,,16.65
2026-08-10 16:43:53.068531+00:00,orchestrator,queue_wait_ms,3.000732421875,normal,f398aa60-da48-45c3-9eb4-8bb4a858c345,,,16.65
2026-08-10 16:43:53.068531+00:00,orchestrator,stage_latency_ms,24.851500000295346,normal,f398aa60-da48-45c3-9eb4-8bb4a858c345,,,16.65
2026-08-10 16:43:53.069534+00:00,orchestrator,xai_latency_ms,0.002099999619531445,normal,f398aa60-da48-45c3-9eb4-8bb4a858c345,,deterministic,16.65
2026-08-10 16:43:53.081532+00:00,detector,events_processed,415.0,normal,f398aa60-da48-45c3-9eb4-8bb4a858c345,,,16.66
2026-08-10 16:43:53.082531+00:00,detector,alerts_emitted,415.0,normal,f398aa60-da48-45c3-9eb4-8bb4a858c345,,,16.66
2026-08-10 16:43:53.082531+00:00,orchestrator,events_received,415.0,normal,f398aa60-da48-45c3-9eb4-8bb4a858c345,,,16.66
2026-08-10 16:43:53.082531+00:00,detector,throughput_eps,25.000294003458784,normal,f398aa60-da48-45c3-9eb4-8bb4a858c345,,,16.66
2026-08-10 16:43:53.082531+00:00,detector,queue_wait_ms,2.000732421875,normal,f398aa60-da48-45c3-9eb4-8bb4a858c345,,,16.66
2026-08-10 16:43:53.082531+00:00,detector,stage_latency_ms,18.98580000124639,normal,f398aa60-da48-45c3-9eb4-8bb4a858c345,,,16.66
2026-08-10 16:43:53.083531+00:00,detector,end_to_end_latency_ms,21.0009765625,normal,f398aa60-da48-45c3-9eb4-8bb4a858c345,,,16.66
2026-08-10 16:43:53.102532+00:00,generator,events_sent,416.0,normal,f398aa60-da48-45c3-9eb4-8bb4a858c345,,,16.68
2026-08-10 16:43:53.102532+00:00,generator,throughput_eps,24.994095648821798,normal,f398aa60-da48-45c3-9eb4-8bb4a858c345,,,16.68
2026-08-10 16:43:53.107531+00:00,orchestrator,events_processed,415.0,normal,f398aa60-da48-45c3-9eb4-8bb4a858c345,,,16.69
2026-08-10 16:43:53.107531+00:00,orchestrator,throughput_eps,24.9968250000525,normal,f398aa60-da48-45c3-9eb4-8bb4a858c345,,,16.69
2026-08-10 16:43:53.107531+00:00,orchestrator,queue_wait_ms,3.0,normal,f398aa60-da48-45c3-9eb4-8bb4a858c345,,,16.69
2026-08-10 16:43:53.108532+00:00,orchestrator,end_to_end_latency_ms,47.0,normal,f398aa60-da48-45c3-9eb4-8bb4a858c345,,,16.69
2026-08-10 16:43:53.108532+00:00,orchestrator,xai_latency_ms,0.0026000016077887267,normal,f398aa60-da48-45c3-9eb4-8bb4a858c345,,deterministic,16.69
2026-08-10 16:43:53.108532+00:00,orchestrator,stage_latency_ms,25.15309999944293,normal,f398aa60-da48-45c3-9eb4-8bb4a858c345,,,16.69
2026-08-10 16:43:53.121531+00:00,detector,events_processed,416.0,normal,f398aa60-da48-45c3-9eb4-8bb4a858c345,,,16.7
2026-08-10 16:43:53.121531+00:00,detector,alerts_emitted,416.0,normal,f398aa60-da48-45c3-9eb4-8bb4a858c345,,,16.7
2026-08-10 16:43:53.122531+00:00,orchestrator,events_received,416.0,normal,f398aa60-da48-45c3-9eb4-8bb4a858c345,,,16.7
2026-08-10 16:43:53.122531+00:00,detector,throughput_eps,25.02134330673776,normal,f398aa60-da48-45c3-9eb4-8bb4a858c345,,,16.7
2026-08-10 16:43:53.122531+00:00,detector,queue_wait_ms,2.001220703125,normal,f398aa60-da48-45c3-9eb4-8bb4a858c345,,,16.7
2026-08-10 16:43:53.122531+00:00,detector,stage_latency_ms,18.693699999857927,normal,f398aa60-da48-45c3-9eb4-8bb4a858c345,,,16.7
2026-08-10 16:43:53.123531+00:00,detector,end_to_end_latency_ms,21.000732421875,normal,f398aa60-da48-45c3-9eb4-8bb4a858c345,,,16.7
2026-08-10 16:43:53.142531+00:00,generator,events_sent,417.0,normal,f398aa60-da48-45c3-9eb4-8bb4a858c345,,,16.72
2026-08-10 16:43:53.142531+00:00,generator,throughput_eps,24.996427425926466,normal,f398aa60-da48-45c3-9eb4-8bb4a858c345,,,16.72
2026-08-10 16:43:53.147146+00:00,orchestrator,queue_wait_ms,3.00048828125,normal,f398aa60-da48-45c3-9eb4-8bb4a858c345,,,16.73
2026-08-10 16:43:53.147146+00:00,orchestrator,events_processed,416.0,normal,f398aa60-da48-45c3-9eb4-8bb4a858c345,,,16.73
2026-08-10 16:43:53.147146+00:00,orchestrator,throughput_eps,25.024018012125662,normal,f398aa60-da48-45c3-9eb4-8bb4a858c345,,,16.73
2026-08-10 16:43:53.148146+00:00,orchestrator,xai_latency_ms,0.0017000002117129043,normal,f398aa60-da48-45c3-9eb4-8bb4a858c345,,deterministic,16.73
2026-08-10 16:43:53.148146+00:00,orchestrator,end_to_end_latency_ms,46.614990234375,normal,f398aa60-da48-45c3-9eb4-8bb4a858c345,,,16.73
2026-08-10 16:43:53.148146+00:00,orchestrator,stage_latency_ms,24.88900000025751,normal,f398aa60-da48-45c3-9eb4-8bb4a858c345,,,16.73
2026-08-10 16:43:53.161146+00:00,detector,events_processed,417.0,normal,f398aa60-da48-45c3-9eb4-8bb4a858c345,,,16.74
2026-08-10 16:43:53.162146+00:00,detector,alerts_emitted,417.0,normal,f398aa60-da48-45c3-9eb4-8bb4a858c345,,,16.74
2026-08-10 16:43:53.162146+00:00,orchestrator,events_received,417.0,normal,f398aa60-da48-45c3-9eb4-8bb4a858c345,,,16.74
2026-08-10 16:43:53.162146+00:00,detector,throughput_eps,25.02247919441071,normal,f398aa60-da48-45c3-9eb4-8bb4a858c345,,,16.74
2026-08-10 16:43:53.162146+00:00,detector,queue_wait_ms,2.0009765625,normal,f398aa60-da48-45c3-9eb4-8bb4a858c345,,,16.74
2026-08-10 16:43:53.163147+00:00,detector,stage_latency_ms,18.421000000671484,normal,f398aa60-da48-45c3-9eb4-8bb4a858c345,,,16.74
2026-08-10 16:43:53.163147+00:00,detector,end_to_end_latency_ms,20.61572265625,normal,f398aa60-da48-45c3-9eb4-8bb4a858c345,,,16.74
2026-08-10 16:43:53.182146+00:00,generator,events_sent,418.0,normal,f398aa60-da48-45c3-9eb4-8bb4a858c345,,,16.76
2026-08-10 16:43:53.182146+00:00,generator,throughput_eps,24.99812514061671,normal,f398aa60-da48-45c3-9eb4-8bb4a858c345,,,16.76
2026-08-10 16:43:53.186146+00:00,orchestrator,events_processed,417.0,normal,f398aa60-da48-45c3-9eb4-8bb4a858c345,,,16.77
2026-08-10 16:43:53.186146+00:00,orchestrator,throughput_eps,25.028361137703826,normal,f398aa60-da48-45c3-9eb4-8bb4a858c345,,,16.77
2026-08-10 16:43:53.187146+00:00,orchestrator,end_to_end_latency_ms,45.6162109375,normal,f398aa60-da48-45c3-9eb4-8bb4a858c345,,,16.77
2026-08-10 16:43:53.187146+00:00,orchestrator,stage_latency_ms,24.280699999508215,normal,f398aa60-da48-45c3-9eb4-8bb4a858c345,,,16.77
2026-08-10 16:43:53.187146+00:00,orchestrator,queue_wait_ms,3.0009765625,normal,f398aa60-da48-45c3-9eb4-8bb4a858c345,,,16.77
2026-08-10 16:43:53.188146+00:00,orchestrator,xai_latency_ms,0.0018999999156221747,normal,f398aa60-da48-45c3-9eb4-8bb4a858c345,,deterministic,16.77
2026-08-10 16:43:53.201144+00:00,detector,events_processed,418.0,normal,f398aa60-da48-45c3-9eb4-8bb4a858c345,,,16.78
2026-08-10 16:43:53.201144+00:00,detector,alerts_emitted,418.0,normal,f398aa60-da48-45c3-9eb4-8bb4a858c345,,,16.78
2026-08-10 16:43:53.202145+00:00,orchestrator,events_received,418.0,normal,f398aa60-da48-45c3-9eb4-8bb4a858c345,,,16.78
2026-08-10 16:43:53.202145+00:00,detector,throughput_eps,24.99924296647056,normal,f398aa60-da48-45c3-9eb4-8bb4a858c345,,,16.78
2026-08-10 16:43:53.202145+00:00,detector,queue_wait_ms,2.0,normal,f398aa60-da48-45c3-9eb4-8bb4a858c345,,,16.78
2026-08-10 16:43:53.202145+00:00,detector,stage_latency_ms,19.084399998973822,normal,f398aa60-da48-45c3-9eb4-8bb4a858c345,,,16.78
2026-08-10 16:43:53.203145+00:00,detector,end_to_end_latency_ms,20.998779296875,normal,f398aa60-da48-45c3-9eb4-8bb4a858c345,,,16.78
2026-08-10 16:43:53.222146+00:00,generator,events_sent,419.0,normal,f398aa60-da48-45c3-9eb4-8bb4a858c345,,,16.8
2026-08-10 16:43:53.222146+00:00,generator,throughput_eps,24.998123124784044,normal,f398aa60-da48-45c3-9eb4-8bb4a858c345,,,16.8
2026-08-10 16:43:53.241146+00:00,detector,events_processed,419.0,normal,f398aa60-da48-45c3-9eb4-8bb4a858c345,,,16.82
2026-08-10 16:43:53.242147+00:00,detector,queue_wait_ms,2.001220703125,normal,f398aa60-da48-45c3-9eb4-8bb4a858c345,,,16.82
2026-08-10 16:43:53.242147+00:00,detector,stage_latency_ms,18.905000000813743,normal,f398aa60-da48-45c3-9eb4-8bb4a858c345,,,16.82
2026-08-10 16:43:53.242147+00:00,detector,alerts_emitted,419.0,normal,f398aa60-da48-45c3-9eb4-8bb4a858c345,,,16.82
2026-08-10 16:43:53.242147+00:00,detector,throughput_eps,24.99929790278594,normal,f398aa60-da48-45c3-9eb4-8bb4a858c345,,,16.82
2026-08-10 16:43:53.243145+00:00,detector,end_to_end_latency_ms,21.001220703125,normal,f398aa60-da48-45c3-9eb4-8bb4a858c345,,,16.82
2026-08-10 16:43:53.262145+00:00,generator,events_sent,420.0,normal,f398aa60-da48-45c3-9eb4-8bb4a858c345,,,16.84
2026-08-10 16:43:53.262145+00:00,generator,throughput_eps,25.00067088493527,normal,f398aa60-da48-45c3-9eb4-8bb4a858c345,,,16.84
2026-08-10 16:43:53.267146+00:00,orchestrator,events_processed,418.0,normal,f398aa60-da48-45c3-9eb4-8bb4a858c345,,,16.85
2026-08-10 16:43:53.267146+00:00,orchestrator,throughput_eps,24.799990096139016,normal,f398aa60-da48-45c3-9eb4-8bb4a858c345,,,16.85
2026-08-10 16:43:53.267146+00:00,orchestrator,queue_wait_ms,2.999755859375,normal,f398aa60-da48-45c3-9eb4-8bb4a858c345,,,16.85
2026-08-10 16:43:53.267146+00:00,orchestrator,stage_latency_ms,65.01969999953872,normal,f398aa60-da48-45c3-9eb4-8bb4a858c345,,,16.85
2026-08-10 16:43:53.268146+00:00,orchestrator,end_to_end_latency_ms,87.000732421875,normal,f398aa60-da48-45c3-9eb4-8bb4a858c345,,,16.85
2026-08-10 16:43:53.268146+00:00,orchestrator,xai_latency_ms,0.0020000006770715117,normal,f398aa60-da48-45c3-9eb4-8bb4a858c345,,deterministic,16.85
2026-08-10 16:43:53.271145+00:00,orchestrator,events_received,419.0,normal,f398aa60-da48-45c3-9eb4-8bb4a858c345,,,16.85
2026-08-10 16:43:53.281145+00:00,detector,events_processed,420.0,normal,f398aa60-da48-45c3-9eb4-8bb4a858c345,,,16.86
2026-08-10 16:43:53.282147+00:00,detector,queue_wait_ms,1.9912109375,normal,f398aa60-da48-45c3-9eb4-8bb4a858c345,,,16.86
2026-08-10 16:43:53.282147+00:00,detector,alerts_emitted,420.0,normal,f398aa60-da48-45c3-9eb4-8bb4a858c345,,,16.86
2026-08-10 16:43:53.282147+00:00,detector,throughput_eps,24.999244478478197,normal,f398aa60-da48-45c3-9eb4-8bb4a858c345,,,16.86
2026-08-10 16:43:53.283146+00:00,detector,stage_latency_ms,19.162999999025487,normal,f398aa60-da48-45c3-9eb4-8bb4a858c345,,,16.86
2026-08-10 16:43:53.283146+00:00,detector,end_to_end_latency_ms,20.991455078125,normal,f398aa60-da48-45c3-9eb4-8bb4a858c345,,,16.86
2026-08-10 16:43:53.295145+00:00,orchestrator,events_processed,419.0,normal,f398aa60-da48-45c3-9eb4-8bb4a858c345,,,16.87
2026-08-10 16:43:53.296145+00:00,orchestrator,throughput_eps,24.857692716180242,normal,f398aa60-da48-45c3-9eb4-8bb4a858c345,,,16.88
2026-08-10 16:43:53.296145+00:00,orchestrator,queue_wait_ms,31.9990234375,normal,f398aa60-da48-45c3-9eb4-8bb4a858c345,,,16.88
2026-08-10 16:43:53.296145+00:00,orchestrator,stage_latency_ms,24.66899999853922,normal,f398aa60-da48-45c3-9eb4-8bb4a858c345,,,16.88
2026-08-10 16:43:53.296145+00:00,orchestrator,end_to_end_latency_ms,75.0009765625,normal,f398aa60-da48-45c3-9eb4-8bb4a858c345,,,16.88
2026-08-10 16:43:53.297145+00:00,orchestrator,xai_latency_ms,0.0017000002117129043,normal,f398aa60-da48-45c3-9eb4-8bb4a858c345,,deterministic,16.88
2026-08-10 16:43:53.299146+00:00,orchestrator,events_received,420.0,normal,f398aa60-da48-45c3-9eb4-8bb4a858c345,,,16.88
2026-08-10 16:43:53.301145+00:00,generator,events_sent,421.0,normal,f398aa60-da48-45c3-9eb4-8bb4a858c345,,,16.88
2026-08-10 16:43:53.301145+00:00,generator,throughput_eps,25.00318290517892,normal,f398aa60-da48-45c3-9eb4-8bb4a858c345,,,16.88
2026-08-10 16:43:53.321145+00:00,detector,events_processed,421.0,normal,f398aa60-da48-45c3-9eb4-8bb4a858c345,,,16.9
2026-08-10 16:43:53.322144+00:00,detector,queue_wait_ms,2.000732421875,normal,f398aa60-da48-45c3-9eb4-8bb4a858c345,,,16.9
2026-08-10 16:43:53.322144+00:00,detector,throughput_eps,25.002354556412257,normal,f398aa60-da48-45c3-9eb4-8bb4a858c345,,,16.9
2026-08-10 16:43:53.322144+00:00,detector,alerts_emitted,421.0,normal,f398aa60-da48-45c3-9eb4-8bb4a858c345,,,16.9
2026-08-10 16:43:53.323146+00:00,detector,stage_latency_ms,19.572100000004866,normal,f398aa60-da48-45c3-9eb4-8bb4a858c345,,,16.9
2026-08-10 16:43:53.323146+00:00,detector,end_to_end_latency_ms,21.000732421875,normal,f398aa60-da48-45c3-9eb4-8bb4a858c345,,,16.9
2026-08-10 16:43:53.325146+00:00,orchestrator,events_processed,420.0,normal,f398aa60-da48-45c3-9eb4-8bb4a858c345,,,16.9
2026-08-10 16:43:53.326145+00:00,orchestrator,throughput_eps,24.903814539370103,normal,f398aa60-da48-45c3-9eb4-8bb4a858c345,,,16.91
2026-08-10 16:43:53.326145+00:00,orchestrator,queue_wait_ms,20.00146484375,normal,f398aa60-da48-45c3-9eb4-8bb4a858c345,,,16.91
2026-08-10 16:43:53.326145+00:00,orchestrator,stage_latency_ms,25.985700000092038,normal,f398aa60-da48-45c3-9eb4-8bb4a858c345,,,16.91
2026-08-10 16:43:53.327146+00:00,orchestrator,end_to_end_latency_ms,64.992919921875,normal,f398aa60-da48-45c3-9eb4-8bb4a858c345,,,16.91
2026-08-10 16:43:53.327146+00:00,orchestrator,xai_latency_ms,0.0017999991541728377,normal,f398aa60-da48-45c3-9eb4-8bb4a858c345,,deterministic,16.91
2026-08-10 16:43:53.330145+00:00,orchestrator,events_received,421.0,normal,f398aa60-da48-45c3-9eb4-8bb4a858c345,,,16.91
2026-08-10 16:43:53.342145+00:00,generator,events_sent,422.0,normal,f398aa60-da48-45c3-9eb4-8bb4a858c345,,,16.92
2026-08-10 16:43:53.342145+00:00,generator,throughput_eps,25.000547511984866,normal,f398aa60-da48-45c3-9eb4-8bb4a858c345,,,16.92
2026-08-10 16:43:53.355145+00:00,orchestrator,queue_wait_ms,11.000244140625,normal,f398aa60-da48-45c3-9eb4-8bb4a858c345,,,16.93
2026-08-10 16:43:53.355145+00:00,orchestrator,stage_latency_ms,24.825099999361555,normal,f398aa60-da48-45c3-9eb4-8bb4a858c345,,,16.93
2026-08-10 16:43:53.355145+00:00,orchestrator,throughput_eps,24.957558564671203,normal,f398aa60-da48-45c3-9eb4-8bb4a858c345,,,16.93
2026-08-10 16:43:53.355145+00:00,orchestrator,events_processed,421.0,normal,f398aa60-da48-45c3-9eb4-8bb4a858c345,,,16.93
2026-08-10 16:43:53.356145+00:00,orchestrator,end_to_end_latency_ms,55.000732421875,normal,f398aa60-da48-45c3-9eb4-8bb4a858c345,,,16.94
2026-08-10 16:43:53.356145+00:00,orchestrator,xai_latency_ms,0.002200000380980782,normal,f398aa60-da48-45c3-9eb4-8bb4a858c345,,deterministic,16.94
2026-08-10 16:43:53.360145+00:00,detector,events_processed,422.0,normal,f398aa60-da48-45c3-9eb4-8bb4a858c345,,,16.94
2026-08-10 16:43:53.361147+00:00,detector,alerts_emitted,422.0,normal,f398aa60-da48-45c3-9eb4-8bb4a858c345,,,16.94
2026-08-10 16:43:53.361147+00:00,orchestrator,events_received,422.0,normal,f398aa60-da48-45c3-9eb4-8bb4a858c345,,,16.94
2026-08-10 16:43:53.361147+00:00,detector,throughput_eps,25.0060299540558,normal,f398aa60-da48-45c3-9eb4-8bb4a858c345,,,16.94
2026-08-10 16:43:53.361147+00:00,detector,queue_wait_ms,2.00048828125,normal,f398aa60-da48-45c3-9eb4-8bb4a858c345,,,16.94
2026-08-10 16:43:53.362146+00:00,detector,stage_latency_ms,18.50139999987732,normal,f398aa60-da48-45c3-9eb4-8bb4a858c345,,,16.94
2026-08-10 16:43:53.362146+00:00,detector,end_to_end_latency_ms,20.00146484375,normal,f398aa60-da48-45c3-9eb4-8bb4a858c345,,,16.94
2026-08-10 16:43:53.382196+00:00,generator,events_sent,423.0,normal,f398aa60-da48-45c3-9eb4-8bb4a858c345,,,16.96
2026-08-10 16:43:53.382196+00:00,generator,throughput_eps,24.998245082874295,normal,f398aa60-da48-45c3-9eb4-8bb4a858c345,,,16.96
2026-08-10 16:43:53.385195+00:00,orchestrator,throughput_eps,25.004433286021506,normal,f398aa60-da48-45c3-9eb4-8bb4a858c345,,,16.96
2026-08-10 16:43:53.385195+00:00,orchestrator,events_processed,422.0,normal,f398aa60-da48-45c3-9eb4-8bb4a858c345,,,16.96
2026-08-10 16:43:53.386195+00:00,orchestrator,end_to_end_latency_ms,45.051025390625,normal,f398aa60-da48-45c3-9eb4-8bb4a858c345,,,16.97
2026-08-10 16:43:53.386195+00:00,orchestrator,queue_wait_ms,3.002197265625,normal,f398aa60-da48-45c3-9eb4-8bb4a858c345,,,16.97
2026-08-10 16:43:53.386195+00:00,orchestrator,stage_latency_ms,24.401700000453275,normal,f398aa60-da48-45c3-9eb4-8bb4a858c345,,,16.97
2026-08-10 16:43:53.387194+00:00,orchestrator,xai_latency_ms,0.0017999991541728377,normal,f398aa60-da48-45c3-9eb4-8bb4a858c345,,deterministic,16.97
2026-08-10 16:43:53.401194+00:00,detector,events_processed,423.0,normal,f398aa60-da48-45c3-9eb4-8bb4a858c345,,,16.98
2026-08-10 16:43:53.401194+00:00,detector,alerts_emitted,423.0,normal,f398aa60-da48-45c3-9eb4-8bb4a858c345,,,16.98
2026-08-10 16:43:53.401194+00:00,orchestrator,events_received,423.0,normal,f398aa60-da48-45c3-9eb4-8bb4a858c345,,,16.98
2026-08-10 16:43:53.402195+00:00,detector,throughput_eps,25.002254703333858,normal,f398aa60-da48-45c3-9eb4-8bb4a858c345,,,16.98
2026-08-10 16:43:53.402195+00:00,detector,queue_wait_ms,2.001220703125,normal,f398aa60-da48-45c3-9eb4-8bb4a858c345,,,16.98
2026-08-10 16:43:53.402195+00:00,detector,stage_latency_ms,18.53350000055798,normal,f398aa60-da48-45c3-9eb4-8bb4a858c345,,,16.98
2026-08-10 16:43:53.402195+00:00,detector,end_to_end_latency_ms,21.0,normal,f398aa60-da48-45c3-9eb4-8bb4a858c345,,,16.98
2026-08-10 16:43:53.422196+00:00,generator,events_sent,424.0,normal,f398aa60-da48-45c3-9eb4-8bb4a858c345,,,17.0
2026-08-10 16:43:53.422196+00:00,generator,throughput_eps,25.000914347954733,normal,f398aa60-da48-45c3-9eb4-8bb4a858c345,,,17.0
2026-08-10 16:43:53.427707+00:00,orchestrator,queue_wait_ms,2.000732421875,normal,f398aa60-da48-45c3-9eb4-8bb4a858c345,,,17.01
2026-08-10 16:43:53.427707+00:00,orchestrator,throughput_eps,24.998550991247736,normal,f398aa60-da48-45c3-9eb4-8bb4a858c345,,,17.01
2026-08-10 16:43:53.427707+00:00,orchestrator,events_processed,423.0,normal,f398aa60-da48-45c3-9eb4-8bb4a858c345,,,17.01
2026-08-10 16:43:53.428707+00:00,orchestrator,stage_latency_ms,25.78180000091379,normal,f398aa60-da48-45c3-9eb4-8bb4a858c345,,,17.01
2026-08-10 16:43:53.428707+00:00,orchestrator,end_to_end_latency_ms,47.51171875,normal,f398aa60-da48-45c3-9eb4-8bb4a858c345,,,17.01
2026-08-10 16:43:53.428707+00:00,orchestrator,xai_latency_ms,0.002099999619531445,normal,f398aa60-da48-45c3-9eb4-8bb4a858c345,,deterministic,17.01
2026-08-10 16:43:53.440707+00:00,detector,events_processed,424.0,normal,f398aa60-da48-45c3-9eb4-8bb4a858c345,,,17.02
2026-08-10 16:43:53.440707+00:00,detector,alerts_emitted,424.0,normal,f398aa60-da48-45c3-9eb4-8bb4a858c345,,,17.02
2026-08-10 16:43:53.440707+00:00,orchestrator,events_received,424.0,normal,f398aa60-da48-45c3-9eb4-8bb4a858c345,,,17.02
2026-08-10 16:43:53.440707+00:00,detector,throughput_eps,25.005675788288773,normal,f398aa60-da48-45c3-9eb4-8bb4a858c345,,,17.02
2026-08-10 16:43:53.441707+00:00,detector,queue_wait_ms,2.0009765625,normal,f398aa60-da48-45c3-9eb4-8bb4a858c345,,,17.02
2026-08-10 16:43:53.441707+00:00,detector,stage_latency_ms,18.113500000254135,normal,f398aa60-da48-45c3-9eb4-8bb4a858c345,,,17.02
2026-08-10 16:43:53.441707+00:00,detector,end_to_end_latency_ms,20.511474609375,normal,f398aa60-da48-45c3-9eb4-8bb4a858c345,,,17.02
2026-08-10 16:43:53.461712+00:00,generator,events_sent,425.0,normal,f398aa60-da48-45c3-9eb4-8bb4a858c345,,,17.04
2026-08-10 16:43:53.461712+00:00,generator,throughput_eps,25.00211517894164,normal,f398aa60-da48-45c3-9eb4-8bb4a858c345,,,17.04
2026-08-10 16:43:53.464711+00:00,orchestrator,throughput_eps,25.01155383718558,normal,f398aa60-da48-45c3-9eb4-8bb4a858c345,,,17.04
2026-08-10 16:43:53.464711+00:00,orchestrator,events_processed,424.0,normal,f398aa60-da48-45c3-9eb4-8bb4a858c345,,,17.04
2026-08-10 16:43:53.465712+00:00,orchestrator,queue_wait_ms,3.001220703125,normal,f398aa60-da48-45c3-9eb4-8bb4a858c345,,,17.05
2026-08-10 16:43:53.465712+00:00,orchestrator,stage_latency_ms,24.154900000212365,normal,f398aa60-da48-45c3-9eb4-8bb4a858c345,,,17.05
2026-08-10 16:43:53.465712+00:00,orchestrator,end_to_end_latency_ms,44.515869140625,normal,f398aa60-da48-45c3-9eb4-8bb4a858c345,,,17.05
2026-08-10 16:43:53.466711+00:00,orchestrator,xai_latency_ms,0.0015999994502635673,normal,f398aa60-da48-45c3-9eb4-8bb4a858c345,,deterministic,17.05
2026-08-10 16:43:53.480827+00:00,detector,events_processed,425.0,normal,f398aa60-da48-45c3-9eb4-8bb4a858c345,,,17.06
2026-08-10 16:43:53.480827+00:00,detector,alerts_emitted,425.0,normal,f398aa60-da48-45c3-9eb4-8bb4a858c345,,,17.06
2026-08-10 16:43:53.480827+00:00,orchestrator,events_received,425.0,normal,f398aa60-da48-45c3-9eb4-8bb4a858c345,,,17.06
2026-08-10 16:43:53.480827+00:00,detector,throughput_eps,25.004345755289826,normal,f398aa60-da48-45c3-9eb4-8bb4a858c345,,,17.06
2026-08-10 16:43:53.481827+00:00,detector,queue_wait_ms,1.9912109375,normal,f398aa60-da48-45c3-9eb4-8bb4a858c345,,,17.06
2026-08-10 16:43:53.481827+00:00,detector,stage_latency_ms,18.595199999253964,normal,f398aa60-da48-45c3-9eb4-8bb4a858c345,,,17.06
2026-08-10 16:43:53.481827+00:00,detector,end_to_end_latency_ms,21.1064453125,normal,f398aa60-da48-45c3-9eb4-8bb4a858c345,,,17.06
2026-08-10 16:43:53.502585+00:00,generator,throughput_eps,24.998581229715302,normal,f398aa60-da48-45c3-9eb4-8bb4a858c345,,,17.08
2026-08-10 16:43:53.502585+00:00,generator,events_sent,426.0,normal,f398aa60-da48-45c3-9eb4-8bb4a858c345,,,17.08
2026-08-10 16:43:53.506584+00:00,orchestrator,queue_wait_ms,3.116455078125,normal,f398aa60-da48-45c3-9eb4-8bb4a858c345,,,17.09
2026-08-10 16:43:53.506584+00:00,orchestrator,events_processed,425.0,normal,f398aa60-da48-45c3-9eb4-8bb4a858c345,,,17.09
2026-08-10 16:43:53.506584+00:00,orchestrator,throughput_eps,25.005621763881393,normal,f398aa60-da48-45c3-9eb4-8bb4a858c345,,,17.09
2026-08-10 16:43:53.507583+00:00,orchestrator,stage_latency_ms,25.11190000041097,normal,f398aa60-da48-45c3-9eb4-8bb4a858c345,,,17.09
2026-08-10 16:43:53.507583+00:00,orchestrator,end_to_end_latency_ms,46.86328125,normal,f398aa60-da48-45c3-9eb4-8bb4a858c345,,,17.09
2026-08-10 16:43:53.507583+00:00,orchestrator,xai_latency_ms,0.0017000002117129043,normal,f398aa60-da48-45c3-9eb4-8bb4a858c345,,deterministic,17.09
2026-08-10 16:43:53.521513+00:00,detector,events_processed,426.0,normal,f398aa60-da48-45c3-9eb4-8bb4a858c345,,,17.1
2026-08-10 16:43:53.521513+00:00,detector,alerts_emitted,426.0,normal,f398aa60-da48-45c3-9eb4-8bb4a858c345,,,17.1
2026-08-10 16:43:53.521513+00:00,orchestrator,events_received,426.0,normal,f398aa60-da48-45c3-9eb4-8bb4a858c345,,,17.1
2026-08-10 16:43:53.521513+00:00,detector,throughput_eps,25.002414733210145,normal,f398aa60-da48-45c3-9eb4-8bb4a858c345,,,17.1
2026-08-10 16:43:53.522514+00:00,detector,stage_latency_ms,18.691499999476946,normal,f398aa60-da48-45c3-9eb4-8bb4a858c345,,,17.1
2026-08-10 16:43:53.522514+00:00,detector,queue_wait_ms,1.9931640625,normal,f398aa60-da48-45c3-9eb4-8bb4a858c345,,,17.1
2026-08-10 16:43:53.522514+00:00,detector,end_to_end_latency_ms,20.9208984375,normal,f398aa60-da48-45c3-9eb4-8bb4a858c345,,,17.1
2026-08-10 16:43:53.542561+00:00,generator,events_sent,427.0,normal,f398aa60-da48-45c3-9eb4-8bb4a858c345,,,17.12
2026-08-10 16:43:53.542561+00:00,generator,throughput_eps,24.997881731908308,normal,f398aa60-da48-45c3-9eb4-8bb4a858c345,,,17.12
2026-08-10 16:43:53.546562+00:00,orchestrator,throughput_eps,25.00065401711403,normal,f398aa60-da48-45c3-9eb4-8bb4a858c345,,,17.13
2026-08-10 16:43:53.546562+00:00,orchestrator,events_processed,426.0,normal,f398aa60-da48-45c3-9eb4-8bb4a858c345,,,17.13
2026-08-10 16:43:53.547561+00:00,orchestrator,queue_wait_ms,1.9306640625,normal,f398aa60-da48-45c3-9eb4-8bb4a858c345,,,17.13
2026-08-10 16:43:53.547561+00:00,orchestrator,stage_latency_ms,25.076699999772245,normal,f398aa60-da48-45c3-9eb4-8bb4a858c345,,,17.13
2026-08-10 16:43:53.547561+00:00,orchestrator,end_to_end_latency_ms,45.969482421875,normal,f398aa60-da48-45c3-9eb4-8bb4a858c345,,,17.13
2026-08-10 16:43:53.548562+00:00,orchestrator,xai_latency_ms,0.0016999983927235007,normal,f398aa60-da48-45c3-9eb4-8bb4a858c345,,deterministic,17.13
2026-08-10 16:43:53.562022+00:00,detector,events_processed,427.0,normal,f398aa60-da48-45c3-9eb4-8bb4a858c345,,,17.14
2026-08-10 16:43:53.562022+00:00,detector,alerts_emitted,427.0,normal,f398aa60-da48-45c3-9eb4-8bb4a858c345,,,17.14
2026-08-10 16:43:53.562022+00:00,orchestrator,events_received,427.0,normal,f398aa60-da48-45c3-9eb4-8bb4a858c345,,,17.14
2026-08-10 16:43:53.562022+00:00,detector,throughput_eps,25.00371980743239,normal,f398aa60-da48-45c3-9eb4-8bb4a858c345,,,17.14
2026-08-10 16:43:53.562988+00:00,detector,queue_wait_ms,1.989013671875,normal,f398aa60-da48-45c3-9eb4-8bb4a858c345,,,17.14
2026-08-10 16:43:53.562988+00:00,detector,stage_latency_ms,18.703999998251675,normal,f398aa60-da48-45c3-9eb4-8bb4a858c345,,,17.14
2026-08-10 16:43:53.562988+00:00,detector,end_to_end_latency_ms,21.44970703125,normal,f398aa60-da48-45c3-9eb4-8bb4a858c345,,,17.14
2026-08-10 16:43:53.581628+00:00,generator,events_sent,428.0,normal,f398aa60-da48-45c3-9eb4-8bb4a858c345,,,17.16
2026-08-10 16:43:53.581628+00:00,generator,throughput_eps,25.004000139937574,normal,f398aa60-da48-45c3-9eb4-8bb4a858c345,,,17.16
2026-08-10 16:43:53.600475+00:00,detector,alerts_emitted,428.0,normal,f398aa60-da48-45c3-9eb4-8bb4a858c345,,,17.18
2026-08-10 16:43:53.600475+00:00,detector,events_processed,428.0,normal,f398aa60-da48-45c3-9eb4-8bb4a858c345,,,17.18
2026-08-10 16:43:53.601481+00:00,detector,throughput_eps,25.00915435086243,normal,f398aa60-da48-45c3-9eb4-8bb4a858c345,,,17.18
2026-08-10 16:43:53.601481+00:00,detector,queue_wait_ms,1.94189453125,normal,f398aa60-da48-45c3-9eb4-8bb4a858c345,,,17.18
2026-08-10 16:43:53.601481+00:00,detector,stage_latency_ms,18.77020000029006,normal,f398aa60-da48-45c3-9eb4-8bb4a858c345,,,17.18
2026-08-10 16:43:53.602481+00:00,detector,end_to_end_latency_ms,20.7890625,normal,f398aa60-da48-45c3-9eb4-8bb4a858c345,,,17.18
2026-08-10 16:43:53.621655+00:00,generator,events_sent,429.0,normal,f398aa60-da48-45c3-9eb4-8bb4a858c345,,,17.2
2026-08-10 16:43:53.621655+00:00,generator,throughput_eps,25.002076672492894,normal,f398aa60-da48-45c3-9eb4-8bb4a858c345,,,17.2
2026-08-10 16:43:53.636656+00:00,orchestrator,events_processed,427.0,normal,f398aa60-da48-45c3-9eb4-8bb4a858c345,,,17.22
2026-08-10 16:43:53.637656+00:00,orchestrator,throughput_eps,24.74926379994844,normal,f398aa60-da48-45c3-9eb4-8bb4a858c345,,,17.22
2026-08-10 16:43:53.637656+00:00,orchestrator,queue_wait_ms,2.46044921875,normal,f398aa60-da48-45c3-9eb4-8bb4a858c345,,,17.22
2026-08-10 16:43:53.638656+00:00,orchestrator,stage_latency_ms,74.91319999826374,normal,f398aa60-da48-45c3-9eb4-8bb4a858c345,,,17.22
2026-08-10 16:43:53.638656+00:00,orchestrator,end_to_end_latency_ms,96.084228515625,normal,f398aa60-da48-45c3-9eb4-8bb4a858c345,,,17.22
2026-08-10 16:43:53.638656+00:00,orchestrator,xai_latency_ms,0.002200000380980782,normal,f398aa60-da48-45c3-9eb4-8bb4a858c345,,deterministic,17.22
2026-08-10 16:43:53.640656+00:00,detector,throughput_eps,25.00674932164335,normal,f398aa60-da48-45c3-9eb4-8bb4a858c345,,,17.22
2026-08-10 16:43:53.640656+00:00,detector,alerts_emitted,429.0,normal,f398aa60-da48-45c3-9eb4-8bb4a858c345,,,17.22
2026-08-10 16:43:53.640656+00:00,detector,events_processed,429.0,normal,f398aa60-da48-45c3-9eb4-8bb4a858c345,,,17.22
2026-08-10 16:43:53.641655+00:00,detector,queue_wait_ms,1.968505859375,normal,f398aa60-da48-45c3-9eb4-8bb4a858c345,,,17.22
2026-08-10 16:43:53.641655+00:00,detector,stage_latency_ms,18.67869999841787,normal,f398aa60-da48-45c3-9eb4-8bb4a858c345,,,17.22
2026-08-10 16:43:53.641655+00:00,detector,end_to_end_latency_ms,20.9697265625,normal,f398aa60-da48-45c3-9eb4-8bb4a858c345,,,17.22
2026-08-10 16:43:53.667282+00:00,generator,events_sent,430.0,normal,f398aa60-da48-45c3-9eb4-8bb4a858c345,,,17.25
2026-08-10 16:43:53.668277+00:00,generator,throughput_eps,24.973669394337044,normal,f398aa60-da48-45c3-9eb4-8bb4a858c345,,,17.25
2026-08-10 16:43:53.673268+00:00,orchestrator,events_processed,428.0,normal,f398aa60-da48-45c3-9eb4-8bb4a858c345,,,17.25
2026-08-10 16:43:53.673268+00:00,orchestrator,throughput_eps,24.768150478226037,normal,f398aa60-da48-45c3-9eb4-8bb4a858c345,,,17.25
2026-08-10 16:43:53.673268+00:00,orchestrator,queue_wait_ms,43.892578125,normal,f398aa60-da48-45c3-9eb4-8bb4a858c345,,,17.25
2026-08-10 16:43:53.674268+00:00,orchestrator,stage_latency_ms,30.973599999924772,normal,f398aa60-da48-45c3-9eb4-8bb4a858c345,,,17.25
2026-08-10 16:43:53.674268+00:00,orchestrator,end_to_end_latency_ms,93.58203125,normal,f398aa60-da48-45c3-9eb4-8bb4a858c345,,,17.25
2026-08-10 16:43:53.674268+00:00,orchestrator,xai_latency_ms,0.005900001269765198,normal,f398aa60-da48-45c3-9eb4-8bb4a858c345,,deterministic,17.25
2026-08-10 16:43:53.675268+00:00,orchestrator,events_received,429.0,normal,f398aa60-da48-45c3-9eb4-8bb4a858c345,,,17.25
2026-08-10 16:43:53.687266+00:00,detector,events_processed,430.0,normal,f398aa60-da48-45c3-9eb4-8bb4a858c345,,,17.27
2026-08-10 16:43:53.688266+00:00,detector,alerts_emitted,430.0,normal,f398aa60-da48-45c3-9eb4-8bb4a858c345,,,17.27
2026-08-10 16:43:53.688266+00:00,detector,throughput_eps,24.971592296468298,normal,f398aa60-da48-45c3-9eb4-8bb4a858c345,,,17.27
2026-08-10 16:43:53.688266+00:00,detector,queue_wait_ms,7.013427734375,normal,f398aa60-da48-45c3-9eb4-8bb4a858c345,,,17.27
2026-08-10 16:43:53.689266+00:00,detector,stage_latency_ms,19.802200000412995,normal,f398aa60-da48-45c3-9eb4-8bb4a858c345,,,17.27
2026-08-10 16:43:53.689266+00:00,detector,end_to_end_latency_ms,26.99658203125,normal,f398aa60-da48-45c3-9eb4-8bb4a858c345,,,17.27
2026-08-10 16:43:53.700247+00:00,orchestrator,events_processed,429.0,normal,f398aa60-da48-45c3-9eb4-8bb4a858c345,,,17.28
2026-08-10 16:43:53.700247+00:00,orchestrator,throughput_eps,24.834483176575834,normal,f398aa60-da48-45c3-9eb4-8bb4a858c345,,,17.28
2026-08-10 16:43:53.700247+00:00,orchestrator,queue_wait_ms,36.611083984375,normal,f398aa60-da48-45c3-9eb4-8bb4a858c345,,,17.28
2026-08-10 16:43:53.700247+00:00,orchestrator,stage_latency_ms,24.9785999985761,normal,f398aa60-da48-45c3-9eb4-8bb4a858c345,,,17.28
2026-08-10 16:43:53.701248+00:00,orchestrator,end_to_end_latency_ms,80.560546875,normal,f398aa60-da48-45c3-9eb4-8bb4a858c345,,,17.28
2026-08-10 16:43:53.701248+00:00,orchestrator,xai_latency_ms,0.002099999619531445,normal,f398aa60-da48-45c3-9eb4-8bb4a858c345,,deterministic,17.28
2026-08-10 16:43:53.702250+00:00,generator,events_sent,431.0,normal,f398aa60-da48-45c3-9eb4-8bb4a858c345,,,17.28
2026-08-10 16:43:53.702250+00:00,generator,throughput_eps,25.002512349232454,normal,f398aa60-da48-45c3-9eb4-8bb4a858c345,,,17.28
2026-08-10 16:43:53.704248+00:00,orchestrator,events_received,430.0,normal,f398aa60-da48-45c3-9eb4-8bb4a858c345,,,17.28
2026-08-10 16:43:53.721246+00:00,detector,alerts_emitted,431.0,normal,f398aa60-da48-45c3-9eb4-8bb4a858c345,,,17.3
2026-08-10 16:43:53.721246+00:00,detector,events_processed,431.0,normal,f398aa60-da48-45c3-9eb4-8bb4a858c345,,,17.3
2026-08-10 16:43:53.722247+00:00,detector,throughput_eps,25.003357950972582,normal,f398aa60-da48-45c3-9eb4-8bb4a858c345,,,17.3
2026-08-10 16:43:53.722247+00:00,detector,queue_wait_ms,2.003173828125,normal,f398aa60-da48-45c3-9eb4-8bb4a858c345,,,17.3
2026-08-10 16:43:53.722247+00:00,detector,stage_latency_ms,18.793400000504334,normal,f398aa60-da48-45c3-9eb4-8bb4a858c345,,,17.3
2026-08-10 16:43:53.722247+00:00,detector,end_to_end_latency_ms,20.99951171875,normal,f398aa60-da48-45c3-9eb4-8bb4a858c345,,,17.3
2026-08-10 16:43:53.729247+00:00,orchestrator,events_processed,430.0,normal,f398aa60-da48-45c3-9eb4-8bb4a858c345,,,17.31
2026-08-10 16:43:53.729247+00:00,orchestrator,throughput_eps,24.886523473889394,normal,f398aa60-da48-45c3-9eb4-8bb4a858c345,,,17.31
2026-08-10 16:43:53.729247+00:00,orchestrator,queue_wait_ms,18.950439453125,normal,f398aa60-da48-45c3-9eb4-8bb4a858c345,,,17.31
2026-08-10 16:43:53.729247+00:00,orchestrator,stage_latency_ms,24.701599999389146,normal,f398aa60-da48-45c3-9eb4-8bb4a858c345,,,17.31
2026-08-10 16:43:53.730247+00:00,orchestrator,end_to_end_latency_ms,68.9775390625,normal,f398aa60-da48-45c3-9eb4-8bb4a858c345,,,17.31
2026-08-10 16:43:53.730247+00:00,orchestrator,xai_latency_ms,0.0017999991541728377,normal,f398aa60-da48-45c3-9eb4-8bb4a858c345,,deterministic,17.31
2026-08-10 16:43:53.732840+00:00,orchestrator,events_received,431.0,normal,f398aa60-da48-45c3-9eb4-8bb4a858c345,,,17.31
2026-08-10 16:43:53.741043+00:00,generator,events_sent,432.0,normal,f398aa60-da48-45c3-9eb4-8bb4a858c345,,,17.32
2026-08-10 16:43:53.742044+00:00,generator,throughput_eps,25.00477141048027,normal,f398aa60-da48-45c3-9eb4-8bb4a858c345,,,17.32
2026-08-10 16:43:53.758044+00:00,orchestrator,events_processed,431.0,normal,f398aa60-da48-45c3-9eb4-8bb4a858c345,,,17.34
2026-08-10 16:43:53.759073+00:00,orchestrator,throughput_eps,24.948099904429217,normal,f398aa60-da48-45c3-9eb4-8bb4a858c345,,,17.34
2026-08-10 16:43:53.759073+00:00,orchestrator,queue_wait_ms,14.593017578125,normal,f398aa60-da48-45c3-9eb4-8bb4a858c345,,,17.34
2026-08-10 16:43:53.759073+00:00,orchestrator,stage_latency_ms,25.356699999974808,normal,f398aa60-da48-45c3-9eb4-8bb4a858c345,,,17.34
2026-08-10 16:43:53.760044+00:00,orchestrator,end_to_end_latency_ms,57.79736328125,normal,f398aa60-da48-45c3-9eb4-8bb4a858c345,,,17.34
2026-08-10 16:43:53.760044+00:00,orchestrator,xai_latency_ms,0.0020000006770715117,normal,f398aa60-da48-45c3-9eb4-8bb4a858c345,,deterministic,17.34
2026-08-10 16:43:53.761043+00:00,detector,events_processed,432.0,normal,f398aa60-da48-45c3-9eb4-8bb4a858c345,,,17.34
2026-08-10 16:43:53.761043+00:00,detector,alerts_emitted,432.0,normal,f398aa60-da48-45c3-9eb4-8bb4a858c345,,,17.34
2026-08-10 16:43:53.762045+00:00,detector,throughput_eps,25.005018007016783,normal,f398aa60-da48-45c3-9eb4-8bb4a858c345,,,17.34
2026-08-10 16:43:53.762045+00:00,detector,queue_wait_ms,2.00146484375,normal,f398aa60-da48-45c3-9eb4-8bb4a858c345,,,17.34
2026-08-10 16:43:53.762045+00:00,detector,stage_latency_ms,19.199700000172015,normal,f398aa60-da48-45c3-9eb4-8bb4a858c345,,,17.34
2026-08-10 16:43:53.763043+00:00,orchestrator,events_received,432.0,normal,f398aa60-da48-45c3-9eb4-8bb4a858c345,,,17.34
2026-08-10 16:43:53.781662+00:00,generator,events_sent,433.0,normal,f398aa60-da48-45c3-9eb4-8bb4a858c345,,,17.36
2026-08-10 16:43:53.781662+00:00,generator,throughput_eps,25.003140394432435,normal,f398aa60-da48-45c3-9eb4-8bb4a858c345,,,17.36
2026-08-10 16:43:53.787006+00:00,orchestrator,events_processed,432.0,normal,f398aa60-da48-45c3-9eb4-8bb4a858c345,,,17.37
2026-08-10 16:43:53.788005+00:00,orchestrator,throughput_eps,25.003460979070617,normal,f398aa60-da48-45c3-9eb4-8bb4a858c345,,,17.37
2026-08-10 16:43:53.788005+00:00,orchestrator,queue_wait_ms,2.971923828125,normal,f398aa60-da48-45c3-9eb4-8bb4a858c345,,,17.37
2026-08-10 16:43:53.788005+00:00,orchestrator,stage_latency_ms,24.87490000021353,normal,f398aa60-da48-45c3-9eb4-8bb4a858c345,,,17.37
2026-08-10 16:43:53.789005+00:00,orchestrator,end_to_end_latency_ms,46.963623046875,normal,f398aa60-da48-45c3-9eb4-8bb4a858c345,,,17.37
2026-08-10 16:43:53.789005+00:00,orchestrator,xai_latency_ms,0.0015999994502635673,normal,f398aa60-da48-45c3-9eb4-8bb4a858c345,,deterministic,17.37
2026-08-10 16:43:53.803006+00:00,detector,events_processed,433.0,normal,f398aa60-da48-45c3-9eb4-8bb4a858c345,,,17.38
2026-08-10 16:43:53.803006+00:00,detector,alerts_emitted,433.0,normal,f398aa60-da48-45c3-9eb4-8bb4a858c345,,,17.38
2026-08-10 16:43:53.804007+00:00,orchestrator,events_received,433.0,normal,f398aa60-da48-45c3-9eb4-8bb4a858c345,,,17.38
2026-08-10 16:43:53.804007+00:00,detector,throughput_eps,24.990044792439726,normal,f398aa60-da48-45c3-9eb4-8bb4a858c345,,,17.38
2026-08-10 16:43:53.804007+00:00,detector,queue_wait_ms,2.0,normal,f398aa60-da48-45c3-9eb4-8bb4a858c345,,,17.38
2026-08-10 16:43:53.804007+00:00,detector,stage_latency_ms,21.162500001082662,normal,f398aa60-da48-45c3-9eb4-8bb4a858c345,,,17.38
2026-08-10 16:43:53.805005+00:00,detector,end_to_end_latency_ms,23.34326171875,normal,f398aa60-da48-45c3-9eb4-8bb4a858c345,,,17.38
2026-08-10 16:43:53.822400+00:00,generator,throughput_eps,24.99951714642699,normal,f398aa60-da48-45c3-9eb4-8bb4a858c345,,,17.4
2026-08-10 16:43:53.822400+00:00,generator,events_sent,434.0,normal,f398aa60-da48-45c3-9eb4-8bb4a858c345,,,17.4
2026-08-10 16:43:53.829400+00:00,orchestrator,events_processed,433.0,normal,f398aa60-da48-45c3-9eb4-8bb4a858c345,,,17.41
2026-08-10 16:43:53.829400+00:00,orchestrator,throughput_eps,24.987564152800736,normal,f398aa60-da48-45c3-9eb4-8bb4a858c345,,,17.41
2026-08-10 16:43:53.829400+00:00,orchestrator,queue_wait_ms,2.000732421875,normal,f398aa60-da48-45c3-9eb4-8bb4a858c345,,,17.41
2026-08-10 16:43:53.829400+00:00,orchestrator,stage_latency_ms,25.461700000960263,normal,f398aa60-da48-45c3-9eb4-8bb4a858c345,,,17.41
2026-08-10 16:43:53.830400+00:00,orchestrator,end_to_end_latency_ms,49.737548828125,normal,f398aa60-da48-45c3-9eb4-8bb4a858c345,,,17.41
2026-08-10 16:43:53.830400+00:00,orchestrator,xai_latency_ms,0.0019000017346115783,normal,f398aa60-da48-45c3-9eb4-8bb4a858c345,,deterministic,17.41
2026-08-10 16:43:53.841401+00:00,detector,events_processed,434.0,normal,f398aa60-da48-45c3-9eb4-8bb4a858c345,,,17.42
2026-08-10 16:43:53.842400+00:00,detector,alerts_emitted,434.0,normal,f398aa60-da48-45c3-9eb4-8bb4a858c345,,,17.42
2026-08-10 16:43:53.842400+00:00,orchestrator,events_received,434.0,normal,f398aa60-da48-45c3-9eb4-8bb4a858c345,,,17.42
2026-08-10 16:43:53.842400+00:00,detector,throughput_eps,25.00155402804627,normal,f398aa60-da48-45c3-9eb4-8bb4a858c345,,,17.42
2026-08-10 16:43:53.842400+00:00,detector,queue_wait_ms,2.000732421875,normal,f398aa60-da48-45c3-9eb4-8bb4a858c345,,,17.42
2026-08-10 16:43:53.842400+00:00,detector,stage_latency_ms,18.809600000167848,normal,f398aa60-da48-45c3-9eb4-8bb4a858c345,,,17.42
2026-08-10 16:43:53.843402+00:00,detector,end_to_end_latency_ms,21.000732421875,normal,f398aa60-da48-45c3-9eb4-8bb4a858c345,,,17.42
2026-08-10 16:43:53.862409+00:00,generator,throughput_eps,25.000732021432196,normal,f398aa60-da48-45c3-9eb4-8bb4a858c345,,,17.44
2026-08-10 16:43:53.862409+00:00,generator,events_sent,435.0,normal,f398aa60-da48-45c3-9eb4-8bb4a858c345,,,17.44
2026-08-10 16:43:53.867411+00:00,orchestrator,events_processed,434.0,normal,f398aa60-da48-45c3-9eb4-8bb4a858c345,,,17.45
2026-08-10 16:43:53.867411+00:00,orchestrator,throughput_eps,24.997139440247658,normal,f398aa60-da48-45c3-9eb4-8bb4a858c345,,,17.45
2026-08-10 16:43:53.867411+00:00,orchestrator,queue_wait_ms,2.998779296875,normal,f398aa60-da48-45c3-9eb4-8bb4a858c345,,,17.45
2026-08-10 16:43:53.867411+00:00,orchestrator,stage_latency_ms,24.91579999878013,normal,f398aa60-da48-45c3-9eb4-8bb4a858c345,,,17.45
2026-08-10 16:43:53.868410+00:00,orchestrator,end_to_end_latency_ms,47.01123046875,normal,f398aa60-da48-45c3-9eb4-8bb4a858c345,,,17.45
2026-08-10 16:43:53.868410+00:00,orchestrator,xai_latency_ms,0.0017999991541728377,normal,f398aa60-da48-45c3-9eb4-8bb4a858c345,,deterministic,17.45
2026-08-10 16:43:53.881408+00:00,detector,events_processed,435.0,normal,f398aa60-da48-45c3-9eb4-8bb4a858c345,,,17.46
2026-08-10 16:43:53.882409+00:00,orchestrator,events_received,435.0,normal,f398aa60-da48-45c3-9eb4-8bb4a858c345,,,17.46
2026-08-10 16:43:53.882409+00:00,detector,alerts_emitted,435.0,normal,f398aa60-da48-45c3-9eb4-8bb4a858c345,,,17.46
2026-08-10 16:43:53.882409+00:00,detector,throughput_eps,25.001286066152222,normal,f398aa60-da48-45c3-9eb4-8bb4a858c345,,,17.46
2026-08-10 16:43:53.882409+00:00,detector,queue_wait_ms,2.0009765625,normal,f398aa60-da48-45c3-9eb4-8bb4a858c345,,,17.46
2026-08-10 16:43:53.883408+00:00,detector,end_to_end_latency_ms,20.99951171875,normal,f398aa60-da48-45c3-9eb4-8bb4a858c345,,,17.46
2026-08-10 16:43:53.883408+00:00,detector,stage_latency_ms,19.199899999875925,normal,f398aa60-da48-45c3-9eb4-8bb4a858c345,,,17.46
2026-08-10 16:43:53.902451+00:00,generator,events_sent,436.0,normal,f398aa60-da48-45c3-9eb4-8bb4a858c345,,,17.48
2026-08-10 16:43:53.902451+00:00,generator,throughput_eps,24.998607940423266,normal,f398aa60-da48-45c3-9eb4-8bb4a858c345,,,17.48
2026-08-10 16:43:53.906450+00:00,orchestrator,events_processed,435.0,normal,f398aa60-da48-45c3-9eb4-8bb4a858c345,,,17.49
2026-08-10 16:43:53.906450+00:00,orchestrator,throughput_eps,24.998926457390567,normal,f398aa60-da48-45c3-9eb4-8bb4a858c345,,,17.49
2026-08-10 16:43:53.907451+00:00,orchestrator,queue_wait_ms,3.00048828125,normal,f398aa60-da48-45c3-9eb4-8bb4a858c345,,,17.49
2026-08-10 16:43:53.907451+00:00,orchestrator,stage_latency_ms,24.680000000444124,normal,f398aa60-da48-45c3-9eb4-8bb4a858c345,,,17.49
2026-08-10 16:43:53.907451+00:00,orchestrator,end_to_end_latency_ms,46.041259765625,normal,f398aa60-da48-45c3-9eb4-8bb4a858c345,,,17.49
2026-08-10 16:43:53.908449+00:00,orchestrator,xai_latency_ms,0.0024000000848900527,normal,f398aa60-da48-45c3-9eb4-8bb4a858c345,,deterministic,17.49
2026-08-10 16:43:53.921450+00:00,detector,events_processed,436.0,normal,f398aa60-da48-45c3-9eb4-8bb4a858c345,,,17.5
2026-08-10 16:43:53.922449+00:00,detector,throughput_eps,25.001592843417697,normal,f398aa60-da48-45c3-9eb4-8bb4a858c345,,,17.5
2026-08-10 16:43:53.922449+00:00,detector,alerts_emitted,436.0,normal,f398aa60-da48-45c3-9eb4-8bb4a858c345,,,17.5
2026-08-10 16:43:53.922449+00:00,orchestrator,events_received,436.0,normal,f398aa60-da48-45c3-9eb4-8bb4a858c345,,,17.5
2026-08-10 16:43:53.922449+00:00,detector,queue_wait_ms,1.9716796875,normal,f398aa60-da48-45c3-9eb4-8bb4a858c345,,,17.5
2026-08-10 16:43:53.923449+00:00,detector,end_to_end_latency_ms,20.970947265625,normal,f398aa60-da48-45c3-9eb4-8bb4a858c345,,,17.5
2026-08-10 16:43:53.923449+00:00,detector,stage_latency_ms,19.031100000574952,normal,f398aa60-da48-45c3-9eb4-8bb4a858c345,,,17.5
2026-08-10 16:43:53.942450+00:00,generator,events_sent,437.0,normal,f398aa60-da48-45c3-9eb4-8bb4a858c345,,,17.52
2026-08-10 16:43:53.942450+00:00,generator,throughput_eps,24.995835371300938,normal,f398aa60-da48-45c3-9eb4-8bb4a858c345,,,17.52
2026-08-10 16:43:53.946451+00:00,orchestrator,events_processed,436.0,normal,f398aa60-da48-45c3-9eb4-8bb4a858c345,,,17.53
2026-08-10 16:43:53.947481+00:00,orchestrator,throughput_eps,25.006145159341052,normal,f398aa60-da48-45c3-9eb4-8bb4a858c345,,,17.53
2026-08-10 16:43:53.947481+00:00,orchestrator,queue_wait_ms,3.000732421875,normal,f398aa60-da48-45c3-9eb4-8bb4a858c345,,,17.53
2026-08-10 16:43:53.947481+00:00,orchestrator,stage_latency_ms,24.496399999407004,normal,f398aa60-da48-45c3-9eb4-8bb4a858c345,,,17.53
2026-08-10 16:43:53.947481+00:00,orchestrator,end_to_end_latency_ms,45.971435546875,normal,f398aa60-da48-45c3-9eb4-8bb4a858c345,,,17.53
2026-08-10 16:43:53.948449+00:00,orchestrator,xai_latency_ms,0.0017999991541728377,normal,f398aa60-da48-45c3-9eb4-8bb4a858c345,,deterministic,17.53
2026-08-10 16:43:53.961450+00:00,detector,events_processed,437.0,normal,f398aa60-da48-45c3-9eb4-8bb4a858c345,,,17.54
2026-08-10 16:43:53.962448+00:00,detector,queue_wait_ms,1.967529296875,normal,f398aa60-da48-45c3-9eb4-8bb4a858c345,,,17.54
2026-08-10 16:43:53.962448+00:00,detector,stage_latency_ms,18.921200000477256,normal,f398aa60-da48-45c3-9eb4-8bb4a858c345,,,17.54
2026-08-10 16:43:53.962448+00:00,detector,throughput_eps,25.002846824140793,normal,f398aa60-da48-45c3-9eb4-8bb4a858c345,,,17.54
2026-08-10 16:43:53.962448+00:00,orchestrator,events_received,437.0,normal,f398aa60-da48-45c3-9eb4-8bb4a858c345,,,17.54
2026-08-10 16:43:53.962448+00:00,detector,alerts_emitted,437.0,normal,f398aa60-da48-45c3-9eb4-8bb4a858c345,,,17.54
2026-08-10 16:43:53.963449+00:00,detector,end_to_end_latency_ms,20.9677734375,normal,f398aa60-da48-45c3-9eb4-8bb4a858c345,,,17.54
2026-08-10 16:43:53.982499+00:00,generator,events_sent,438.0,normal,f398aa60-da48-45c3-9eb4-8bb4a858c345,,,17.56
2026-08-10 16:43:53.982499+00:00,generator,throughput_eps,24.995955795459643,normal,f398aa60-da48-45c3-9eb4-8bb4a858c345,,,17.56
2026-08-10 16:43:53.986544+00:00,orchestrator,events_processed,437.0,normal,f398aa60-da48-45c3-9eb4-8bb4a858c345,,,17.57
2026-08-10 16:43:53.986544+00:00,orchestrator,throughput_eps,25.00660024206254,normal,f398aa60-da48-45c3-9eb4-8bb4a858c345,,,17.57
2026-08-10 16:43:53.987543+00:00,orchestrator,queue_wait_ms,3.000244140625,normal,f398aa60-da48-45c3-9eb4-8bb4a858c345,,,17.57
2026-08-10 16:43:53.987543+00:00,orchestrator,stage_latency_ms,24.50219999991532,normal,f398aa60-da48-45c3-9eb4-8bb4a858c345,,,17.57
2026-08-10 16:43:53.988543+00:00,orchestrator,end_to_end_latency_ms,46.061279296875,normal,f398aa60-da48-45c3-9eb4-8bb4a858c345,,,17.57
2026-08-10 16:43:53.988543+00:00,orchestrator,xai_latency_ms,0.0018000009731622413,normal,f398aa60-da48-45c3-9eb4-8bb4a858c345,,deterministic,17.57
2026-08-10 16:43:54.001545+00:00,detector,alerts_emitted,438.0,normal,f398aa60-da48-45c3-9eb4-8bb4a858c345,,,17.58
2026-08-10 16:43:54.001545+00:00,orchestrator,events_received,438.0,normal,f398aa60-da48-45c3-9eb4-8bb4a858c345,,,17.58
2026-08-10 16:43:54.001545+00:00,detector,events_processed,438.0,normal,f398aa60-da48-45c3-9eb4-8bb4a858c345,,,17.58
2026-08-10 16:43:54.002546+00:00,detector,queue_wait_ms,1.9990234375,normal,f398aa60-da48-45c3-9eb4-8bb4a858c345,,,17.58
2026-08-10 16:43:54.002546+00:00,detector,stage_latency_ms,18.998600000486476,normal,f398aa60-da48-45c3-9eb4-8bb4a858c345,,,17.58
2026-08-10 16:43:54.002546+00:00,detector,throughput_eps,24.998208293743144,normal,f398aa60-da48-45c3-9eb4-8bb4a858c345,,,17.58
2026-08-10 16:43:54.003544+00:00,detector,end_to_end_latency_ms,21.044677734375,normal,f398aa60-da48-45c3-9eb4-8bb4a858c345,,,17.58
2026-08-10 16:43:54.022455+00:00,generator,throughput_eps,24.9969459376508,normal,f398aa60-da48-45c3-9eb4-8bb4a858c345,,,17.6
2026-08-10 16:43:54.022455+00:00,generator,events_sent,439.0,normal,f398aa60-da48-45c3-9eb4-8bb4a858c345,,,17.6
2026-08-10 16:43:54.040695+00:00,detector,events_processed,439.0,normal,f398aa60-da48-45c3-9eb4-8bb4a858c345,,,17.62
2026-08-10 16:43:54.041700+00:00,detector,alerts_emitted,439.0,normal,f398aa60-da48-45c3-9eb4-8bb4a858c345,,,17.62
2026-08-10 16:43:54.041700+00:00,detector,throughput_eps,25.001201057703398,normal,f398aa60-da48-45c3-9eb4-8bb4a858c345,,,17.62
2026-08-10 16:43:54.042313+00:00,detector,queue_wait_ms,1.99267578125,normal,f398aa60-da48-45c3-9eb4-8bb4a858c345,,,17.62
2026-08-10 16:43:54.042313+00:00,detector,stage_latency_ms,18.477100000382052,normal,f398aa60-da48-45c3-9eb4-8bb4a858c345,,,17.62
2026-08-10 16:43:54.042313+00:00,detector,end_to_end_latency_ms,20.232177734375,normal,f398aa60-da48-45c3-9eb4-8bb4a858c345,,,17.62
2026-08-10 16:43:54.061621+00:00,generator,events_sent,440.0,normal,f398aa60-da48-45c3-9eb4-8bb4a858c345,,,17.64
2026-08-10 16:43:54.061621+00:00,generator,throughput_eps,25.00112605071471,normal,f398aa60-da48-45c3-9eb4-8bb4a858c345,,,17.64
2026-08-10 16:43:54.077267+00:00,orchestrator,events_processed,438.0,normal,f398aa60-da48-45c3-9eb4-8bb4a858c345,,,17.66
2026-08-10 16:43:54.077267+00:00,orchestrator,throughput_eps,24.895678074151903,normal,f398aa60-da48-45c3-9eb4-8bb4a858c345,,,17.66
2026-08-10 16:43:54.077267+00:00,orchestrator,queue_wait_ms,2.969970703125,normal,f398aa60-da48-45c3-9eb4-8bb4a858c345,,,17.66
2026-08-10 16:43:54.078268+00:00,orchestrator,end_to_end_latency_ms,96.767578125,normal,f398aa60-da48-45c3-9eb4-8bb4a858c345,,,17.66
2026-08-10 16:43:54.078268+00:00,orchestrator,stage_latency_ms,75.04979999976058,normal,f398aa60-da48-45c3-9eb4-8bb4a858c345,,,17.66
2026-08-10 16:43:54.079267+00:00,orchestrator,xai_latency_ms,0.0020000006770715117,normal,f398aa60-da48-45c3-9eb4-8bb4a858c345,,deterministic,17.66
2026-08-10 16:43:54.081269+00:00,detector,events_processed,440.0,normal,f398aa60-da48-45c3-9eb4-8bb4a858c345,,,17.66
2026-08-10 16:43:54.081269+00:00,detector,alerts_emitted,440.0,normal,f398aa60-da48-45c3-9eb4-8bb4a858c345,,,17.66
2026-08-10 16:43:54.081269+00:00,detector,throughput_eps,25.000058971917497,normal,f398aa60-da48-45c3-9eb4-8bb4a858c345,,,17.66
2026-08-10 16:43:54.081269+00:00,orchestrator,events_received,439.0,normal,f398aa60-da48-45c3-9eb4-8bb4a858c345,,,17.66
2026-08-10 16:43:54.081269+00:00,detector,queue_wait_ms,2.0068359375,normal,f398aa60-da48-45c3-9eb4-8bb4a858c345,,,17.66
2026-08-10 16:43:54.082301+00:00,detector,stage_latency_ms,19.156300000759074,normal,f398aa60-da48-45c3-9eb4-8bb4a858c345,,,17.66
2026-08-10 16:43:54.082301+00:00,detector,end_to_end_latency_ms,21.65478515625,normal,f398aa60-da48-45c3-9eb4-8bb4a858c345,,,17.66
2026-08-10 16:43:54.102114+00:00,generator,events_sent,441.0,normal,f398aa60-da48-45c3-9eb4-8bb4a858c345,,,17.68
2026-08-10 16:43:54.102114+00:00,generator,throughput_eps,24.996878414019704,normal,f398aa60-da48-45c3-9eb4-8bb4a858c345,,,17.68
2026-08-10 16:43:54.106112+00:00,orchestrator,throughput_eps,24.894052718449085,normal,f398aa60-da48-45c3-9eb4-8bb4a858c345,,,17.69
2026-08-10 16:43:54.106112+00:00,orchestrator,events_processed,439.0,normal,f398aa60-da48-45c3-9eb4-8bb4a858c345,,,17.69
2026-08-10 16:43:54.107114+00:00,orchestrator,stage_latency_ms,24.506300000211922,normal,f398aa60-da48-45c3-9eb4-8bb4a858c345,,,17.69
2026-08-10 16:43:54.107114+00:00,orchestrator,end_to_end_latency_ms,85.64990234375,normal,f398aa60-da48-45c3-9eb4-8bb4a858c345,,,17.69
2026-08-10 16:43:54.107114+00:00,orchestrator,queue_wait_ms,42.71875,normal,f398aa60-da48-45c3-9eb4-8bb4a858c345,,,17.69
2026-08-10 16:43:54.108113+00:00,orchestrator,xai_latency_ms,0.002099999619531445,normal,f398aa60-da48-45c3-9eb4-8bb4a858c345,,deterministic,17.69
2026-08-10 16:43:54.108113+00:00,orchestrator,events_received,440.0,normal,f398aa60-da48-45c3-9eb4-8bb4a858c345,,,17.69
2026-08-10 16:43:54.120573+00:00,detector,events_processed,441.0,normal,f398aa60-da48-45c3-9eb4-8bb4a858c345,,,17.7
2026-08-10 16:43:54.120573+00:00,detector,alerts_emitted,441.0,normal,f398aa60-da48-45c3-9eb4-8bb4a858c345,,,17.7
2026-08-10 16:43:54.121616+00:00,detector,throughput_eps,25.000966037334567,normal,f398aa60-da48-45c3-9eb4-8bb4a858c345,,,17.7
2026-08-10 16:43:54.121616+00:00,detector,queue_wait_ms,1.9921875,normal,f398aa60-da48-45c3-9eb4-8bb4a858c345,,,17.7
2026-08-10 16:43:54.121616+00:00,detector,stage_latency_ms,18.461100000422448,normal,f398aa60-da48-45c3-9eb4-8bb4a858c345,,,17.7
2026-08-10 16:43:54.121616+00:00,detector,end_to_end_latency_ms,20.451171875,normal,f398aa60-da48-45c3-9eb4-8bb4a858c345,,,17.7
2026-08-10 16:43:54.132140+00:00,orchestrator,events_processed,440.0,normal,f398aa60-da48-45c3-9eb4-8bb4a858c345,,,17.71
2026-08-10 16:43:54.132140+00:00,orchestrator,throughput_eps,24.90690241773489,normal,f398aa60-da48-45c3-9eb4-8bb4a858c345,,,17.71
2026-08-10 16:43:54.133138+00:00,orchestrator,stage_latency_ms,24.157199999535806,normal,f398aa60-da48-45c3-9eb4-8bb4a858c345,,,17.71
2026-08-10 16:43:54.133138+00:00,orchestrator,queue_wait_ms,28.845947265625,normal,f398aa60-da48-45c3-9eb4-8bb4a858c345,,,17.71
2026-08-10 16:43:54.133138+00:00,orchestrator,end_to_end_latency_ms,72.525390625,normal,f398aa60-da48-45c3-9eb4-8bb4a858c345,,,17.71
2026-08-10 16:43:54.134140+00:00,orchestrator,xai_latency_ms,0.0020000006770715117,normal,f398aa60-da48-45c3-9eb4-8bb4a858c345,,deterministic,17.71
2026-08-10 16:43:54.136139+00:00,orchestrator,events_received,441.0,normal,f398aa60-da48-45c3-9eb4-8bb4a858c345,,,17.72
2026-08-10 16:43:54.141140+00:00,generator,events_sent,442.0,normal,f398aa60-da48-45c3-9eb4-8bb4a858c345,,,17.72
2026-08-10 16:43:54.142141+00:00,generator,throughput_eps,25.000114919882396,normal,f398aa60-da48-45c3-9eb4-8bb4a858c345,,,17.72
2026-08-10 16:43:54.160912+00:00,detector,events_processed,442.0,normal,f398aa60-da48-45c3-9eb4-8bb4a858c345,,,17.74
2026-08-10 16:43:54.160912+00:00,detector,alerts_emitted,442.0,normal,f398aa60-da48-45c3-9eb4-8bb4a858c345,,,17.74
2026-08-10 16:43:54.161918+00:00,detector,throughput_eps,25.005069071971747,normal,f398aa60-da48-45c3-9eb4-8bb4a858c345,,,17.74
2026-08-10 16:43:54.161918+00:00,detector,queue_wait_ms,1.993408203125,normal,f398aa60-da48-45c3-9eb4-8bb4a858c345,,,17.74
2026-08-10 16:43:54.161918+00:00,orchestrator,events_processed,441.0,normal,f398aa60-da48-45c3-9eb4-8bb4a858c345,,,17.74
2026-08-10 16:43:54.161918+00:00,detector,stage_latency_ms,19.08499999990454,normal,f398aa60-da48-45c3-9eb4-8bb4a858c345,,,17.74
2026-08-10 16:43:54.162916+00:00,orchestrator,queue_wait_ms,18.02685546875,normal,f398aa60-da48-45c3-9eb4-8bb4a858c345,,,17.74
2026-08-10 16:43:54.162916+00:00,orchestrator,stage_latency_ms,25.70450000166602,normal,f398aa60-da48-45c3-9eb4-8bb4a858c345,,,17.74
2026-08-10 16:43:54.162916+00:00,orchestrator,throughput_eps,24.922184999504406,normal,f398aa60-da48-45c3-9eb4-8bb4a858c345,,,17.74
2026-08-10 16:43:54.162916+00:00,detector,end_to_end_latency_ms,20.763916015625,normal,f398aa60-da48-45c3-9eb4-8bb4a858c345,,,17.74
2026-08-10 16:43:54.163918+00:00,orchestrator,xai_latency_ms,0.0018000009731622413,normal,f398aa60-da48-45c3-9eb4-8bb4a858c345,,deterministic,17.74
2026-08-10 16:43:54.163918+00:00,orchestrator,end_to_end_latency_ms,61.79638671875,normal,f398aa60-da48-45c3-9eb4-8bb4a858c345,,,17.74
2026-08-10 16:43:54.165915+00:00,orchestrator,events_received,442.0,normal,f398aa60-da48-45c3-9eb4-8bb4a858c345,,,17.75
2026-08-10 16:43:54.181626+00:00,generator,events_sent,443.0,normal,f398aa60-da48-45c3-9eb4-8bb4a858c345,,,17.76
2026-08-10 16:43:54.181626+00:00,generator,throughput_eps,25.000379505758403,normal,f398aa60-da48-45c3-9eb4-8bb4a858c345,,,17.76
2026-08-10 16:43:54.190624+00:00,orchestrator,events_processed,442.0,normal,f398aa60-da48-45c3-9eb4-8bb4a858c345,,,17.77
2026-08-10 16:43:54.190624+00:00,orchestrator,throughput_eps,24.98165007143239,normal,f398aa60-da48-45c3-9eb4-8bb4a858c345,,,17.77
2026-08-10 16:43:54.191625+00:00,orchestrator,queue_wait_ms,7.77734375,normal,f398aa60-da48-45c3-9eb4-8bb4a858c345,,,17.77
2026-08-10 16:43:54.191625+00:00,orchestrator,stage_latency_ms,24.781500000244705,normal,f398aa60-da48-45c3-9eb4-8bb4a858c345,,,17.77
2026-08-10 16:43:54.192625+00:00,orchestrator,end_to_end_latency_ms,50.476318359375,normal,f398aa60-da48-45c3-9eb4-8bb4a858c345,,,17.77
2026-08-10 16:43:54.192625+00:00,orchestrator,xai_latency_ms,0.0020000006770715117,normal,f398aa60-da48-45c3-9eb4-8bb4a858c345,,deterministic,17.77
2026-08-10 16:43:54.200625+00:00,detector,events_processed,443.0,normal,f398aa60-da48-45c3-9eb4-8bb4a858c345,,,17.78
2026-08-10 16:43:54.200625+00:00,detector,alerts_emitted,443.0,normal,f398aa60-da48-45c3-9eb4-8bb4a858c345,,,17.78
2026-08-10 16:43:54.200625+00:00,orchestrator,events_received,443.0,normal,f398aa60-da48-45c3-9eb4-8bb4a858c345,,,17.78
2026-08-10 16:43:54.200625+00:00,detector,throughput_eps,25.00801456850733,normal,f398aa60-da48-45c3-9eb4-8bb4a858c345,,,17.78
2026-08-10 16:43:54.201625+00:00,detector,end_to_end_latency_ms,20.9921875,normal,f398aa60-da48-45c3-9eb4-8bb4a858c345,,,17.78
2026-08-10 16:43:54.201625+00:00,detector,queue_wait_ms,1.9931640625,normal,f398aa60-da48-45c3-9eb4-8bb4a858c345,,,17.78
2026-08-10 16:43:54.201625+00:00,detector,stage_latency_ms,18.57879999988654,normal,f398aa60-da48-45c3-9eb4-8bb4a858c345,,,17.78
2026-08-10 16:43:54.222413+00:00,generator,events_sent,444.0,normal,f398aa60-da48-45c3-9eb4-8bb4a858c345,,,17.8
2026-08-10 16:43:54.222413+00:00,generator,throughput_eps,24.996186065798288,normal,f398aa60-da48-45c3-9eb4-8bb4a858c345,,,17.8
2026-08-10 16:43:54.225413+00:00,orchestrator,events_processed,443.0,normal,f398aa60-da48-45c3-9eb4-8bb4a858c345,,,17.8
2026-08-10 16:43:54.226413+00:00,orchestrator,throughput_eps,25.00755978532591,normal,f398aa60-da48-45c3-9eb4-8bb4a858c345,,,17.81
2026-08-10 16:43:54.226413+00:00,orchestrator,queue_wait_ms,2.001220703125,normal,f398aa60-da48-45c3-9eb4-8bb4a858c345,,,17.81
2026-08-10 16:43:54.226413+00:00,orchestrator,stage_latency_ms,24.736100000154693,normal,f398aa60-da48-45c3-9eb4-8bb4a858c345,,,17.81
2026-08-10 16:43:54.227413+00:00,orchestrator,end_to_end_latency_ms,45.780029296875,normal,f398aa60-da48-45c3-9eb4-8bb4a858c345,,,17.81
2026-08-10 16:43:54.227413+00:00,orchestrator,xai_latency_ms,0.0015999994502635673,normal,f398aa60-da48-45c3-9eb4-8bb4a858c345,,deterministic,17.81
2026-08-10 16:43:54.241379+00:00,detector,alerts_emitted,444.0,normal,f398aa60-da48-45c3-9eb4-8bb4a858c345,,,17.82
2026-08-10 16:43:54.241379+00:00,detector,events_processed,444.0,normal,f398aa60-da48-45c3-9eb4-8bb4a858c345,,,17.82
2026-08-10 16:43:54.241379+00:00,orchestrator,events_received,444.0,normal,f398aa60-da48-45c3-9eb4-8bb4a858c345,,,17.82
2026-08-10 16:43:54.242384+00:00,detector,stage_latency_ms,18.83549999911338,normal,f398aa60-da48-45c3-9eb4-8bb4a858c345,,,17.82
2026-08-10 16:43:54.242384+00:00,detector,throughput_eps,25.006718304941664,normal,f398aa60-da48-45c3-9eb4-8bb4a858c345,,,17.82
2026-08-10 16:43:54.242384+00:00,detector,queue_wait_ms,1.99267578125,normal,f398aa60-da48-45c3-9eb4-8bb4a858c345,,,17.82
2026-08-10 16:43:54.243384+00:00,detector,end_to_end_latency_ms,20.959228515625,normal,f398aa60-da48-45c3-9eb4-8bb4a858c345,,,17.82
2026-08-10 16:43:54.261543+00:00,generator,events_sent,445.0,normal,f398aa60-da48-45c3-9eb4-8bb4a858c345,,,17.84
2026-08-10 16:43:54.262578+00:00,generator,throughput_eps,24.99769325722152,normal,f398aa60-da48-45c3-9eb4-8bb4a858c345,,,17.84
2026-08-10 16:43:54.266547+00:00,orchestrator,events_processed,444.0,normal,f398aa60-da48-45c3-9eb4-8bb4a858c345,,,17.85
2026-08-10 16:43:54.266547+00:00,orchestrator,throughput_eps,25.00986739308075,normal,f398aa60-da48-45c3-9eb4-8bb4a858c345,,,17.85
2026-08-10 16:43:54.267546+00:00,orchestrator,queue_wait_ms,1.964599609375,normal,f398aa60-da48-45c3-9eb4-8bb4a858c345,,,17.85
2026-08-10 16:43:54.267546+00:00,orchestrator,stage_latency_ms,25.088799999139155,normal,f398aa60-da48-45c3-9eb4-8bb4a858c345,,,17.85
2026-08-10 16:43:54.267546+00:00,orchestrator,end_to_end_latency_ms,46.12744140625,normal,f398aa60-da48-45c3-9eb4-8bb4a858c345,,,17.85
2026-08-10 16:43:54.268547+00:00,orchestrator,xai_latency_ms,0.00270000055024866,normal,f398aa60-da48-45c3-9eb4-8bb4a858c345,,deterministic,17.85
2026-08-10 16:43:54.281548+00:00,detector,alerts_emitted,445.0,normal,f398aa60-da48-45c3-9eb4-8bb4a858c345,,,17.86
2026-08-10 16:43:54.281548+00:00,detector,events_processed,445.0,normal,f398aa60-da48-45c3-9eb4-8bb4a858c345,,,17.86
2026-08-10 16:43:54.282547+00:00,detector,end_to_end_latency_ms,21.348388671875,normal,f398aa60-da48-45c3-9eb4-8bb4a858c345,,,17.86
2026-08-10 16:43:54.282547+00:00,detector,stage_latency_ms,19.360199999937322,normal,f398aa60-da48-45c3-9eb4-8bb4a858c345,,,17.86
2026-08-10 16:43:54.282547+00:00,orchestrator,events_received,445.0,normal,f398aa60-da48-45c3-9eb4-8bb4a858c345,,,17.86
2026-08-10 16:43:54.282547+00:00,detector,throughput_eps,25.006791844662647,normal,f398aa60-da48-45c3-9eb4-8bb4a858c345,,,17.86
2026-08-10 16:43:54.282547+00:00,detector,queue_wait_ms,2.378173828125,normal,f398aa60-da48-45c3-9eb4-8bb4a858c345,,,17.86
2026-08-10 16:43:54.302315+00:00,generator,events_sent,446.0,normal,f398aa60-da48-45c3-9eb4-8bb4a858c345,,,17.88
2026-08-10 16:43:54.302315+00:00,generator,throughput_eps,24.995886765576046,normal,f398aa60-da48-45c3-9eb4-8bb4a858c345,,,17.88
2026-08-10 16:43:54.307315+00:00,orchestrator,queue_wait_ms,2.997802734375,normal,f398aa60-da48-45c3-9eb4-8bb4a858c345,,,17.89
2026-08-10 16:43:54.307315+00:00,orchestrator,events_processed,445.0,normal,f398aa60-da48-45c3-9eb4-8bb4a858c345,,,17.89
2026-08-10 16:43:54.307315+00:00,orchestrator,throughput_eps,25.008551924419844,normal,f398aa60-da48-45c3-9eb4-8bb4a858c345,,,17.89
2026-08-10 16:43:54.308315+00:00,orchestrator,end_to_end_latency_ms,47.115478515625,normal,f398aa60-da48-45c3-9eb4-8bb4a858c345,,,17.89
2026-08-10 16:43:54.308315+00:00,orchestrator,xai_latency_ms,0.0022999993234407157,normal,f398aa60-da48-45c3-9eb4-8bb4a858c345,,deterministic,17.89
2026-08-10 16:43:54.308315+00:00,orchestrator,stage_latency_ms,24.856399999407586,normal,f398aa60-da48-45c3-9eb4-8bb4a858c345,,,17.89
2026-08-10 16:43:54.321486+00:00,orchestrator,events_received,446.0,normal,f398aa60-da48-45c3-9eb4-8bb4a858c345,,,17.9
2026-08-10 16:43:54.321486+00:00,detector,throughput_eps,25.008255225042305,normal,f398aa60-da48-45c3-9eb4-8bb4a858c345,,,17.9
2026-08-10 16:43:54.321486+00:00,detector,events_processed,446.0,normal,f398aa60-da48-45c3-9eb4-8bb4a858c345,,,17.9
2026-08-10 16:43:54.321486+00:00,detector,alerts_emitted,446.0,normal,f398aa60-da48-45c3-9eb4-8bb4a858c345,,,17.9
2026-08-10 16:43:54.322486+00:00,detector,queue_wait_ms,1.99365234375,normal,f398aa60-da48-45c3-9eb4-8bb4a858c345,,,17.9
2026-08-10 16:43:54.322486+00:00,detector,stage_latency_ms,18.79439999902388,normal,f398aa60-da48-45c3-9eb4-8bb4a858c345,,,17.9
2026-08-10 16:43:54.323516+00:00,detector,end_to_end_latency_ms,21.16455078125,normal,f398aa60-da48-45c3-9eb4-8bb4a858c345,,,17.9
2026-08-10 16:43:54.342056+00:00,generator,events_sent,447.0,normal,f398aa60-da48-45c3-9eb4-8bb4a858c345,,,17.92
2026-08-10 16:43:54.342056+00:00,generator,throughput_eps,24.997967403176684,normal,f398aa60-da48-45c3-9eb4-8bb4a858c345,,,17.92
2026-08-10 16:43:54.346057+00:00,orchestrator,events_processed,446.0,normal,f398aa60-da48-45c3-9eb4-8bb4a858c345,,,17.93
2026-08-10 16:43:54.347057+00:00,orchestrator,throughput_eps,25.01085671267763,normal,f398aa60-da48-45c3-9eb4-8bb4a858c345,,,17.93
2026-08-10 16:43:54.347057+00:00,orchestrator,queue_wait_ms,2.171630859375,normal,f398aa60-da48-45c3-9eb4-8bb4a858c345,,,17.93
2026-08-10 16:43:54.347057+00:00,orchestrator,stage_latency_ms,24.7562000004109,normal,f398aa60-da48-45c3-9eb4-8bb4a858c345,,,17.93
2026-08-10 16:43:54.347057+00:00,orchestrator,end_to_end_latency_ms,45.73583984375,normal,f398aa60-da48-45c3-9eb4-8bb4a858c345,,,17.93
2026-08-10 16:43:54.348058+00:00,orchestrator,xai_latency_ms,0.0017000002117129043,normal,f398aa60-da48-45c3-9eb4-8bb4a858c345,,deterministic,17.93
2026-08-10 16:43:54.361571+00:00,detector,alerts_emitted,447.0,normal,f398aa60-da48-45c3-9eb4-8bb4a858c345,,,17.94
2026-08-10 16:43:54.361571+00:00,orchestrator,events_received,447.0,normal,f398aa60-da48-45c3-9eb4-8bb4a858c345,,,17.94
2026-08-10 16:43:54.361571+00:00,detector,events_processed,447.0,normal,f398aa60-da48-45c3-9eb4-8bb4a858c345,,,17.94
2026-08-10 16:43:54.362602+00:00,detector,throughput_eps,25.007570791986275,normal,f398aa60-da48-45c3-9eb4-8bb4a858c345,,,17.94
2026-08-10 16:43:54.362602+00:00,detector,queue_wait_ms,1.988037109375,normal,f398aa60-da48-45c3-9eb4-8bb4a858c345,,,17.94
2026-08-10 16:43:54.363570+00:00,detector,stage_latency_ms,19.4697000006272,normal,f398aa60-da48-45c3-9eb4-8bb4a858c345,,,17.94
2026-08-10 16:43:54.363570+00:00,detector,end_to_end_latency_ms,21.503173828125,normal,f398aa60-da48-45c3-9eb4-8bb4a858c345,,,17.94
2026-08-10 16:43:54.388414+00:00,generator,events_sent,448.0,normal,f398aa60-da48-45c3-9eb4-8bb4a858c345,,,17.97
2026-08-10 16:43:54.389411+00:00,generator,throughput_eps,24.966194966649926,normal,f398aa60-da48-45c3-9eb4-8bb4a858c345,,,17.97
2026-08-10 16:43:54.415031+00:00,detector,events_processed,448.0,normal,f398aa60-da48-45c3-9eb4-8bb4a858c345,,,17.99
2026-08-10 16:43:54.416035+00:00,detector,alerts_emitted,448.0,normal,f398aa60-da48-45c3-9eb4-8bb4a858c345,,,18.0
2026-08-10 16:43:54.416035+00:00,detector,throughput_eps,24.927783808250123,normal,f398aa60-da48-45c3-9eb4-8bb4a858c345,,,18.0
2026-08-10 16:43:54.416035+00:00,detector,queue_wait_ms,8.0107421875,normal,f398aa60-da48-45c3-9eb4-8bb4a858c345,,,18.0
2026-08-10 16:43:54.416035+00:00,detector,stage_latency_ms,26.378799999292823,normal,f398aa60-da48-45c3-9eb4-8bb4a858c345,,,18.0
2026-08-10 16:43:54.417035+00:00,detector,end_to_end_latency_ms,34.62744140625,normal,f398aa60-da48-45c3-9eb4-8bb4a858c345,,,18.0
2026-08-10 16:43:54.422036+00:00,generator,throughput_eps,25.00020262261695,normal,f398aa60-da48-45c3-9eb4-8bb4a858c345,,,18.0
2026-08-10 16:43:54.422036+00:00,generator,events_sent,449.0,normal,f398aa60-da48-45c3-9eb4-8bb4a858c345,,,18.0
2026-08-10 16:43:54.437036+00:00,orchestrator,events_processed,447.0,normal,f398aa60-da48-45c3-9eb4-8bb4a858c345,,,18.02
2026-08-10 16:43:54.437036+00:00,orchestrator,throughput_eps,24.745451288133168,normal,f398aa60-da48-45c3-9eb4-8bb4a858c345,,,18.02
2026-08-10 16:43:54.438037+00:00,orchestrator,queue_wait_ms,2.514892578125,normal,f398aa60-da48-45c3-9eb4-8bb4a858c345,,,18.02
2026-08-10 16:43:54.438037+00:00,orchestrator,stage_latency_ms,74.97139999941282,normal,f398aa60-da48-45c3-9eb4-8bb4a858c345,,,18.02
2026-08-10 16:43:54.438037+00:00,orchestrator,end_to_end_latency_ms,96.9677734375,normal,f398aa60-da48-45c3-9eb4-8bb4a858c345,,,18.02
2026-08-10 16:43:54.438037+00:00,orchestrator,xai_latency_ms,0.006400001439033076,normal,f398aa60-da48-45c3-9eb4-8bb4a858c345,,deterministic,18.02
2026-08-10 16:43:54.441036+00:00,orchestrator,events_received,448.0,normal,f398aa60-da48-45c3-9eb4-8bb4a858c345,,,18.02
2026-08-10 16:43:54.441036+00:00,detector,events_processed,449.0,normal,f398aa60-da48-45c3-9eb4-8bb4a858c345,,,18.02
2026-08-10 16:43:54.442035+00:00,detector,alerts_emitted,449.0,normal,f398aa60-da48-45c3-9eb4-8bb4a858c345,,,18.02
2026-08-10 16:43:54.442035+00:00,detector,throughput_eps,24.999081686956895,normal,f398aa60-da48-45c3-9eb4-8bb4a858c345,,,18.02
2026-08-10 16:43:54.442035+00:00,detector,queue_wait_ms,1.992919921875,normal,f398aa60-da48-45c3-9eb4-8bb4a858c345,,,18.02
2026-08-10 16:43:54.443037+00:00,detector,stage_latency_ms,19.359300000360236,normal,f398aa60-da48-45c3-9eb4-8bb4a858c345,,,18.02
2026-08-10 16:43:54.443037+00:00,detector,end_to_end_latency_ms,20.99365234375,normal,f398aa60-da48-45c3-9eb4-8bb4a858c345,,,18.02
2026-08-10 16:43:54.461081+00:00,generator,events_sent,450.0,normal,f398aa60-da48-45c3-9eb4-8bb4a858c345,,,18.04
2026-08-10 16:43:54.462081+00:00,generator,throughput_eps,25.00073902185192,normal,f398aa60-da48-45c3-9eb4-8bb4a858c345,,,18.04
2026-08-10 16:43:54.465081+00:00,orchestrator,events_processed,448.0,normal,f398aa60-da48-45c3-9eb4-8bb4a858c345,,,18.04
2026-08-10 16:43:54.465081+00:00,orchestrator,throughput_eps,24.805381279420857,normal,f398aa60-da48-45c3-9eb4-8bb4a858c345,,,18.04
2026-08-10 16:43:54.466081+00:00,orchestrator,queue_wait_ms,27.6064453125,normal,f398aa60-da48-45c3-9eb4-8bb4a858c345,,,18.05
2026-08-10 16:43:54.466081+00:00,orchestrator,stage_latency_ms,23.951000001034117,normal,f398aa60-da48-45c3-9eb4-8bb4a858c345,,,18.05
2026-08-10 16:43:54.466081+00:00,orchestrator,end_to_end_latency_ms,84.677490234375,normal,f398aa60-da48-45c3-9eb4-8bb4a858c345,,,18.05
2026-08-10 16:43:54.467081+00:00,orchestrator,xai_latency_ms,0.0017000002117129043,normal,f398aa60-da48-45c3-9eb4-8bb4a858c345,,deterministic,18.05
2026-08-10 16:43:54.469083+00:00,orchestrator,events_received,449.0,normal,f398aa60-da48-45c3-9eb4-8bb4a858c345,,,18.05
2026-08-10 16:43:54.482083+00:00,detector,events_processed,450.0,normal,f398aa60-da48-45c3-9eb4-8bb4a858c345,,,18.06
2026-08-10 16:43:54.482083+00:00,detector,alerts_emitted,450.0,normal,f398aa60-da48-45c3-9eb4-8bb4a858c345,,,18.06
2026-08-10 16:43:54.482083+00:00,detector,throughput_eps,24.996967605761654,normal,f398aa60-da48-45c3-9eb4-8bb4a858c345,,,18.06
2026-08-10 16:43:54.482083+00:00,detector,queue_wait_ms,2.00048828125,normal,f398aa60-da48-45c3-9eb4-8bb4a858c345,,,18.06
2026-08-10 16:43:54.483083+00:00,detector,stage_latency_ms,19.685700000991346,normal,f398aa60-da48-45c3-9eb4-8bb4a858c345,,,18.06
2026-08-10 16:43:54.483083+00:00,detector,end_to_end_latency_ms,22.00244140625,normal,f398aa60-da48-45c3-9eb4-8bb4a858c345,,,18.06
2026-08-10 16:43:54.493082+00:00,orchestrator,events_processed,449.0,normal,f398aa60-da48-45c3-9eb4-8bb4a858c345,,,18.07
2026-08-10 16:43:54.494082+00:00,orchestrator,throughput_eps,25.067041195215285,normal,f398aa60-da48-45c3-9eb4-8bb4a858c345,,,18.07
2026-08-10 16:43:54.494082+00:00,orchestrator,queue_wait_ms,30.04638671875,normal,f398aa60-da48-45c3-9eb4-8bb4a858c345,,,18.07
2026-08-10 16:43:54.494082+00:00,orchestrator,stage_latency_ms,24.12200000071607,normal,f398aa60-da48-45c3-9eb4-8bb4a858c345,,,18.07
2026-08-10 16:43:54.494082+00:00,orchestrator,end_to_end_latency_ms,73.03955078125,normal,f398aa60-da48-45c3-9eb4-8bb4a858c345,,,18.07
2026-08-10 16:43:54.495081+00:00,orchestrator,xai_latency_ms,0.0018999999156221747,normal,f398aa60-da48-45c3-9eb4-8bb4a858c345,,deterministic,18.07
2026-08-10 16:43:54.497082+00:00,orchestrator,events_received,450.0,normal,f398aa60-da48-45c3-9eb4-8bb4a858c345,,,18.08
2026-08-10 16:43:54.501081+00:00,generator,events_sent,451.0,normal,f398aa60-da48-45c3-9eb4-8bb4a858c345,,,18.08
2026-08-10 16:43:54.502083+00:00,generator,throughput_eps,25.00079652537591,normal,f398aa60-da48-45c3-9eb4-8bb4a858c345,,,18.08
2026-08-10 16:43:54.521082+00:00,detector,events_processed,451.0,normal,f398aa60-da48-45c3-9eb4-8bb4a858c345,,,18.1
2026-08-10 16:43:54.522082+00:00,detector,alerts_emitted,451.0,normal,f398aa60-da48-45c3-9eb4-8bb4a858c345,,,18.1
2026-08-10 16:43:54.522082+00:00,detector,throughput_eps,24.998582237663953,normal,f398aa60-da48-45c3-9eb4-8bb4a858c345,,,18.1
2026-08-10 16:43:54.522082+00:00,detector,queue_wait_ms,2.001953125,normal,f398aa60-da48-45c3-9eb4-8bb4a858c345,,,18.1
2026-08-10 16:43:54.523081+00:00,orchestrator,throughput_eps,25.11907547011299,normal,f398aa60-da48-45c3-9eb4-8bb4a858c345,,,18.1
2026-08-10 16:43:54.523081+00:00,detector,end_to_end_latency_ms,21.00146484375,normal,f398aa60-da48-45c3-9eb4-8bb4a858c345,,,18.1
2026-08-10 16:43:54.523081+00:00,detector,stage_latency_ms,19.27380000051926,normal,f398aa60-da48-45c3-9eb4-8bb4a858c345,,,18.1
2026-08-10 16:43:54.523081+00:00,orchestrator,events_processed,450.0,normal,f398aa60-da48-45c3-9eb4-8bb4a858c345,,,18.1
2026-08-10 16:43:54.524081+00:00,orchestrator,queue_wait_ms,17.999267578125,normal,f398aa60-da48-45c3-9eb4-8bb4a858c345,,,18.1
2026-08-10 16:43:54.524081+00:00,orchestrator,stage_latency_ms,25.371100000484148,normal,f398aa60-da48-45c3-9eb4-8bb4a858c345,,,18.1
2026-08-10 16:43:54.524081+00:00,orchestrator,end_to_end_latency_ms,63.0009765625,normal,f398aa60-da48-45c3-9eb4-8bb4a858c345,,,18.1
2026-08-10 16:43:54.524081+00:00,orchestrator,xai_latency_ms,0.0017999991541728377,normal,f398aa60-da48-45c3-9eb4-8bb4a858c345,,deterministic,18.1
2026-08-10 16:43:54.527080+00:00,orchestrator,events_received,451.0,normal,f398aa60-da48-45c3-9eb4-8bb4a858c345,,,18.11
2026-08-10 16:43:54.541082+00:00,generator,events_sent,452.0,normal,f398aa60-da48-45c3-9eb4-8bb4a858c345,,,18.12
2026-08-10 16:43:54.542081+00:00,generator,throughput_eps,24.998021829920543,normal,f398aa60-da48-45c3-9eb4-8bb4a858c345,,,18.12
2026-08-10 16:43:54.552083+00:00,orchestrator,throughput_eps,25.11363669467692,normal,f398aa60-da48-45c3-9eb4-8bb4a858c345,,,18.13
2026-08-10 16:43:54.552083+00:00,orchestrator,events_processed,451.0,normal,f398aa60-da48-45c3-9eb4-8bb4a858c345,,,18.13
2026-08-10 16:43:54.553081+00:00,orchestrator,end_to_end_latency_ms,52.001953125,normal,f398aa60-da48-45c3-9eb4-8bb4a858c345,,,18.13
2026-08-10 16:43:54.553081+00:00,orchestrator,xai_latency_ms,0.0020000006770715117,normal,f398aa60-da48-45c3-9eb4-8bb4a858c345,,deterministic,18.13
2026-08-10 16:43:54.553081+00:00,orchestrator,queue_wait_ms,7.998046875,normal,f398aa60-da48-45c3-9eb4-8bb4a858c345,,,18.13
2026-08-10 16:43:54.553081+00:00,orchestrator,stage_latency_ms,25.107899999056826,normal,f398aa60-da48-45c3-9eb4-8bb4a858c345,,,18.13
2026-08-10 16:43:54.562080+00:00,detector,events_processed,452.0,normal,f398aa60-da48-45c3-9eb4-8bb4a858c345,,,18.14
2026-08-10 16:43:54.563080+00:00,detector,alerts_emitted,452.0,normal,f398aa60-da48-45c3-9eb4-8bb4a858c345,,,18.14
2026-08-10 16:43:54.563080+00:00,orchestrator,events_received,452.0,normal,f398aa60-da48-45c3-9eb4-8bb4a858c345,,,18.14
2026-08-10 16:43:54.563080+00:00,detector,throughput_eps,24.99344174104549,normal,f398aa60-da48-45c3-9eb4-8bb4a858c345,,,18.14
2026-08-10 16:43:54.563080+00:00,detector,queue_wait_ms,1.997802734375,normal,f398aa60-da48-45c3-9eb4-8bb4a858c345,,,18.14
2026-08-10 16:43:54.564081+00:00,detector,stage_latency_ms,20.521599999483442,normal,f398aa60-da48-45c3-9eb4-8bb4a858c345,,,18.14
2026-08-10 16:43:54.564081+00:00,detector,end_to_end_latency_ms,21.99755859375,normal,f398aa60-da48-45c3-9eb4-8bb4a858c345,,,18.14
2026-08-10 16:43:54.582082+00:00,generator,events_sent,453.0,normal,f398aa60-da48-45c3-9eb4-8bb4a858c345,,,18.16
2026-08-10 16:43:54.582082+00:00,generator,throughput_eps,24.998300518771583,normal,f398aa60-da48-45c3-9eb4-8bb4a858c345,,,18.16
2026-08-10 16:43:54.587080+00:00,orchestrator,events_processed,452.0,normal,f398aa60-da48-45c3-9eb4-8bb4a858c345,,,18.17
2026-08-10 16:43:54.588080+00:00,orchestrator,throughput_eps,25.078113810458426,normal,f398aa60-da48-45c3-9eb4-8bb4a858c345,,,18.17
2026-08-10 16:43:54.588080+00:00,orchestrator,queue_wait_ms,2.998291015625,normal,f398aa60-da48-45c3-9eb4-8bb4a858c345,,,18.17
2026-08-10 16:43:54.588080+00:00,orchestrator,stage_latency_ms,24.531600000045728,normal,f398aa60-da48-45c3-9eb4-8bb4a858c345,,,18.17
2026-08-10 16:43:54.589081+00:00,orchestrator,xai_latency_ms,0.0020000006770715117,normal,f398aa60-da48-45c3-9eb4-8bb4a858c345,,deterministic,18.17
2026-08-10 16:43:54.589081+00:00,orchestrator,end_to_end_latency_ms,46.99755859375,normal,f398aa60-da48-45c3-9eb4-8bb4a858c345,,,18.17
2026-08-10 16:43:54.602080+00:00,detector,events_processed,453.0,normal,f398aa60-da48-45c3-9eb4-8bb4a858c345,,,18.18
2026-08-10 16:43:54.602080+00:00,detector,alerts_emitted,453.0,normal,f398aa60-da48-45c3-9eb4-8bb4a858c345,,,18.18
2026-08-10 16:43:54.602080+00:00,orchestrator,events_received,453.0,normal,f398aa60-da48-45c3-9eb4-8bb4a858c345,,,18.18
2026-08-10 16:43:54.602080+00:00,detector,throughput_eps,24.996247035249315,normal,f398aa60-da48-45c3-9eb4-8bb4a858c345,,,18.18
2026-08-10 16:43:54.603083+00:00,detector,queue_wait_ms,1.99951171875,normal,f398aa60-da48-45c3-9eb4-8bb4a858c345,,,18.18
2026-08-10 16:43:54.603083+00:00,detector,stage_latency_ms,19.57360000051267,normal,f398aa60-da48-45c3-9eb4-8bb4a858c345,,,18.18
2026-08-10 16:43:54.603083+00:00,detector,end_to_end_latency_ms,21.99755859375,normal,f398aa60-da48-45c3-9eb4-8bb4a858c345,,,18.18
2026-08-10 16:43:54.621082+00:00,generator,events_sent,454.0,normal,f398aa60-da48-45c3-9eb4-8bb4a858c345,,,18.2
2026-08-10 16:43:54.622081+00:00,generator,throughput_eps,25.00084277033948,normal,f398aa60-da48-45c3-9eb4-8bb4a858c345,,,18.2
2026-08-10 16:43:54.627080+00:00,orchestrator,events_processed,453.0,normal,f398aa60-da48-45c3-9eb4-8bb4a858c345,,,18.21
2026-08-10 16:43:54.627080+00:00,orchestrator,throughput_eps,25.020872411759274,normal,f398aa60-da48-45c3-9eb4-8bb4a858c345,,,18.21
2026-08-10 16:43:54.628082+00:00,orchestrator,queue_wait_ms,2.998046875,normal,f398aa60-da48-45c3-9eb4-8bb4a858c345,,,18.21
2026-08-10 16:43:54.628082+00:00,orchestrator,stage_latency_ms,25.057899998500943,normal,f398aa60-da48-45c3-9eb4-8bb4a858c345,,,18.21
2026-08-10 16:43:54.628082+00:00,orchestrator,end_to_end_latency_ms,46.9970703125,normal,f398aa60-da48-45c3-9eb4-8bb4a858c345,,,18.21
2026-08-10 16:43:54.629080+00:00,orchestrator,xai_latency_ms,0.002200000380980782,normal,f398aa60-da48-45c3-9eb4-8bb4a858c345,,deterministic,18.21
2026-08-10 16:43:54.641082+00:00,detector,events_processed,454.0,normal,f398aa60-da48-45c3-9eb4-8bb4a858c345,,,18.22
2026-08-10 16:43:54.642080+00:00,detector,alerts_emitted,454.0,normal,f398aa60-da48-45c3-9eb4-8bb4a858c345,,,18.22
2026-08-10 16:43:54.642080+00:00,orchestrator,events_received,454.0,normal,f398aa60-da48-45c3-9eb4-8bb4a858c345,,,18.22
2026-08-10 16:43:54.642080+00:00,detector,throughput_eps,24.998599372830956,normal,f398aa60-da48-45c3-9eb4-8bb4a858c345,,,18.22
2026-08-10 16:43:54.642080+00:00,detector,queue_wait_ms,1.999267578125,normal,f398aa60-da48-45c3-9eb4-8bb4a858c345,,,18.22
2026-08-10 16:43:54.643080+00:00,detector,stage_latency_ms,19.62649999950372,normal,f398aa60-da48-45c3-9eb4-8bb4a858c345,,,18.22
2026-08-10 16:43:54.643080+00:00,detector,end_to_end_latency_ms,20.99951171875,normal,f398aa60-da48-45c3-9eb4-8bb4a858c345,,,18.22
2026-08-10 16:43:54.662080+00:00,generator,events_sent,455.0,normal,f398aa60-da48-45c3-9eb4-8bb4a858c345,,,18.24
2026-08-10 16:43:54.662080+00:00,generator,throughput_eps,25.000111500491382,normal,f398aa60-da48-45c3-9eb4-8bb4a858c345,,,18.24
2026-08-10 16:43:54.666080+00:00,orchestrator,events_processed,454.0,normal,f398aa60-da48-45c3-9eb4-8bb4a858c345,,,18.25
2026-08-10 16:43:54.667080+00:00,orchestrator,stage_latency_ms,24.493599999914295,normal,f398aa60-da48-45c3-9eb4-8bb4a858c345,,,18.25
2026-08-10 16:43:54.667080+00:00,orchestrator,end_to_end_latency_ms,45.998046875,normal,f398aa60-da48-45c3-9eb4-8bb4a858c345,,,18.25
2026-08-10 16:43:54.667080+00:00,orchestrator,throughput_eps,25.001388077066625,normal,f398aa60-da48-45c3-9eb4-8bb4a858c345,,,18.25
2026-08-10 16:43:54.667080+00:00,orchestrator,queue_wait_ms,2.99853515625,normal,f398aa60-da48-45c3-9eb4-8bb4a858c345,,,18.25
2026-08-10 16:43:54.668080+00:00,orchestrator,xai_latency_ms,0.002099999619531445,normal,f398aa60-da48-45c3-9eb4-8bb4a858c345,,deterministic,18.25
2026-08-10 16:43:54.681080+00:00,detector,events_processed,455.0,normal,f398aa60-da48-45c3-9eb4-8bb4a858c345,,,18.26
2026-08-10 16:43:54.681080+00:00,orchestrator,events_received,455.0,normal,f398aa60-da48-45c3-9eb4-8bb4a858c345,,,18.26
2026-08-10 16:43:54.682080+00:00,detector,alerts_emitted,455.0,normal,f398aa60-da48-45c3-9eb4-8bb4a858c345,,,18.26
2026-08-10 16:43:54.682080+00:00,detector,throughput_eps,25.00064951687241,normal,f398aa60-da48-45c3-9eb4-8bb4a858c345,,,18.26
2026-08-10 16:43:54.682080+00:00,detector,queue_wait_ms,1.99267578125,normal,f398aa60-da48-45c3-9eb4-8bb4a858c345,,,18.26
2026-08-10 16:43:54.682080+00:00,detector,stage_latency_ms,19.064200001594145,normal,f398aa60-da48-45c3-9eb4-8bb4a858c345,,,18.26
2026-08-10 16:43:54.683080+00:00,detector,end_to_end_latency_ms,20.99267578125,normal,f398aa60-da48-45c3-9eb4-8bb4a858c345,,,18.26
2026-08-10 16:43:54.702079+00:00,generator,events_sent,456.0,normal,f398aa60-da48-45c3-9eb4-8bb4a858c345,,,18.28
2026-08-10 16:43:54.702079+00:00,generator,throughput_eps,25.00179196311938,normal,f398aa60-da48-45c3-9eb4-8bb4a858c345,,,18.28
2026-08-10 16:43:54.706080+00:00,orchestrator,throughput_eps,25.000793525189547,normal,f398aa60-da48-45c3-9eb4-8bb4a858c345,,,18.29
2026-08-10 16:43:54.706080+00:00,orchestrator,events_processed,455.0,normal,f398aa60-da48-45c3-9eb4-8bb4a858c345,,,18.29
2026-08-10 16:43:54.707082+00:00,orchestrator,end_to_end_latency_ms,45.992431640625,normal,f398aa60-da48-45c3-9eb4-8bb4a858c345,,,18.29
2026-08-10 16:43:54.707082+00:00,orchestrator,stage_latency_ms,24.829699999827426,normal,f398aa60-da48-45c3-9eb4-8bb4a858c345,,,18.29
2026-08-10 16:43:54.707082+00:00,orchestrator,queue_wait_ms,1.998779296875,normal,f398aa60-da48-45c3-9eb4-8bb4a858c345,,,18.29
2026-08-10 16:43:54.708081+00:00,orchestrator,xai_latency_ms,0.0018000009731622413,normal,f398aa60-da48-45c3-9eb4-8bb4a858c345,,deterministic,18.29
2026-08-10 16:43:54.722081+00:00,detector,events_processed,456.0,normal,f398aa60-da48-45c3-9eb4-8bb4a858c345,,,18.3
2026-08-10 16:43:54.722081+00:00,detector,alerts_emitted,456.0,normal,f398aa60-da48-45c3-9eb4-8bb4a858c345,,,18.3
2026-08-10 16:43:54.722081+00:00,orchestrator,events_received,456.0,normal,f398aa60-da48-45c3-9eb4-8bb4a858c345,,,18.3
2026-08-10 16:43:54.722081+00:00,detector,throughput_eps,24.998148826599273,normal,f398aa60-da48-45c3-9eb4-8bb4a858c345,,,18.3
2026-08-10 16:43:54.723080+00:00,detector,queue_wait_ms,1.9658203125,normal,f398aa60-da48-45c3-9eb4-8bb4a858c345,,,18.3
2026-08-10 16:43:54.723080+00:00,detector,stage_latency_ms,19.389099999898463,normal,f398aa60-da48-45c3-9eb4-8bb4a858c345,,,18.3
2026-08-10 16:43:54.723080+00:00,detector,end_to_end_latency_ms,21.96728515625,normal,f398aa60-da48-45c3-9eb4-8bb4a858c345,,,18.3
2026-08-10 16:43:54.742083+00:00,generator,events_sent,457.0,normal,f398aa60-da48-45c3-9eb4-8bb4a858c345,,,18.32
2026-08-10 16:43:54.742083+00:00,generator,throughput_eps,25.00106504537677,normal,f398aa60-da48-45c3-9eb4-8bb4a858c345,,,18.32
2026-08-10 16:43:54.747079+00:00,orchestrator,events_processed,456.0,normal,f398aa60-da48-45c3-9eb4-8bb4a858c345,,,18.33
2026-08-10 16:43:54.747079+00:00,orchestrator,throughput_eps,24.99806315409654,normal,f398aa60-da48-45c3-9eb4-8bb4a858c345,,,18.33
2026-08-10 16:43:54.748079+00:00,orchestrator,end_to_end_latency_ms,46.9658203125,normal,f398aa60-da48-45c3-9eb4-8bb4a858c345,,,18.33
2026-08-10 16:43:54.748079+00:00,orchestrator,queue_wait_ms,2.9990234375,normal,f398aa60-da48-45c3-9eb4-8bb4a858c345,,,18.33
2026-08-10 16:43:54.748079+00:00,orchestrator,stage_latency_ms,25.27419999933045,normal,f398aa60-da48-45c3-9eb4-8bb4a858c345,,,18.33
2026-08-10 16:43:54.749079+00:00,orchestrator,xai_latency_ms,0.0018000009731622413,normal,f398aa60-da48-45c3-9eb4-8bb4a858c345,,deterministic,18.33
2026-08-10 16:43:54.761080+00:00,detector,events_processed,457.0,normal,f398aa60-da48-45c3-9eb4-8bb4a858c345,,,18.34
2026-08-10 16:43:54.761080+00:00,detector,alerts_emitted,457.0,normal,f398aa60-da48-45c3-9eb4-8bb4a858c345,,,18.34
2026-08-10 16:43:54.761080+00:00,orchestrator,events_received,457.0,normal,f398aa60-da48-45c3-9eb4-8bb4a858c345,,,18.34
2026-08-10 16:43:54.762080+00:00,detector,throughput_eps,25.001787627811158,normal,f398aa60-da48-45c3-9eb4-8bb4a858c345,,,18.34
2026-08-10 16:43:54.762080+00:00,detector,queue_wait_ms,1.972412109375,normal,f398aa60-da48-45c3-9eb4-8bb4a858c345,,,18.34
2026-08-10 16:43:54.762080+00:00,detector,stage_latency_ms,18.54520000051707,normal,f398aa60-da48-45c3-9eb4-8bb4a858c345,,,18.34
2026-08-10 16:43:54.762080+00:00,detector,end_to_end_latency_ms,20.969482421875,normal,f398aa60-da48-45c3-9eb4-8bb4a858c345,,,18.34
2026-08-10 16:43:54.782080+00:00,generator,events_sent,458.0,normal,f398aa60-da48-45c3-9eb4-8bb4a858c345,,,18.36
2026-08-10 16:43:54.782080+00:00,generator,throughput_eps,24.99708804083032,normal,f398aa60-da48-45c3-9eb4-8bb4a858c345,,,18.36
2026-08-10 16:43:54.786079+00:00,orchestrator,events_processed,457.0,normal,f398aa60-da48-45c3-9eb4-8bb4a858c345,,,18.37
2026-08-10 16:43:54.787079+00:00,orchestrator,queue_wait_ms,1.998779296875,normal,f398aa60-da48-45c3-9eb4-8bb4a858c345,,,18.37
2026-08-10 16:43:54.787079+00:00,orchestrator,stage_latency_ms,24.91100000042934,normal,f398aa60-da48-45c3-9eb4-8bb4a858c345,,,18.37
2026-08-10 16:43:54.787079+00:00,orchestrator,throughput_eps,25.0023267165224,normal,f398aa60-da48-45c3-9eb4-8bb4a858c345,,,18.37
2026-08-10 16:43:54.788080+00:00,orchestrator,end_to_end_latency_ms,45.969482421875,normal,f398aa60-da48-45c3-9eb4-8bb4a858c345,,,18.37
2026-08-10 16:43:54.788080+00:00,orchestrator,xai_latency_ms,0.0017999991541728377,normal,f398aa60-da48-45c3-9eb4-8bb4a858c345,,deterministic,18.37
2026-08-10 16:43:54.802080+00:00,detector,events_processed,458.0,normal,f398aa60-da48-45c3-9eb4-8bb4a858c345,,,18.38
2026-08-10 16:43:54.802080+00:00,orchestrator,events_received,458.0,normal,f398aa60-da48-45c3-9eb4-8bb4a858c345,,,18.38
2026-08-10 16:43:54.802080+00:00,detector,alerts_emitted,458.0,normal,f398aa60-da48-45c3-9eb4-8bb4a858c345,,,18.38
2026-08-10 16:43:54.803080+00:00,detector,throughput_eps,24.994845820905432,normal,f398aa60-da48-45c3-9eb4-8bb4a858c345,,,18.38
2026-08-10 16:43:54.803080+00:00,detector,queue_wait_ms,1.966064453125,normal,f398aa60-da48-45c3-9eb4-8bb4a858c345,,,18.38
2026-08-10 16:43:54.804084+00:00,detector,stage_latency_ms,19.42400000007183,normal,f398aa60-da48-45c3-9eb4-8bb4a858c345,,,18.38
2026-08-10 16:43:54.804084+00:00,detector,end_to_end_latency_ms,21.966064453125,normal,f398aa60-da48-45c3-9eb4-8bb4a858c345,,,18.38
2026-08-10 16:43:54.822408+00:00,generator,events_sent,459.0,normal,f398aa60-da48-45c3-9eb4-8bb4a858c345,,,18.4
2026-08-10 16:43:54.822408+00:00,generator,throughput_eps,24.997373259887567,normal,f398aa60-da48-45c3-9eb4-8bb4a858c345,,,18.4
2026-08-10 16:43:54.826409+00:00,orchestrator,events_processed,458.0,normal,f398aa60-da48-45c3-9eb4-8bb4a858c345,,,18.41
2026-08-10 16:43:54.827407+00:00,orchestrator,stage_latency_ms,24.437699999907636,normal,f398aa60-da48-45c3-9eb4-8bb4a858c345,,,18.41
2026-08-10 16:43:54.827407+00:00,orchestrator,queue_wait_ms,2.9990234375,normal,f398aa60-da48-45c3-9eb4-8bb4a858c345,,,18.41
2026-08-10 16:43:54.827407+00:00,orchestrator,throughput_eps,25.00002116937333,normal,f398aa60-da48-45c3-9eb4-8bb4a858c345,,,18.41
2026-08-10 16:43:54.828407+00:00,orchestrator,end_to_end_latency_ms,46.294921875,normal,f398aa60-da48-45c3-9eb4-8bb4a858c345,,,18.41
2026-08-10 16:43:54.828407+00:00,orchestrator,xai_latency_ms,0.002200000380980782,normal,f398aa60-da48-45c3-9eb4-8bb4a858c345,,deterministic,18.41
2026-08-10 16:43:54.841409+00:00,detector,events_processed,459.0,normal,f398aa60-da48-45c3-9eb4-8bb4a858c345,,,18.42
2026-08-10 16:43:54.842409+00:00,detector,alerts_emitted,459.0,normal,f398aa60-da48-45c3-9eb4-8bb4a858c345,,,18.42
2026-08-10 16:43:54.842409+00:00,orchestrator,events_received,459.0,normal,f398aa60-da48-45c3-9eb4-8bb4a858c345,,,18.42
2026-08-10 16:43:54.842409+00:00,detector,throughput_eps,25.00279718792947,normal,f398aa60-da48-45c3-9eb4-8bb4a858c345,,,18.42
2026-08-10 16:43:54.842409+00:00,detector,queue_wait_ms,1.998046875,normal,f398aa60-da48-45c3-9eb4-8bb4a858c345,,,18.42
2026-08-10 16:43:54.842409+00:00,detector,stage_latency_ms,18.936399999802234,normal,f398aa60-da48-45c3-9eb4-8bb4a858c345,,,18.42
2026-08-10 16:43:54.843407+00:00,detector,end_to_end_latency_ms,20.999267578125,normal,f398aa60-da48-45c3-9eb4-8bb4a858c345,,,18.42
2026-08-10 16:43:54.862496+00:00,generator,events_sent,460.0,normal,f398aa60-da48-45c3-9eb4-8bb4a858c345,,,18.44
2026-08-10 16:43:54.862496+00:00,generator,throughput_eps,24.996066143298286,normal,f398aa60-da48-45c3-9eb4-8bb4a858c345,,,18.44
2026-08-10 16:43:54.881499+00:00,detector,events_processed,460.0,normal,f398aa60-da48-45c3-9eb4-8bb4a858c345,,,18.46
2026-08-10 16:43:54.882528+00:00,detector,queue_wait_ms,1.999755859375,normal,f398aa60-da48-45c3-9eb4-8bb4a858c345,,,18.46
2026-08-10 16:43:54.882528+00:00,detector,alerts_emitted,460.0,normal,f398aa60-da48-45c3-9eb4-8bb4a858c345,,,18.46
2026-08-10 16:43:54.882528+00:00,detector,throughput_eps,25.001071545918126,normal,f398aa60-da48-45c3-9eb4-8bb4a858c345,,,18.46
2026-08-10 16:43:54.883497+00:00,detector,stage_latency_ms,19.107699999949546,normal,f398aa60-da48-45c3-9eb4-8bb4a858c345,,,18.46
2026-08-10 16:43:54.883497+00:00,detector,end_to_end_latency_ms,21.003173828125,normal,f398aa60-da48-45c3-9eb4-8bb4a858c345,,,18.46
2026-08-10 16:43:54.902521+00:00,generator,events_sent,461.0,normal,f398aa60-da48-45c3-9eb4-8bb4a858c345,,,18.48
2026-08-10 16:43:54.902521+00:00,generator,throughput_eps,24.99720293394762,normal,f398aa60-da48-45c3-9eb4-8bb4a858c345,,,18.48
2026-08-10 16:43:54.917567+00:00,orchestrator,events_processed,459.0,normal,f398aa60-da48-45c3-9eb4-8bb4a858c345,,,18.5
2026-08-10 16:43:54.917567+00:00,orchestrator,throughput_eps,24.748179228167857,normal,f398aa60-da48-45c3-9eb4-8bb4a858c345,,,18.5
2026-08-10 16:43:54.917567+00:00,orchestrator,queue_wait_ms,2.999755859375,normal,f398aa60-da48-45c3-9eb4-8bb4a858c345,,,18.5
2026-08-10 16:43:54.918521+00:00,orchestrator,stage_latency_ms,74.99409999945783,normal,f398aa60-da48-45c3-9eb4-8bb4a858c345,,,18.5
2026-08-10 16:43:54.918521+00:00,orchestrator,end_to_end_latency_ms,96.111328125,normal,f398aa60-da48-45c3-9eb4-8bb4a858c345,,,18.5
2026-08-10 16:43:54.918521+00:00,orchestrator,xai_latency_ms,0.0022999993234407157,normal,f398aa60-da48-45c3-9eb4-8bb4a858c345,,deterministic,18.5
2026-08-10 16:43:54.921522+00:00,detector,alerts_emitted,461.0,normal,f398aa60-da48-45c3-9eb4-8bb4a858c345,,,18.5
2026-08-10 16:43:54.921522+00:00,detector,queue_wait_ms,1.980224609375,normal,f398aa60-da48-45c3-9eb4-8bb4a858c345,,,18.5
2026-08-10 16:43:54.921522+00:00,detector,throughput_eps,25.003150598611903,normal,f398aa60-da48-45c3-9eb4-8bb4a858c345,,,18.5
2026-08-10 16:43:54.921522+00:00,detector,events_processed,461.0,normal,f398aa60-da48-45c3-9eb4-8bb4a858c345,,,18.5
2026-08-10 16:43:54.921522+00:00,orchestrator,events_received,460.0,normal,f398aa60-da48-45c3-9eb4-8bb4a858c345,,,18.5
2026-08-10 16:43:54.922521+00:00,detector,stage_latency_ms,18.34979999875941,normal,f398aa60-da48-45c3-9eb4-8bb4a858c345,,,18.5
2026-08-10 16:43:54.922521+00:00,detector,end_to_end_latency_ms,20.981201171875,normal,f398aa60-da48-45c3-9eb4-8bb4a858c345,,,18.5
2026-08-10 16:43:54.942039+00:00,generator,events_sent,462.0,normal,f398aa60-da48-45c3-9eb4-8bb4a858c345,,,18.52
2026-08-10 16:43:54.942039+00:00,generator,throughput_eps,25.000462008545163,normal,f398aa60-da48-45c3-9eb4-8bb4a858c345,,,18.52
2026-08-10 16:43:54.946040+00:00,orchestrator,throughput_eps,24.804529307050746,normal,f398aa60-da48-45c3-9eb4-8bb4a858c345,,,18.53
2026-08-10 16:43:54.946040+00:00,orchestrator,events_processed,460.0,normal,f398aa60-da48-45c3-9eb4-8bb4a858c345,,,18.53
2026-08-10 16:43:54.947040+00:00,orchestrator,stage_latency_ms,24.6088999992935,normal,f398aa60-da48-45c3-9eb4-8bb4a858c345,,,18.53
2026-08-10 16:43:54.947040+00:00,orchestrator,end_to_end_latency_ms,85.543701171875,normal,f398aa60-da48-45c3-9eb4-8bb4a858c345,,,18.53
2026-08-10 16:43:54.947040+00:00,orchestrator,queue_wait_ms,42.025634765625,normal,f398aa60-da48-45c3-9eb4-8bb4a858c345,,,18.53
2026-08-10 16:43:54.947040+00:00,orchestrator,xai_latency_ms,0.0018999999156221747,normal,f398aa60-da48-45c3-9eb4-8bb4a858c345,,deterministic,18.53
2026-08-10 16:43:54.950039+00:00,orchestrator,events_received,461.0,normal,f398aa60-da48-45c3-9eb4-8bb4a858c345,,,18.53
2026-08-10 16:43:54.961440+00:00,detector,throughput_eps,25.0026222750169,normal,f398aa60-da48-45c3-9eb4-8bb4a858c345,,,18.54
2026-08-10 16:43:54.961440+00:00,detector,alerts_emitted,462.0,normal,f398aa60-da48-45c3-9eb4-8bb4a858c345,,,18.54
2026-08-10 16:43:54.961440+00:00,detector,events_processed,462.0,normal,f398aa60-da48-45c3-9eb4-8bb4a858c345,,,18.54
2026-08-10 16:43:54.962439+00:00,detector,queue_wait_ms,2.0,normal,f398aa60-da48-45c3-9eb4-8bb4a858c345,,,18.54
2026-08-10 16:43:54.962439+00:00,detector,stage_latency_ms,19.153199998982018,normal,f398aa60-da48-45c3-9eb4-8bb4a858c345,,,18.54
2026-08-10 16:43:54.962439+00:00,detector,end_to_end_latency_ms,21.400146484375,normal,f398aa60-da48-45c3-9eb4-8bb4a858c345,,,18.54
2026-08-10 16:43:54.974570+00:00,orchestrator,events_processed,461.0,normal,f398aa60-da48-45c3-9eb4-8bb4a858c345,,,18.55
2026-08-10 16:43:54.974570+00:00,orchestrator,throughput_eps,25.11465854312296,normal,f398aa60-da48-45c3-9eb4-8bb4a858c345,,,18.55
2026-08-10 16:43:54.975570+00:00,orchestrator,queue_wait_ms,30.48681640625,normal,f398aa60-da48-45c3-9eb4-8bb4a858c345,,,18.55
2026-08-10 16:43:54.975570+00:00,orchestrator,stage_latency_ms,24.58909999950265,normal,f398aa60-da48-45c3-9eb4-8bb4a858c345,,,18.55
2026-08-10 16:43:54.975570+00:00,orchestrator,end_to_end_latency_ms,74.029541015625,normal,f398aa60-da48-45c3-9eb4-8bb4a858c345,,,18.55
2026-08-10 16:43:54.975570+00:00,orchestrator,xai_latency_ms,0.0017000002117129043,normal,f398aa60-da48-45c3-9eb4-8bb4a858c345,,deterministic,18.55
2026-08-10 16:43:54.978570+00:00,orchestrator,events_received,462.0,normal,f398aa60-da48-45c3-9eb4-8bb4a858c345,,,18.56
2026-08-10 16:43:54.981664+00:00,generator,events_sent,463.0,normal,f398aa60-da48-45c3-9eb4-8bb4a858c345,,,18.56
2026-08-10 16:43:54.981664+00:00,generator,throughput_eps,25.000506010238322,normal,f398aa60-da48-45c3-9eb4-8bb4a858c345,,,18.56
2026-08-10 16:43:55.000888+00:00,detector,queue_wait_ms,2.09912109375,normal,f398aa60-da48-45c3-9eb4-8bb4a858c345,,,18.58
2026-08-10 16:43:55.000888+00:00,detector,throughput_eps,25.003302936317223,normal,f398aa60-da48-45c3-9eb4-8bb4a858c345,,,18.58
2026-08-10 16:43:55.000888+00:00,detector,events_processed,463.0,normal,f398aa60-da48-45c3-9eb4-8bb4a858c345,,,18.58
2026-08-10 16:43:55.000888+00:00,detector,alerts_emitted,463.0,normal,f398aa60-da48-45c3-9eb4-8bb4a858c345,,,18.58
2026-08-10 16:43:55.001892+00:00,detector,stage_latency_ms,18.27649999904679,normal,f398aa60-da48-45c3-9eb4-8bb4a858c345,,,18.58
2026-08-10 16:43:55.001892+00:00,detector,end_to_end_latency_ms,20.3173828125,normal,f398aa60-da48-45c3-9eb4-8bb4a858c345,,,18.58
2026-08-10 16:43:55.002921+00:00,orchestrator,events_processed,462.0,normal,f398aa60-da48-45c3-9eb4-8bb4a858c345,,,18.58
2026-08-10 16:43:55.002921+00:00,orchestrator,throughput_eps,25.171987098406756,normal,f398aa60-da48-45c3-9eb4-8bb4a858c345,,,18.58
2026-08-10 16:43:55.003890+00:00,orchestrator,queue_wait_ms,19.53173828125,normal,f398aa60-da48-45c3-9eb4-8bb4a858c345,,,18.58
2026-08-10 16:43:55.003890+00:00,orchestrator,stage_latency_ms,24.674500000401167,normal,f398aa60-da48-45c3-9eb4-8bb4a858c345,,,18.58
2026-08-10 16:43:55.003890+00:00,orchestrator,end_to_end_latency_ms,62.881591796875,normal,f398aa60-da48-45c3-9eb4-8bb4a858c345,,,18.58
2026-08-10 16:43:55.004921+00:00,orchestrator,xai_latency_ms,0.0017000002117129043,normal,f398aa60-da48-45c3-9eb4-8bb4a858c345,,deterministic,18.58
2026-08-10 16:43:55.006889+00:00,orchestrator,events_received,463.0,normal,f398aa60-da48-45c3-9eb4-8bb4a858c345,,,18.59
2026-08-10 16:43:55.021463+00:00,generator,events_sent,464.0,normal,f398aa60-da48-45c3-9eb4-8bb4a858c345,,,18.6
2026-08-10 16:43:55.022463+00:00,generator,throughput_eps,25.000924933408978,normal,f398aa60-da48-45c3-9eb4-8bb4a858c345,,,18.6
2026-08-10 16:43:55.041674+00:00,detector,events_processed,464.0,normal,f398aa60-da48-45c3-9eb4-8bb4a858c345,,,18.62
2026-08-10 16:43:55.041674+00:00,detector,alerts_emitted,464.0,normal,f398aa60-da48-45c3-9eb4-8bb4a858c345,,,18.62
2026-08-10 16:43:55.041674+00:00,detector,throughput_eps,24.999995463707865,normal,f398aa60-da48-45c3-9eb4-8bb4a858c345,,,18.62
2026-08-10 16:43:55.042681+00:00,detector,queue_wait_ms,1.99951171875,normal,f398aa60-da48-45c3-9eb4-8bb4a858c345,,,18.62
2026-08-10 16:43:55.042681+00:00,detector,stage_latency_ms,19.264699998529977,normal,f398aa60-da48-45c3-9eb4-8bb4a858c345,,,18.62
2026-08-10 16:43:55.043679+00:00,detector,end_to_end_latency_ms,21.210205078125,normal,f398aa60-da48-45c3-9eb4-8bb4a858c345,,,18.62
2026-08-10 16:43:55.061690+00:00,generator,events_sent,465.0,normal,f398aa60-da48-45c3-9eb4-8bb4a858c345,,,18.64
2026-08-10 16:43:55.061690+00:00,generator,throughput_eps,25.004043153773157,normal,f398aa60-da48-45c3-9eb4-8bb4a858c345,,,18.64
2026-08-10 16:43:55.077691+00:00,orchestrator,events_processed,463.0,normal,f398aa60-da48-45c3-9eb4-8bb4a858c345,,,18.66
2026-08-10 16:43:55.077691+00:00,orchestrator,throughput_eps,24.885284358024492,normal,f398aa60-da48-45c3-9eb4-8bb4a858c345,,,18.66
2026-08-10 16:43:55.077691+00:00,orchestrator,queue_wait_ms,9.001220703125,normal,f398aa60-da48-45c3-9eb4-8bb4a858c345,,,18.66
2026-08-10 16:43:55.078691+00:00,orchestrator,stage_latency_ms,70.39480000094045,normal,f398aa60-da48-45c3-9eb4-8bb4a858c345,,,18.66
2026-08-10 16:43:55.078691+00:00,orchestrator,end_to_end_latency_ms,97.1201171875,normal,f398aa60-da48-45c3-9eb4-8bb4a858c345,,,18.66
2026-08-10 16:43:55.079690+00:00,orchestrator,xai_latency_ms,0.002099999619531445,normal,f398aa60-da48-45c3-9eb4-8bb4a858c345,,deterministic,18.66
2026-08-10 16:43:55.080690+00:00,detector,events_processed,465.0,normal,f398aa60-da48-45c3-9eb4-8bb4a858c345,,,18.66
2026-08-10 16:43:55.080690+00:00,detector,alerts_emitted,465.0,normal,f398aa60-da48-45c3-9eb4-8bb4a858c345,,,18.66
2026-08-10 16:43:55.080690+00:00,detector,throughput_eps,25.00593190716836,normal,f398aa60-da48-45c3-9eb4-8bb4a858c345,,,18.66
2026-08-10 16:43:55.081691+00:00,detector,queue_wait_ms,2.004150390625,normal,f398aa60-da48-45c3-9eb4-8bb4a858c345,,,18.66
2026-08-10 16:43:55.081691+00:00,detector,stage_latency_ms,18.792900000335067,normal,f398aa60-da48-45c3-9eb4-8bb4a858c345,,,18.66
2026-08-10 16:43:55.081691+00:00,detector,end_to_end_latency_ms,21.00439453125,normal,f398aa60-da48-45c3-9eb4-8bb4a858c345,,,18.66
2026-08-10 16:43:55.082690+00:00,orchestrator,events_received,464.0,normal,f398aa60-da48-45c3-9eb4-8bb4a858c345,,,18.66
2026-08-10 16:43:55.102338+00:00,generator,events_sent,466.0,normal,f398aa60-da48-45c3-9eb4-8bb4a858c345,,,18.68
2026-08-10 16:43:55.102338+00:00,generator,throughput_eps,24.994981350422833,normal,f398aa60-da48-45c3-9eb4-8bb4a858c345,,,18.68
2026-08-10 16:43:55.106339+00:00,orchestrator,events_processed,464.0,normal,f398aa60-da48-45c3-9eb4-8bb4a858c345,,,18.69
2026-08-10 16:43:55.106339+00:00,orchestrator,throughput_eps,24.882208827397122,normal,f398aa60-da48-45c3-9eb4-8bb4a858c345,,,18.69
2026-08-10 16:43:55.107339+00:00,orchestrator,queue_wait_ms,43.226806640625,normal,f398aa60-da48-45c3-9eb4-8bb4a858c345,,,18.69
2026-08-10 16:43:55.107339+00:00,orchestrator,stage_latency_ms,23.792500000126893,normal,f398aa60-da48-45c3-9eb4-8bb4a858c345,,,18.69
2026-08-10 16:43:55.107339+00:00,orchestrator,end_to_end_latency_ms,85.875244140625,normal,f398aa60-da48-45c3-9eb4-8bb4a858c345,,,18.69
2026-08-10 16:43:55.108338+00:00,orchestrator,events_received,465.0,normal,f398aa60-da48-45c3-9eb4-8bb4a858c345,,,18.69
2026-08-10 16:43:55.108338+00:00,orchestrator,xai_latency_ms,0.0017999991541728377,normal,f398aa60-da48-45c3-9eb4-8bb4a858c345,,deterministic,18.69
2026-08-10 16:43:55.121498+00:00,detector,events_processed,466.0,normal,f398aa60-da48-45c3-9eb4-8bb4a858c345,,,18.7
2026-08-10 16:43:55.121498+00:00,detector,alerts_emitted,466.0,normal,f398aa60-da48-45c3-9eb4-8bb4a858c345,,,18.7
2026-08-10 16:43:55.122533+00:00,detector,throughput_eps,24.994402463250648,normal,f398aa60-da48-45c3-9eb4-8bb4a858c345,,,18.7
2026-08-10 16:43:55.122533+00:00,detector,queue_wait_ms,1.990478515625,normal,f398aa60-da48-45c3-9eb4-8bb4a858c345,,,18.7
2026-08-10 16:43:55.122533+00:00,detector,stage_latency_ms,19.016599999304162,normal,f398aa60-da48-45c3-9eb4-8bb4a858c345,,,18.7
2026-08-10 16:43:55.123502+00:00,detector,end_to_end_latency_ms,21.15087890625,normal,f398aa60-da48-45c3-9eb4-8bb4a858c345,,,18.7
2026-08-10 16:43:55.132503+00:00,orchestrator,events_processed,465.0,normal,f398aa60-da48-45c3-9eb4-8bb4a858c345,,,18.71
2026-08-10 16:43:55.132503+00:00,orchestrator,throughput_eps,24.893828324091377,normal,f398aa60-da48-45c3-9eb4-8bb4a858c345,,,18.71
2026-08-10 16:43:55.133502+00:00,orchestrator,queue_wait_ms,29.64697265625,normal,f398aa60-da48-45c3-9eb4-8bb4a858c345,,,18.71
2026-08-10 16:43:55.133502+00:00,orchestrator,stage_latency_ms,24.039300000367803,normal,f398aa60-da48-45c3-9eb4-8bb4a858c345,,,18.71
2026-08-10 16:43:55.133502+00:00,orchestrator,end_to_end_latency_ms,72.817138671875,normal,f398aa60-da48-45c3-9eb4-8bb4a858c345,,,18.71
2026-08-10 16:43:55.133502+00:00,orchestrator,xai_latency_ms,0.001999998858082108,normal,f398aa60-da48-45c3-9eb4-8bb4a858c345,,deterministic,18.71
2026-08-10 16:43:55.136502+00:00,orchestrator,events_received,466.0,normal,f398aa60-da48-45c3-9eb4-8bb4a858c345,,,18.72
2026-08-10 16:43:55.140604+00:00,generator,throughput_eps,25.002013662178054,normal,f398aa60-da48-45c3-9eb4-8bb4a858c345,,,18.72
2026-08-10 16:43:55.140604+00:00,generator,events_sent,467.0,normal,f398aa60-da48-45c3-9eb4-8bb4a858c345,,,18.72
2026-08-10 16:43:55.159643+00:00,detector,events_processed,467.0,normal,f398aa60-da48-45c3-9eb4-8bb4a858c345,,,18.74
2026-08-10 16:43:55.159643+00:00,detector,alerts_emitted,467.0,normal,f398aa60-da48-45c3-9eb4-8bb4a858c345,,,18.74
2026-08-10 16:43:55.160643+00:00,detector,throughput_eps,25.003294934208515,normal,f398aa60-da48-45c3-9eb4-8bb4a858c345,,,18.74
2026-08-10 16:43:55.160643+00:00,detector,queue_wait_ms,2.004638671875,normal,f398aa60-da48-45c3-9eb4-8bb4a858c345,,,18.74
2026-08-10 16:43:55.160643+00:00,detector,stage_latency_ms,18.59160000094562,normal,f398aa60-da48-45c3-9eb4-8bb4a858c345,,,18.74
2026-08-10 16:43:55.160643+00:00,detector,end_to_end_latency_ms,20.0439453125,normal,f398aa60-da48-45c3-9eb4-8bb4a858c345,,,18.74
2026-08-10 16:43:55.161642+00:00,orchestrator,events_processed,466.0,normal,f398aa60-da48-45c3-9eb4-8bb4a858c345,,,18.74
2026-08-10 16:43:55.161642+00:00,orchestrator,throughput_eps,24.91793459098132,normal,f398aa60-da48-45c3-9eb4-8bb4a858c345,,,18.74
2026-08-10 16:43:55.161642+00:00,orchestrator,queue_wait_ms,17.16162109375,normal,f398aa60-da48-45c3-9eb4-8bb4a858c345,,,18.74
2026-08-10 16:43:55.162642+00:00,orchestrator,stage_latency_ms,25.21360000173445,normal,f398aa60-da48-45c3-9eb4-8bb4a858c345,,,18.74
2026-08-10 16:43:55.162642+00:00,orchestrator,end_to_end_latency_ms,61.295166015625,normal,f398aa60-da48-45c3-9eb4-8bb4a858c345,,,18.74
2026-08-10 16:43:55.162642+00:00,orchestrator,xai_latency_ms,0.0017000002117129043,normal,f398aa60-da48-45c3-9eb4-8bb4a858c345,,deterministic,18.74
2026-08-10 16:43:55.165642+00:00,orchestrator,events_received,467.0,normal,f398aa60-da48-45c3-9eb4-8bb4a858c345,,,18.75
2026-08-10 16:43:55.181826+00:00,generator,throughput_eps,25.000231002128988,normal,f398aa60-da48-45c3-9eb4-8bb4a858c345,,,18.76
2026-08-10 16:43:55.181826+00:00,generator,events_sent,468.0,normal,f398aa60-da48-45c3-9eb4-8bb4a858c345,,,18.76
2026-08-10 16:43:55.200800+00:00,detector,events_processed,468.0,normal,f398aa60-da48-45c3-9eb4-8bb4a858c345,,,18.78
2026-08-10 16:43:55.200800+00:00,detector,alerts_emitted,468.0,normal,f398aa60-da48-45c3-9eb4-8bb4a858c345,,,18.78
2026-08-10 16:43:55.201848+00:00,detector,throughput_eps,25.000541011706922,normal,f398aa60-da48-45c3-9eb4-8bb4a858c345,,,18.78
2026-08-10 16:43:55.201848+00:00,detector,queue_wait_ms,1.9912109375,normal,f398aa60-da48-45c3-9eb4-8bb4a858c345,,,18.78
2026-08-10 16:43:55.201848+00:00,detector,stage_latency_ms,18.858999999793014,normal,f398aa60-da48-45c3-9eb4-8bb4a858c345,,,18.78
2026-08-10 16:43:55.202838+00:00,detector,end_to_end_latency_ms,20.96484375,normal,f398aa60-da48-45c3-9eb4-8bb4a858c345,,,18.78
2026-08-10 16:43:55.220750+00:00,generator,events_sent,469.0,normal,f398aa60-da48-45c3-9eb4-8bb4a858c345,,,18.8
2026-08-10 16:43:55.221790+00:00,generator,throughput_eps,25.000467008723568,normal,f398aa60-da48-45c3-9eb4-8bb4a858c345,,,18.8
2026-08-10 16:43:55.236794+00:00,orchestrator,events_processed,467.0,normal,f398aa60-da48-45c3-9eb4-8bb4a858c345,,,18.82
2026-08-10 16:43:55.236794+00:00,orchestrator,throughput_eps,24.94791919040228,normal,f398aa60-da48-45c3-9eb4-8bb4a858c345,,,18.82
2026-08-10 16:43:55.237794+00:00,orchestrator,stage_latency_ms,71.78360000034445,normal,f398aa60-da48-45c3-9eb4-8bb4a858c345,,,18.82
2026-08-10 16:43:55.237794+00:00,orchestrator,queue_wait_ms,7.99755859375,normal,f398aa60-da48-45c3-9eb4-8bb4a858c345,,,18.82
2026-08-10 16:43:55.238794+00:00,orchestrator,end_to_end_latency_ms,97.195068359375,normal,f398aa60-da48-45c3-9eb4-8bb4a858c345,,,18.82
2026-08-10 16:43:55.238794+00:00,orchestrator,xai_latency_ms,0.002099999619531445,normal,f398aa60-da48-45c3-9eb4-8bb4a858c345,,deterministic,18.82
2026-08-10 16:43:55.240797+00:00,detector,events_processed,469.0,normal,f398aa60-da48-45c3-9eb4-8bb4a858c345,,,18.82
2026-08-10 16:43:55.240797+00:00,detector,alerts_emitted,469.0,normal,f398aa60-da48-45c3-9eb4-8bb4a858c345,,,18.82
2026-08-10 16:43:55.240797+00:00,detector,throughput_eps,25.010311206728062,normal,f398aa60-da48-45c3-9eb4-8bb4a858c345,,,18.82
2026-08-10 16:43:55.240797+00:00,detector,queue_wait_ms,2.189453125,normal,f398aa60-da48-45c3-9eb4-8bb4a858c345,,,18.82
2026-08-10 16:43:55.241796+00:00,detector,stage_latency_ms,18.844899999749032,normal,f398aa60-da48-45c3-9eb4-8bb4a858c345,,,18.82
2026-08-10 16:43:55.241796+00:00,detector,end_to_end_latency_ms,21.19580078125,normal,f398aa60-da48-45c3-9eb4-8bb4a858c345,,,18.82
2026-08-10 16:43:55.241796+00:00,orchestrator,events_received,468.0,normal,f398aa60-da48-45c3-9eb4-8bb4a858c345,,,18.82
2026-08-10 16:43:55.262255+00:00,generator,throughput_eps,25.001028542314987,normal,f398aa60-da48-45c3-9eb4-8bb4a858c345,,,18.84
2026-08-10 16:43:55.262255+00:00,generator,events_sent,470.0,normal,f398aa60-da48-45c3-9eb4-8bb4a858c345,,,18.84
2026-08-10 16:43:55.265802+00:00,orchestrator,events_processed,468.0,normal,f398aa60-da48-45c3-9eb4-8bb4a858c345,,,18.85
2026-08-10 16:43:55.266831+00:00,orchestrator,stage_latency_ms,24.4829999992362,normal,f398aa60-da48-45c3-9eb4-8bb4a858c345,,,18.85
2026-08-10 16:43:55.266831+00:00,orchestrator,throughput_eps,25.002274400438615,normal,f398aa60-da48-45c3-9eb4-8bb4a858c345,,,18.85
2026-08-10 16:43:55.266831+00:00,orchestrator,queue_wait_ms,42.93115234375,normal,f398aa60-da48-45c3-9eb4-8bb4a858c345,,,18.85
2026-08-10 16:43:55.267800+00:00,orchestrator,events_received,469.0,normal,f398aa60-da48-45c3-9eb4-8bb4a858c345,,,18.85
2026-08-10 16:43:55.267800+00:00,orchestrator,end_to_end_latency_ms,85.966552734375,normal,f398aa60-da48-45c3-9eb4-8bb4a858c345,,,18.85
2026-08-10 16:43:55.267800+00:00,orchestrator,xai_latency_ms,0.0020000006770715117,normal,f398aa60-da48-45c3-9eb4-8bb4a858c345,,deterministic,18.85
2026-08-10 16:43:55.280845+00:00,detector,events_processed,470.0,normal,f398aa60-da48-45c3-9eb4-8bb4a858c345,,,18.86
2026-08-10 16:43:55.280845+00:00,detector,alerts_emitted,470.0,normal,f398aa60-da48-45c3-9eb4-8bb4a858c345,,,18.86
2026-08-10 16:43:55.280845+00:00,detector,throughput_eps,25.009565658668766,normal,f398aa60-da48-45c3-9eb4-8bb4a858c345,,,18.86
2026-08-10 16:43:55.280845+00:00,detector,queue_wait_ms,2.439453125,normal,f398aa60-da48-45c3-9eb4-8bb4a858c345,,,18.86
2026-08-10 16:43:55.281801+00:00,detector,stage_latency_ms,18.341699998927652,normal,f398aa60-da48-45c3-9eb4-8bb4a858c345,,,18.86
2026-08-10 16:43:55.281801+00:00,detector,end_to_end_latency_ms,21.029296875,normal,f398aa60-da48-45c3-9eb4-8bb4a858c345,,,18.86
2026-08-10 16:43:55.293830+00:00,orchestrator,events_processed,469.0,normal,f398aa60-da48-45c3-9eb4-8bb4a858c345,,,18.87
2026-08-10 16:43:55.293830+00:00,orchestrator,throughput_eps,25.066327005231063,normal,f398aa60-da48-45c3-9eb4-8bb4a858c345,,,18.87
2026-08-10 16:43:55.293830+00:00,orchestrator,queue_wait_ms,29.006103515625,normal,f398aa60-da48-45c3-9eb4-8bb4a858c345,,,18.87
2026-08-10 16:43:55.294801+00:00,orchestrator,stage_latency_ms,25.369299999510986,normal,f398aa60-da48-45c3-9eb4-8bb4a858c345,,,18.87
2026-08-10 16:43:55.294801+00:00,orchestrator,end_to_end_latency_ms,74.229736328125,normal,f398aa60-da48-45c3-9eb4-8bb4a858c345,,,18.87
2026-08-10 16:43:55.295800+00:00,orchestrator,xai_latency_ms,0.0022999993234407157,normal,f398aa60-da48-45c3-9eb4-8bb4a858c345,,deterministic,18.88
2026-08-10 16:43:55.297801+00:00,orchestrator,events_received,470.0,normal,f398aa60-da48-45c3-9eb4-8bb4a858c345,,,18.88
2026-08-10 16:43:55.300801+00:00,generator,events_sent,471.0,normal,f398aa60-da48-45c3-9eb4-8bb4a858c345,,,18.88
2026-08-10 16:43:55.302035+00:00,generator,throughput_eps,25.00155109623485,normal,f398aa60-da48-45c3-9eb4-8bb4a858c345,,,18.88
2026-08-10 16:43:55.321346+00:00,detector,events_processed,471.0,normal,f398aa60-da48-45c3-9eb4-8bb4a858c345,,,18.9
2026-08-10 16:43:55.321346+00:00,detector,alerts_emitted,471.0,normal,f398aa60-da48-45c3-9eb4-8bb4a858c345,,,18.9
2026-08-10 16:43:55.321346+00:00,detector,throughput_eps,25.010429349038944,normal,f398aa60-da48-45c3-9eb4-8bb4a858c345,,,18.9
2026-08-10 16:43:55.321346+00:00,detector,queue_wait_ms,2.001220703125,normal,f398aa60-da48-45c3-9eb4-8bb4a858c345,,,18.9
2026-08-10 16:43:55.322345+00:00,detector,stage_latency_ms,19.35580000099435,normal,f398aa60-da48-45c3-9eb4-8bb4a858c345,,,18.9
2026-08-10 16:43:55.322345+00:00,detector,end_to_end_latency_ms,21.546142578125,normal,f398aa60-da48-45c3-9eb4-8bb4a858c345,,,18.9
2026-08-10 16:43:55.323345+00:00,orchestrator,events_processed,470.0,normal,f398aa60-da48-45c3-9eb4-8bb4a858c345,,,18.9
2026-08-10 16:43:55.324345+00:00,orchestrator,throughput_eps,25.05595395412572,normal,f398aa60-da48-45c3-9eb4-8bb4a858c345,,,18.9
2026-08-10 16:43:55.324345+00:00,orchestrator,queue_wait_ms,19.97021484375,normal,f398aa60-da48-45c3-9eb4-8bb4a858c345,,,18.9
2026-08-10 16:43:55.324345+00:00,orchestrator,stage_latency_ms,25.435100000322564,normal,f398aa60-da48-45c3-9eb4-8bb4a858c345,,,18.9
2026-08-10 16:43:55.325379+00:00,orchestrator,end_to_end_latency_ms,63.5302734375,normal,f398aa60-da48-45c3-9eb4-8bb4a858c345,,,18.9
2026-08-10 16:43:55.325379+00:00,orchestrator,xai_latency_ms,0.001999998858082108,normal,f398aa60-da48-45c3-9eb4-8bb4a858c345,,deterministic,18.9
2026-08-10 16:43:55.327346+00:00,orchestrator,events_received,471.0,normal,f398aa60-da48-45c3-9eb4-8bb4a858c345,,,18.91
2026-08-10 16:43:55.340851+00:00,generator,events_sent,472.0,normal,f398aa60-da48-45c3-9eb4-8bb4a858c345,,,18.92
2026-08-10 16:43:55.341852+00:00,generator,throughput_eps,25.001132051265973,normal,f398aa60-da48-45c3-9eb4-8bb4a858c345,,,18.92
2026-08-10 16:43:55.352854+00:00,orchestrator,events_processed,471.0,normal,f398aa60-da48-45c3-9eb4-8bb4a858c345,,,18.93
2026-08-10 16:43:55.352854+00:00,orchestrator,throughput_eps,25.053590130359606,normal,f398aa60-da48-45c3-9eb4-8bb4a858c345,,,18.93
2026-08-10 16:43:55.352854+00:00,orchestrator,queue_wait_ms,9.00146484375,normal,f398aa60-da48-45c3-9eb4-8bb4a858c345,,,18.93
2026-08-10 16:43:55.353854+00:00,orchestrator,stage_latency_ms,24.95669999916572,normal,f398aa60-da48-45c3-9eb4-8bb4a858c345,,,18.93
2026-08-10 16:43:55.353854+00:00,orchestrator,end_to_end_latency_ms,53.0546875,normal,f398aa60-da48-45c3-9eb4-8bb4a858c345,,,18.93
2026-08-10 16:43:55.353854+00:00,orchestrator,xai_latency_ms,0.0017999991541728377,normal,f398aa60-da48-45c3-9eb4-8bb4a858c345,,deterministic,18.93
2026-08-10 16:43:55.360852+00:00,detector,events_processed,472.0,normal,f398aa60-da48-45c3-9eb4-8bb4a858c345,,,18.94
2026-08-10 16:43:55.360852+00:00,detector,alerts_emitted,472.0,normal,f398aa60-da48-45c3-9eb4-8bb4a858c345,,,18.94
2026-08-10 16:43:55.361853+00:00,detector,end_to_end_latency_ms,21.0,normal,f398aa60-da48-45c3-9eb4-8bb4a858c345,,,18.94
2026-08-10 16:43:55.361853+00:00,detector,queue_wait_ms,2.00048828125,normal,f398aa60-da48-45c3-9eb4-8bb4a858c345,,,18.94
2026-08-10 16:43:55.361853+00:00,detector,stage_latency_ms,19.051499999477528,normal,f398aa60-da48-45c3-9eb4-8bb4a858c345,,,18.94
2026-08-10 16:43:55.361853+00:00,detector,throughput_eps,25.00281981801497,normal,f398aa60-da48-45c3-9eb4-8bb4a858c345,,,18.94
2026-08-10 16:43:55.361853+00:00,orchestrator,events_received,472.0,normal,f398aa60-da48-45c3-9eb4-8bb4a858c345,,,18.94
2026-08-10 16:43:55.381962+00:00,generator,events_sent,473.0,normal,f398aa60-da48-45c3-9eb4-8bb4a858c345,,,18.96
2026-08-10 16:43:55.381962+00:00,generator,throughput_eps,25.002591768659663,normal,f398aa60-da48-45c3-9eb4-8bb4a858c345,,,18.96
2026-08-10 16:43:55.386472+00:00,orchestrator,events_processed,472.0,normal,f398aa60-da48-45c3-9eb4-8bb4a858c345,,,18.97
2026-08-10 16:43:55.386472+00:00,orchestrator,throughput_eps,25.031472571087722,normal,f398aa60-da48-45c3-9eb4-8bb4a858c345,,,18.97
2026-08-10 16:43:55.386472+00:00,orchestrator,queue_wait_ms,3.0,normal,f398aa60-da48-45c3-9eb4-8bb4a858c345,,,18.97
2026-08-10 16:43:55.386472+00:00,orchestrator,stage_latency_ms,24.61319999929401,normal,f398aa60-da48-45c3-9eb4-8bb4a858c345,,,18.97
2026-08-10 16:43:55.387472+00:00,orchestrator,end_to_end_latency_ms,46.619384765625,normal,f398aa60-da48-45c3-9eb4-8bb4a858c345,,,18.97
2026-08-10 16:43:55.387472+00:00,orchestrator,xai_latency_ms,0.0020000006770715117,normal,f398aa60-da48-45c3-9eb4-8bb4a858c345,,deterministic,18.97
2026-08-10 16:43:55.400811+00:00,detector,throughput_eps,25.00782895092702,normal,f398aa60-da48-45c3-9eb4-8bb4a858c345,,,18.98
2026-08-10 16:43:55.400811+00:00,detector,events_processed,473.0,normal,f398aa60-da48-45c3-9eb4-8bb4a858c345,,,18.98
2026-08-10 16:43:55.400811+00:00,detector,alerts_emitted,473.0,normal,f398aa60-da48-45c3-9eb4-8bb4a858c345,,,18.98
2026-08-10 16:43:55.400811+00:00,orchestrator,events_received,473.0,normal,f398aa60-da48-45c3-9eb4-8bb4a858c345,,,18.98
2026-08-10 16:43:55.401812+00:00,detector,end_to_end_latency_ms,20.96240234375,normal,f398aa60-da48-45c3-9eb4-8bb4a858c345,,,18.98
2026-08-10 16:43:55.401812+00:00,detector,queue_wait_ms,2.113037109375,normal,f398aa60-da48-45c3-9eb4-8bb4a858c345,,,18.98
2026-08-10 16:43:55.401812+00:00,detector,stage_latency_ms,18.80449999953271,normal,f398aa60-da48-45c3-9eb4-8bb4a858c345,,,18.98
2026-08-10 16:43:55.421810+00:00,generator,events_sent,474.0,normal,f398aa60-da48-45c3-9eb4-8bb4a858c345,,,19.0
2026-08-10 16:43:55.421810+00:00,generator,throughput_eps,25.00309488308267,normal,f398aa60-da48-45c3-9eb4-8bb4a858c345,,,19.0
2026-08-10 16:43:55.425809+00:00,orchestrator,events_processed,473.0,normal,f398aa60-da48-45c3-9eb4-8bb4a858c345,,,19.01
2026-08-10 16:43:55.425809+00:00,orchestrator,throughput_eps,25.008227206584017,normal,f398aa60-da48-45c3-9eb4-8bb4a858c345,,,19.01
2026-08-10 16:43:55.426810+00:00,orchestrator,queue_wait_ms,2.308837890625,normal,f398aa60-da48-45c3-9eb4-8bb4a858c345,,,19.01
2026-08-10 16:43:55.426810+00:00,orchestrator,stage_latency_ms,24.994400000650785,normal,f398aa60-da48-45c3-9eb4-8bb4a858c345,,,19.01
2026-08-10 16:43:55.426810+00:00,orchestrator,end_to_end_latency_ms,45.9609375,normal,f398aa60-da48-45c3-9eb4-8bb4a858c345,,,19.01
2026-08-10 16:43:55.427811+00:00,orchestrator,xai_latency_ms,0.0017000002117129043,normal,f398aa60-da48-45c3-9eb4-8bb4a858c345,,deterministic,19.01
2026-08-10 16:43:55.441887+00:00,detector,events_processed,474.0,normal,f398aa60-da48-45c3-9eb4-8bb4a858c345,,,19.02
2026-08-10 16:43:55.441887+00:00,detector,alerts_emitted,474.0,normal,f398aa60-da48-45c3-9eb4-8bb4a858c345,,,19.02
2026-08-10 16:43:55.441887+00:00,orchestrator,events_received,474.0,normal,f398aa60-da48-45c3-9eb4-8bb4a858c345,,,19.02
2026-08-10 16:43:55.441887+00:00,detector,throughput_eps,25.002563762890244,normal,f398aa60-da48-45c3-9eb4-8bb4a858c345,,,19.02
2026-08-10 16:43:55.442857+00:00,detector,end_to_end_latency_ms,22.078125,normal,f398aa60-da48-45c3-9eb4-8bb4a858c345,,,19.02
2026-08-10 16:43:55.442857+00:00,detector,queue_wait_ms,2.00146484375,normal,f398aa60-da48-45c3-9eb4-8bb4a858c345,,,19.02
2026-08-10 16:43:55.442857+00:00,detector,stage_latency_ms,19.415700000536162,normal,f398aa60-da48-45c3-9eb4-8bb4a858c345,,,19.02
2026-08-10 16:43:55.461960+00:00,generator,events_sent,475.0,normal,f398aa60-da48-45c3-9eb4-8bb4a858c345,,,19.04
2026-08-10 16:43:55.461960+00:00,generator,throughput_eps,25.001406079079114,normal,f398aa60-da48-45c3-9eb4-8bb4a858c345,,,19.04
2026-08-10 16:43:55.466962+00:00,orchestrator,events_processed,474.0,normal,f398aa60-da48-45c3-9eb4-8bb4a858c345,,,19.05
2026-08-10 16:43:55.466962+00:00,orchestrator,throughput_eps,25.000807526074517,normal,f398aa60-da48-45c3-9eb4-8bb4a858c345,,,19.05
2026-08-10 16:43:55.467961+00:00,orchestrator,queue_wait_ms,3.03271484375,normal,f398aa60-da48-45c3-9eb4-8bb4a858c345,,,19.05
2026-08-10 16:43:55.467961+00:00,orchestrator,stage_latency_ms,25.015999999595806,normal,f398aa60-da48-45c3-9eb4-8bb4a858c345,,,19.05
2026-08-10 16:43:55.467961+00:00,orchestrator,end_to_end_latency_ms,47.1533203125,normal,f398aa60-da48-45c3-9eb4-8bb4a858c345,,,19.05
2026-08-10 16:43:55.468962+00:00,orchestrator,xai_latency_ms,0.0018000009731622413,normal,f398aa60-da48-45c3-9eb4-8bb4a858c345,,deterministic,19.05
2026-08-10 16:43:55.480960+00:00,orchestrator,events_received,475.0,normal,f398aa60-da48-45c3-9eb4-8bb4a858c345,,,19.06
2026-08-10 16:43:55.480960+00:00,detector,events_processed,475.0,normal,f398aa60-da48-45c3-9eb4-8bb4a858c345,,,19.06
2026-08-10 16:43:55.481961+00:00,detector,queue_wait_ms,2.000244140625,normal,f398aa60-da48-45c3-9eb4-8bb4a858c345,,,19.06
2026-08-10 16:43:55.481961+00:00,detector,throughput_eps,25.003825585317973,normal,f398aa60-da48-45c3-9eb4-8bb4a858c345,,,19.06
2026-08-10 16:43:55.482961+00:00,detector,stage_latency_ms,18.957399999635527,normal,f398aa60-da48-45c3-9eb4-8bb4a858c345,,,19.06
2026-08-10 16:43:55.482961+00:00,detector,end_to_end_latency_ms,21.00048828125,normal,f398aa60-da48-45c3-9eb4-8bb4a858c345,,,19.06
2026-08-10 16:43:55.501890+00:00,generator,events_sent,476.0,normal,f398aa60-da48-45c3-9eb4-8bb4a858c345,,,19.08
2026-08-10 16:43:55.501890+00:00,generator,throughput_eps,25.002521254239984,normal,f398aa60-da48-45c3-9eb4-8bb4a858c345,,,19.08
2026-08-10 16:43:55.506406+00:00,orchestrator,events_processed,475.0,normal,f398aa60-da48-45c3-9eb4-8bb4a858c345,,,19.09
2026-08-10 16:43:55.506406+00:00,orchestrator,throughput_eps,25.001569098473,normal,f398aa60-da48-45c3-9eb4-8bb4a858c345,,,19.09
2026-08-10 16:43:55.507406+00:00,orchestrator,queue_wait_ms,2.0,normal,f398aa60-da48-45c3-9eb4-8bb4a858c345,,,19.09
2026-08-10 16:43:55.507406+00:00,orchestrator,stage_latency_ms,25.04380000027595,normal,f398aa60-da48-45c3-9eb4-8bb4a858c345,,,19.09
2026-08-10 16:43:55.507406+00:00,orchestrator,end_to_end_latency_ms,46.446533203125,normal,f398aa60-da48-45c3-9eb4-8bb4a858c345,,,19.09
2026-08-10 16:43:55.507406+00:00,orchestrator,xai_latency_ms,0.0020000006770715117,normal,f398aa60-da48-45c3-9eb4-8bb4a858c345,,deterministic,19.09
2026-08-10 16:43:55.520403+00:00,detector,events_processed,476.0,normal,f398aa60-da48-45c3-9eb4-8bb4a858c345,,,19.1
2026-08-10 16:43:55.520403+00:00,detector,alerts_emitted,476.0,normal,f398aa60-da48-45c3-9eb4-8bb4a858c345,,,19.1
2026-08-10 16:43:55.521406+00:00,detector,stage_latency_ms,18.58619999984512,normal,f398aa60-da48-45c3-9eb4-8bb4a858c345,,,19.1
2026-08-10 16:43:55.521406+00:00,detector,queue_wait_ms,1.985107421875,normal,f398aa60-da48-45c3-9eb4-8bb4a858c345,,,19.1
2026-08-10 16:43:55.521406+00:00,orchestrator,events_received,476.0,normal,f398aa60-da48-45c3-9eb4-8bb4a858c345,,,19.1
2026-08-10 16:43:55.521406+00:00,detector,throughput_eps,25.00413518388122,normal,f398aa60-da48-45c3-9eb4-8bb4a858c345,,,19.1
2026-08-10 16:43:55.522404+00:00,detector,end_to_end_latency_ms,20.498291015625,normal,f398aa60-da48-45c3-9eb4-8bb4a858c345,,,19.1
2026-08-10 16:43:55.541415+00:00,generator,events_sent,477.0,normal,f398aa60-da48-45c3-9eb4-8bb4a858c345,,,19.12
2026-08-10 16:43:55.542418+00:00,generator,throughput_eps,25.00076852361901,normal,f398aa60-da48-45c3-9eb4-8bb4a858c345,,,19.12
2026-08-10 16:43:55.561416+00:00,detector,events_processed,477.0,normal,f398aa60-da48-45c3-9eb4-8bb4a858c345,,,19.14
2026-08-10 16:43:55.562418+00:00,detector,alerts_emitted,477.0,normal,f398aa60-da48-45c3-9eb4-8bb4a858c345,,,19.14
2026-08-10 16:43:55.562418+00:00,detector,throughput_eps,24.996095871876065,normal,f398aa60-da48-45c3-9eb4-8bb4a858c345,,,19.14
2026-08-10 16:43:55.562418+00:00,detector,queue_wait_ms,2.001708984375,normal,f398aa60-da48-45c3-9eb4-8bb4a858c345,,,19.14
2026-08-10 16:43:55.563415+00:00,detector,stage_latency_ms,19.31749999857857,normal,f398aa60-da48-45c3-9eb4-8bb4a858c345,,,19.14
2026-08-10 16:43:55.563415+00:00,detector,end_to_end_latency_ms,20.999755859375,normal,f398aa60-da48-45c3-9eb4-8bb4a858c345,,,19.14
2026-08-10 16:43:55.582492+00:00,generator,events_sent,478.0,normal,f398aa60-da48-45c3-9eb4-8bb4a858c345,,,19.16
2026-08-10 16:43:55.582492+00:00,generator,throughput_eps,24.9969620627566,normal,f398aa60-da48-45c3-9eb4-8bb4a858c345,,,19.16
2026-08-10 16:43:55.586517+00:00,orchestrator,throughput_eps,24.796031473784037,normal,f398aa60-da48-45c3-9eb4-8bb4a858c345,,,19.17
2026-08-10 16:43:55.586517+00:00,orchestrator,events_processed,476.0,normal,f398aa60-da48-45c3-9eb4-8bb4a858c345,,,19.17
2026-08-10 16:43:55.587516+00:00,orchestrator,queue_wait_ms,3.00341796875,normal,f398aa60-da48-45c3-9eb4-8bb4a858c345,,,19.17
2026-08-10 16:43:55.587516+00:00,orchestrator,stage_latency_ms,65.62099999973725,normal,f398aa60-da48-45c3-9eb4-8bb4a858c345,,,19.17
2026-08-10 16:43:55.587516+00:00,orchestrator,end_to_end_latency_ms,86.6123046875,normal,f398aa60-da48-45c3-9eb4-8bb4a858c345,,,19.17
2026-08-10 16:43:55.588517+00:00,orchestrator,xai_latency_ms,0.0022999993234407157,normal,f398aa60-da48-45c3-9eb4-8bb4a858c345,,deterministic,19.17
2026-08-10 16:43:55.590516+00:00,orchestrator,events_received,477.0,normal,f398aa60-da48-45c3-9eb4-8bb4a858c345,,,19.17
2026-08-10 16:43:55.601649+00:00,detector,events_processed,478.0,normal,f398aa60-da48-45c3-9eb4-8bb4a858c345,,,19.18
2026-08-10 16:43:55.601649+00:00,detector,alerts_emitted,478.0,normal,f398aa60-da48-45c3-9eb4-8bb4a858c345,,,19.18
2026-08-10 16:43:55.601649+00:00,detector,throughput_eps,24.997538044888156,normal,f398aa60-da48-45c3-9eb4-8bb4a858c345,,,19.18
2026-08-10 16:43:55.602656+00:00,detector,queue_wait_ms,1.99169921875,normal,f398aa60-da48-45c3-9eb4-8bb4a858c345,,,19.18
2026-08-10 16:43:55.602656+00:00,detector,stage_latency_ms,18.624300000738003,normal,f398aa60-da48-45c3-9eb4-8bb4a858c345,,,19.18
2026-08-10 16:43:55.602656+00:00,detector,end_to_end_latency_ms,21.148681640625,normal,f398aa60-da48-45c3-9eb4-8bb4a858c345,,,19.18
2026-08-10 16:43:55.614653+00:00,orchestrator,events_processed,477.0,normal,f398aa60-da48-45c3-9eb4-8bb4a858c345,,,19.19
2026-08-10 16:43:55.615653+00:00,orchestrator,stage_latency_ms,24.311999999554246,normal,f398aa60-da48-45c3-9eb4-8bb4a858c345,,,19.2
2026-08-10 16:43:55.615653+00:00,orchestrator,throughput_eps,24.85558952596757,normal,f398aa60-da48-45c3-9eb4-8bb4a858c345,,,19.2
2026-08-10 16:43:55.615653+00:00,orchestrator,queue_wait_ms,32.102294921875,normal,f398aa60-da48-45c3-9eb4-8bb4a858c345,,,19.2
2026-08-10 16:43:55.616655+00:00,orchestrator,end_to_end_latency_ms,74.237060546875,normal,f398aa60-da48-45c3-9eb4-8bb4a858c345,,,19.2
2026-08-10 16:43:55.616655+00:00,orchestrator,xai_latency_ms,0.0021000014385208488,normal,f398aa60-da48-45c3-9eb4-8bb4a858c345,,deterministic,19.2
2026-08-10 16:43:55.618653+00:00,orchestrator,events_received,478.0,normal,f398aa60-da48-45c3-9eb4-8bb4a858c345,,,19.2
2026-08-10 16:43:55.620654+00:00,generator,events_sent,479.0,normal,f398aa60-da48-45c3-9eb4-8bb4a858c345,,,19.2
2026-08-10 16:43:55.620654+00:00,generator,throughput_eps,25.004580339027047,normal,f398aa60-da48-45c3-9eb4-8bb4a858c345,,,19.2
2026-08-10 16:43:55.639654+00:00,detector,events_processed,479.0,normal,f398aa60-da48-45c3-9eb4-8bb4a858c345,,,19.22
2026-08-10 16:43:55.639654+00:00,detector,alerts_emitted,479.0,normal,f398aa60-da48-45c3-9eb4-8bb4a858c345,,,19.22
2026-08-10 16:43:55.639654+00:00,detector,throughput_eps,25.00743270914964,normal,f398aa60-da48-45c3-9eb4-8bb4a858c345,,,19.22
2026-08-10 16:43:55.639654+00:00,detector,queue_wait_ms,0.99951171875,normal,f398aa60-da48-45c3-9eb4-8bb4a858c345,,,19.22
2026-08-10 16:43:55.640653+00:00,detector,stage_latency_ms,18.29089999955613,normal,f398aa60-da48-45c3-9eb4-8bb4a858c345,,,19.22
2026-08-10 16:43:55.640653+00:00,detector,end_to_end_latency_ms,19.99951171875,normal,f398aa60-da48-45c3-9eb4-8bb4a858c345,,,19.22
2026-08-10 16:43:55.642653+00:00,orchestrator,throughput_eps,25.17177912266952,normal,f398aa60-da48-45c3-9eb4-8bb4a858c345,,,19.22
2026-08-10 16:43:55.642653+00:00,orchestrator,events_processed,478.0,normal,f398aa60-da48-45c3-9eb4-8bb4a858c345,,,19.22
2026-08-10 16:43:55.643653+00:00,orchestrator,queue_wait_ms,19.13818359375,normal,f398aa60-da48-45c3-9eb4-8bb4a858c345,,,19.22
2026-08-10 16:43:55.643653+00:00,orchestrator,stage_latency_ms,24.070600000413833,normal,f398aa60-da48-45c3-9eb4-8bb4a858c345,,,19.22
2026-08-10 16:43:55.643653+00:00,orchestrator,end_to_end_latency_ms,62.15234375,normal,f398aa60-da48-45c3-9eb4-8bb4a858c345,,,19.22
2026-08-10 16:43:55.644655+00:00,orchestrator,xai_latency_ms,0.0020000006770715117,normal,f398aa60-da48-45c3-9eb4-8bb4a858c345,,deterministic,19.22
2026-08-10 16:43:55.646654+00:00,orchestrator,events_received,479.0,normal,f398aa60-da48-45c3-9eb4-8bb4a858c345,,,19.23
2026-08-10 16:43:55.661348+00:00,generator,events_sent,480.0,normal,f398aa60-da48-45c3-9eb4-8bb4a858c345,,,19.24
2026-08-10 16:43:55.662348+00:00,generator,throughput_eps,24.99925103049812,normal,f398aa60-da48-45c3-9eb4-8bb4a858c345,,,19.24
2026-08-10 16:43:55.671363+00:00,orchestrator,events_processed,479.0,normal,f398aa60-da48-45c3-9eb4-8bb4a858c345,,,19.25
2026-08-10 16:43:55.671363+00:00,orchestrator,throughput_eps,25.228382455012127,normal,f398aa60-da48-45c3-9eb4-8bb4a858c345,,,19.25
2026-08-10 16:43:55.672369+00:00,orchestrator,queue_wait_ms,9.000732421875,normal,f398aa60-da48-45c3-9eb4-8bb4a858c345,,,19.25
2026-08-10 16:43:55.672369+00:00,orchestrator,stage_latency_ms,24.839800000336254,normal,f398aa60-da48-45c3-9eb4-8bb4a858c345,,,19.25
2026-08-10 16:43:55.673368+00:00,orchestrator,xai_latency_ms,0.0018000009731622413,normal,f398aa60-da48-45c3-9eb4-8bb4a858c345,,deterministic,19.25
2026-08-10 16:43:55.673368+00:00,orchestrator,end_to_end_latency_ms,51.70849609375,normal,f398aa60-da48-45c3-9eb4-8bb4a858c345,,,19.25
2026-08-10 16:43:55.681435+00:00,detector,throughput_eps,24.99733848901907,normal,f398aa60-da48-45c3-9eb4-8bb4a858c345,,,19.26
2026-08-10 16:43:55.681435+00:00,orchestrator,events_received,480.0,normal,f398aa60-da48-45c3-9eb4-8bb4a858c345,,,19.26
2026-08-10 16:43:55.681435+00:00,detector,events_processed,480.0,normal,f398aa60-da48-45c3-9eb4-8bb4a858c345,,,19.26
2026-08-10 16:43:55.681435+00:00,detector,alerts_emitted,480.0,normal,f398aa60-da48-45c3-9eb4-8bb4a858c345,,,19.26
2026-08-10 16:43:55.682464+00:00,detector,queue_wait_ms,2.0,normal,f398aa60-da48-45c3-9eb4-8bb4a858c345,,,19.26
2026-08-10 16:43:55.682464+00:00,detector,stage_latency_ms,19.071900000199093,normal,f398aa60-da48-45c3-9eb4-8bb4a858c345,,,19.26
2026-08-10 16:43:55.682464+00:00,detector,end_to_end_latency_ms,21.0869140625,normal,f398aa60-da48-45c3-9eb4-8bb4a858c345,,,19.26
2026-08-10 16:43:55.702197+00:00,generator,events_sent,481.0,normal,f398aa60-da48-45c3-9eb4-8bb4a858c345,,,19.28
2026-08-10 16:43:55.702197+00:00,generator,throughput_eps,24.995975446367655,normal,f398aa60-da48-45c3-9eb4-8bb4a858c345,,,19.28
2026-08-10 16:43:55.706197+00:00,orchestrator,events_processed,480.0,normal,f398aa60-da48-45c3-9eb4-8bb4a858c345,,,19.29
2026-08-10 16:43:55.707197+00:00,orchestrator,stage_latency_ms,25.07280000099854,normal,f398aa60-da48-45c3-9eb4-8bb4a858c345,,,19.29
2026-08-10 16:43:55.707197+00:00,orchestrator,throughput_eps,25.251168462752016,normal,f398aa60-da48-45c3-9eb4-8bb4a858c345,,,19.29
2026-08-10 16:43:55.707197+00:00,orchestrator,queue_wait_ms,2.068603515625,normal,f398aa60-da48-45c3-9eb4-8bb4a858c345,,,19.29
2026-08-10 16:43:55.707197+00:00,orchestrator,end_to_end_latency_ms,45.849365234375,normal,f398aa60-da48-45c3-9eb4-8bb4a858c345,,,19.29
2026-08-10 16:43:55.708197+00:00,orchestrator,xai_latency_ms,0.0016000012692529708,normal,f398aa60-da48-45c3-9eb4-8bb4a858c345,,deterministic,19.29
2026-08-10 16:43:55.721197+00:00,orchestrator,events_received,481.0,normal,f398aa60-da48-45c3-9eb4-8bb4a858c345,,,19.3
2026-08-10 16:43:55.721197+00:00,detector,events_processed,481.0,normal,f398aa60-da48-45c3-9eb4-8bb4a858c345,,,19.3
2026-08-10 16:43:55.721197+00:00,detector,alerts_emitted,481.0,normal,f398aa60-da48-45c3-9eb4-8bb4a858c345,,,19.3
2026-08-10 16:43:55.722197+00:00,detector,throughput_eps,24.996641580250873,normal,f398aa60-da48-45c3-9eb4-8bb4a858c345,,,19.3
2026-08-10 16:43:55.722676+00:00,detector,queue_wait_ms,1.990966796875,normal,f398aa60-da48-45c3-9eb4-8bb4a858c345,,,19.3
2026-08-10 16:43:55.722676+00:00,detector,stage_latency_ms,18.761700001050485,normal,f398aa60-da48-45c3-9eb4-8bb4a858c345,,,19.3
2026-08-10 16:43:55.722676+00:00,detector,end_to_end_latency_ms,20.99169921875,normal,f398aa60-da48-45c3-9eb4-8bb4a858c345,,,19.3
2026-08-10 16:43:55.742160+00:00,generator,events_sent,482.0,normal,f398aa60-da48-45c3-9eb4-8bb4a858c345,,,19.32
2026-08-10 16:43:55.742160+00:00,generator,throughput_eps,24.99736922848341,normal,f398aa60-da48-45c3-9eb4-8bb4a858c345,,,19.32
2026-08-10 16:43:55.747159+00:00,orchestrator,events_processed,481.0,normal,f398aa60-da48-45c3-9eb4-8bb4a858c345,,,19.33
2026-08-10 16:43:55.747159+00:00,orchestrator,throughput_eps,25.128729455254042,normal,f398aa60-da48-45c3-9eb4-8bb4a858c345,,,19.33
2026-08-10 16:43:55.748159+00:00,orchestrator,queue_wait_ms,3.001220703125,normal,f398aa60-da48-45c3-9eb4-8bb4a858c345,,,19.33
2026-08-10 16:43:55.748159+00:00,orchestrator,stage_latency_ms,25.610999999116757,normal,f398aa60-da48-45c3-9eb4-8bb4a858c345,,,19.33
2026-08-10 16:43:55.748159+00:00,orchestrator,end_to_end_latency_ms,46.953857421875,normal,f398aa60-da48-45c3-9eb4-8bb4a858c345,,,19.33
2026-08-10 16:43:55.749162+00:00,orchestrator,xai_latency_ms,0.0024000000848900527,normal,f398aa60-da48-45c3-9eb4-8bb4a858c345,,deterministic,19.33
2026-08-10 16:43:55.761308+00:00,detector,events_processed,482.0,normal,f398aa60-da48-45c3-9eb4-8bb4a858c345,,,19.34
2026-08-10 16:43:55.761308+00:00,detector,alerts_emitted,482.0,normal,f398aa60-da48-45c3-9eb4-8bb4a858c345,,,19.34
2026-08-10 16:43:55.761308+00:00,orchestrator,events_received,482.0,normal,f398aa60-da48-45c3-9eb4-8bb4a858c345,,,19.34
2026-08-10 16:43:55.761308+00:00,detector,throughput_eps,24.99818763138897,normal,f398aa60-da48-45c3-9eb4-8bb4a858c345,,,19.34
2026-08-10 16:43:55.762338+00:00,detector,queue_wait_ms,1.991455078125,normal,f398aa60-da48-45c3-9eb4-8bb4a858c345,,,19.34
2026-08-10 16:43:55.762338+00:00,detector,stage_latency_ms,18.92499999848951,normal,f398aa60-da48-45c3-9eb4-8bb4a858c345,,,19.34
2026-08-10 16:43:55.762338+00:00,detector,end_to_end_latency_ms,21.139404296875,normal,f398aa60-da48-45c3-9eb4-8bb4a858c345,,,19.34
2026-08-10 16:43:55.782362+00:00,generator,events_sent,483.0,normal,f398aa60-da48-45c3-9eb4-8bb4a858c345,,,19.36
2026-08-10 16:43:55.782362+00:00,generator,throughput_eps,24.996288353548533,normal,f398aa60-da48-45c3-9eb4-8bb4a858c345,,,19.36
2026-08-10 16:43:55.786360+00:00,orchestrator,events_processed,482.0,normal,f398aa60-da48-45c3-9eb4-8bb4a858c345,,,19.37
2026-08-10 16:43:55.786360+00:00,orchestrator,throughput_eps,25.355666469129666,normal,f398aa60-da48-45c3-9eb4-8bb4a858c345,,,19.37
2026-08-10 16:43:55.787360+00:00,orchestrator,end_to_end_latency_ms,46.19140625,normal,f398aa60-da48-45c3-9eb4-8bb4a858c345,,,19.37
2026-08-10 16:43:55.787360+00:00,orchestrator,stage_latency_ms,24.93259999937436,normal,f398aa60-da48-45c3-9eb4-8bb4a858c345,,,19.37
2026-08-10 16:43:55.787360+00:00,orchestrator,queue_wait_ms,2.1484375,normal,f398aa60-da48-45c3-9eb4-8bb4a858c345,,,19.37
2026-08-10 16:43:55.788360+00:00,orchestrator,xai_latency_ms,0.0018999999156221747,normal,f398aa60-da48-45c3-9eb4-8bb4a858c345,,deterministic,19.37
2026-08-10 16:43:55.801391+00:00,detector,events_processed,483.0,normal,f398aa60-da48-45c3-9eb4-8bb4a858c345,,,19.38
2026-08-10 16:43:55.802391+00:00,detector,alerts_emitted,483.0,normal,f398aa60-da48-45c3-9eb4-8bb4a858c345,,,19.38
2026-08-10 16:43:55.802391+00:00,orchestrator,events_received,483.0,normal,f398aa60-da48-45c3-9eb4-8bb4a858c345,,,19.38
2026-08-10 16:43:55.802391+00:00,detector,throughput_eps,24.997443809780766,normal,f398aa60-da48-45c3-9eb4-8bb4a858c345,,,19.38
2026-08-10 16:43:55.803361+00:00,detector,queue_wait_ms,2.0009765625,normal,f398aa60-da48-45c3-9eb4-8bb4a858c345,,,19.38
2026-08-10 16:43:55.803361+00:00,detector,stage_latency_ms,18.996500000866945,normal,f398aa60-da48-45c3-9eb4-8bb4a858c345,,,19.38
2026-08-10 16:43:55.803361+00:00,detector,end_to_end_latency_ms,21.02978515625,normal,f398aa60-da48-45c3-9eb4-8bb4a858c345,,,19.38
2026-08-10 16:43:55.822258+00:00,generator,events_sent,484.0,normal,f398aa60-da48-45c3-9eb4-8bb4a858c345,,,19.4
2026-08-10 16:43:55.822258+00:00,generator,throughput_eps,24.995114362223354,normal,f398aa60-da48-45c3-9eb4-8bb4a858c345,,,19.4
2026-08-10 16:43:55.827258+00:00,orchestrator,throughput_eps,25.348372643526346,normal,f398aa60-da48-45c3-9eb4-8bb4a858c345,,,19.41
2026-08-10 16:43:55.827258+00:00,orchestrator,events_processed,483.0,normal,f398aa60-da48-45c3-9eb4-8bb4a858c345,,,19.41
2026-08-10 16:43:55.828258+00:00,orchestrator,queue_wait_ms,3.030517578125,normal,f398aa60-da48-45c3-9eb4-8bb4a858c345,,,19.41
2026-08-10 16:43:55.828258+00:00,orchestrator,stage_latency_ms,25.244000000384403,normal,f398aa60-da48-45c3-9eb4-8bb4a858c345,,,19.41
2026-08-10 16:43:55.829256+00:00,orchestrator,end_to_end_latency_ms,46.896240234375,normal,f398aa60-da48-45c3-9eb4-8bb4a858c345,,,19.41
2026-08-10 16:43:55.829256+00:00,orchestrator,xai_latency_ms,0.0018000009731622413,normal,f398aa60-da48-45c3-9eb4-8bb4a858c345,,deterministic,19.41
2026-08-10 16:43:55.841256+00:00,detector,events_processed,484.0,normal,f398aa60-da48-45c3-9eb4-8bb4a858c345,,,19.42
2026-08-10 16:43:55.841256+00:00,detector,alerts_emitted,484.0,normal,f398aa60-da48-45c3-9eb4-8bb4a858c345,,,19.42
2026-08-10 16:43:55.841256+00:00,orchestrator,events_received,484.0,normal,f398aa60-da48-45c3-9eb4-8bb4a858c345,,,19.42
2026-08-10 16:43:55.842256+00:00,detector,throughput_eps,24.996629990623006,normal,f398aa60-da48-45c3-9eb4-8bb4a858c345,,,19.42
2026-08-10 16:43:55.842256+00:00,detector,queue_wait_ms,2.002197265625,normal,f398aa60-da48-45c3-9eb4-8bb4a858c345,,,19.42
2026-08-10 16:43:55.842256+00:00,detector,stage_latency_ms,19.083799999862094,normal,f398aa60-da48-45c3-9eb4-8bb4a858c345,,,19.42
2026-08-10 16:43:55.843255+00:00,detector,end_to_end_latency_ms,21.00048828125,normal,f398aa60-da48-45c3-9eb4-8bb4a858c345,,,19.42
2026-08-10 16:43:55.862301+00:00,generator,events_sent,485.0,normal,f398aa60-da48-45c3-9eb4-8bb4a858c345,,,19.44
2026-08-10 16:43:55.863272+00:00,generator,throughput_eps,24.993858867780588,normal,f398aa60-da48-45c3-9eb4-8bb4a858c345,,,19.44
2026-08-10 16:43:55.867269+00:00,orchestrator,events_processed,484.0,normal,f398aa60-da48-45c3-9eb4-8bb4a858c345,,,19.45
2026-08-10 16:43:55.867269+00:00,orchestrator,throughput_eps,25.288583886267595,normal,f398aa60-da48-45c3-9eb4-8bb4a858c345,,,19.45
2026-08-10 16:43:55.868270+00:00,orchestrator,xai_latency_ms,0.002099999619531445,normal,f398aa60-da48-45c3-9eb4-8bb4a858c345,,deterministic,19.45
2026-08-10 16:43:55.868270+00:00,orchestrator,end_to_end_latency_ms,47.013427734375,normal,f398aa60-da48-45c3-9eb4-8bb4a858c345,,,19.45
2026-08-10 16:43:55.868270+00:00,orchestrator,queue_wait_ms,2.00048828125,normal,f398aa60-da48-45c3-9eb4-8bb4a858c345,,,19.45
2026-08-10 16:43:55.868270+00:00,orchestrator,stage_latency_ms,25.664099999630707,normal,f398aa60-da48-45c3-9eb4-8bb4a858c345,,,19.45
2026-08-10 16:43:55.882836+00:00,detector,events_processed,485.0,normal,f398aa60-da48-45c3-9eb4-8bb4a858c345,,,19.46
2026-08-10 16:43:55.882836+00:00,detector,alerts_emitted,485.0,normal,f398aa60-da48-45c3-9eb4-8bb4a858c345,,,19.46
2026-08-10 16:43:55.882836+00:00,detector,throughput_eps,24.991710410898023,normal,f398aa60-da48-45c3-9eb4-8bb4a858c345,,,19.46
2026-08-10 16:43:55.883838+00:00,orchestrator,events_received,485.0,normal,f398aa60-da48-45c3-9eb4-8bb4a858c345,,,19.46
2026-08-10 16:43:55.883838+00:00,detector,queue_wait_ms,2.97265625,normal,f398aa60-da48-45c3-9eb4-8bb4a858c345,,,19.46
2026-08-10 16:43:55.884871+00:00,detector,stage_latency_ms,19.843800000671763,normal,f398aa60-da48-45c3-9eb4-8bb4a858c345,,,19.46
2026-08-10 16:43:55.884871+00:00,detector,end_to_end_latency_ms,22.53662109375,normal,f398aa60-da48-45c3-9eb4-8bb4a858c345,,,19.46
2026-08-10 16:43:55.901881+00:00,generator,events_sent,486.0,normal,f398aa60-da48-45c3-9eb4-8bb4a858c345,,,19.48
2026-08-10 16:43:55.901881+00:00,generator,throughput_eps,24.999003567941415,normal,f398aa60-da48-45c3-9eb4-8bb4a858c345,,,19.48
2026-08-10 16:43:55.909889+00:00,orchestrator,events_processed,485.0,normal,f398aa60-da48-45c3-9eb4-8bb4a858c345,,,19.49
2026-08-10 16:43:55.909889+00:00,orchestrator,throughput_eps,25.207978325144698,normal,f398aa60-da48-45c3-9eb4-8bb4a858c345,,,19.49
2026-08-10 16:43:55.909889+00:00,orchestrator,queue_wait_ms,3.56884765625,normal,f398aa60-da48-45c3-9eb4-8bb4a858c345,,,19.49
2026-08-10 16:43:55.910890+00:00,orchestrator,end_to_end_latency_ms,49.59033203125,normal,f398aa60-da48-45c3-9eb4-8bb4a858c345,,,19.49
2026-08-10 16:43:55.910890+00:00,orchestrator,stage_latency_ms,26.073600000017905,normal,f398aa60-da48-45c3-9eb4-8bb4a858c345,,,19.49
2026-08-10 16:43:55.911890+00:00,orchestrator,xai_latency_ms,0.0018000009731622413,normal,f398aa60-da48-45c3-9eb4-8bb4a858c345,,deterministic,19.49
2026-08-10 16:43:55.920888+00:00,detector,events_processed,486.0,normal,f398aa60-da48-45c3-9eb4-8bb4a858c345,,,19.5
2026-08-10 16:43:55.920888+00:00,detector,alerts_emitted,486.0,normal,f398aa60-da48-45c3-9eb4-8bb4a858c345,,,19.5
2026-08-10 16:43:55.920888+00:00,orchestrator,events_received,486.0,normal,f398aa60-da48-45c3-9eb4-8bb4a858c345,,,19.5
2026-08-10 16:43:55.920888+00:00,detector,throughput_eps,25.001666611098397,normal,f398aa60-da48-45c3-9eb4-8bb4a858c345,,,19.5
2026-08-10 16:43:55.921890+00:00,detector,queue_wait_ms,2.00048828125,normal,f398aa60-da48-45c3-9eb4-8bb4a858c345,,,19.5
2026-08-10 16:43:55.921890+00:00,detector,stage_latency_ms,18.60770000166667,normal,f398aa60-da48-45c3-9eb4-8bb4a858c345,,,19.5
2026-08-10 16:43:55.921890+00:00,detector,end_to_end_latency_ms,21.0078125,normal,f398aa60-da48-45c3-9eb4-8bb4a858c345,,,19.5
2026-08-10 16:43:55.941708+00:00,generator,events_sent,487.0,normal,f398aa60-da48-45c3-9eb4-8bb4a858c345,,,19.52
2026-08-10 16:43:55.941708+00:00,generator,throughput_eps,25.000799025536317,normal,f398aa60-da48-45c3-9eb4-8bb4a858c345,,,19.52
2026-08-10 16:43:55.946219+00:00,orchestrator,queue_wait_ms,2.00048828125,normal,f398aa60-da48-45c3-9eb4-8bb4a858c345,,,19.53
2026-08-10 16:43:55.946219+00:00,orchestrator,events_processed,486.0,normal,f398aa60-da48-45c3-9eb4-8bb4a858c345,,,19.53
2026-08-10 16:43:55.946219+00:00,orchestrator,throughput_eps,25.11374063360372,normal,f398aa60-da48-45c3-9eb4-8bb4a858c345,,,19.53
2026-08-10 16:43:55.947219+00:00,orchestrator,xai_latency_ms,0.0018999999156221747,normal,f398aa60-da48-45c3-9eb4-8bb4a858c345,,deterministic,19.53
2026-08-10 16:43:55.947219+00:00,orchestrator,stage_latency_ms,24.9762000003102,normal,f398aa60-da48-45c3-9eb4-8bb4a858c345,,,19.53
2026-08-10 16:43:55.947219+00:00,orchestrator,end_to_end_latency_ms,46.338623046875,normal,f398aa60-da48-45c3-9eb4-8bb4a858c345,,,19.53
2026-08-10 16:43:55.961222+00:00,detector,events_processed,487.0,normal,f398aa60-da48-45c3-9eb4-8bb4a858c345,,,19.54
2026-08-10 16:43:55.962218+00:00,detector,alerts_emitted,487.0,normal,f398aa60-da48-45c3-9eb4-8bb4a858c345,,,19.54
2026-08-10 16:43:55.962218+00:00,orchestrator,events_received,487.0,normal,f398aa60-da48-45c3-9eb4-8bb4a858c345,,,19.54
2026-08-10 16:43:55.962218+00:00,detector,throughput_eps,24.993734433594064,normal,f398aa60-da48-45c3-9eb4-8bb4a858c345,,,19.54
2026-08-10 16:43:55.962218+00:00,detector,queue_wait_ms,2.513916015625,normal,f398aa60-da48-45c3-9eb4-8bb4a858c345,,,19.54
2026-08-10 16:43:55.963219+00:00,detector,stage_latency_ms,19.884200000888086,normal,f398aa60-da48-45c3-9eb4-8bb4a858c345,,,19.54
2026-08-10 16:43:55.963219+00:00,detector,end_to_end_latency_ms,21.513916015625,normal,f398aa60-da48-45c3-9eb4-8bb4a858c345,,,19.54
2026-08-10 16:43:55.982346+00:00,generator,events_sent,488.0,normal,f398aa60-da48-45c3-9eb4-8bb4a858c345,,,19.56
2026-08-10 16:43:55.982346+00:00,generator,throughput_eps,24.99543077478093,normal,f398aa60-da48-45c3-9eb4-8bb4a858c345,,,19.56
2026-08-10 16:43:56.001532+00:00,detector,events_processed,488.0,normal,f398aa60-da48-45c3-9eb4-8bb4a858c345,,,19.58
2026-08-10 16:43:56.002053+00:00,detector,throughput_eps,24.998190655149113,normal,f398aa60-da48-45c3-9eb4-8bb4a858c345,,,19.58
2026-08-10 16:43:56.002053+00:00,detector,alerts_emitted,488.0,normal,f398aa60-da48-45c3-9eb4-8bb4a858c345,,,19.58
2026-08-10 16:43:56.002578+00:00,detector,queue_wait_ms,1.9990234375,normal,f398aa60-da48-45c3-9eb4-8bb4a858c345,,,19.58
2026-08-10 16:43:56.003107+00:00,detector,stage_latency_ms,18.6853000013798,normal,f398aa60-da48-45c3-9eb4-8bb4a858c345,,,19.58
2026-08-10 16:43:56.003107+00:00,detector,end_to_end_latency_ms,21.185302734375,normal,f398aa60-da48-45c3-9eb4-8bb4a858c345,,,19.58
2026-08-10 16:43:56.021425+00:00,generator,events_sent,489.0,normal,f398aa60-da48-45c3-9eb4-8bb4a858c345,,,19.6
2026-08-10 16:43:56.022424+00:00,generator,throughput_eps,24.997699304485014,normal,f398aa60-da48-45c3-9eb4-8bb4a858c345,,,19.6
2026-08-10 16:43:56.026424+00:00,orchestrator,events_processed,487.0,normal,f398aa60-da48-45c3-9eb4-8bb4a858c345,,,19.61
2026-08-10 16:43:56.026424+00:00,orchestrator,throughput_eps,24.798753078371167,normal,f398aa60-da48-45c3-9eb4-8bb4a858c345,,,19.61
2026-08-10 16:43:56.027424+00:00,orchestrator,queue_wait_ms,3.00048828125,normal,f398aa60-da48-45c3-9eb4-8bb4a858c345,,,19.61
2026-08-10 16:43:56.027424+00:00,orchestrator,stage_latency_ms,64.31100000008882,normal,f398aa60-da48-45c3-9eb4-8bb4a858c345,,,19.61
2026-08-10 16:43:56.027424+00:00,orchestrator,end_to_end_latency_ms,86.716064453125,normal,f398aa60-da48-45c3-9eb4-8bb4a858c345,,,19.61
2026-08-10 16:43:56.028423+00:00,orchestrator,xai_latency_ms,0.0018999999156221747,normal,f398aa60-da48-45c3-9eb4-8bb4a858c345,,deterministic,19.61
2026-08-10 16:43:56.030424+00:00,orchestrator,events_received,488.0,normal,f398aa60-da48-45c3-9eb4-8bb4a858c345,,,19.61
2026-08-10 16:43:56.040301+00:00,detector,events_processed,489.0,normal,f398aa60-da48-45c3-9eb4-8bb4a858c345,,,19.62
2026-08-10 16:43:56.041339+00:00,detector,queue_wait_ms,2.001220703125,normal,f398aa60-da48-45c3-9eb4-8bb4a858c345,,,19.62
2026-08-10 16:43:56.041339+00:00,detector,alerts_emitted,489.0,normal,f398aa60-da48-45c3-9eb4-8bb4a858c345,,,19.62
2026-08-10 16:43:56.041339+00:00,detector,throughput_eps,25.000987038962283,normal,f398aa60-da48-45c3-9eb4-8bb4a858c345,,,19.62
2026-08-10 16:43:56.042306+00:00,detector,stage_latency_ms,18.668099999558763,normal,f398aa60-da48-45c3-9eb4-8bb4a858c345,,,19.62
2026-08-10 16:43:56.042306+00:00,detector,end_to_end_latency_ms,19.878173828125,normal,f398aa60-da48-45c3-9eb4-8bb4a858c345,,,19.62
2026-08-10 16:43:56.054383+00:00,orchestrator,events_processed,488.0,normal,f398aa60-da48-45c3-9eb4-8bb4a858c345,,,19.63
2026-08-10 16:43:56.054383+00:00,orchestrator,throughput_eps,24.859431442747372,normal,f398aa60-da48-45c3-9eb4-8bb4a858c345,,,19.63
2026-08-10 16:43:56.055383+00:00,orchestrator,queue_wait_ms,31.011474609375,normal,f398aa60-da48-45c3-9eb4-8bb4a858c345,,,19.63
2026-08-10 16:43:56.055383+00:00,orchestrator,stage_latency_ms,24.10750000126427,normal,f398aa60-da48-45c3-9eb4-8bb4a858c345,,,19.63
2026-08-10 16:43:56.055383+00:00,orchestrator,end_to_end_latency_ms,74.0361328125,normal,f398aa60-da48-45c3-9eb4-8bb4a858c345,,,19.63
2026-08-10 16:43:56.055383+00:00,orchestrator,xai_latency_ms,0.002099999619531445,normal,f398aa60-da48-45c3-9eb4-8bb4a858c345,,deterministic,19.63
2026-08-10 16:43:56.058383+00:00,orchestrator,events_received,489.0,normal,f398aa60-da48-45c3-9eb4-8bb4a858c345,,,19.64
2026-08-10 16:43:56.061384+00:00,generator,events_sent,490.0,normal,f398aa60-da48-45c3-9eb4-8bb4a858c345,,,19.64
2026-08-10 16:43:56.061384+00:00,generator,throughput_eps,25.00188975977102,normal,f398aa60-da48-45c3-9eb4-8bb4a858c345,,,19.64
2026-08-10 16:43:56.081426+00:00,detector,alerts_emitted,490.0,normal,f398aa60-da48-45c3-9eb4-8bb4a858c345,,,19.66
2026-08-10 16:43:56.081426+00:00,detector,events_processed,490.0,normal,f398aa60-da48-45c3-9eb4-8bb4a858c345,,,19.66
2026-08-10 16:43:56.082427+00:00,detector,throughput_eps,25.0021559318723,normal,f398aa60-da48-45c3-9eb4-8bb4a858c345,,,19.66
2026-08-10 16:43:56.082427+00:00,detector,queue_wait_ms,1.991455078125,normal,f398aa60-da48-45c3-9eb4-8bb4a858c345,,,19.66
2026-08-10 16:43:56.082427+00:00,orchestrator,events_processed,489.0,normal,f398aa60-da48-45c3-9eb4-8bb4a858c345,,,19.66
2026-08-10 16:43:56.083426+00:00,orchestrator,throughput_eps,25.123354658329667,normal,f398aa60-da48-45c3-9eb4-8bb4a858c345,,,19.66
2026-08-10 16:43:56.083426+00:00,detector,end_to_end_latency_ms,21.03564453125,normal,f398aa60-da48-45c3-9eb4-8bb4a858c345,,,19.66
2026-08-10 16:43:56.083426+00:00,orchestrator,queue_wait_ms,19.96044921875,normal,f398aa60-da48-45c3-9eb4-8bb4a858c345,,,19.66
2026-08-10 16:43:56.083426+00:00,orchestrator,stage_latency_ms,24.53819999936968,normal,f398aa60-da48-45c3-9eb4-8bb4a858c345,,,19.66
2026-08-10 16:43:56.084425+00:00,orchestrator,end_to_end_latency_ms,62.00341796875,normal,f398aa60-da48-45c3-9eb4-8bb4a858c345,,,19.66
2026-08-10 16:43:56.084425+00:00,orchestrator,xai_latency_ms,0.0018999999156221747,normal,f398aa60-da48-45c3-9eb4-8bb4a858c345,,deterministic,19.66
2026-08-10 16:43:56.086425+00:00,orchestrator,events_received,490.0,normal,f398aa60-da48-45c3-9eb4-8bb4a858c345,,,19.67
2026-08-10 16:43:56.101221+00:00,generator,events_sent,491.0,normal,f398aa60-da48-45c3-9eb4-8bb4a858c345,,,19.68
2026-08-10 16:43:56.101745+00:00,generator,throughput_eps,25.004146187518135,normal,f398aa60-da48-45c3-9eb4-8bb4a858c345,,,19.68
2026-08-10 16:43:56.111348+00:00,orchestrator,events_processed,490.0,normal,f398aa60-da48-45c3-9eb4-8bb4a858c345,,,19.69
2026-08-10 16:43:56.112348+00:00,orchestrator,stage_latency_ms,25.194799998644157,normal,f398aa60-da48-45c3-9eb4-8bb4a858c345,,,19.69
2026-08-10 16:43:56.112348+00:00,orchestrator,throughput_eps,25.177297522050743,normal,f398aa60-da48-45c3-9eb4-8bb4a858c345,,,19.69
2026-08-10 16:43:56.112348+00:00,orchestrator,queue_wait_ms,7.001708984375,normal,f398aa60-da48-45c3-9eb4-8bb4a858c345,,,19.69
2026-08-10 16:43:56.113348+00:00,orchestrator,end_to_end_latency_ms,50.95751953125,normal,f398aa60-da48-45c3-9eb4-8bb4a858c345,,,19.69
2026-08-10 16:43:56.113348+00:00,orchestrator,xai_latency_ms,0.002200000380980782,normal,f398aa60-da48-45c3-9eb4-8bb4a858c345,,deterministic,19.69
2026-08-10 16:43:56.122348+00:00,detector,events_processed,491.0,normal,f398aa60-da48-45c3-9eb4-8bb4a858c345,,,19.7
2026-08-10 16:43:56.123349+00:00,detector,alerts_emitted,491.0,normal,f398aa60-da48-45c3-9eb4-8bb4a858c345,,,19.7
2026-08-10 16:43:56.123349+00:00,orchestrator,events_received,491.0,normal,f398aa60-da48-45c3-9eb4-8bb4a858c345,,,19.7
2026-08-10 16:43:56.123349+00:00,detector,throughput_eps,24.990947835303622,normal,f398aa60-da48-45c3-9eb4-8bb4a858c345,,,19.7
2026-08-10 16:43:56.123349+00:00,detector,queue_wait_ms,2.084716796875,normal,f398aa60-da48-45c3-9eb4-8bb4a858c345,,,19.7
2026-08-10 16:43:56.124348+00:00,detector,end_to_end_latency_ms,22.6884765625,normal,f398aa60-da48-45c3-9eb4-8bb4a858c345,,,19.7
2026-08-10 16:43:56.124348+00:00,detector,stage_latency_ms,21.120400000654627,normal,f398aa60-da48-45c3-9eb4-8bb4a858c345,,,19.7
2026-08-10 16:43:56.141692+00:00,generator,events_sent,492.0,normal,f398aa60-da48-45c3-9eb4-8bb4a858c345,,,19.72
2026-08-10 16:43:56.142691+00:00,generator,throughput_eps,24.99684717185349,normal,f398aa60-da48-45c3-9eb4-8bb4a858c345,,,19.72
2026-08-10 16:43:56.147832+00:00,orchestrator,events_processed,491.0,normal,f398aa60-da48-45c3-9eb4-8bb4a858c345,,,19.73
2026-08-10 16:43:56.148830+00:00,orchestrator,throughput_eps,25.13690715936222,normal,f398aa60-da48-45c3-9eb4-8bb4a858c345,,,19.73
2026-08-10 16:43:56.148830+00:00,orchestrator,queue_wait_ms,2.999267578125,normal,f398aa60-da48-45c3-9eb4-8bb4a858c345,,,19.73
2026-08-10 16:43:56.148830+00:00,orchestrator,stage_latency_ms,25.114899999607587,normal,f398aa60-da48-45c3-9eb4-8bb4a858c345,,,19.73
2026-08-10 16:43:56.149830+00:00,orchestrator,end_to_end_latency_ms,48.171630859375,normal,f398aa60-da48-45c3-9eb4-8bb4a858c345,,,19.73
2026-08-10 16:43:56.149830+00:00,orchestrator,xai_latency_ms,0.002099999619531445,normal,f398aa60-da48-45c3-9eb4-8bb4a858c345,,deterministic,19.73
2026-08-10 16:43:56.162833+00:00,detector,alerts_emitted,492.0,normal,f398aa60-da48-45c3-9eb4-8bb4a858c345,,,19.74
2026-08-10 16:43:56.162833+00:00,orchestrator,events_received,492.0,normal,f398aa60-da48-45c3-9eb4-8bb4a858c345,,,19.74
2026-08-10 16:43:56.162833+00:00,detector,events_processed,492.0,normal,f398aa60-da48-45c3-9eb4-8bb4a858c345,,,19.74
2026-08-10 16:43:56.163833+00:00,detector,queue_wait_ms,2.3427734375,normal,f398aa60-da48-45c3-9eb4-8bb4a858c345,,,19.74
2026-08-10 16:43:56.163833+00:00,detector,stage_latency_ms,20.467500000449945,normal,f398aa60-da48-45c3-9eb4-8bb4a858c345,,,19.74
2026-08-10 16:43:56.163833+00:00,detector,throughput_eps,24.9895895183801,normal,f398aa60-da48-45c3-9eb4-8bb4a858c345,,,19.74
2026-08-10 16:43:56.164831+00:00,detector,end_to_end_latency_ms,22.484375,normal,f398aa60-da48-45c3-9eb4-8bb4a858c345,,,19.74
2026-08-10 16:43:56.181189+00:00,generator,throughput_eps,25.000863437083122,normal,f398aa60-da48-45c3-9eb4-8bb4a858c345,,,19.76
2026-08-10 16:43:56.181189+00:00,generator,events_sent,493.0,normal,f398aa60-da48-45c3-9eb4-8bb4a858c345,,,19.76
2026-08-10 16:43:56.187942+00:00,orchestrator,events_processed,492.0,normal,f398aa60-da48-45c3-9eb4-8bb4a858c345,,,19.77
2026-08-10 16:43:56.188196+00:00,orchestrator,throughput_eps,25.080994054099428,normal,f398aa60-da48-45c3-9eb4-8bb4a858c345,,,19.77
2026-08-10 16:43:56.188196+00:00,orchestrator,queue_wait_ms,3.00244140625,normal,f398aa60-da48-45c3-9eb4-8bb4a858c345,,,19.77
2026-08-10 16:43:56.188196+00:00,orchestrator,stage_latency_ms,24.433700000372482,normal,f398aa60-da48-45c3-9eb4-8bb4a858c345,,,19.77
2026-08-10 16:43:56.189196+00:00,orchestrator,end_to_end_latency_ms,47.593994140625,normal,f398aa60-da48-45c3-9eb4-8bb4a858c345,,,19.77
2026-08-10 16:43:56.189196+00:00,orchestrator,xai_latency_ms,0.001999998858082108,normal,f398aa60-da48-45c3-9eb4-8bb4a858c345,,deterministic,19.77
2026-08-10 16:43:56.203196+00:00,detector,events_processed,493.0,normal,f398aa60-da48-45c3-9eb4-8bb4a858c345,,,19.78
2026-08-10 16:43:56.203196+00:00,detector,alerts_emitted,493.0,normal,f398aa60-da48-45c3-9eb4-8bb4a858c345,,,19.78
2026-08-10 16:43:56.203196+00:00,orchestrator,events_received,493.0,normal,f398aa60-da48-45c3-9eb4-8bb4a858c345,,,19.78
2026-08-10 16:43:56.203196+00:00,detector,throughput_eps,24.989345772278288,normal,f398aa60-da48-45c3-9eb4-8bb4a858c345,,,19.78
2026-08-10 16:43:56.204197+00:00,detector,queue_wait_ms,1.359375,normal,f398aa60-da48-45c3-9eb4-8bb4a858c345,,,19.78
2026-08-10 16:43:56.204197+00:00,detector,stage_latency_ms,21.246000000246568,normal,f398aa60-da48-45c3-9eb4-8bb4a858c345,,,19.78
2026-08-10 16:43:56.205198+00:00,detector,end_to_end_latency_ms,23.36669921875,normal,f398aa60-da48-45c3-9eb4-8bb4a858c345,,,19.78
2026-08-10 16:43:56.221959+00:00,generator,events_sent,494.0,normal,f398aa60-da48-45c3-9eb4-8bb4a858c345,,,19.8
2026-08-10 16:43:56.222483+00:00,generator,throughput_eps,24.997406015144943,normal,f398aa60-da48-45c3-9eb4-8bb4a858c345,,,19.8
2026-08-10 16:43:56.228212+00:00,orchestrator,events_processed,493.0,normal,f398aa60-da48-45c3-9eb4-8bb4a858c345,,,19.81
2026-08-10 16:43:56.228731+00:00,orchestrator,throughput_eps,25.246779187584952,normal,f398aa60-da48-45c3-9eb4-8bb4a858c345,,,19.81
2026-08-10 16:43:56.228731+00:00,orchestrator,queue_wait_ms,3.0,normal,f398aa60-da48-45c3-9eb4-8bb4a858c345,,,19.81
2026-08-10 16:43:56.229252+00:00,orchestrator,stage_latency_ms,24.785999999949127,normal,f398aa60-da48-45c3-9eb4-8bb4a858c345,,,19.81
2026-08-10 16:43:56.229772+00:00,orchestrator,end_to_end_latency_ms,48.38232421875,normal,f398aa60-da48-45c3-9eb4-8bb4a858c345,,,19.81
2026-08-10 16:43:56.229772+00:00,orchestrator,xai_latency_ms,0.0018000009731622413,normal,f398aa60-da48-45c3-9eb4-8bb4a858c345,,deterministic,19.81
2026-08-10 16:43:56.240857+00:00,detector,events_processed,494.0,normal,f398aa60-da48-45c3-9eb4-8bb4a858c345,,,19.82
2026-08-10 16:43:56.240857+00:00,detector,alerts_emitted,494.0,normal,f398aa60-da48-45c3-9eb4-8bb4a858c345,,,19.82
2026-08-10 16:43:56.240857+00:00,orchestrator,events_received,494.0,normal,f398aa60-da48-45c3-9eb4-8bb4a858c345,,,19.82
2026-08-10 16:43:56.240857+00:00,detector,throughput_eps,25.000397006307892,normal,f398aa60-da48-45c3-9eb4-8bb4a858c345,,,19.82
2026-08-10 16:43:56.241856+00:00,detector,end_to_end_latency_ms,20.830810546875,normal,f398aa60-da48-45c3-9eb4-8bb4a858c345,,,19.82
2026-08-10 16:43:56.241856+00:00,detector,stage_latency_ms,18.650600000910345,normal,f398aa60-da48-45c3-9eb4-8bb4a858c345,,,19.82
2026-08-10 16:43:56.241856+00:00,detector,queue_wait_ms,2.456298828125,normal,f398aa60-da48-45c3-9eb4-8bb4a858c345,,,19.82
2026-08-10 16:43:56.261857+00:00,generator,events_sent,495.0,normal,f398aa60-da48-45c3-9eb4-8bb4a858c345,,,19.84
2026-08-10 16:43:56.261857+00:00,generator,throughput_eps,24.998874042642573,normal,f398aa60-da48-45c3-9eb4-8bb4a858c345,,,19.84
2026-08-10 16:43:56.266856+00:00,orchestrator,events_processed,494.0,normal,f398aa60-da48-45c3-9eb4-8bb4a858c345,,,19.85
2026-08-10 16:43:56.266856+00:00,orchestrator,throughput_eps,25.25292305590298,normal,f398aa60-da48-45c3-9eb4-8bb4a858c345,,,19.85
2026-08-10 16:43:56.266856+00:00,orchestrator,queue_wait_ms,2.002197265625,normal,f398aa60-da48-45c3-9eb4-8bb4a858c345,,,19.85
2026-08-10 16:43:56.266856+00:00,orchestrator,stage_latency_ms,25.309199998446275,normal,f398aa60-da48-45c3-9eb4-8bb4a858c345,,,19.85
2026-08-10 16:43:56.267855+00:00,orchestrator,end_to_end_latency_ms,46.829345703125,normal,f398aa60-da48-45c3-9eb4-8bb4a858c345,,,19.85
2026-08-10 16:43:56.267855+00:00,orchestrator,xai_latency_ms,0.0017000002117129043,normal,f398aa60-da48-45c3-9eb4-8bb4a858c345,,deterministic,19.85
2026-08-10 16:43:56.280817+00:00,detector,events_processed,495.0,normal,f398aa60-da48-45c3-9eb4-8bb4a858c345,,,19.86
2026-08-10 16:43:56.281853+00:00,detector,throughput_eps,24.997575839923222,normal,f398aa60-da48-45c3-9eb4-8bb4a858c345,,,19.86
2026-08-10 16:43:56.281853+00:00,detector,queue_wait_ms,1.948974609375,normal,f398aa60-da48-45c3-9eb4-8bb4a858c345,,,19.86
2026-08-10 16:43:56.281853+00:00,detector,alerts_emitted,495.0,normal,f398aa60-da48-45c3-9eb4-8bb4a858c345,,,19.86
2026-08-10 16:43:56.281853+00:00,orchestrator,events_received,495.0,normal,f398aa60-da48-45c3-9eb4-8bb4a858c345,,,19.86
2026-08-10 16:43:56.282822+00:00,detector,stage_latency_ms,18.85960000072373,normal,f398aa60-da48-45c3-9eb4-8bb4a858c345,,,19.86
2026-08-10 16:43:56.282822+00:00,detector,end_to_end_latency_ms,20.908447265625,normal,f398aa60-da48-45c3-9eb4-8bb4a858c345,,,19.86
2026-08-10 16:43:56.308145+00:00,generator,events_sent,496.0,normal,f398aa60-da48-45c3-9eb4-8bb4a858c345,,,19.89
2026-08-10 16:43:56.309106+00:00,generator,throughput_eps,24.966673517737284,normal,f398aa60-da48-45c3-9eb4-8bb4a858c345,,,19.89
2026-08-10 16:43:56.316099+00:00,orchestrator,events_processed,495.0,normal,f398aa60-da48-45c3-9eb4-8bb4a858c345,,,19.9
2026-08-10 16:43:56.316099+00:00,orchestrator,throughput_eps,25.40725101166161,normal,f398aa60-da48-45c3-9eb4-8bb4a858c345,,,19.9
2026-08-10 16:43:56.317099+00:00,orchestrator,queue_wait_ms,2.998291015625,normal,f398aa60-da48-45c3-9eb4-8bb4a858c345,,,19.9
2026-08-10 16:43:56.317099+00:00,orchestrator,stage_latency_ms,34.40799999953015,normal,f398aa60-da48-45c3-9eb4-8bb4a858c345,,,19.9
2026-08-10 16:43:56.317099+00:00,orchestrator,end_to_end_latency_ms,56.190673828125,normal,f398aa60-da48-45c3-9eb4-8bb4a858c345,,,19.9
2026-08-10 16:43:56.318098+00:00,orchestrator,xai_latency_ms,0.006000000212225132,normal,f398aa60-da48-45c3-9eb4-8bb4a858c345,,deterministic,19.9
2026-08-10 16:43:56.330099+00:00,detector,events_processed,496.0,normal,f398aa60-da48-45c3-9eb4-8bb4a858c345,,,19.91
2026-08-10 16:43:56.331131+00:00,detector,stage_latency_ms,21.07160000014119,normal,f398aa60-da48-45c3-9eb4-8bb4a858c345,,,19.91
2026-08-10 16:43:56.331131+00:00,detector,queue_wait_ms,8.832275390625,normal,f398aa60-da48-45c3-9eb4-8bb4a858c345,,,19.91
2026-08-10 16:43:56.331131+00:00,orchestrator,events_received,496.0,normal,f398aa60-da48-45c3-9eb4-8bb4a858c345,,,19.91
2026-08-10 16:43:56.331131+00:00,detector,alerts_emitted,496.0,normal,f398aa60-da48-45c3-9eb4-8bb4a858c345,,,19.91
2026-08-10 16:43:56.332099+00:00,detector,end_to_end_latency_ms,29.825927734375,normal,f398aa60-da48-45c3-9eb4-8bb4a858c345,,,19.91
2026-08-10 16:43:56.341618+00:00,generator,events_sent,497.0,normal,f398aa60-da48-45c3-9eb4-8bb4a858c345,,,19.92
2026-08-10 16:43:56.341618+00:00,generator,throughput_eps,25.00113455148439,normal,f398aa60-da48-45c3-9eb4-8bb4a858c345,,,19.92
2026-08-10 16:43:56.356620+00:00,orchestrator,events_processed,496.0,normal,f398aa60-da48-45c3-9eb4-8bb4a858c345,,,19.94
2026-08-10 16:43:56.356620+00:00,orchestrator,throughput_eps,25.401866529152354,normal,f398aa60-da48-45c3-9eb4-8bb4a858c345,,,19.94
2026-08-10 16:43:56.356620+00:00,orchestrator,queue_wait_ms,3.03125,normal,f398aa60-da48-45c3-9eb4-8bb4a858c345,,,19.94
2026-08-10 16:43:56.357620+00:00,orchestrator,stage_latency_ms,25.592399999368354,normal,f398aa60-da48-45c3-9eb4-8bb4a858c345,,,19.94
2026-08-10 16:43:56.357620+00:00,orchestrator,end_to_end_latency_ms,56.3466796875,normal,f398aa60-da48-45c3-9eb4-8bb4a858c345,,,19.94
2026-08-10 16:43:56.357620+00:00,orchestrator,xai_latency_ms,0.0017000002117129043,normal,f398aa60-da48-45c3-9eb4-8bb4a858c345,,deterministic,19.94
2026-08-10 16:43:56.360619+00:00,detector,queue_wait_ms,2.008544921875,normal,f398aa60-da48-45c3-9eb4-8bb4a858c345,,,19.94
2026-08-10 16:43:56.360619+00:00,orchestrator,events_received,497.0,normal,f398aa60-da48-45c3-9eb4-8bb4a858c345,,,19.94
2026-08-10 16:43:56.360619+00:00,detector,throughput_eps,25.00302736655602,normal,f398aa60-da48-45c3-9eb4-8bb4a858c345,,,19.94
2026-08-10 16:43:56.360619+00:00,detector,events_processed,497.0,normal,f398aa60-da48-45c3-9eb4-8bb4a858c345,,,19.94
2026-08-10 16:43:56.360619+00:00,detector,alerts_emitted,497.0,normal,f398aa60-da48-45c3-9eb4-8bb4a858c345,,,19.94
2026-08-10 16:43:56.361649+00:00,detector,stage_latency_ms,18.647999999302556,normal,f398aa60-da48-45c3-9eb4-8bb4a858c345,,,19.94
2026-08-10 16:43:56.361649+00:00,detector,end_to_end_latency_ms,21.009521484375,normal,f398aa60-da48-45c3-9eb4-8bb4a858c345,,,19.94
2026-08-10 16:43:56.382110+00:00,generator,events_sent,498.0,normal,f398aa60-da48-45c3-9eb4-8bb4a858c345,,,19.96
2026-08-10 16:43:56.382110+00:00,generator,throughput_eps,24.995688747638763,normal,f398aa60-da48-45c3-9eb4-8bb4a858c345,,,19.96
2026-08-10 16:43:56.385110+00:00,orchestrator,events_processed,497.0,normal,f398aa60-da48-45c3-9eb4-8bb4a858c345,,,19.96
2026-08-10 16:43:56.386111+00:00,orchestrator,throughput_eps,25.32452270410007,normal,f398aa60-da48-45c3-9eb4-8bb4a858c345,,,19.97
2026-08-10 16:43:56.386111+00:00,orchestrator,queue_wait_ms,1.999267578125,normal,f398aa60-da48-45c3-9eb4-8bb4a858c345,,,19.97
2026-08-10 16:43:56.386111+00:00,orchestrator,stage_latency_ms,24.88959999936924,normal,f398aa60-da48-45c3-9eb4-8bb4a858c345,,,19.97
2026-08-10 16:43:56.386111+00:00,orchestrator,end_to_end_latency_ms,45.500244140625,normal,f398aa60-da48-45c3-9eb4-8bb4a858c345,,,19.97
2026-08-10 16:43:56.387111+00:00,orchestrator,xai_latency_ms,0.002099999619531445,normal,f398aa60-da48-45c3-9eb4-8bb4a858c345,,deterministic,19.97
2026-08-10 16:43:56.401110+00:00,detector,events_processed,498.0,normal,f398aa60-da48-45c3-9eb4-8bb4a858c345,,,19.98
2026-08-10 16:43:56.402111+00:00,detector,queue_wait_ms,1.994140625,normal,f398aa60-da48-45c3-9eb4-8bb4a858c345,,,19.98
2026-08-10 16:43:56.402111+00:00,detector,throughput_eps,24.999474305417227,normal,f398aa60-da48-45c3-9eb4-8bb4a858c345,,,19.98
2026-08-10 16:43:56.402111+00:00,detector,alerts_emitted,498.0,normal,f398aa60-da48-45c3-9eb4-8bb4a858c345,,,19.98
2026-08-10 16:43:56.402111+00:00,orchestrator,events_received,498.0,normal,f398aa60-da48-45c3-9eb4-8bb4a858c345,,,19.98
2026-08-10 16:43:56.403111+00:00,detector,stage_latency_ms,18.776400000206195,normal,f398aa60-da48-45c3-9eb4-8bb4a858c345,,,19.98
2026-08-10 16:43:56.403111+00:00,detector,end_to_end_latency_ms,20.993896484375,normal,f398aa60-da48-45c3-9eb4-8bb4a858c345,,,19.98
2026-08-10 16:43:56.421600+00:00,generator,events_sent,499.0,normal,f398aa60-da48-45c3-9eb4-8bb4a858c345,,,20.0
2026-08-10 16:43:56.421600+00:00,generator,throughput_eps,25.00028900334049,normal,f398aa60-da48-45c3-9eb4-8bb4a858c345,,,20.0
2026-08-10 16:43:56.425601+00:00,orchestrator,events_processed,498.0,normal,f398aa60-da48-45c3-9eb4-8bb4a858c345,,,20.0
2026-08-10 16:43:56.426600+00:00,orchestrator,throughput_eps,25.262027878006304,normal,f398aa60-da48-45c3-9eb4-8bb4a858c345,,,20.01
2026-08-10 16:43:56.426600+00:00,orchestrator,queue_wait_ms,3.001220703125,normal,f398aa60-da48-45c3-9eb4-8bb4a858c345,,,20.01
2026-08-10 16:43:56.426600+00:00,orchestrator,stage_latency_ms,24.225099999966915,normal,f398aa60-da48-45c3-9eb4-8bb4a858c345,,,20.01
2026-08-10 16:43:56.427601+00:00,orchestrator,xai_latency_ms,0.0017000002117129043,normal,f398aa60-da48-45c3-9eb4-8bb4a858c345,,deterministic,20.01
2026-08-10 16:43:56.427601+00:00,orchestrator,end_to_end_latency_ms,45.485107421875,normal,f398aa60-da48-45c3-9eb4-8bb4a858c345,,,20.01
2026-08-10 16:43:56.440599+00:00,orchestrator,events_received,499.0,normal,f398aa60-da48-45c3-9eb4-8bb4a858c345,,,20.02
2026-08-10 16:43:56.440599+00:00,detector,events_processed,499.0,normal,f398aa60-da48-45c3-9eb4-8bb4a858c345,,,20.02
2026-08-10 16:43:56.440599+00:00,detector,alerts_emitted,499.0,normal,f398aa60-da48-45c3-9eb4-8bb4a858c345,,,20.02
2026-08-10 16:43:56.441602+00:00,detector,throughput_eps,25.002752803087755,normal,f398aa60-da48-45c3-9eb4-8bb4a858c345,,,20.02
2026-08-10 16:43:56.441602+00:00,detector,queue_wait_ms,1.98876953125,normal,f398aa60-da48-45c3-9eb4-8bb4a858c345,,,20.02
2026-08-10 16:43:56.441602+00:00,detector,stage_latency_ms,18.957799999043345,normal,f398aa60-da48-45c3-9eb4-8bb4a858c345,,,20.02
2026-08-10 16:43:56.442601+00:00,detector,end_to_end_latency_ms,20.988525390625,normal,f398aa60-da48-45c3-9eb4-8bb4a858c345,,,20.02
2026-08-10 16:43:56.461821+00:00,generator,throughput_eps,25.002169543100738,normal,f398aa60-da48-45c3-9eb4-8bb4a858c345,,,20.04
2026-08-10 16:43:56.461821+00:00,generator,events_sent,500.0,normal,f398aa60-da48-45c3-9eb4-8bb4a858c345,,,20.04
2026-08-10 16:43:56.466822+00:00,orchestrator,throughput_eps,25.13577996435785,normal,f398aa60-da48-45c3-9eb4-8bb4a858c345,,,20.05
2026-08-10 16:43:56.466822+00:00,orchestrator,queue_wait_ms,1.999755859375,normal,f398aa60-da48-45c3-9eb4-8bb4a858c345,,,20.05
2026-08-10 16:43:56.466822+00:00,orchestrator,events_processed,499.0,normal,f398aa60-da48-45c3-9eb4-8bb4a858c345,,,20.05
2026-08-10 16:43:56.467823+00:00,orchestrator,end_to_end_latency_ms,47.211181640625,normal,f398aa60-da48-45c3-9eb4-8bb4a858c345,,,20.05
2026-08-10 16:43:56.467823+00:00,orchestrator,xai_latency_ms,0.002099999619531445,normal,f398aa60-da48-45c3-9eb4-8bb4a858c345,,deterministic,20.05
2026-08-10 16:43:56.467823+00:00,orchestrator,stage_latency_ms,25.29059999869787,normal,f398aa60-da48-45c3-9eb4-8bb4a858c345,,,20.05
2026-08-10 16:43:56.481822+00:00,orchestrator,events_received,500.0,normal,f398aa60-da48-45c3-9eb4-8bb4a858c345,,,20.06
2026-08-10 16:43:56.481822+00:00,detector,throughput_eps,24.997008422545935,normal,f398aa60-da48-45c3-9eb4-8bb4a858c345,,,20.06
2026-08-10 16:43:56.481822+00:00,detector,events_processed,500.0,normal,f398aa60-da48-45c3-9eb4-8bb4a858c345,,,20.06
2026-08-10 16:43:56.481822+00:00,detector,alerts_emitted,500.0,normal,f398aa60-da48-45c3-9eb4-8bb4a858c345,,,20.06
2026-08-10 16:43:56.482824+00:00,detector,stage_latency_ms,19.56350000000384,normal,f398aa60-da48-45c3-9eb4-8bb4a858c345,,,20.06
2026-08-10 16:43:56.482824+00:00,detector,end_to_end_latency_ms,22.001220703125,normal,f398aa60-da48-45c3-9eb4-8bb4a858c345,,,20.06
2026-08-10 16:43:56.482824+00:00,detector,queue_wait_ms,2.000244140625,normal,f398aa60-da48-45c3-9eb4-8bb4a858c345,,,20.06
2026-08-10 16:43:56.499880+00:00,generator,run_complete,500.0,normal,f398aa60-da48-45c3-9eb4-8bb4a858c345,,,20.08
2026-08-10 16:43:56.507873+00:00,orchestrator,throughput_eps,25.06911354050098,normal,f398aa60-da48-45c3-9eb4-8bb4a858c345,,,20.09
2026-08-10 16:43:56.507873+00:00,orchestrator,events_processed,500.0,normal,f398aa60-da48-45c3-9eb4-8bb4a858c345,,,20.09
2026-08-10 16:43:56.507873+00:00,orchestrator,queue_wait_ms,3.00048828125,normal,f398aa60-da48-45c3-9eb4-8bb4a858c345,,,20.09
2026-08-10 16:43:56.508875+00:00,orchestrator,end_to_end_latency_ms,48.0517578125,normal,f398aa60-da48-45c3-9eb4-8bb4a858c345,,,20.09
2026-08-10 16:43:56.508875+00:00,orchestrator,stage_latency_ms,25.71220000027097,normal,f398aa60-da48-45c3-9eb4-8bb4a858c345,,,20.09
2026-08-10 16:43:56.508875+00:00,orchestrator,xai_latency_ms,0.002300001142430119,normal,f398aa60-da48-45c3-9eb4-8bb4a858c345,,deterministic,20.09
