timestamp,component,metric,value,label.profile,label.run_id,label.target_rate,label.provider,elapsed_s
2026-08-10 16:40:04.970810+00:00,generator,run_started,1.0,baseline,1487d410-2e8d-4482-bb6f-7c69d5b5921a,1.0,,0.0
2026-08-10 16:40:05.091375+00:00,generator,events_sent,1.0,baseline,1487d410-2e8d-4482-bb6f-7c69d5b5921a,,,0.12
2026-08-10 16:40:05.091375+00:00,generator,throughput_eps,0.2,baseline,1487d410-2e8d-4482-bb6f-7c69d5b5921a,,,0.12
2026-08-10 16:40:05.110714+00:00,detector,events_processed,1.0,baseline,1487d410-2e8d-4482-bb6f-7c69d5b5921a,,,0.14
2026-08-10 16:40:05.110714+00:00,detector,alerts_emitted,1.0,baseline,1487d410-2e8d-4482-bb6f-7c69d5b5921a,,,0.14
2026-08-10 16:40:05.110714+00:00,detector,throughput_eps,0.2,baseline,1487d410-2e8d-4482-bb6f-7c69d5b5921a,,,0.14
2026-08-10 16:40:05.110714+00:00,orchestrator,events_received,1.0,baseline,1487d410-2e8d-4482-bb6f-7c69d5b5921a,,,0.14
2026-08-10 16:40:05.111674+00:00,detector,queue_wait_ms,120.176513671875,baseline,1487d410-2e8d-4482-bb6f-7c69d5b5921a,,,0.14
2026-08-10 16:40:05.111674+00:00,detector,stage_latency_ms,19.54219999970519,baseline,1487d410-2e8d-4482-bb6f-7c69d5b5921a,,,0.14
2026-08-10 16:40:05.112718+00:00,detector,end_to_end_latency_ms,139.904296875,baseline,1487d410-2e8d-4482-bb6f-7c69d5b5921a,,,0.14
2026-08-10 16:40:05.493732+00:00,orchestrator,events_processed,1.0,baseline,1487d410-2e8d-4482-bb6f-7c69d5b5921a,,,0.52
2026-08-10 16:40:05.494768+00:00,orchestrator,queue_wait_ms,2.774169921875,baseline,1487d410-2e8d-4482-bb6f-7c69d5b5921a,,,0.52
2026-08-10 16:40:05.494768+00:00,orchestrator,throughput_eps,0.2,baseline,1487d410-2e8d-4482-bb6f-7c69d5b5921a,,,0.52
2026-08-10 16:40:05.495738+00:00,orchestrator,stage_latency_ms,383.1546999990678,baseline,1487d410-2e8d-4482-bb6f-7c69d5b5921a,,,0.52
2026-08-10 16:40:05.495738+00:00,orchestrator,end_to_end_latency_ms,522.921630859375,baseline,1487d410-2e8d-4482-bb6f-7c69d5b5921a,,,0.52
2026-08-10 16:40:05.495738+00:00,orchestrator,xai_latency_ms,0.0025000008463393897,baseline,1487d410-2e8d-4482-bb6f-7c69d5b5921a,,deterministic,0.52
2026-08-10 16:40:05.977019+00:00,generator,events_sent,2.0,baseline,1487d410-2e8d-4482-bb6f-7c69d5b5921a,,,1.01
2026-08-10 16:40:05.978686+00:00,generator,throughput_eps,1.1281364449434181,baseline,1487d410-2e8d-4482-bb6f-7c69d5b5921a,,,1.01
2026-08-10 16:40:05.997007+00:00,detector,events_processed,2.0,baseline,1487d410-2e8d-4482-bb6f-7c69d5b5921a,,,1.03
2026-08-10 16:40:05.997007+00:00,detector,alerts_emitted,2.0,baseline,1487d410-2e8d-4482-bb6f-7c69d5b5921a,,,1.03
2026-08-10 16:40:05.997007+00:00,orchestrator,events_received,2.0,baseline,1487d410-2e8d-4482-bb6f-7c69d5b5921a,,,1.03
2026-08-10 16:40:05.998046+00:00,detector,throughput_eps,1.1277154683643658,baseline,1487d410-2e8d-4482-bb6f-7c69d5b5921a,,,1.03
2026-08-10 16:40:05.998046+00:00,detector,queue_wait_ms,6.95166015625,baseline,1487d410-2e8d-4482-bb6f-7c69d5b5921a,,,1.03
2026-08-10 16:40:05.999037+00:00,detector,stage_latency_ms,18.983800000569317,baseline,1487d410-2e8d-4482-bb6f-7c69d5b5921a,,,1.03
2026-08-10 16:40:05.999037+00:00,detector,end_to_end_latency_ms,25.94384765625,baseline,1487d410-2e8d-4482-bb6f-7c69d5b5921a,,,1.03
2026-08-10 16:40:06.022818+00:00,orchestrator,throughput_eps,1.892810877151769,baseline,1487d410-2e8d-4482-bb6f-7c69d5b5921a,,,1.05
2026-08-10 16:40:06.022818+00:00,orchestrator,events_processed,2.0,baseline,1487d410-2e8d-4482-bb6f-7c69d5b5921a,,,1.05
2026-08-10 16:40:06.023350+00:00,orchestrator,queue_wait_ms,2.997802734375,baseline,1487d410-2e8d-4482-bb6f-7c69d5b5921a,,,1.05
2026-08-10 16:40:06.023350+00:00,orchestrator,stage_latency_ms,24.85250000063388,baseline,1487d410-2e8d-4482-bb6f-7c69d5b5921a,,,1.05
2026-08-10 16:40:06.024355+00:00,orchestrator,end_to_end_latency_ms,51.75537109375,baseline,1487d410-2e8d-4482-bb6f-7c69d5b5921a,,,1.05
2026-08-10 16:40:06.024355+00:00,orchestrator,xai_latency_ms,0.0024000000848900527,baseline,1487d410-2e8d-4482-bb6f-7c69d5b5921a,,deterministic,1.05
2026-08-10 16:40:06.973088+00:00,generator,events_sent,3.0,baseline,1487d410-2e8d-4482-bb6f-7c69d5b5921a,,,2.0
2026-08-10 16:40:06.973088+00:00,generator,throughput_eps,1.062674354973533,baseline,1487d410-2e8d-4482-bb6f-7c69d5b5921a,,,2.0
2026-08-10 16:40:06.992619+00:00,detector,events_processed,3.0,baseline,1487d410-2e8d-4482-bb6f-7c69d5b5921a,,,2.02
2026-08-10 16:40:06.992619+00:00,detector,alerts_emitted,3.0,baseline,1487d410-2e8d-4482-bb6f-7c69d5b5921a,,,2.02
2026-08-10 16:40:06.992619+00:00,orchestrator,events_received,3.0,baseline,1487d410-2e8d-4482-bb6f-7c69d5b5921a,,,2.02
2026-08-10 16:40:06.993649+00:00,detector,end_to_end_latency_ms,21.548583984375,baseline,1487d410-2e8d-4482-bb6f-7c69d5b5921a,,,2.02
2026-08-10 16:40:06.993649+00:00,detector,stage_latency_ms,19.19380000072124,baseline,1487d410-2e8d-4482-bb6f-7c69d5b5921a,,,2.02
2026-08-10 16:40:06.993649+00:00,detector,throughput_eps,1.0625459717152357,baseline,1487d410-2e8d-4482-bb6f-7c69d5b5921a,,,2.02
2026-08-10 16:40:06.993649+00:00,detector,queue_wait_ms,2.017578125,baseline,1487d410-2e8d-4482-bb6f-7c69d5b5921a,,,2.02
2026-08-10 16:40:07.018607+00:00,orchestrator,events_processed,3.0,baseline,1487d410-2e8d-4482-bb6f-7c69d5b5921a,,,2.05
2026-08-10 16:40:07.018607+00:00,orchestrator,throughput_eps,1.311775440835749,baseline,1487d410-2e8d-4482-bb6f-7c69d5b5921a,,,2.05
2026-08-10 16:40:07.019607+00:00,orchestrator,queue_wait_ms,2.53076171875,baseline,1487d410-2e8d-4482-bb6f-7c69d5b5921a,,,2.05
2026-08-10 16:40:07.019607+00:00,orchestrator,stage_latency_ms,25.684700000056182,baseline,1487d410-2e8d-4482-bb6f-7c69d5b5921a,,,2.05
2026-08-10 16:40:07.019607+00:00,orchestrator,end_to_end_latency_ms,47.5361328125,baseline,1487d410-2e8d-4482-bb6f-7c69d5b5921a,,,2.05
2026-08-10 16:40:07.020607+00:00,orchestrator,xai_latency_ms,0.0018999999156221747,baseline,1487d410-2e8d-4482-bb6f-7c69d5b5921a,,deterministic,2.05
2026-08-10 16:40:07.973132+00:00,generator,events_sent,4.0,baseline,1487d410-2e8d-4482-bb6f-7c69d5b5921a,,,3.0
2026-08-10 16:40:07.973132+00:00,generator,throughput_eps,1.040919878939693,baseline,1487d410-2e8d-4482-bb6f-7c69d5b5921a,,,3.0
2026-08-10 16:40:07.992127+00:00,detector,events_processed,4.0,baseline,1487d410-2e8d-4482-bb6f-7c69d5b5921a,,,3.02
2026-08-10 16:40:07.993127+00:00,orchestrator,events_received,4.0,baseline,1487d410-2e8d-4482-bb6f-7c69d5b5921a,,,3.02
2026-08-10 16:40:07.993127+00:00,detector,alerts_emitted,4.0,baseline,1487d410-2e8d-4482-bb6f-7c69d5b5921a,,,3.02
2026-08-10 16:40:07.993127+00:00,detector,throughput_eps,1.040899364808067,baseline,1487d410-2e8d-4482-bb6f-7c69d5b5921a,,,3.02
2026-08-10 16:40:07.994125+00:00,detector,queue_wait_ms,1.944091796875,baseline,1487d410-2e8d-4482-bb6f-7c69d5b5921a,,,3.02
2026-08-10 16:40:07.994125+00:00,detector,stage_latency_ms,19.021000000066124,baseline,1487d410-2e8d-4482-bb6f-7c69d5b5921a,,,3.02
2026-08-10 16:40:07.995126+00:00,detector,end_to_end_latency_ms,20.93896484375,baseline,1487d410-2e8d-4482-bb6f-7c69d5b5921a,,,3.02
2026-08-10 16:40:08.019765+00:00,orchestrator,events_processed,4.0,baseline,1487d410-2e8d-4482-bb6f-7c69d5b5921a,,,3.05
2026-08-10 16:40:08.019765+00:00,orchestrator,throughput_eps,1.1879723501811983,baseline,1487d410-2e8d-4482-bb6f-7c69d5b5921a,,,3.05
2026-08-10 16:40:08.019765+00:00,orchestrator,queue_wait_ms,2.96533203125,baseline,1487d410-2e8d-4482-bb6f-7c69d5b5921a,,,3.05
2026-08-10 16:40:08.020764+00:00,orchestrator,stage_latency_ms,26.397899999210495,baseline,1487d410-2e8d-4482-bb6f-7c69d5b5921a,,,3.05
2026-08-10 16:40:08.020764+00:00,orchestrator,end_to_end_latency_ms,48.57763671875,baseline,1487d410-2e8d-4482-bb6f-7c69d5b5921a,,,3.05
2026-08-10 16:40:08.020764+00:00,orchestrator,xai_latency_ms,0.0017000002117129043,baseline,1487d410-2e8d-4482-bb6f-7c69d5b5921a,,deterministic,3.05
2026-08-10 16:40:08.973676+00:00,generator,events_sent,5.0,baseline,1487d410-2e8d-4482-bb6f-7c69d5b5921a,,,4.0
2026-08-10 16:40:08.974678+00:00,generator,throughput_eps,1.0301792823583116,baseline,1487d410-2e8d-4482-bb6f-7c69d5b5921a,,,4.0
2026-08-10 16:40:08.993912+00:00,detector,events_processed,5.0,baseline,1487d410-2e8d-4482-bb6f-7c69d5b5921a,,,4.02
2026-08-10 16:40:08.994802+00:00,orchestrator,events_received,5.0,baseline,1487d410-2e8d-4482-bb6f-7c69d5b5921a,,,4.02
2026-08-10 16:40:08.994802+00:00,detector,alerts_emitted,5.0,baseline,1487d410-2e8d-4482-bb6f-7c69d5b5921a,,,4.02
2026-08-10 16:40:08.994802+00:00,detector,throughput_eps,1.02990183516399,baseline,1487d410-2e8d-4482-bb6f-7c69d5b5921a,,,4.02
2026-08-10 16:40:08.995802+00:00,detector,stage_latency_ms,20.022600001539104,baseline,1487d410-2e8d-4482-bb6f-7c69d5b5921a,,,4.02
2026-08-10 16:40:08.995802+00:00,detector,queue_wait_ms,3.0,baseline,1487d410-2e8d-4482-bb6f-7c69d5b5921a,,,4.02
2026-08-10 16:40:08.996802+00:00,detector,end_to_end_latency_ms,22.234619140625,baseline,1487d410-2e8d-4482-bb6f-7c69d5b5921a,,,4.03
2026-08-10 16:40:09.018928+00:00,orchestrator,events_processed,5.0,baseline,1487d410-2e8d-4482-bb6f-7c69d5b5921a,,,4.05
2026-08-10 16:40:09.019970+00:00,orchestrator,throughput_eps,1.1346832414008108,baseline,1487d410-2e8d-4482-bb6f-7c69d5b5921a,,,4.05
2026-08-10 16:40:09.019970+00:00,orchestrator,queue_wait_ms,3.125732421875,baseline,1487d410-2e8d-4482-bb6f-7c69d5b5921a,,,4.05
2026-08-10 16:40:09.019970+00:00,orchestrator,stage_latency_ms,24.776899999778834,baseline,1487d410-2e8d-4482-bb6f-7c69d5b5921a,,,4.05
2026-08-10 16:40:09.020967+00:00,orchestrator,end_to_end_latency_ms,47.250244140625,baseline,1487d410-2e8d-4482-bb6f-7c69d5b5921a,,,4.05
2026-08-10 16:40:09.020967+00:00,orchestrator,xai_latency_ms,0.002300001142430119,baseline,1487d410-2e8d-4482-bb6f-7c69d5b5921a,,deterministic,4.05
2026-08-10 16:40:09.973424+00:00,generator,events_sent,6.0,baseline,1487d410-2e8d-4482-bb6f-7c69d5b5921a,,,5.0
2026-08-10 16:40:09.973424+00:00,generator,throughput_eps,1.0241243971951763,baseline,1487d410-2e8d-4482-bb6f-7c69d5b5921a,,,5.0
2026-08-10 16:40:09.992618+00:00,detector,events_processed,6.0,baseline,1487d410-2e8d-4482-bb6f-7c69d5b5921a,,,5.02
2026-08-10 16:40:09.992618+00:00,detector,alerts_emitted,6.0,baseline,1487d410-2e8d-4482-bb6f-7c69d5b5921a,,,5.02
2026-08-10 16:40:09.993629+00:00,detector,throughput_eps,1.0240806418444226,baseline,1487d410-2e8d-4482-bb6f-7c69d5b5921a,,,5.02
2026-08-10 16:40:09.993629+00:00,orchestrator,events_received,6.0,baseline,1487d410-2e8d-4482-bb6f-7c69d5b5921a,,,5.02
2026-08-10 16:40:09.994639+00:00,detector,queue_wait_ms,2.00048828125,baseline,1487d410-2e8d-4482-bb6f-7c69d5b5921a,,,5.02
2026-08-10 16:40:09.994639+00:00,detector,stage_latency_ms,19.199899999875925,baseline,1487d410-2e8d-4482-bb6f-7c69d5b5921a,,,5.02
2026-08-10 16:40:09.995598+00:00,detector,end_to_end_latency_ms,21.1943359375,baseline,1487d410-2e8d-4482-bb6f-7c69d5b5921a,,,5.02
2026-08-10 16:40:10.018612+00:00,orchestrator,events_processed,6.0,baseline,1487d410-2e8d-4482-bb6f-7c69d5b5921a,,,5.05
2026-08-10 16:40:10.018612+00:00,orchestrator,throughput_eps,1.1051955397049127,baseline,1487d410-2e8d-4482-bb6f-7c69d5b5921a,,,5.05
2026-08-10 16:40:10.018612+00:00,orchestrator,queue_wait_ms,3.07421875,baseline,1487d410-2e8d-4482-bb6f-7c69d5b5921a,,,5.05
2026-08-10 16:40:10.019473+00:00,orchestrator,stage_latency_ms,24.812300000121468,baseline,1487d410-2e8d-4482-bb6f-7c69d5b5921a,,,5.05
2026-08-10 16:40:10.019473+00:00,orchestrator,end_to_end_latency_ms,47.188720703125,baseline,1487d410-2e8d-4482-bb6f-7c69d5b5921a,,,5.05
2026-08-10 16:40:10.020540+00:00,orchestrator,xai_latency_ms,0.0020000006770715117,baseline,1487d410-2e8d-4482-bb6f-7c69d5b5921a,,deterministic,5.05
2026-08-10 16:40:10.973633+00:00,generator,events_sent,7.0,baseline,1487d410-2e8d-4482-bb6f-7c69d5b5921a,,,6.0
2026-08-10 16:40:10.973633+00:00,generator,throughput_eps,1.0007901037712195,baseline,1487d410-2e8d-4482-bb6f-7c69d5b5921a,,,6.0
2026-08-10 16:40:10.993997+00:00,detector,events_processed,7.0,baseline,1487d410-2e8d-4482-bb6f-7c69d5b5921a,,,6.02
2026-08-10 16:40:10.994520+00:00,orchestrator,events_received,7.0,baseline,1487d410-2e8d-4482-bb6f-7c69d5b5921a,,,6.02
2026-08-10 16:40:10.994520+00:00,detector,alerts_emitted,7.0,baseline,1487d410-2e8d-4482-bb6f-7c69d5b5921a,,,6.02
2026-08-10 16:40:10.995041+00:00,detector,throughput_eps,1.0006505429311072,baseline,1487d410-2e8d-4482-bb6f-7c69d5b5921a,,,6.02
2026-08-10 16:40:10.995041+00:00,detector,queue_wait_ms,2.00244140625,baseline,1487d410-2e8d-4482-bb6f-7c69d5b5921a,,,6.02
2026-08-10 16:40:10.995566+00:00,detector,stage_latency_ms,19.908999998733634,baseline,1487d410-2e8d-4482-bb6f-7c69d5b5921a,,,6.02
2026-08-10 16:40:10.995566+00:00,detector,end_to_end_latency_ms,22.3662109375,baseline,1487d410-2e8d-4482-bb6f-7c69d5b5921a,,,6.02
2026-08-10 16:40:11.017976+00:00,orchestrator,events_processed,7.0,baseline,1487d410-2e8d-4482-bb6f-7c69d5b5921a,,,6.05
2026-08-10 16:40:11.018977+00:00,orchestrator,throughput_eps,1.0008089739096415,baseline,1487d410-2e8d-4482-bb6f-7c69d5b5921a,,,6.05
2026-08-10 16:40:11.018977+00:00,orchestrator,queue_wait_ms,2.61572265625,baseline,1487d410-2e8d-4482-bb6f-7c69d5b5921a,,,6.05
2026-08-10 16:40:11.018977+00:00,orchestrator,stage_latency_ms,24.01559999998426,baseline,1487d410-2e8d-4482-bb6f-7c69d5b5921a,,,6.05
2026-08-10 16:40:11.018977+00:00,orchestrator,end_to_end_latency_ms,46.34521484375,baseline,1487d410-2e8d-4482-bb6f-7c69d5b5921a,,,6.05
2026-08-10 16:40:11.018977+00:00,orchestrator,xai_latency_ms,0.0018999999156221747,baseline,1487d410-2e8d-4482-bb6f-7c69d5b5921a,,deterministic,6.05
2026-08-10 16:40:11.973967+00:00,generator,events_sent,8.0,baseline,1487d410-2e8d-4482-bb6f-7c69d5b5921a,,,7.0
2026-08-10 16:40:11.975467+00:00,generator,throughput_eps,0.9996562432093677,baseline,1487d410-2e8d-4482-bb6f-7c69d5b5921a,,,7.0
2026-08-10 16:40:11.994425+00:00,orchestrator,events_received,8.0,baseline,1487d410-2e8d-4482-bb6f-7c69d5b5921a,,,7.02
2026-08-10 16:40:11.994425+00:00,detector,alerts_emitted,8.0,baseline,1487d410-2e8d-4482-bb6f-7c69d5b5921a,,,7.02
2026-08-10 16:40:11.994425+00:00,detector,events_processed,8.0,baseline,1487d410-2e8d-4482-bb6f-7c69d5b5921a,,,7.02
2026-08-10 16:40:11.995425+00:00,detector,throughput_eps,0.9995850222782477,baseline,1487d410-2e8d-4482-bb6f-7c69d5b5921a,,,7.02
2026-08-10 16:40:11.995425+00:00,detector,queue_wait_ms,3.85595703125,baseline,1487d410-2e8d-4482-bb6f-7c69d5b5921a,,,7.02
2026-08-10 16:40:11.995425+00:00,detector,stage_latency_ms,19.243300001107855,baseline,1487d410-2e8d-4482-bb6f-7c69d5b5921a,,,7.02
2026-08-10 16:40:11.996424+00:00,detector,end_to_end_latency_ms,23.2841796875,baseline,1487d410-2e8d-4482-bb6f-7c69d5b5921a,,,7.03
2026-08-10 16:40:12.019609+00:00,orchestrator,events_processed,8.0,baseline,1487d410-2e8d-4482-bb6f-7c69d5b5921a,,,7.05
2026-08-10 16:40:12.020608+00:00,orchestrator,throughput_eps,0.9998835135707926,baseline,1487d410-2e8d-4482-bb6f-7c69d5b5921a,,,7.05
2026-08-10 16:40:12.020608+00:00,orchestrator,queue_wait_ms,3.422607421875,baseline,1487d410-2e8d-4482-bb6f-7c69d5b5921a,,,7.05
2026-08-10 16:40:12.020608+00:00,orchestrator,stage_latency_ms,25.371399999130517,baseline,1487d410-2e8d-4482-bb6f-7c69d5b5921a,,,7.05
2026-08-10 16:40:12.021610+00:00,orchestrator,end_to_end_latency_ms,48.467529296875,baseline,1487d410-2e8d-4482-bb6f-7c69d5b5921a,,,7.05
2026-08-10 16:40:12.021610+00:00,orchestrator,xai_latency_ms,0.0017000002117129043,baseline,1487d410-2e8d-4482-bb6f-7c69d5b5921a,,deterministic,7.05
2026-08-10 16:40:12.980067+00:00,generator,events_sent,9.0,baseline,1487d410-2e8d-4482-bb6f-7c69d5b5921a,,,8.01
2026-08-10 16:40:12.981110+00:00,generator,throughput_eps,0.9984258069905123,baseline,1487d410-2e8d-4482-bb6f-7c69d5b5921a,,,8.01
2026-08-10 16:40:13.004115+00:00,detector,events_processed,9.0,baseline,1487d410-2e8d-4482-bb6f-7c69d5b5921a,,,8.03
2026-08-10 16:40:13.004115+00:00,orchestrator,events_received,9.0,baseline,1487d410-2e8d-4482-bb6f-7c69d5b5921a,,,8.03
2026-08-10 16:40:13.004115+00:00,detector,alerts_emitted,9.0,baseline,1487d410-2e8d-4482-bb6f-7c69d5b5921a,,,8.03
2026-08-10 16:40:13.004115+00:00,detector,throughput_eps,0.9976040543426214,baseline,1487d410-2e8d-4482-bb6f-7c69d5b5921a,,,8.03
2026-08-10 16:40:13.005115+00:00,detector,queue_wait_ms,10.0068359375,baseline,1487d410-2e8d-4482-bb6f-7c69d5b5921a,,,8.03
2026-08-10 16:40:13.005115+00:00,detector,stage_latency_ms,22.320899999613175,baseline,1487d410-2e8d-4482-bb6f-7c69d5b5921a,,,8.03
2026-08-10 16:40:13.005115+00:00,detector,end_to_end_latency_ms,33.01123046875,baseline,1487d410-2e8d-4482-bb6f-7c69d5b5921a,,,8.03
2026-08-10 16:40:13.029670+00:00,orchestrator,events_processed,9.0,baseline,1487d410-2e8d-4482-bb6f-7c69d5b5921a,,,8.06
2026-08-10 16:40:13.029670+00:00,orchestrator,throughput_eps,0.9973980627389355,baseline,1487d410-2e8d-4482-bb6f-7c69d5b5921a,,,8.06
2026-08-10 16:40:13.030669+00:00,orchestrator,queue_wait_ms,3.001708984375,baseline,1487d410-2e8d-4482-bb6f-7c69d5b5921a,,,8.06
2026-08-10 16:40:13.030669+00:00,orchestrator,stage_latency_ms,25.560399999449146,baseline,1487d410-2e8d-4482-bb6f-7c69d5b5921a,,,8.06
2026-08-10 16:40:13.030669+00:00,orchestrator,end_to_end_latency_ms,58.566162109375,baseline,1487d410-2e8d-4482-bb6f-7c69d5b5921a,,,8.06
2026-08-10 16:40:13.030669+00:00,orchestrator,xai_latency_ms,0.0020000006770715117,baseline,1487d410-2e8d-4482-bb6f-7c69d5b5921a,,deterministic,8.06
2026-08-10 16:40:13.973022+00:00,generator,events_sent,10.0,baseline,1487d410-2e8d-4482-bb6f-7c69d5b5921a,,,9.0
2026-08-10 16:40:13.974031+00:00,generator,throughput_eps,1.0000840070562897,baseline,1487d410-2e8d-4482-bb6f-7c69d5b5921a,,,9.0
2026-08-10 16:40:13.992849+00:00,detector,events_processed,10.0,baseline,1487d410-2e8d-4482-bb6f-7c69d5b5921a,,,9.02
2026-08-10 16:40:13.992849+00:00,detector,alerts_emitted,10.0,baseline,1487d410-2e8d-4482-bb6f-7c69d5b5921a,,,9.02
2026-08-10 16:40:13.992849+00:00,orchestrator,events_received,10.0,baseline,1487d410-2e8d-4482-bb6f-7c69d5b5921a,,,9.02
2026-08-10 16:40:13.993872+00:00,detector,throughput_eps,1.0002875826798516,baseline,1487d410-2e8d-4482-bb6f-7c69d5b5921a,,,9.02
2026-08-10 16:40:13.993872+00:00,detector,queue_wait_ms,2.75537109375,baseline,1487d410-2e8d-4482-bb6f-7c69d5b5921a,,,9.02
2026-08-10 16:40:13.994855+00:00,detector,stage_latency_ms,18.95159999912721,baseline,1487d410-2e8d-4482-bb6f-7c69d5b5921a,,,9.02
2026-08-10 16:40:13.994855+00:00,detector,end_to_end_latency_ms,21.573974609375,baseline,1487d410-2e8d-4482-bb6f-7c69d5b5921a,,,9.02
2026-08-10 16:40:14.018378+00:00,orchestrator,events_processed,10.0,baseline,1487d410-2e8d-4482-bb6f-7c69d5b5921a,,,9.05
2026-08-10 16:40:14.018378+00:00,orchestrator,throughput_eps,1.0001594654252286,baseline,1487d410-2e8d-4482-bb6f-7c69d5b5921a,,,9.05
2026-08-10 16:40:14.019392+00:00,orchestrator,queue_wait_ms,2.7978515625,baseline,1487d410-2e8d-4482-bb6f-7c69d5b5921a,,,9.05
2026-08-10 16:40:14.019392+00:00,orchestrator,stage_latency_ms,25.14849999897706,baseline,1487d410-2e8d-4482-bb6f-7c69d5b5921a,,,9.05
2026-08-10 16:40:14.020384+00:00,orchestrator,xai_latency_ms,0.0017000002117129043,baseline,1487d410-2e8d-4482-bb6f-7c69d5b5921a,,deterministic,9.05
2026-08-10 16:40:14.020384+00:00,orchestrator,end_to_end_latency_ms,47.1025390625,baseline,1487d410-2e8d-4482-bb6f-7c69d5b5921a,,,9.05
2026-08-10 16:40:14.973358+00:00,generator,events_sent,11.0,baseline,1487d410-2e8d-4482-bb6f-7c69d5b5921a,,,10.0
2026-08-10 16:40:14.974358+00:00,generator,throughput_eps,0.9999658261677808,baseline,1487d410-2e8d-4482-bb6f-7c69d5b5921a,,,10.0
2026-08-10 16:40:14.994015+00:00,detector,events_processed,11.0,baseline,1487d410-2e8d-4482-bb6f-7c69d5b5921a,,,10.02
2026-08-10 16:40:14.994015+00:00,detector,alerts_emitted,11.0,baseline,1487d410-2e8d-4482-bb6f-7c69d5b5921a,,,10.02
2026-08-10 16:40:14.995036+00:00,orchestrator,events_received,11.0,baseline,1487d410-2e8d-4482-bb6f-7c69d5b5921a,,,10.02
2026-08-10 16:40:14.995036+00:00,detector,throughput_eps,0.9999550520201103,baseline,1487d410-2e8d-4482-bb6f-7c69d5b5921a,,,10.02
2026-08-10 16:40:14.995036+00:00,detector,queue_wait_ms,3.0,baseline,1487d410-2e8d-4482-bb6f-7c69d5b5921a,,,10.02
2026-08-10 16:40:14.995036+00:00,detector,stage_latency_ms,20.06679999976768,baseline,1487d410-2e8d-4482-bb6f-7c69d5b5921a,,,10.02
2026-08-10 16:40:14.996020+00:00,detector,end_to_end_latency_ms,22.656494140625,baseline,1487d410-2e8d-4482-bb6f-7c69d5b5921a,,,10.03
2026-08-10 16:40:15.018906+00:00,orchestrator,events_processed,11.0,baseline,1487d410-2e8d-4482-bb6f-7c69d5b5921a,,,10.05
2026-08-10 16:40:15.019953+00:00,orchestrator,queue_wait_ms,3.638427734375,baseline,1487d410-2e8d-4482-bb6f-7c69d5b5921a,,,10.05
2026-08-10 16:40:15.019953+00:00,orchestrator,throughput_eps,0.9997581085259517,baseline,1487d410-2e8d-4482-bb6f-7c69d5b5921a,,,10.05
2026-08-10 16:40:15.020942+00:00,orchestrator,xai_latency_ms,0.0018999999156221747,baseline,1487d410-2e8d-4482-bb6f-7c69d5b5921a,,deterministic,10.05
2026-08-10 16:40:15.020942+00:00,orchestrator,end_to_end_latency_ms,47.547607421875,baseline,1487d410-2e8d-4482-bb6f-7c69d5b5921a,,,10.05
2026-08-10 16:40:15.020942+00:00,orchestrator,stage_latency_ms,24.71460000015213,baseline,1487d410-2e8d-4482-bb6f-7c69d5b5921a,,,10.05
2026-08-10 16:40:15.975958+00:00,generator,events_sent,12.0,baseline,1487d410-2e8d-4482-bb6f-7c69d5b5921a,,,11.01
2026-08-10 16:40:15.976480+00:00,generator,throughput_eps,0.9997144815439736,baseline,1487d410-2e8d-4482-bb6f-7c69d5b5921a,,,11.01
2026-08-10 16:40:15.995680+00:00,detector,events_processed,12.0,baseline,1487d410-2e8d-4482-bb6f-7c69d5b5921a,,,11.02
2026-08-10 16:40:15.995680+00:00,detector,alerts_emitted,12.0,baseline,1487d410-2e8d-4482-bb6f-7c69d5b5921a,,,11.02
2026-08-10 16:40:15.996683+00:00,orchestrator,events_received,12.0,baseline,1487d410-2e8d-4482-bb6f-7c69d5b5921a,,,11.03
2026-08-10 16:40:15.996683+00:00,detector,throughput_eps,0.9996324101718095,baseline,1487d410-2e8d-4482-bb6f-7c69d5b5921a,,,11.03
2026-08-10 16:40:15.997827+00:00,detector,queue_wait_ms,5.01708984375,baseline,1487d410-2e8d-4482-bb6f-7c69d5b5921a,,,11.03
2026-08-10 16:40:15.997827+00:00,detector,stage_latency_ms,19.651500000691158,baseline,1487d410-2e8d-4482-bb6f-7c69d5b5921a,,,11.03
2026-08-10 16:40:15.997827+00:00,detector,end_to_end_latency_ms,24.739013671875,baseline,1487d410-2e8d-4482-bb6f-7c69d5b5921a,,,11.03
2026-08-10 16:40:16.032917+00:00,orchestrator,events_processed,12.0,baseline,1487d410-2e8d-4482-bb6f-7c69d5b5921a,,,11.06
2026-08-10 16:40:16.032917+00:00,orchestrator,throughput_eps,0.9966950340191687,baseline,1487d410-2e8d-4482-bb6f-7c69d5b5921a,,,11.06
2026-08-10 16:40:16.033888+00:00,orchestrator,queue_wait_ms,3.7373046875,baseline,1487d410-2e8d-4482-bb6f-7c69d5b5921a,,,11.06
2026-08-10 16:40:16.034161+00:00,orchestrator,end_to_end_latency_ms,61.97607421875,baseline,1487d410-2e8d-4482-bb6f-7c69d5b5921a,,,11.06
2026-08-10 16:40:16.034161+00:00,orchestrator,stage_latency_ms,36.72809999989113,baseline,1487d410-2e8d-4482-bb6f-7c69d5b5921a,,,11.06
2026-08-10 16:40:16.035186+00:00,orchestrator,xai_latency_ms,0.007900000127847306,baseline,1487d410-2e8d-4482-bb6f-7c69d5b5921a,,deterministic,11.06
2026-08-10 16:40:16.973172+00:00,generator,events_sent,13.0,baseline,1487d410-2e8d-4482-bb6f-7c69d5b5921a,,,12.0
2026-08-10 16:40:16.974181+00:00,generator,throughput_eps,1.000211704809499,baseline,1487d410-2e8d-4482-bb6f-7c69d5b5921a,,,12.0
2026-08-10 16:40:16.993173+00:00,detector,events_processed,13.0,baseline,1487d410-2e8d-4482-bb6f-7c69d5b5921a,,,12.02
2026-08-10 16:40:16.993173+00:00,detector,alerts_emitted,13.0,baseline,1487d410-2e8d-4482-bb6f-7c69d5b5921a,,,12.02
2026-08-10 16:40:16.993173+00:00,orchestrator,events_received,13.0,baseline,1487d410-2e8d-4482-bb6f-7c69d5b5921a,,,12.02
2026-08-10 16:40:16.994172+00:00,detector,throughput_eps,1.0001953781650164,baseline,1487d410-2e8d-4482-bb6f-7c69d5b5921a,,,12.02
2026-08-10 16:40:16.994172+00:00,detector,queue_wait_ms,1.987548828125,baseline,1487d410-2e8d-4482-bb6f-7c69d5b5921a,,,12.02
2026-08-10 16:40:16.994172+00:00,detector,stage_latency_ms,19.761100000323495,baseline,1487d410-2e8d-4482-bb6f-7c69d5b5921a,,,12.02
2026-08-10 16:40:16.995172+00:00,detector,end_to_end_latency_ms,21.988525390625,baseline,1487d410-2e8d-4482-bb6f-7c69d5b5921a,,,12.02
2026-08-10 16:40:17.068728+00:00,orchestrator,stage_latency_ms,74.8583000004146,baseline,1487d410-2e8d-4482-bb6f-7c69d5b5921a,,,12.1
2026-08-10 16:40:17.068728+00:00,orchestrator,queue_wait_ms,2.00048828125,baseline,1487d410-2e8d-4482-bb6f-7c69d5b5921a,,,12.1
2026-08-10 16:40:17.068728+00:00,orchestrator,throughput_eps,0.9904035344726823,baseline,1487d410-2e8d-4482-bb6f-7c69d5b5921a,,,12.1
2026-08-10 16:40:17.068728+00:00,orchestrator,events_processed,13.0,baseline,1487d410-2e8d-4482-bb6f-7c69d5b5921a,,,12.1
2026-08-10 16:40:17.069728+00:00,orchestrator,end_to_end_latency_ms,97.54345703125,baseline,1487d410-2e8d-4482-bb6f-7c69d5b5921a,,,12.1
2026-08-10 16:40:17.069728+00:00,orchestrator,xai_latency_ms,0.002200000380980782,baseline,1487d410-2e8d-4482-bb6f-7c69d5b5921a,,deterministic,12.1
2026-08-10 16:40:17.973385+00:00,generator,events_sent,14.0,baseline,1487d410-2e8d-4482-bb6f-7c69d5b5921a,,,13.0
2026-08-10 16:40:17.973385+00:00,generator,throughput_eps,1.0013611101025446,baseline,1487d410-2e8d-4482-bb6f-7c69d5b5921a,,,13.0
2026-08-10 16:40:17.992386+00:00,detector,events_processed,14.0,baseline,1487d410-2e8d-4482-bb6f-7c69d5b5921a,,,13.02
2026-08-10 16:40:17.993385+00:00,detector,alerts_emitted,14.0,baseline,1487d410-2e8d-4482-bb6f-7c69d5b5921a,,,13.02
2026-08-10 16:40:17.993385+00:00,orchestrator,events_received,14.0,baseline,1487d410-2e8d-4482-bb6f-7c69d5b5921a,,,13.02
2026-08-10 16:40:17.993385+00:00,detector,throughput_eps,1.0022439841907294,baseline,1487d410-2e8d-4482-bb6f-7c69d5b5921a,,,13.02
2026-08-10 16:40:17.993385+00:00,detector,queue_wait_ms,2.00146484375,baseline,1487d410-2e8d-4482-bb6f-7c69d5b5921a,,,13.02
2026-08-10 16:40:17.993385+00:00,detector,stage_latency_ms,18.965499999467283,baseline,1487d410-2e8d-4482-bb6f-7c69d5b5921a,,,13.02
2026-08-10 16:40:17.994386+00:00,detector,end_to_end_latency_ms,21.001953125,baseline,1487d410-2e8d-4482-bb6f-7c69d5b5921a,,,13.02
2026-08-10 16:40:18.018384+00:00,orchestrator,end_to_end_latency_ms,46.99951171875,baseline,1487d410-2e8d-4482-bb6f-7c69d5b5921a,,,13.05
2026-08-10 16:40:18.018384+00:00,orchestrator,stage_latency_ms,24.868900000001304,baseline,1487d410-2e8d-4482-bb6f-7c69d5b5921a,,,13.05
2026-08-10 16:40:18.018384+00:00,orchestrator,events_processed,14.0,baseline,1487d410-2e8d-4482-bb6f-7c69d5b5921a,,,13.05
2026-08-10 16:40:18.018384+00:00,orchestrator,throughput_eps,1.002356600509194,baseline,1487d410-2e8d-4482-bb6f-7c69d5b5921a,,,13.05
2026-08-10 16:40:18.018384+00:00,orchestrator,queue_wait_ms,3.001220703125,baseline,1487d410-2e8d-4482-bb6f-7c69d5b5921a,,,13.05
2026-08-10 16:40:18.019384+00:00,orchestrator,xai_latency_ms,0.0022999993234407157,baseline,1487d410-2e8d-4482-bb6f-7c69d5b5921a,,deterministic,13.05
2026-08-10 16:40:18.973253+00:00,generator,events_sent,15.0,baseline,1487d410-2e8d-4482-bb6f-7c69d5b5921a,,,14.0
2026-08-10 16:40:18.973253+00:00,generator,throughput_eps,1.0000196603867033,baseline,1487d410-2e8d-4482-bb6f-7c69d5b5921a,,,14.0
2026-08-10 16:40:18.993254+00:00,detector,events_processed,15.0,baseline,1487d410-2e8d-4482-bb6f-7c69d5b5921a,,,14.02
2026-08-10 16:40:18.993254+00:00,orchestrator,events_received,15.0,baseline,1487d410-2e8d-4482-bb6f-7c69d5b5921a,,,14.02
2026-08-10 16:40:18.993254+00:00,detector,throughput_eps,1.0002902842405952,baseline,1487d410-2e8d-4482-bb6f-7c69d5b5921a,,,14.02
2026-08-10 16:40:18.994253+00:00,detector,stage_latency_ms,19.185000001016306,baseline,1487d410-2e8d-4482-bb6f-7c69d5b5921a,,,14.02
2026-08-10 16:40:18.994253+00:00,detector,queue_wait_ms,1.970458984375,baseline,1487d410-2e8d-4482-bb6f-7c69d5b5921a,,,14.02
2026-08-10 16:40:18.994253+00:00,detector,end_to_end_latency_ms,21.97119140625,baseline,1487d410-2e8d-4482-bb6f-7c69d5b5921a,,,14.02
2026-08-10 16:40:19.018252+00:00,orchestrator,end_to_end_latency_ms,46.96875,baseline,1487d410-2e8d-4482-bb6f-7c69d5b5921a,,,14.05
2026-08-10 16:40:19.018252+00:00,orchestrator,queue_wait_ms,3.0009765625,baseline,1487d410-2e8d-4482-bb6f-7c69d5b5921a,,,14.05
2026-08-10 16:40:19.018252+00:00,orchestrator,stage_latency_ms,24.68869999938761,baseline,1487d410-2e8d-4482-bb6f-7c69d5b5921a,,,14.05
2026-08-10 16:40:19.018252+00:00,orchestrator,throughput_eps,1.0001057111734382,baseline,1487d410-2e8d-4482-bb6f-7c69d5b5921a,,,14.05
2026-08-10 16:40:19.018252+00:00,orchestrator,events_processed,15.0,baseline,1487d410-2e8d-4482-bb6f-7c69d5b5921a,,,14.05
2026-08-10 16:40:19.019251+00:00,orchestrator,xai_latency_ms,0.001999998858082108,baseline,1487d410-2e8d-4482-bb6f-7c69d5b5921a,,deterministic,14.05
2026-08-10 16:40:19.973411+00:00,generator,events_sent,16.0,baseline,1487d410-2e8d-4482-bb6f-7c69d5b5921a,,,15.0
2026-08-10 16:40:19.973411+00:00,generator,throughput_eps,1.000073165352879,baseline,1487d410-2e8d-4482-bb6f-7c69d5b5921a,,,15.0
2026-08-10 16:40:19.992409+00:00,detector,events_processed,16.0,baseline,1487d410-2e8d-4482-bb6f-7c69d5b5921a,,,15.02
2026-08-10 16:40:19.992409+00:00,detector,alerts_emitted,16.0,baseline,1487d410-2e8d-4482-bb6f-7c69d5b5921a,,,15.02
2026-08-10 16:40:19.992409+00:00,detector,throughput_eps,1.0003663741811015,baseline,1487d410-2e8d-4482-bb6f-7c69d5b5921a,,,15.02
2026-08-10 16:40:19.992409+00:00,orchestrator,events_received,16.0,baseline,1487d410-2e8d-4482-bb6f-7c69d5b5921a,,,15.02
2026-08-10 16:40:19.993409+00:00,detector,stage_latency_ms,18.578000001070905,baseline,1487d410-2e8d-4482-bb6f-7c69d5b5921a,,,15.02
2026-08-10 16:40:19.993409+00:00,detector,end_to_end_latency_ms,21.000244140625,baseline,1487d410-2e8d-4482-bb6f-7c69d5b5921a,,,15.02
2026-08-10 16:40:19.993409+00:00,detector,queue_wait_ms,2.00244140625,baseline,1487d410-2e8d-4482-bb6f-7c69d5b5921a,,,15.02
2026-08-10 16:40:20.018015+00:00,orchestrator,events_processed,16.0,baseline,1487d410-2e8d-4482-bb6f-7c69d5b5921a,,,15.05
2026-08-10 16:40:20.018015+00:00,orchestrator,throughput_eps,1.0002734747677886,baseline,1487d410-2e8d-4482-bb6f-7c69d5b5921a,,,15.05
2026-08-10 16:40:20.018015+00:00,orchestrator,queue_wait_ms,2.970458984375,baseline,1487d410-2e8d-4482-bb6f-7c69d5b5921a,,,15.05
2026-08-10 16:40:20.018984+00:00,orchestrator,stage_latency_ms,25.134899999102345,baseline,1487d410-2e8d-4482-bb6f-7c69d5b5921a,,,15.05
2026-08-10 16:40:20.018984+00:00,orchestrator,end_to_end_latency_ms,46.6064453125,baseline,1487d410-2e8d-4482-bb6f-7c69d5b5921a,,,15.05
2026-08-10 16:40:20.018984+00:00,orchestrator,xai_latency_ms,0.0017000002117129043,baseline,1487d410-2e8d-4482-bb6f-7c69d5b5921a,,deterministic,15.05
2026-08-10 16:40:20.972889+00:00,generator,events_sent,17.0,baseline,1487d410-2e8d-4482-bb6f-7c69d5b5921a,,,16.0
2026-08-10 16:40:20.972889+00:00,generator,throughput_eps,1.0005138439001384,baseline,1487d410-2e8d-4482-bb6f-7c69d5b5921a,,,16.0
2026-08-10 16:40:20.991970+00:00,detector,events_processed,17.0,baseline,1487d410-2e8d-4482-bb6f-7c69d5b5921a,,,16.02
2026-08-10 16:40:20.992918+00:00,detector,stage_latency_ms,18.825099999958184,baseline,1487d410-2e8d-4482-bb6f-7c69d5b5921a,,,16.02
2026-08-10 16:40:20.992918+00:00,detector,queue_wait_ms,1.96630859375,baseline,1487d410-2e8d-4482-bb6f-7c69d5b5921a,,,16.02
2026-08-10 16:40:20.992918+00:00,detector,end_to_end_latency_ms,21.046875,baseline,1487d410-2e8d-4482-bb6f-7c69d5b5921a,,,16.02
2026-08-10 16:40:20.992918+00:00,orchestrator,events_received,17.0,baseline,1487d410-2e8d-4482-bb6f-7c69d5b5921a,,,16.02
2026-08-10 16:40:20.992918+00:00,detector,alerts_emitted,17.0,baseline,1487d410-2e8d-4482-bb6f-7c69d5b5921a,,,16.02
2026-08-10 16:40:20.992918+00:00,detector,throughput_eps,1.000681644322654,baseline,1487d410-2e8d-4482-bb6f-7c69d5b5921a,,,16.02
2026-08-10 16:40:21.057899+00:00,orchestrator,events_processed,17.0,baseline,1487d410-2e8d-4482-bb6f-7c69d5b5921a,,,16.09
2026-08-10 16:40:21.058866+00:00,orchestrator,throughput_eps,1.0025262659376888,baseline,1487d410-2e8d-4482-bb6f-7c69d5b5921a,,,16.09
2026-08-10 16:40:21.058866+00:00,orchestrator,queue_wait_ms,3.000244140625,baseline,1487d410-2e8d-4482-bb6f-7c69d5b5921a,,,16.09
2026-08-10 16:40:21.058866+00:00,orchestrator,stage_latency_ms,65.78740000077232,baseline,1487d410-2e8d-4482-bb6f-7c69d5b5921a,,,16.09
2026-08-10 16:40:21.058866+00:00,orchestrator,end_to_end_latency_ms,86.975830078125,baseline,1487d410-2e8d-4482-bb6f-7c69d5b5921a,,,16.09
2026-08-10 16:40:21.058866+00:00,orchestrator,xai_latency_ms,0.002599999788799323,baseline,1487d410-2e8d-4482-bb6f-7c69d5b5921a,,deterministic,16.09
2026-08-10 16:40:21.973114+00:00,generator,events_sent,18.0,baseline,1487d410-2e8d-4482-bb6f-7c69d5b5921a,,,17.0
2026-08-10 16:40:21.974077+00:00,generator,throughput_eps,0.9999540271136825,baseline,1487d410-2e8d-4482-bb6f-7c69d5b5921a,,,17.0
2026-08-10 16:40:21.992670+00:00,detector,events_processed,18.0,baseline,1487d410-2e8d-4482-bb6f-7c69d5b5921a,,,17.02
2026-08-10 16:40:21.993709+00:00,detector,alerts_emitted,18.0,baseline,1487d410-2e8d-4482-bb6f-7c69d5b5921a,,,17.02
2026-08-10 16:40:21.993709+00:00,detector,throughput_eps,1.0000361413063035,baseline,1487d410-2e8d-4482-bb6f-7c69d5b5921a,,,17.02
2026-08-10 16:40:21.994675+00:00,detector,end_to_end_latency_ms,21.4462890625,baseline,1487d410-2e8d-4482-bb6f-7c69d5b5921a,,,17.02
2026-08-10 16:40:21.994675+00:00,detector,queue_wait_ms,2.852783203125,baseline,1487d410-2e8d-4482-bb6f-7c69d5b5921a,,,17.02
2026-08-10 16:40:21.994675+00:00,detector,stage_latency_ms,18.998899999132846,baseline,1487d410-2e8d-4482-bb6f-7c69d5b5921a,,,17.02
2026-08-10 16:40:22.018026+00:00,orchestrator,events_processed,18.0,baseline,1487d410-2e8d-4482-bb6f-7c69d5b5921a,,,17.05
2026-08-10 16:40:22.018026+00:00,orchestrator,throughput_eps,1.0101929070434985,baseline,1487d410-2e8d-4482-bb6f-7c69d5b5921a,,,17.05
2026-08-10 16:40:22.019030+00:00,orchestrator,queue_wait_ms,3.63671875,baseline,1487d410-2e8d-4482-bb6f-7c69d5b5921a,,,17.05
2026-08-10 16:40:22.019030+00:00,orchestrator,stage_latency_ms,24.515500001143664,baseline,1487d410-2e8d-4482-bb6f-7c69d5b5921a,,,17.05
2026-08-10 16:40:22.019030+00:00,orchestrator,end_to_end_latency_ms,46.80126953125,baseline,1487d410-2e8d-4482-bb6f-7c69d5b5921a,,,17.05
2026-08-10 16:40:22.019030+00:00,orchestrator,xai_latency_ms,0.0018999999156221747,baseline,1487d410-2e8d-4482-bb6f-7c69d5b5921a,,deterministic,17.05
2026-08-10 16:40:22.974203+00:00,generator,events_sent,19.0,baseline,1487d410-2e8d-4482-bb6f-7c69d5b5921a,,,18.0
2026-08-10 16:40:22.974203+00:00,generator,throughput_eps,0.9997582584531935,baseline,1487d410-2e8d-4482-bb6f-7c69d5b5921a,,,18.0
2026-08-10 16:40:22.995200+00:00,orchestrator,events_received,19.0,baseline,1487d410-2e8d-4482-bb6f-7c69d5b5921a,,,18.02
2026-08-10 16:40:22.995200+00:00,detector,events_processed,19.0,baseline,1487d410-2e8d-4482-bb6f-7c69d5b5921a,,,18.02
2026-08-10 16:40:22.995200+00:00,detector,alerts_emitted,19.0,baseline,1487d410-2e8d-4482-bb6f-7c69d5b5921a,,,18.02
2026-08-10 16:40:22.996202+00:00,detector,queue_wait_ms,4.071044921875,baseline,1487d410-2e8d-4482-bb6f-7c69d5b5921a,,,18.03
2026-08-10 16:40:22.996202+00:00,detector,stage_latency_ms,20.075300000826246,baseline,1487d410-2e8d-4482-bb6f-7c69d5b5921a,,,18.03
2026-08-10 16:40:22.996202+00:00,detector,throughput_eps,0.9995074926830592,baseline,1487d410-2e8d-4482-bb6f-7c69d5b5921a,,,18.03
2026-08-10 16:40:22.997201+00:00,detector,end_to_end_latency_ms,24.067626953125,baseline,1487d410-2e8d-4482-bb6f-7c69d5b5921a,,,18.03
2026-08-10 16:40:23.020830+00:00,orchestrator,events_processed,19.0,baseline,1487d410-2e8d-4482-bb6f-7c69d5b5921a,,,18.05
2026-08-10 16:40:23.020830+00:00,orchestrator,throughput_eps,0.9993550662080093,baseline,1487d410-2e8d-4482-bb6f-7c69d5b5921a,,,18.05
2026-08-10 16:40:23.020830+00:00,orchestrator,queue_wait_ms,2.958740234375,baseline,1487d410-2e8d-4482-bb6f-7c69d5b5921a,,,18.05
2026-08-10 16:40:23.021828+00:00,orchestrator,stage_latency_ms,25.08510000006936,baseline,1487d410-2e8d-4482-bb6f-7c69d5b5921a,,,18.05
2026-08-10 16:40:23.021828+00:00,orchestrator,end_to_end_latency_ms,49.6982421875,baseline,1487d410-2e8d-4482-bb6f-7c69d5b5921a,,,18.05
2026-08-10 16:40:23.021828+00:00,orchestrator,xai_latency_ms,0.002099999619531445,baseline,1487d410-2e8d-4482-bb6f-7c69d5b5921a,,deterministic,18.05
2026-08-10 16:40:23.979130+00:00,generator,events_sent,20.0,baseline,1487d410-2e8d-4482-bb6f-7c69d5b5921a,,,19.01
2026-08-10 16:40:23.979130+00:00,generator,throughput_eps,0.998496538799328,baseline,1487d410-2e8d-4482-bb6f-7c69d5b5921a,,,19.01
2026-08-10 16:40:23.999066+00:00,detector,events_processed,20.0,baseline,1487d410-2e8d-4482-bb6f-7c69d5b5921a,,,19.03
2026-08-10 16:40:24.000065+00:00,detector,queue_wait_ms,9.01416015625,baseline,1487d410-2e8d-4482-bb6f-7c69d5b5921a,,,19.03
2026-08-10 16:40:24.000065+00:00,detector,throughput_eps,0.9981747127657252,baseline,1487d410-2e8d-4482-bb6f-7c69d5b5921a,,,19.03
2026-08-10 16:40:24.000065+00:00,orchestrator,events_received,20.0,baseline,1487d410-2e8d-4482-bb6f-7c69d5b5921a,,,19.03
2026-08-10 16:40:24.000065+00:00,detector,alerts_emitted,20.0,baseline,1487d410-2e8d-4482-bb6f-7c69d5b5921a,,,19.03
2026-08-10 16:40:24.001066+00:00,detector,stage_latency_ms,19.833500000459026,baseline,1487d410-2e8d-4482-bb6f-7c69d5b5921a,,,19.03
2026-08-10 16:40:24.001538+00:00,detector,end_to_end_latency_ms,27.966064453125,baseline,1487d410-2e8d-4482-bb6f-7c69d5b5921a,,,19.03
2026-08-10 16:40:24.024603+00:00,orchestrator,events_processed,20.0,baseline,1487d410-2e8d-4482-bb6f-7c69d5b5921a,,,19.05
2026-08-10 16:40:24.024603+00:00,orchestrator,throughput_eps,0.9984272275100048,baseline,1487d410-2e8d-4482-bb6f-7c69d5b5921a,,,19.05
2026-08-10 16:40:24.024603+00:00,orchestrator,queue_wait_ms,3.91552734375,baseline,1487d410-2e8d-4482-bb6f-7c69d5b5921a,,,19.05
2026-08-10 16:40:24.025603+00:00,orchestrator,stage_latency_ms,24.457699999402394,baseline,1487d410-2e8d-4482-bb6f-7c69d5b5921a,,,19.05
2026-08-10 16:40:24.025603+00:00,orchestrator,end_to_end_latency_ms,53.50341796875,baseline,1487d410-2e8d-4482-bb6f-7c69d5b5921a,,,19.05
2026-08-10 16:40:24.026618+00:00,orchestrator,xai_latency_ms,0.0018999999156221747,baseline,1487d410-2e8d-4482-bb6f-7c69d5b5921a,,deterministic,19.06
2026-08-10 16:40:24.972158+00:00,generator,events_sent,21.0,baseline,1487d410-2e8d-4482-bb6f-7c69d5b5921a,,,20.0
2026-08-10 16:40:24.973157+00:00,generator,throughput_eps,1.0000966893481322,baseline,1487d410-2e8d-4482-bb6f-7c69d5b5921a,,,20.0
2026-08-10 16:40:24.992158+00:00,detector,events_processed,21.0,baseline,1487d410-2e8d-4482-bb6f-7c69d5b5921a,,,20.02
2026-08-10 16:40:24.993158+00:00,detector,queue_wait_ms,2.0,baseline,1487d410-2e8d-4482-bb6f-7c69d5b5921a,,,20.02
2026-08-10 16:40:24.993158+00:00,orchestrator,events_received,21.0,baseline,1487d410-2e8d-4482-bb6f-7c69d5b5921a,,,20.02
2026-08-10 16:40:24.993158+00:00,detector,alerts_emitted,21.0,baseline,1487d410-2e8d-4482-bb6f-7c69d5b5921a,,,20.02
2026-08-10 16:40:24.993158+00:00,detector,throughput_eps,0.9999463028834548,baseline,1487d410-2e8d-4482-bb6f-7c69d5b5921a,,,20.02
2026-08-10 16:40:24.994159+00:00,detector,stage_latency_ms,19.344899999850895,baseline,1487d410-2e8d-4482-bb6f-7c69d5b5921a,,,20.02
2026-08-10 16:40:24.994159+00:00,detector,end_to_end_latency_ms,21.00048828125,baseline,1487d410-2e8d-4482-bb6f-7c69d5b5921a,,,20.02
2026-08-10 16:40:25.058157+00:00,orchestrator,events_processed,21.0,baseline,1487d410-2e8d-4482-bb6f-7c69d5b5921a,,,20.09
2026-08-10 16:40:25.058157+00:00,orchestrator,throughput_eps,1.000031325981068,baseline,1487d410-2e8d-4482-bb6f-7c69d5b5921a,,,20.09
2026-08-10 16:40:25.059155+00:00,orchestrator,queue_wait_ms,3.003173828125,baseline,1487d410-2e8d-4482-bb6f-7c69d5b5921a,,,20.09
2026-08-10 16:40:25.059155+00:00,orchestrator,stage_latency_ms,65.36099999902945,baseline,1487d410-2e8d-4482-bb6f-7c69d5b5921a,,,20.09
2026-08-10 16:40:25.059155+00:00,orchestrator,end_to_end_latency_ms,86.999267578125,baseline,1487d410-2e8d-4482-bb6f-7c69d5b5921a,,,20.09
2026-08-10 16:40:25.059155+00:00,orchestrator,xai_latency_ms,0.00270000055024866,baseline,1487d410-2e8d-4482-bb6f-7c69d5b5921a,,deterministic,20.09
2026-08-10 16:40:25.973616+00:00,generator,throughput_eps,1.0000060250362486,baseline,1487d410-2e8d-4482-bb6f-7c69d5b5921a,,,21.0
2026-08-10 16:40:25.973616+00:00,generator,events_sent,22.0,baseline,1487d410-2e8d-4482-bb6f-7c69d5b5921a,,,21.0
2026-08-10 16:40:25.993616+00:00,orchestrator,events_received,22.0,baseline,1487d410-2e8d-4482-bb6f-7c69d5b5921a,,,21.02
2026-08-10 16:40:25.993616+00:00,detector,events_processed,22.0,baseline,1487d410-2e8d-4482-bb6f-7c69d5b5921a,,,21.02
2026-08-10 16:40:25.993616+00:00,detector,alerts_emitted,22.0,baseline,1487d410-2e8d-4482-bb6f-7c69d5b5921a,,,21.02
2026-08-10 16:40:25.994618+00:00,detector,throughput_eps,0.9998579201893656,baseline,1487d410-2e8d-4482-bb6f-7c69d5b5921a,,,21.02
2026-08-10 16:40:25.994618+00:00,detector,queue_wait_ms,1.9404296875,baseline,1487d410-2e8d-4482-bb6f-7c69d5b5921a,,,21.02
2026-08-10 16:40:25.994618+00:00,detector,stage_latency_ms,19.615400000475347,baseline,1487d410-2e8d-4482-bb6f-7c69d5b5921a,,,21.02
2026-08-10 16:40:25.994618+00:00,detector,end_to_end_latency_ms,21.9404296875,baseline,1487d410-2e8d-4482-bb6f-7c69d5b5921a,,,21.02
2026-08-10 16:40:26.019658+00:00,orchestrator,throughput_eps,1.0077818698873244,baseline,1487d410-2e8d-4482-bb6f-7c69d5b5921a,,,21.05
2026-08-10 16:40:26.019658+00:00,orchestrator,events_processed,22.0,baseline,1487d410-2e8d-4482-bb6f-7c69d5b5921a,,,21.05
2026-08-10 16:40:26.020659+00:00,orchestrator,stage_latency_ms,25.814200000240817,baseline,1487d410-2e8d-4482-bb6f-7c69d5b5921a,,,21.05
2026-08-10 16:40:26.020659+00:00,orchestrator,end_to_end_latency_ms,47.982421875,baseline,1487d410-2e8d-4482-bb6f-7c69d5b5921a,,,21.05
2026-08-10 16:40:26.020659+00:00,orchestrator,queue_wait_ms,3.001708984375,baseline,1487d410-2e8d-4482-bb6f-7c69d5b5921a,,,21.05
2026-08-10 16:40:26.021660+00:00,orchestrator,xai_latency_ms,0.0025000008463393897,baseline,1487d410-2e8d-4482-bb6f-7c69d5b5921a,,deterministic,21.05
2026-08-10 16:40:26.973876+00:00,generator,throughput_eps,1.000059103492833,baseline,1487d410-2e8d-4482-bb6f-7c69d5b5921a,,,22.0
2026-08-10 16:40:26.973876+00:00,generator,events_sent,23.0,baseline,1487d410-2e8d-4482-bb6f-7c69d5b5921a,,,22.0
2026-08-10 16:40:26.994345+00:00,detector,throughput_eps,1.0002001650580243,baseline,1487d410-2e8d-4482-bb6f-7c69d5b5921a,,,22.02
2026-08-10 16:40:26.994345+00:00,detector,alerts_emitted,23.0,baseline,1487d410-2e8d-4482-bb6f-7c69d5b5921a,,,22.02
2026-08-10 16:40:26.994345+00:00,detector,events_processed,23.0,baseline,1487d410-2e8d-4482-bb6f-7c69d5b5921a,,,22.02
2026-08-10 16:40:26.995317+00:00,detector,queue_wait_ms,2.09521484375,baseline,1487d410-2e8d-4482-bb6f-7c69d5b5921a,,,22.02
2026-08-10 16:40:26.995317+00:00,detector,stage_latency_ms,19.61440000013681,baseline,1487d410-2e8d-4482-bb6f-7c69d5b5921a,,,22.02
2026-08-10 16:40:26.995317+00:00,detector,end_to_end_latency_ms,22.5634765625,baseline,1487d410-2e8d-4482-bb6f-7c69d5b5921a,,,22.02
2026-08-10 16:40:27.018284+00:00,orchestrator,events_processed,23.0,baseline,1487d410-2e8d-4482-bb6f-7c69d5b5921a,,,22.05
2026-08-10 16:40:27.019289+00:00,orchestrator,throughput_eps,1.000433637960775,baseline,1487d410-2e8d-4482-bb6f-7c69d5b5921a,,,22.05
2026-08-10 16:40:27.019289+00:00,orchestrator,queue_wait_ms,2.429931640625,baseline,1487d410-2e8d-4482-bb6f-7c69d5b5921a,,,22.05
2026-08-10 16:40:27.019289+00:00,orchestrator,stage_latency_ms,24.14849999877333,baseline,1487d410-2e8d-4482-bb6f-7c69d5b5921a,,,22.05
2026-08-10 16:40:27.020289+00:00,orchestrator,end_to_end_latency_ms,46.503173828125,baseline,1487d410-2e8d-4482-bb6f-7c69d5b5921a,,,22.05
2026-08-10 16:40:27.020289+00:00,orchestrator,xai_latency_ms,0.0018999999156221747,baseline,1487d410-2e8d-4482-bb6f-7c69d5b5921a,,deterministic,22.05
2026-08-10 16:40:27.973019+00:00,generator,events_sent,24.0,baseline,1487d410-2e8d-4482-bb6f-7c69d5b5921a,,,23.0
2026-08-10 16:40:27.974019+00:00,generator,throughput_eps,1.0001925770787798,baseline,1487d410-2e8d-4482-bb6f-7c69d5b5921a,,,23.0
2026-08-10 16:40:27.995016+00:00,detector,alerts_emitted,24.0,baseline,1487d410-2e8d-4482-bb6f-7c69d5b5921a,,,23.02
2026-08-10 16:40:27.995016+00:00,detector,events_processed,24.0,baseline,1487d410-2e8d-4482-bb6f-7c69d5b5921a,,,23.02
2026-08-10 16:40:27.996018+00:00,orchestrator,events_received,24.0,baseline,1487d410-2e8d-4482-bb6f-7c69d5b5921a,,,23.03
2026-08-10 16:40:27.996018+00:00,detector,throughput_eps,1.0011063977633965,baseline,1487d410-2e8d-4482-bb6f-7c69d5b5921a,,,23.03
2026-08-10 16:40:27.996018+00:00,detector,queue_wait_ms,3.001953125,baseline,1487d410-2e8d-4482-bb6f-7c69d5b5921a,,,23.03
2026-08-10 16:40:27.997018+00:00,detector,stage_latency_ms,21.28420000008191,baseline,1487d410-2e8d-4482-bb6f-7c69d5b5921a,,,23.03
2026-08-10 16:40:27.997018+00:00,detector,end_to_end_latency_ms,23.999267578125,baseline,1487d410-2e8d-4482-bb6f-7c69d5b5921a,,,23.03
2026-08-10 16:40:28.021017+00:00,orchestrator,events_processed,24.0,baseline,1487d410-2e8d-4482-bb6f-7c69d5b5921a,,,23.05
2026-08-10 16:40:28.021017+00:00,orchestrator,throughput_eps,1.000899282983036,baseline,1487d410-2e8d-4482-bb6f-7c69d5b5921a,,,23.05
2026-08-10 16:40:28.021017+00:00,orchestrator,queue_wait_ms,4.00048828125,baseline,1487d410-2e8d-4482-bb6f-7c69d5b5921a,,,23.05
2026-08-10 16:40:28.021017+00:00,orchestrator,stage_latency_ms,24.847399999998743,baseline,1487d410-2e8d-4482-bb6f-7c69d5b5921a,,,23.05
2026-08-10 16:40:28.022016+00:00,orchestrator,end_to_end_latency_ms,48.999755859375,baseline,1487d410-2e8d-4482-bb6f-7c69d5b5921a,,,23.05
2026-08-10 16:40:28.022016+00:00,orchestrator,xai_latency_ms,0.0020000006770715117,baseline,1487d410-2e8d-4482-bb6f-7c69d5b5921a,,deterministic,23.05
2026-08-10 16:40:28.973739+00:00,generator,events_sent,25.0,baseline,1487d410-2e8d-4482-bb6f-7c69d5b5921a,,,24.0
2026-08-10 16:40:28.974720+00:00,generator,throughput_eps,1.0010517450051841,baseline,1487d410-2e8d-4482-bb6f-7c69d5b5921a,,,24.0
2026-08-10 16:40:28.993721+00:00,detector,events_processed,25.0,baseline,1487d410-2e8d-4482-bb6f-7c69d5b5921a,,,24.02
2026-08-10 16:40:28.993721+00:00,detector,alerts_emitted,25.0,baseline,1487d410-2e8d-4482-bb6f-7c69d5b5921a,,,24.02
2026-08-10 16:40:28.993721+00:00,orchestrator,events_received,25.0,baseline,1487d410-2e8d-4482-bb6f-7c69d5b5921a,,,24.02
2026-08-10 16:40:28.993721+00:00,detector,throughput_eps,1.0011739966521704,baseline,1487d410-2e8d-4482-bb6f-7c69d5b5921a,,,24.02
2026-08-10 16:40:28.994722+00:00,detector,queue_wait_ms,2.0224609375,baseline,1487d410-2e8d-4482-bb6f-7c69d5b5921a,,,24.02
2026-08-10 16:40:28.994722+00:00,detector,stage_latency_ms,19.400999999561463,baseline,1487d410-2e8d-4482-bb6f-7c69d5b5921a,,,24.02
2026-08-10 16:40:28.995521+00:00,detector,end_to_end_latency_ms,22.00439453125,baseline,1487d410-2e8d-4482-bb6f-7c69d5b5921a,,,24.02
2026-08-10 16:40:29.018219+00:00,orchestrator,events_processed,25.0,baseline,1487d410-2e8d-4482-bb6f-7c69d5b5921a,,,24.05
2026-08-10 16:40:29.019218+00:00,orchestrator,throughput_eps,1.0010882630290439,baseline,1487d410-2e8d-4482-bb6f-7c69d5b5921a,,,24.05
2026-08-10 16:40:29.019218+00:00,orchestrator,queue_wait_ms,3.000732421875,baseline,1487d410-2e8d-4482-bb6f-7c69d5b5921a,,,24.05
2026-08-10 16:40:29.019218+00:00,orchestrator,stage_latency_ms,24.559699999372242,baseline,1487d410-2e8d-4482-bb6f-7c69d5b5921a,,,24.05
2026-08-10 16:40:29.020218+00:00,orchestrator,xai_latency_ms,0.0020000006770715117,baseline,1487d410-2e8d-4482-bb6f-7c69d5b5921a,,deterministic,24.05
2026-08-10 16:40:29.020218+00:00,orchestrator,end_to_end_latency_ms,46.502685546875,baseline,1487d410-2e8d-4482-bb6f-7c69d5b5921a,,,24.05
2026-08-10 16:40:29.972936+00:00,generator,events_sent,26.0,baseline,1487d410-2e8d-4482-bb6f-7c69d5b5921a,,,25.0
2026-08-10 16:40:29.973965+00:00,generator,throughput_eps,0.9999884251340623,baseline,1487d410-2e8d-4482-bb6f-7c69d5b5921a,,,25.0
2026-08-10 16:40:29.993092+00:00,detector,events_processed,26.0,baseline,1487d410-2e8d-4482-bb6f-7c69d5b5921a,,,25.02
2026-08-10 16:40:29.994106+00:00,detector,alerts_emitted,26.0,baseline,1487d410-2e8d-4482-bb6f-7c69d5b5921a,,,25.02
2026-08-10 16:40:29.994106+00:00,orchestrator,events_received,26.0,baseline,1487d410-2e8d-4482-bb6f-7c69d5b5921a,,,25.02
2026-08-10 16:40:29.994106+00:00,detector,throughput_eps,0.9999996750003594,baseline,1487d410-2e8d-4482-bb6f-7c69d5b5921a,,,25.02
2026-08-10 16:40:29.995075+00:00,detector,queue_wait_ms,3.08984375,baseline,1487d410-2e8d-4482-bb6f-7c69d5b5921a,,,25.02
2026-08-10 16:40:29.995075+00:00,detector,stage_latency_ms,19.750999999814667,baseline,1487d410-2e8d-4482-bb6f-7c69d5b5921a,,,25.02
2026-08-10 16:40:29.995075+00:00,detector,end_to_end_latency_ms,22.217041015625,baseline,1487d410-2e8d-4482-bb6f-7c69d5b5921a,,,25.02
2026-08-10 16:40:30.019647+00:00,orchestrator,events_processed,26.0,baseline,1487d410-2e8d-4482-bb6f-7c69d5b5921a,,,25.05
2026-08-10 16:40:30.019647+00:00,orchestrator,throughput_eps,1.0078052297877693,baseline,1487d410-2e8d-4482-bb6f-7c69d5b5921a,,,25.05
2026-08-10 16:40:30.020647+00:00,orchestrator,queue_wait_ms,3.169189453125,baseline,1487d410-2e8d-4482-bb6f-7c69d5b5921a,,,25.05
2026-08-10 16:40:30.020647+00:00,orchestrator,stage_latency_ms,25.35870000065188,baseline,1487d410-2e8d-4482-bb6f-7c69d5b5921a,,,25.05
2026-08-10 16:40:30.021647+00:00,orchestrator,xai_latency_ms,0.0018000009731622413,baseline,1487d410-2e8d-4482-bb6f-7c69d5b5921a,,deterministic,25.05
2026-08-10 16:40:30.021647+00:00,orchestrator,end_to_end_latency_ms,48.771728515625,baseline,1487d410-2e8d-4482-bb6f-7c69d5b5921a,,,25.05
2026-08-10 16:40:30.980133+00:00,generator,events_sent,27.0,baseline,1487d410-2e8d-4482-bb6f-7c69d5b5921a,,,26.01
2026-08-10 16:40:30.981136+00:00,generator,throughput_eps,0.998541081553035,baseline,1487d410-2e8d-4482-bb6f-7c69d5b5921a,,,26.01
2026-08-10 16:40:31.003123+00:00,detector,events_processed,27.0,baseline,1487d410-2e8d-4482-bb6f-7c69d5b5921a,,,26.03
2026-08-10 16:40:31.004123+00:00,detector,alerts_emitted,27.0,baseline,1487d410-2e8d-4482-bb6f-7c69d5b5921a,,,26.03
2026-08-10 16:40:31.004123+00:00,orchestrator,events_received,27.0,baseline,1487d410-2e8d-4482-bb6f-7c69d5b5921a,,,26.03
2026-08-10 16:40:31.004123+00:00,detector,throughput_eps,0.9976209732652879,baseline,1487d410-2e8d-4482-bb6f-7c69d5b5921a,,,26.03
2026-08-10 16:40:31.005124+00:00,detector,queue_wait_ms,9.93896484375,baseline,1487d410-2e8d-4482-bb6f-7c69d5b5921a,,,26.03
2026-08-10 16:40:31.005124+00:00,detector,stage_latency_ms,21.94749999944179,baseline,1487d410-2e8d-4482-bb6f-7c69d5b5921a,,,26.03
2026-08-10 16:40:31.005124+00:00,detector,end_to_end_latency_ms,31.926025390625,baseline,1487d410-2e8d-4482-bb6f-7c69d5b5921a,,,26.03
2026-08-10 16:40:31.039333+00:00,orchestrator,stage_latency_ms,34.982200000740704,baseline,1487d410-2e8d-4482-bb6f-7c69d5b5921a,,,26.07
2026-08-10 16:40:31.039333+00:00,orchestrator,queue_wait_ms,2.96630859375,baseline,1487d410-2e8d-4482-bb6f-7c69d5b5921a,,,26.07
2026-08-10 16:40:31.039333+00:00,orchestrator,events_processed,27.0,baseline,1487d410-2e8d-4482-bb6f-7c69d5b5921a,,,26.07
2026-08-10 16:40:31.039333+00:00,orchestrator,throughput_eps,0.9949736171551131,baseline,1487d410-2e8d-4482-bb6f-7c69d5b5921a,,,26.07
2026-08-10 16:40:31.040333+00:00,orchestrator,end_to_end_latency_ms,68.135986328125,baseline,1487d410-2e8d-4482-bb6f-7c69d5b5921a,,,26.07
2026-08-10 16:40:31.040333+00:00,orchestrator,xai_latency_ms,0.007700000423938036,baseline,1487d410-2e8d-4482-bb6f-7c69d5b5921a,,deterministic,26.07
2026-08-10 16:40:31.973291+00:00,generator,events_sent,28.0,baseline,1487d410-2e8d-4482-bb6f-7c69d5b5921a,,,27.0
2026-08-10 16:40:31.973291+00:00,generator,throughput_eps,1.000104150846163,baseline,1487d410-2e8d-4482-bb6f-7c69d5b5921a,,,27.0
2026-08-10 16:40:31.992944+00:00,detector,events_processed,28.0,baseline,1487d410-2e8d-4482-bb6f-7c69d5b5921a,,,27.02
2026-08-10 16:40:31.992944+00:00,detector,alerts_emitted,28.0,baseline,1487d410-2e8d-4482-bb6f-7c69d5b5921a,,,27.02
2026-08-10 16:40:31.993933+00:00,orchestrator,events_received,28.0,baseline,1487d410-2e8d-4482-bb6f-7c69d5b5921a,,,27.02
2026-08-10 16:40:31.993933+00:00,detector,throughput_eps,1.0002061424858895,baseline,1487d410-2e8d-4482-bb6f-7c69d5b5921a,,,27.02
2026-08-10 16:40:31.993933+00:00,detector,queue_wait_ms,1.9921875,baseline,1487d410-2e8d-4482-bb6f-7c69d5b5921a,,,27.02
2026-08-10 16:40:31.995135+00:00,detector,end_to_end_latency_ms,21.6455078125,baseline,1487d410-2e8d-4482-bb6f-7c69d5b5921a,,,27.02
2026-08-10 16:40:31.995135+00:00,detector,stage_latency_ms,19.10870000028808,baseline,1487d410-2e8d-4482-bb6f-7c69d5b5921a,,,27.02
2026-08-10 16:40:32.019385+00:00,orchestrator,queue_wait_ms,3.64208984375,baseline,1487d410-2e8d-4482-bb6f-7c69d5b5921a,,,27.05
2026-08-10 16:40:32.019385+00:00,orchestrator,throughput_eps,1.0003635821442804,baseline,1487d410-2e8d-4482-bb6f-7c69d5b5921a,,,27.05
2026-08-10 16:40:32.019385+00:00,orchestrator,events_processed,28.0,baseline,1487d410-2e8d-4482-bb6f-7c69d5b5921a,,,27.05
2026-08-10 16:40:32.020386+00:00,orchestrator,stage_latency_ms,25.560899999618414,baseline,1487d410-2e8d-4482-bb6f-7c69d5b5921a,,,27.05
2026-08-10 16:40:32.020386+00:00,orchestrator,end_to_end_latency_ms,48.086669921875,baseline,1487d410-2e8d-4482-bb6f-7c69d5b5921a,,,27.05
2026-08-10 16:40:32.021387+00:00,orchestrator,xai_latency_ms,0.0017000002117129043,baseline,1487d410-2e8d-4482-bb6f-7c69d5b5921a,,deterministic,27.05
2026-08-10 16:40:32.973258+00:00,generator,events_sent,29.0,baseline,1487d410-2e8d-4482-bb6f-7c69d5b5921a,,,28.0
2026-08-10 16:40:32.973258+00:00,generator,throughput_eps,1.0000355612643006,baseline,1487d410-2e8d-4482-bb6f-7c69d5b5921a,,,28.0
2026-08-10 16:40:32.992018+00:00,detector,events_processed,29.0,baseline,1487d410-2e8d-4482-bb6f-7c69d5b5921a,,,28.02
2026-08-10 16:40:32.992018+00:00,detector,alerts_emitted,29.0,baseline,1487d410-2e8d-4482-bb6f-7c69d5b5921a,,,28.02
2026-08-10 16:40:32.992018+00:00,orchestrator,events_received,29.0,baseline,1487d410-2e8d-4482-bb6f-7c69d5b5921a,,,28.02
2026-08-10 16:40:32.992018+00:00,detector,throughput_eps,1.0006190830265729,baseline,1487d410-2e8d-4482-bb6f-7c69d5b5921a,,,28.02
2026-08-10 16:40:32.993020+00:00,detector,queue_wait_ms,1.97412109375,baseline,1487d410-2e8d-4482-bb6f-7c69d5b5921a,,,28.02
2026-08-10 16:40:32.993020+00:00,detector,stage_latency_ms,18.488499999875785,baseline,1487d410-2e8d-4482-bb6f-7c69d5b5921a,,,28.02
2026-08-10 16:40:32.994019+00:00,detector,end_to_end_latency_ms,20.733642578125,baseline,1487d410-2e8d-4482-bb6f-7c69d5b5921a,,,28.02
2026-08-10 16:40:33.058672+00:00,orchestrator,stage_latency_ms,65.85480000103416,baseline,1487d410-2e8d-4482-bb6f-7c69d5b5921a,,,28.09
2026-08-10 16:40:33.058672+00:00,orchestrator,queue_wait_ms,2.111572265625,baseline,1487d410-2e8d-4482-bb6f-7c69d5b5921a,,,28.09
2026-08-10 16:40:33.058672+00:00,orchestrator,events_processed,29.0,baseline,1487d410-2e8d-4482-bb6f-7c69d5b5921a,,,28.09
2026-08-10 16:40:33.058672+00:00,orchestrator,throughput_eps,0.9902061678554517,baseline,1487d410-2e8d-4482-bb6f-7c69d5b5921a,,,28.09
2026-08-10 16:40:33.059672+00:00,orchestrator,end_to_end_latency_ms,87.387939453125,baseline,1487d410-2e8d-4482-bb6f-7c69d5b5921a,,,28.09
2026-08-10 16:40:33.059672+00:00,orchestrator,xai_latency_ms,0.0024000000848900527,baseline,1487d410-2e8d-4482-bb6f-7c69d5b5921a,,deterministic,28.09
2026-08-10 16:40:33.972996+00:00,generator,events_sent,30.0,baseline,1487d410-2e8d-4482-bb6f-7c69d5b5921a,,,29.0
2026-08-10 16:40:33.972996+00:00,generator,throughput_eps,1.0002418384719207,baseline,1487d410-2e8d-4482-bb6f-7c69d5b5921a,,,29.0
2026-08-10 16:40:33.992274+00:00,detector,events_processed,30.0,baseline,1487d410-2e8d-4482-bb6f-7c69d5b5921a,,,29.02
2026-08-10 16:40:33.992274+00:00,detector,alerts_emitted,30.0,baseline,1487d410-2e8d-4482-bb6f-7c69d5b5921a,,,29.02
2026-08-10 16:40:33.992274+00:00,orchestrator,events_received,30.0,baseline,1487d410-2e8d-4482-bb6f-7c69d5b5921a,,,29.02
2026-08-10 16:40:33.993307+00:00,detector,queue_wait_ms,2.113525390625,baseline,1487d410-2e8d-4482-bb6f-7c69d5b5921a,,,29.02
2026-08-10 16:40:33.993307+00:00,detector,throughput_eps,1.0002528639237254,baseline,1487d410-2e8d-4482-bb6f-7c69d5b5921a,,,29.02
2026-08-10 16:40:33.993307+00:00,detector,stage_latency_ms,19.10899999893445,baseline,1487d410-2e8d-4482-bb6f-7c69d5b5921a,,,29.02
2026-08-10 16:40:33.994276+00:00,detector,end_to_end_latency_ms,21.391845703125,baseline,1487d410-2e8d-4482-bb6f-7c69d5b5921a,,,29.02
2026-08-10 16:40:34.016953+00:00,orchestrator,events_processed,30.0,baseline,1487d410-2e8d-4482-bb6f-7c69d5b5921a,,,29.05
2026-08-10 16:40:34.017991+00:00,orchestrator,queue_wait_ms,2.2490234375,baseline,1487d410-2e8d-4482-bb6f-7c69d5b5921a,,,29.05
2026-08-10 16:40:34.017991+00:00,orchestrator,throughput_eps,1.000249102036206,baseline,1487d410-2e8d-4482-bb6f-7c69d5b5921a,,,29.05
2026-08-10 16:40:34.018988+00:00,orchestrator,end_to_end_latency_ms,46.0703125,baseline,1487d410-2e8d-4482-bb6f-7c69d5b5921a,,,29.05
2026-08-10 16:40:34.018988+00:00,orchestrator,xai_latency_ms,0.00270000055024866,baseline,1487d410-2e8d-4482-bb6f-7c69d5b5921a,,deterministic,29.05
2026-08-10 16:40:34.018988+00:00,orchestrator,stage_latency_ms,24.707299999136012,baseline,1487d410-2e8d-4482-bb6f-7c69d5b5921a,,,29.05
2026-08-10 16:40:34.973535+00:00,generator,events_sent,31.0,baseline,1487d410-2e8d-4482-bb6f-7c69d5b5921a,,,30.0
2026-08-10 16:40:34.974575+00:00,generator,throughput_eps,1.001501877252398,baseline,1487d410-2e8d-4482-bb6f-7c69d5b5921a,,,30.0
2026-08-10 16:40:34.993551+00:00,detector,events_processed,31.0,baseline,1487d410-2e8d-4482-bb6f-7c69d5b5921a,,,30.02
2026-08-10 16:40:34.993551+00:00,detector,alerts_emitted,31.0,baseline,1487d410-2e8d-4482-bb6f-7c69d5b5921a,,,30.02
2026-08-10 16:40:34.993551+00:00,orchestrator,events_received,31.0,baseline,1487d410-2e8d-4482-bb6f-7c69d5b5921a,,,30.02
2026-08-10 16:40:34.994534+00:00,detector,throughput_eps,1.0024963160763654,baseline,1487d410-2e8d-4482-bb6f-7c69d5b5921a,,,30.02
2026-08-10 16:40:34.994534+00:00,detector,queue_wait_ms,3.00146484375,baseline,1487d410-2e8d-4482-bb6f-7c69d5b5921a,,,30.02
2026-08-10 16:40:34.995534+00:00,detector,stage_latency_ms,19.426699998803088,baseline,1487d410-2e8d-4482-bb6f-7c69d5b5921a,,,30.02
2026-08-10 16:40:34.995534+00:00,detector,end_to_end_latency_ms,22.01708984375,baseline,1487d410-2e8d-4482-bb6f-7c69d5b5921a,,,30.02
2026-08-10 16:40:35.019534+00:00,orchestrator,stage_latency_ms,25.21129999877303,baseline,1487d410-2e8d-4482-bb6f-7c69d5b5921a,,,30.05
2026-08-10 16:40:35.019534+00:00,orchestrator,queue_wait_ms,2.985107421875,baseline,1487d410-2e8d-4482-bb6f-7c69d5b5921a,,,30.05
2026-08-10 16:40:35.019534+00:00,orchestrator,events_processed,31.0,baseline,1487d410-2e8d-4482-bb6f-7c69d5b5921a,,,30.05
2026-08-10 16:40:35.019534+00:00,orchestrator,throughput_eps,1.0000356012674516,baseline,1487d410-2e8d-4482-bb6f-7c69d5b5921a,,,30.05
2026-08-10 16:40:35.020846+00:00,orchestrator,end_to_end_latency_ms,48.000732421875,baseline,1487d410-2e8d-4482-bb6f-7c69d5b5921a,,,30.05
2026-08-10 16:40:35.020846+00:00,orchestrator,xai_latency_ms,0.001999998858082108,baseline,1487d410-2e8d-4482-bb6f-7c69d5b5921a,,deterministic,30.05
2026-08-10 16:40:35.974877+00:00,generator,events_sent,32.0,baseline,1487d410-2e8d-4482-bb6f-7c69d5b5921a,,,31.0
2026-08-10 16:40:35.975915+00:00,generator,throughput_eps,1.0009036959289017,baseline,1487d410-2e8d-4482-bb6f-7c69d5b5921a,,,31.01
2026-08-10 16:40:35.995845+00:00,detector,events_processed,32.0,baseline,1487d410-2e8d-4482-bb6f-7c69d5b5921a,,,31.03
2026-08-10 16:40:35.995845+00:00,detector,alerts_emitted,32.0,baseline,1487d410-2e8d-4482-bb6f-7c69d5b5921a,,,31.03
2026-08-10 16:40:35.995845+00:00,orchestrator,events_received,32.0,baseline,1487d410-2e8d-4482-bb6f-7c69d5b5921a,,,31.03
2026-08-10 16:40:35.996849+00:00,detector,stage_latency_ms,20.09589999943273,baseline,1487d410-2e8d-4482-bb6f-7c69d5b5921a,,,31.03
2026-08-10 16:40:35.996849+00:00,detector,throughput_eps,1.0015357950494725,baseline,1487d410-2e8d-4482-bb6f-7c69d5b5921a,,,31.03
2026-08-10 16:40:35.996849+00:00,detector,queue_wait_ms,4.983154296875,baseline,1487d410-2e8d-4482-bb6f-7c69d5b5921a,,,31.03
2026-08-10 16:40:35.997851+00:00,detector,end_to_end_latency_ms,24.913330078125,baseline,1487d410-2e8d-4482-bb6f-7c69d5b5921a,,,31.03
2026-08-10 16:40:36.020582+00:00,orchestrator,throughput_eps,1.0036167739125628,baseline,1487d410-2e8d-4482-bb6f-7c69d5b5921a,,,31.05
2026-08-10 16:40:36.020582+00:00,orchestrator,events_processed,32.0,baseline,1487d410-2e8d-4482-bb6f-7c69d5b5921a,,,31.05
2026-08-10 16:40:36.021581+00:00,orchestrator,queue_wait_ms,2.897216796875,baseline,1487d410-2e8d-4482-bb6f-7c69d5b5921a,,,31.05
2026-08-10 16:40:36.021581+00:00,orchestrator,stage_latency_ms,24.639200000819983,baseline,1487d410-2e8d-4482-bb6f-7c69d5b5921a,,,31.05
2026-08-10 16:40:36.022582+00:00,orchestrator,end_to_end_latency_ms,49.650634765625,baseline,1487d410-2e8d-4482-bb6f-7c69d5b5921a,,,31.05
2026-08-10 16:40:36.022582+00:00,orchestrator,xai_latency_ms,0.0018999999156221747,baseline,1487d410-2e8d-4482-bb6f-7c69d5b5921a,,deterministic,31.05
2026-08-10 16:40:36.973265+00:00,generator,events_sent,33.0,baseline,1487d410-2e8d-4482-bb6f-7c69d5b5921a,,,32.0
2026-08-10 16:40:36.973265+00:00,generator,throughput_eps,0.9999002099594572,baseline,1487d410-2e8d-4482-bb6f-7c69d5b5921a,,,32.0
2026-08-10 16:40:36.996264+00:00,detector,events_processed,33.0,baseline,1487d410-2e8d-4482-bb6f-7c69d5b5921a,,,32.03
2026-08-10 16:40:36.996264+00:00,detector,alerts_emitted,33.0,baseline,1487d410-2e8d-4482-bb6f-7c69d5b5921a,,,32.03
2026-08-10 16:40:36.996264+00:00,orchestrator,events_received,33.0,baseline,1487d410-2e8d-4482-bb6f-7c69d5b5921a,,,32.03
2026-08-10 16:40:36.997271+00:00,detector,queue_wait_ms,2.9833984375,baseline,1487d410-2e8d-4482-bb6f-7c69d5b5921a,,,32.03
2026-08-10 16:40:36.997271+00:00,detector,throughput_eps,0.998918969890856,baseline,1487d410-2e8d-4482-bb6f-7c69d5b5921a,,,32.03
2026-08-10 16:40:36.998267+00:00,detector,end_to_end_latency_ms,24.967529296875,baseline,1487d410-2e8d-4482-bb6f-7c69d5b5921a,,,32.03
2026-08-10 16:40:36.998267+00:00,detector,stage_latency_ms,22.346899999320158,baseline,1487d410-2e8d-4482-bb6f-7c69d5b5921a,,,32.03
2026-08-10 16:40:37.022264+00:00,orchestrator,events_processed,33.0,baseline,1487d410-2e8d-4482-bb6f-7c69d5b5921a,,,32.05
2026-08-10 16:40:37.022264+00:00,orchestrator,throughput_eps,1.009155385634006,baseline,1487d410-2e8d-4482-bb6f-7c69d5b5921a,,,32.05
2026-08-10 16:40:37.023266+00:00,orchestrator,queue_wait_ms,4.00048828125,baseline,1487d410-2e8d-4482-bb6f-7c69d5b5921a,,,32.05
2026-08-10 16:40:37.023266+00:00,orchestrator,stage_latency_ms,25.25199999945471,baseline,1487d410-2e8d-4482-bb6f-7c69d5b5921a,,,32.05
2026-08-10 16:40:37.023266+00:00,orchestrator,end_to_end_latency_ms,50.967041015625,baseline,1487d410-2e8d-4482-bb6f-7c69d5b5921a,,,32.05
2026-08-10 16:40:37.024308+00:00,orchestrator,xai_latency_ms,0.0017000002117129043,baseline,1487d410-2e8d-4482-bb6f-7c69d5b5921a,,deterministic,32.05
2026-08-10 16:40:37.974716+00:00,generator,throughput_eps,0.9995701348635248,baseline,1487d410-2e8d-4482-bb6f-7c69d5b5921a,,,33.0
2026-08-10 16:40:37.974716+00:00,generator,events_sent,34.0,baseline,1487d410-2e8d-4482-bb6f-7c69d5b5921a,,,33.0
2026-08-10 16:40:37.995051+00:00,orchestrator,events_received,34.0,baseline,1487d410-2e8d-4482-bb6f-7c69d5b5921a,,,33.02
2026-08-10 16:40:37.995051+00:00,detector,throughput_eps,0.9993372395427725,baseline,1487d410-2e8d-4482-bb6f-7c69d5b5921a,,,33.02
2026-08-10 16:40:37.995051+00:00,detector,events_processed,34.0,baseline,1487d410-2e8d-4482-bb6f-7c69d5b5921a,,,33.02
2026-08-10 16:40:37.995051+00:00,detector,alerts_emitted,34.0,baseline,1487d410-2e8d-4482-bb6f-7c69d5b5921a,,,33.02
2026-08-10 16:40:37.996048+00:00,detector,stage_latency_ms,20.194400000036694,baseline,1487d410-2e8d-4482-bb6f-7c69d5b5921a,,,33.03
2026-08-10 16:40:37.996048+00:00,detector,end_to_end_latency_ms,24.04296875,baseline,1487d410-2e8d-4482-bb6f-7c69d5b5921a,,,33.03
2026-08-10 16:40:37.996048+00:00,detector,queue_wait_ms,3.707275390625,baseline,1487d410-2e8d-4482-bb6f-7c69d5b5921a,,,33.03
2026-08-10 16:40:38.020048+00:00,orchestrator,events_processed,34.0,baseline,1487d410-2e8d-4482-bb6f-7c69d5b5921a,,,33.05
2026-08-10 16:40:38.021048+00:00,orchestrator,throughput_eps,1.0075990703650115,baseline,1487d410-2e8d-4482-bb6f-7c69d5b5921a,,,33.05
2026-08-10 16:40:38.021048+00:00,orchestrator,queue_wait_ms,3.003173828125,baseline,1487d410-2e8d-4482-bb6f-7c69d5b5921a,,,33.05
2026-08-10 16:40:38.021048+00:00,orchestrator,stage_latency_ms,25.118200001088553,baseline,1487d410-2e8d-4482-bb6f-7c69d5b5921a,,,33.05
2026-08-10 16:40:38.021048+00:00,orchestrator,end_to_end_latency_ms,49.039794921875,baseline,1487d410-2e8d-4482-bb6f-7c69d5b5921a,,,33.05
2026-08-10 16:40:38.022051+00:00,orchestrator,xai_latency_ms,0.0018999999156221747,baseline,1487d410-2e8d-4482-bb6f-7c69d5b5921a,,deterministic,33.05
2026-08-10 16:40:38.973222+00:00,generator,events_sent,35.0,baseline,1487d410-2e8d-4482-bb6f-7c69d5b5921a,,,34.0
2026-08-10 16:40:38.973222+00:00,generator,throughput_eps,1.0000908582545784,baseline,1487d410-2e8d-4482-bb6f-7c69d5b5921a,,,34.0
2026-08-10 16:40:38.992122+00:00,detector,events_processed,35.0,baseline,1487d410-2e8d-4482-bb6f-7c69d5b5921a,,,34.02
2026-08-10 16:40:38.992122+00:00,detector,alerts_emitted,35.0,baseline,1487d410-2e8d-4482-bb6f-7c69d5b5921a,,,34.02
2026-08-10 16:40:38.992122+00:00,orchestrator,events_received,35.0,baseline,1487d410-2e8d-4482-bb6f-7c69d5b5921a,,,34.02
2026-08-10 16:40:38.993175+00:00,detector,throughput_eps,1.0000415817290749,baseline,1487d410-2e8d-4482-bb6f-7c69d5b5921a,,,34.02
2026-08-10 16:40:38.994121+00:00,detector,queue_wait_ms,2.10205078125,baseline,1487d410-2e8d-4482-bb6f-7c69d5b5921a,,,34.02
2026-08-10 16:40:38.994121+00:00,detector,stage_latency_ms,18.372399999861955,baseline,1487d410-2e8d-4482-bb6f-7c69d5b5921a,,,34.02
2026-08-10 16:40:38.994121+00:00,detector,end_to_end_latency_ms,21.002197265625,baseline,1487d410-2e8d-4482-bb6f-7c69d5b5921a,,,34.02
2026-08-10 16:40:39.017837+00:00,orchestrator,events_processed,35.0,baseline,1487d410-2e8d-4482-bb6f-7c69d5b5921a,,,34.05
2026-08-10 16:40:39.018842+00:00,orchestrator,throughput_eps,1.0002412081673149,baseline,1487d410-2e8d-4482-bb6f-7c69d5b5921a,,,34.05
2026-08-10 16:40:39.018842+00:00,orchestrator,queue_wait_ms,2.870361328125,baseline,1487d410-2e8d-4482-bb6f-7c69d5b5921a,,,34.05
2026-08-10 16:40:39.019841+00:00,orchestrator,stage_latency_ms,25.768800000150804,baseline,1487d410-2e8d-4482-bb6f-7c69d5b5921a,,,34.05
2026-08-10 16:40:39.019841+00:00,orchestrator,end_to_end_latency_ms,46.717529296875,baseline,1487d410-2e8d-4482-bb6f-7c69d5b5921a,,,34.05
2026-08-10 16:40:39.019841+00:00,orchestrator,xai_latency_ms,0.0020000006770715117,baseline,1487d410-2e8d-4482-bb6f-7c69d5b5921a,,deterministic,34.05
2026-08-10 16:40:39.973447+00:00,generator,events_sent,36.0,baseline,1487d410-2e8d-4482-bb6f-7c69d5b5921a,,,35.0
2026-08-10 16:40:39.974450+00:00,generator,throughput_eps,1.000015020225741,baseline,1487d410-2e8d-4482-bb6f-7c69d5b5921a,,,35.0
2026-08-10 16:40:39.992495+00:00,detector,events_processed,36.0,baseline,1487d410-2e8d-4482-bb6f-7c69d5b5921a,,,35.02
2026-08-10 16:40:39.993530+00:00,detector,throughput_eps,1.0001131928111335,baseline,1487d410-2e8d-4482-bb6f-7c69d5b5921a,,,35.02
2026-08-10 16:40:39.993530+00:00,orchestrator,events_received,36.0,baseline,1487d410-2e8d-4482-bb6f-7c69d5b5921a,,,35.02
2026-08-10 16:40:39.993530+00:00,detector,alerts_emitted,36.0,baseline,1487d410-2e8d-4482-bb6f-7c69d5b5921a,,,35.02
2026-08-10 16:40:39.994486+00:00,detector,queue_wait_ms,1.926513671875,baseline,1487d410-2e8d-4482-bb6f-7c69d5b5921a,,,35.02
2026-08-10 16:40:39.994486+00:00,detector,stage_latency_ms,18.953100001454004,baseline,1487d410-2e8d-4482-bb6f-7c69d5b5921a,,,35.02
2026-08-10 16:40:39.995519+00:00,detector,end_to_end_latency_ms,20.974609375,baseline,1487d410-2e8d-4482-bb6f-7c69d5b5921a,,,35.02
2026-08-10 16:40:40.018645+00:00,orchestrator,events_processed,36.0,baseline,1487d410-2e8d-4482-bb6f-7c69d5b5921a,,,35.05
2026-08-10 16:40:40.019646+00:00,orchestrator,throughput_eps,1.000032161033981,baseline,1487d410-2e8d-4482-bb6f-7c69d5b5921a,,,35.05
2026-08-10 16:40:40.019646+00:00,orchestrator,queue_wait_ms,3.044677734375,baseline,1487d410-2e8d-4482-bb6f-7c69d5b5921a,,,35.05
2026-08-10 16:40:40.019646+00:00,orchestrator,stage_latency_ms,25.517000000036205,baseline,1487d410-2e8d-4482-bb6f-7c69d5b5921a,,,35.05
2026-08-10 16:40:40.021081+00:00,orchestrator,end_to_end_latency_ms,47.12451171875,baseline,1487d410-2e8d-4482-bb6f-7c69d5b5921a,,,35.05
2026-08-10 16:40:40.021081+00:00,orchestrator,xai_latency_ms,0.0018999999156221747,baseline,1487d410-2e8d-4482-bb6f-7c69d5b5921a,,deterministic,35.05
2026-08-10 16:40:40.977531+00:00,generator,events_sent,37.0,baseline,1487d410-2e8d-4482-bb6f-7c69d5b5921a,,,36.01
2026-08-10 16:40:40.978498+00:00,generator,throughput_eps,0.998970161659958,baseline,1487d410-2e8d-4482-bb6f-7c69d5b5921a,,,36.01
2026-08-10 16:40:40.998539+00:00,detector,alerts_emitted,37.0,baseline,1487d410-2e8d-4482-bb6f-7c69d5b5921a,,,36.03
2026-08-10 16:40:40.998539+00:00,detector,events_processed,37.0,baseline,1487d410-2e8d-4482-bb6f-7c69d5b5921a,,,36.03
2026-08-10 16:40:40.998539+00:00,orchestrator,events_received,37.0,baseline,1487d410-2e8d-4482-bb6f-7c69d5b5921a,,,36.03
2026-08-10 16:40:40.999540+00:00,detector,throughput_eps,0.9994080256411416,baseline,1487d410-2e8d-4482-bb6f-7c69d5b5921a,,,36.03
2026-08-10 16:40:40.999540+00:00,detector,queue_wait_ms,6.99755859375,baseline,1487d410-2e8d-4482-bb6f-7c69d5b5921a,,,36.03
2026-08-10 16:40:41.000548+00:00,detector,stage_latency_ms,20.249100000000908,baseline,1487d410-2e8d-4482-bb6f-7c69d5b5921a,,,36.03
2026-08-10 16:40:41.000548+00:00,detector,end_to_end_latency_ms,27.03857421875,baseline,1487d410-2e8d-4482-bb6f-7c69d5b5921a,,,36.03
2026-08-10 16:40:41.023395+00:00,orchestrator,events_processed,37.0,baseline,1487d410-2e8d-4482-bb6f-7c69d5b5921a,,,36.05
2026-08-10 16:40:41.024395+00:00,orchestrator,throughput_eps,0.99951620916698,baseline,1487d410-2e8d-4482-bb6f-7c69d5b5921a,,,36.05
2026-08-10 16:40:41.024395+00:00,orchestrator,queue_wait_ms,3.001708984375,baseline,1487d410-2e8d-4482-bb6f-7c69d5b5921a,,,36.05
2026-08-10 16:40:41.024395+00:00,orchestrator,stage_latency_ms,24.89369999966584,baseline,1487d410-2e8d-4482-bb6f-7c69d5b5921a,,,36.05
2026-08-10 16:40:41.024395+00:00,orchestrator,end_to_end_latency_ms,51.894287109375,baseline,1487d410-2e8d-4482-bb6f-7c69d5b5921a,,,36.05
2026-08-10 16:40:41.025395+00:00,orchestrator,xai_latency_ms,0.001999998858082108,baseline,1487d410-2e8d-4482-bb6f-7c69d5b5921a,,deterministic,36.05
2026-08-10 16:40:41.973504+00:00,generator,events_sent,38.0,baseline,1487d410-2e8d-4482-bb6f-7c69d5b5921a,,,37.0
2026-08-10 16:40:41.974141+00:00,generator,throughput_eps,1.0000001199998367,baseline,1487d410-2e8d-4482-bb6f-7c69d5b5921a,,,37.0
2026-08-10 16:40:41.993035+00:00,detector,throughput_eps,1.000654407969785,baseline,1487d410-2e8d-4482-bb6f-7c69d5b5921a,,,37.02
2026-08-10 16:40:41.993035+00:00,orchestrator,events_received,38.0,baseline,1487d410-2e8d-4482-bb6f-7c69d5b5921a,,,37.02
2026-08-10 16:40:41.993035+00:00,detector,events_processed,38.0,baseline,1487d410-2e8d-4482-bb6f-7c69d5b5921a,,,37.02
2026-08-10 16:40:41.993035+00:00,detector,alerts_emitted,38.0,baseline,1487d410-2e8d-4482-bb6f-7c69d5b5921a,,,37.02
2026-08-10 16:40:41.994041+00:00,detector,queue_wait_ms,2.000732421875,baseline,1487d410-2e8d-4482-bb6f-7c69d5b5921a,,,37.02
2026-08-10 16:40:41.994041+00:00,detector,stage_latency_ms,19.252399999459158,baseline,1487d410-2e8d-4482-bb6f-7c69d5b5921a,,,37.02
2026-08-10 16:40:41.994041+00:00,detector,end_to_end_latency_ms,21.53125,baseline,1487d410-2e8d-4482-bb6f-7c69d5b5921a,,,37.02
2026-08-10 16:40:42.018043+00:00,orchestrator,events_processed,38.0,baseline,1487d410-2e8d-4482-bb6f-7c69d5b5921a,,,37.05
2026-08-10 16:40:42.019043+00:00,orchestrator,throughput_eps,1.0007149107321514,baseline,1487d410-2e8d-4482-bb6f-7c69d5b5921a,,,37.05
2026-08-10 16:40:42.019043+00:00,orchestrator,queue_wait_ms,2.531982421875,baseline,1487d410-2e8d-4482-bb6f-7c69d5b5921a,,,37.05
2026-08-10 16:40:42.019043+00:00,orchestrator,stage_latency_ms,24.841300000844058,baseline,1487d410-2e8d-4482-bb6f-7c69d5b5921a,,,37.05
2026-08-10 16:40:42.020044+00:00,orchestrator,end_to_end_latency_ms,46.539306640625,baseline,1487d410-2e8d-4482-bb6f-7c69d5b5921a,,,37.05
2026-08-10 16:40:42.020044+00:00,orchestrator,xai_latency_ms,0.0018000009731622413,baseline,1487d410-2e8d-4482-bb6f-7c69d5b5921a,,deterministic,37.05
2026-08-10 16:40:42.973215+00:00,generator,events_sent,39.0,baseline,1487d410-2e8d-4482-bb6f-7c69d5b5921a,,,38.0
2026-08-10 16:40:42.973215+00:00,generator,throughput_eps,1.0002652303284547,baseline,1487d410-2e8d-4482-bb6f-7c69d5b5921a,,,38.0
2026-08-10 16:40:42.993257+00:00,detector,throughput_eps,1.000415092230253,baseline,1487d410-2e8d-4482-bb6f-7c69d5b5921a,,,38.02
2026-08-10 16:40:42.993257+00:00,orchestrator,events_received,39.0,baseline,1487d410-2e8d-4482-bb6f-7c69d5b5921a,,,38.02
2026-08-10 16:40:42.993257+00:00,detector,alerts_emitted,39.0,baseline,1487d410-2e8d-4482-bb6f-7c69d5b5921a,,,38.02
2026-08-10 16:40:42.993257+00:00,detector,events_processed,39.0,baseline,1487d410-2e8d-4482-bb6f-7c69d5b5921a,,,38.02
2026-08-10 16:40:42.994257+00:00,detector,queue_wait_ms,2.000732421875,baseline,1487d410-2e8d-4482-bb6f-7c69d5b5921a,,,38.02
2026-08-10 16:40:42.994257+00:00,detector,stage_latency_ms,19.355099999302183,baseline,1487d410-2e8d-4482-bb6f-7c69d5b5921a,,,38.02
2026-08-10 16:40:42.994257+00:00,detector,end_to_end_latency_ms,22.042236328125,baseline,1487d410-2e8d-4482-bb6f-7c69d5b5921a,,,38.02
2026-08-10 16:40:43.019258+00:00,orchestrator,events_processed,39.0,baseline,1487d410-2e8d-4482-bb6f-7c69d5b5921a,,,38.05
2026-08-10 16:40:43.019258+00:00,orchestrator,throughput_eps,1.0003286880000715,baseline,1487d410-2e8d-4482-bb6f-7c69d5b5921a,,,38.05
2026-08-10 16:40:43.019258+00:00,orchestrator,queue_wait_ms,2.969970703125,baseline,1487d410-2e8d-4482-bb6f-7c69d5b5921a,,,38.05
2026-08-10 16:40:43.020256+00:00,orchestrator,stage_latency_ms,25.60559999983525,baseline,1487d410-2e8d-4482-bb6f-7c69d5b5921a,,,38.05
2026-08-10 16:40:43.020256+00:00,orchestrator,end_to_end_latency_ms,48.04296875,baseline,1487d410-2e8d-4482-bb6f-7c69d5b5921a,,,38.05
2026-08-10 16:40:43.020256+00:00,orchestrator,xai_latency_ms,0.0017999991541728377,baseline,1487d410-2e8d-4482-bb6f-7c69d5b5921a,,deterministic,38.05
2026-08-10 16:40:43.972908+00:00,generator,events_sent,40.0,baseline,1487d410-2e8d-4482-bb6f-7c69d5b5921a,,,39.0
2026-08-10 16:40:43.973461+00:00,generator,throughput_eps,1.0001156133647495,baseline,1487d410-2e8d-4482-bb6f-7c69d5b5921a,,,39.0
2026-08-10 16:40:43.992082+00:00,detector,alerts_emitted,40.0,baseline,1487d410-2e8d-4482-bb6f-7c69d5b5921a,,,39.02
2026-08-10 16:40:43.992082+00:00,detector,events_processed,40.0,baseline,1487d410-2e8d-4482-bb6f-7c69d5b5921a,,,39.02
2026-08-10 16:40:43.992938+00:00,detector,throughput_eps,1.0001986394499982,baseline,1487d410-2e8d-4482-bb6f-7c69d5b5921a,,,39.02
2026-08-10 16:40:43.992938+00:00,orchestrator,events_received,40.0,baseline,1487d410-2e8d-4482-bb6f-7c69d5b5921a,,,39.02
2026-08-10 16:40:43.992938+00:00,detector,queue_wait_ms,1.964111328125,baseline,1487d410-2e8d-4482-bb6f-7c69d5b5921a,,,39.02
2026-08-10 16:40:43.992938+00:00,detector,stage_latency_ms,19.12319999973988,baseline,1487d410-2e8d-4482-bb6f-7c69d5b5921a,,,39.02
2026-08-10 16:40:43.993908+00:00,detector,end_to_end_latency_ms,21.13818359375,baseline,1487d410-2e8d-4482-bb6f-7c69d5b5921a,,,39.02
2026-08-10 16:40:44.017933+00:00,orchestrator,events_processed,40.0,baseline,1487d410-2e8d-4482-bb6f-7c69d5b5921a,,,39.05
2026-08-10 16:40:44.018933+00:00,orchestrator,throughput_eps,1.000003280010632,baseline,1487d410-2e8d-4482-bb6f-7c69d5b5921a,,,39.05
2026-08-10 16:40:44.018933+00:00,orchestrator,queue_wait_ms,3.03125,baseline,1487d410-2e8d-4482-bb6f-7c69d5b5921a,,,39.05
2026-08-10 16:40:44.018933+00:00,orchestrator,stage_latency_ms,25.507199999992736,baseline,1487d410-2e8d-4482-bb6f-7c69d5b5921a,,,39.05
2026-08-10 16:40:44.018933+00:00,orchestrator,end_to_end_latency_ms,46.98876953125,baseline,1487d410-2e8d-4482-bb6f-7c69d5b5921a,,,39.05
2026-08-10 16:40:44.019932+00:00,orchestrator,xai_latency_ms,0.0024000000848900527,baseline,1487d410-2e8d-4482-bb6f-7c69d5b5921a,,deterministic,39.05
2026-08-10 16:40:44.972102+00:00,generator,events_sent,41.0,baseline,1487d410-2e8d-4482-bb6f-7c69d5b5921a,,,40.0
2026-08-10 16:40:44.973101+00:00,generator,throughput_eps,1.0001999199598561,baseline,1487d410-2e8d-4482-bb6f-7c69d5b5921a,,,40.0
2026-08-10 16:40:44.992101+00:00,detector,events_processed,41.0,baseline,1487d410-2e8d-4482-bb6f-7c69d5b5921a,,,40.02
2026-08-10 16:40:44.992101+00:00,detector,alerts_emitted,41.0,baseline,1487d410-2e8d-4482-bb6f-7c69d5b5921a,,,40.02
2026-08-10 16:40:44.992101+00:00,detector,throughput_eps,1.0001866348262924,baseline,1487d410-2e8d-4482-bb6f-7c69d5b5921a,,,40.02
2026-08-10 16:40:44.992101+00:00,orchestrator,events_received,41.0,baseline,1487d410-2e8d-4482-bb6f-7c69d5b5921a,,,40.02
2026-08-10 16:40:44.993103+00:00,detector,queue_wait_ms,1.999267578125,baseline,1487d410-2e8d-4482-bb6f-7c69d5b5921a,,,40.02
2026-08-10 16:40:44.993103+00:00,detector,stage_latency_ms,18.933600000309525,baseline,1487d410-2e8d-4482-bb6f-7c69d5b5921a,,,40.02
2026-08-10 16:40:44.993103+00:00,detector,end_to_end_latency_ms,20.99853515625,baseline,1487d410-2e8d-4482-bb6f-7c69d5b5921a,,,40.02
2026-08-10 16:40:45.017630+00:00,orchestrator,events_processed,41.0,baseline,1487d410-2e8d-4482-bb6f-7c69d5b5921a,,,40.05
2026-08-10 16:40:45.018630+00:00,orchestrator,throughput_eps,1.000188615569155,baseline,1487d410-2e8d-4482-bb6f-7c69d5b5921a,,,40.05
2026-08-10 16:40:45.018630+00:00,orchestrator,queue_wait_ms,3.000244140625,baseline,1487d410-2e8d-4482-bb6f-7c69d5b5921a,,,40.05
2026-08-10 16:40:45.018630+00:00,orchestrator,stage_latency_ms,25.557700000717887,baseline,1487d410-2e8d-4482-bb6f-7c69d5b5921a,,,40.05
2026-08-10 16:40:45.019628+00:00,orchestrator,end_to_end_latency_ms,46.527587890625,baseline,1487d410-2e8d-4482-bb6f-7c69d5b5921a,,,40.05
2026-08-10 16:40:45.019628+00:00,orchestrator,xai_latency_ms,0.0024000000848900527,baseline,1487d410-2e8d-4482-bb6f-7c69d5b5921a,,deterministic,40.05
2026-08-10 16:40:45.972882+00:00,generator,throughput_eps,1.00097709378038,baseline,1487d410-2e8d-4482-bb6f-7c69d5b5921a,,,41.0
2026-08-10 16:40:45.972882+00:00,generator,events_sent,42.0,baseline,1487d410-2e8d-4482-bb6f-7c69d5b5921a,,,41.0
2026-08-10 16:40:45.991344+00:00,detector,events_processed,42.0,baseline,1487d410-2e8d-4482-bb6f-7c69d5b5921a,,,41.02
2026-08-10 16:40:45.992342+00:00,detector,alerts_emitted,42.0,baseline,1487d410-2e8d-4482-bb6f-7c69d5b5921a,,,41.02
2026-08-10 16:40:45.992342+00:00,orchestrator,events_received,42.0,baseline,1487d410-2e8d-4482-bb6f-7c69d5b5921a,,,41.02
2026-08-10 16:40:45.992342+00:00,detector,throughput_eps,1.001341777955454,baseline,1487d410-2e8d-4482-bb6f-7c69d5b5921a,,,41.02
2026-08-10 16:40:45.992342+00:00,detector,queue_wait_ms,1.99951171875,baseline,1487d410-2e8d-4482-bb6f-7c69d5b5921a,,,41.02
2026-08-10 16:40:45.993341+00:00,detector,stage_latency_ms,18.924099998912425,baseline,1487d410-2e8d-4482-bb6f-7c69d5b5921a,,,41.02
2026-08-10 16:40:45.993341+00:00,detector,end_to_end_latency_ms,20.462158203125,baseline,1487d410-2e8d-4482-bb6f-7c69d5b5921a,,,41.02
2026-08-10 16:40:46.017342+00:00,orchestrator,events_processed,42.0,baseline,1487d410-2e8d-4482-bb6f-7c69d5b5921a,,,41.05
2026-08-10 16:40:46.017342+00:00,orchestrator,throughput_eps,1.0013015317828464,baseline,1487d410-2e8d-4482-bb6f-7c69d5b5921a,,,41.05
2026-08-10 16:40:46.018342+00:00,orchestrator,queue_wait_ms,2.998046875,baseline,1487d410-2e8d-4482-bb6f-7c69d5b5921a,,,41.05
2026-08-10 16:40:46.018342+00:00,orchestrator,stage_latency_ms,25.052400000276975,baseline,1487d410-2e8d-4482-bb6f-7c69d5b5921a,,,41.05
2026-08-10 16:40:46.018342+00:00,orchestrator,end_to_end_latency_ms,46.460205078125,baseline,1487d410-2e8d-4482-bb6f-7c69d5b5921a,,,41.05
2026-08-10 16:40:46.019342+00:00,orchestrator,xai_latency_ms,0.0022999993234407157,baseline,1487d410-2e8d-4482-bb6f-7c69d5b5921a,,deterministic,41.05
2026-08-10 16:40:46.973256+00:00,generator,events_sent,43.0,baseline,1487d410-2e8d-4482-bb6f-7c69d5b5921a,,,42.0
2026-08-10 16:40:46.973985+00:00,generator,throughput_eps,1.0000284608098795,baseline,1487d410-2e8d-4482-bb6f-7c69d5b5921a,,,42.0
2026-08-10 16:40:46.992987+00:00,detector,events_processed,43.0,baseline,1487d410-2e8d-4482-bb6f-7c69d5b5921a,,,42.02
2026-08-10 16:40:46.992987+00:00,detector,alerts_emitted,43.0,baseline,1487d410-2e8d-4482-bb6f-7c69d5b5921a,,,42.02
2026-08-10 16:40:46.992987+00:00,orchestrator,events_received,43.0,baseline,1487d410-2e8d-4482-bb6f-7c69d5b5921a,,,42.02
2026-08-10 16:40:46.992987+00:00,detector,throughput_eps,1.0000411816958332,baseline,1487d410-2e8d-4482-bb6f-7c69d5b5921a,,,42.02
2026-08-10 16:40:46.994124+00:00,detector,queue_wait_ms,2.227294921875,baseline,1487d410-2e8d-4482-bb6f-7c69d5b5921a,,,42.02
2026-08-10 16:40:46.994124+00:00,detector,stage_latency_ms,19.213999999919906,baseline,1487d410-2e8d-4482-bb6f-7c69d5b5921a,,,42.02
2026-08-10 16:40:46.995131+00:00,detector,end_to_end_latency_ms,21.958740234375,baseline,1487d410-2e8d-4482-bb6f-7c69d5b5921a,,,42.02
2026-08-10 16:40:47.068242+00:00,orchestrator,events_processed,43.0,baseline,1487d410-2e8d-4482-bb6f-7c69d5b5921a,,,42.1
2026-08-10 16:40:47.069240+00:00,orchestrator,throughput_eps,0.9877143642658073,baseline,1487d410-2e8d-4482-bb6f-7c69d5b5921a,,,42.1
2026-08-10 16:40:47.069240+00:00,orchestrator,queue_wait_ms,2.72509765625,baseline,1487d410-2e8d-4482-bb6f-7c69d5b5921a,,,42.1
2026-08-10 16:40:47.069240+00:00,orchestrator,stage_latency_ms,75.46100000035949,baseline,1487d410-2e8d-4482-bb6f-7c69d5b5921a,,,42.1
2026-08-10 16:40:47.069240+00:00,orchestrator,end_to_end_latency_ms,97.21337890625,baseline,1487d410-2e8d-4482-bb6f-7c69d5b5921a,,,42.1
2026-08-10 16:40:47.070240+00:00,orchestrator,xai_latency_ms,0.001999998858082108,baseline,1487d410-2e8d-4482-bb6f-7c69d5b5921a,,deterministic,42.1
2026-08-10 16:40:47.972843+00:00,generator,events_sent,44.0,baseline,1487d410-2e8d-4482-bb6f-7c69d5b5921a,,,43.0
2026-08-10 16:40:47.973532+00:00,generator,throughput_eps,1.0000428818385922,baseline,1487d410-2e8d-4482-bb6f-7c69d5b5921a,,,43.0
2026-08-10 16:40:47.992843+00:00,detector,events_processed,44.0,baseline,1487d410-2e8d-4482-bb6f-7c69d5b5921a,,,43.02
2026-08-10 16:40:47.992843+00:00,orchestrator,events_received,44.0,baseline,1487d410-2e8d-4482-bb6f-7c69d5b5921a,,,43.02
2026-08-10 16:40:47.992843+00:00,detector,alerts_emitted,44.0,baseline,1487d410-2e8d-4482-bb6f-7c69d5b5921a,,,43.02
2026-08-10 16:40:47.993845+00:00,detector,throughput_eps,0.9998230563144502,baseline,1487d410-2e8d-4482-bb6f-7c69d5b5921a,,,43.02
2026-08-10 16:40:47.993845+00:00,detector,queue_wait_ms,2.0009765625,baseline,1487d410-2e8d-4482-bb6f-7c69d5b5921a,,,43.02
2026-08-10 16:40:47.993845+00:00,detector,stage_latency_ms,19.736299998839968,baseline,1487d410-2e8d-4482-bb6f-7c69d5b5921a,,,43.02
2026-08-10 16:40:47.994844+00:00,detector,end_to_end_latency_ms,22.001220703125,baseline,1487d410-2e8d-4482-bb6f-7c69d5b5921a,,,43.02
2026-08-10 16:40:48.018844+00:00,orchestrator,events_processed,44.0,baseline,1487d410-2e8d-4482-bb6f-7c69d5b5921a,,,43.05
2026-08-10 16:40:48.018844+00:00,orchestrator,throughput_eps,0.9998232562438776,baseline,1487d410-2e8d-4482-bb6f-7c69d5b5921a,,,43.05
2026-08-10 16:40:48.019845+00:00,orchestrator,stage_latency_ms,25.838800000201445,baseline,1487d410-2e8d-4482-bb6f-7c69d5b5921a,,,43.05
2026-08-10 16:40:48.019845+00:00,orchestrator,end_to_end_latency_ms,48.00146484375,baseline,1487d410-2e8d-4482-bb6f-7c69d5b5921a,,,43.05
2026-08-10 16:40:48.019845+00:00,orchestrator,queue_wait_ms,2.971435546875,baseline,1487d410-2e8d-4482-bb6f-7c69d5b5921a,,,43.05
2026-08-10 16:40:48.020844+00:00,orchestrator,xai_latency_ms,0.0024000000848900527,baseline,1487d410-2e8d-4482-bb6f-7c69d5b5921a,,deterministic,43.05
2026-08-10 16:40:48.972720+00:00,generator,events_sent,45.0,baseline,1487d410-2e8d-4482-bb6f-7c69d5b5921a,,,44.0
2026-08-10 16:40:48.972720+00:00,generator,throughput_eps,1.000023880570567,baseline,1487d410-2e8d-4482-bb6f-7c69d5b5921a,,,44.0
2026-08-10 16:40:48.992016+00:00,detector,events_processed,45.0,baseline,1487d410-2e8d-4482-bb6f-7c69d5b5921a,,,44.02
2026-08-10 16:40:48.992016+00:00,orchestrator,events_received,45.0,baseline,1487d410-2e8d-4482-bb6f-7c69d5b5921a,,,44.02
2026-08-10 16:40:48.992016+00:00,detector,alerts_emitted,45.0,baseline,1487d410-2e8d-4482-bb6f-7c69d5b5921a,,,44.02
2026-08-10 16:40:48.993018+00:00,detector,throughput_eps,1.0000030800092923,baseline,1487d410-2e8d-4482-bb6f-7c69d5b5921a,,,44.02
2026-08-10 16:40:48.993018+00:00,detector,queue_wait_ms,1.94775390625,baseline,1487d410-2e8d-4482-bb6f-7c69d5b5921a,,,44.02
2026-08-10 16:40:48.994060+00:00,detector,stage_latency_ms,19.01209999959974,baseline,1487d410-2e8d-4482-bb6f-7c69d5b5921a,,,44.02
2026-08-10 16:40:48.994060+00:00,detector,end_to_end_latency_ms,21.2431640625,baseline,1487d410-2e8d-4482-bb6f-7c69d5b5921a,,,44.02
2026-08-10 16:40:49.017971+00:00,orchestrator,events_processed,45.0,baseline,1487d410-2e8d-4482-bb6f-7c69d5b5921a,,,44.05
2026-08-10 16:40:49.017971+00:00,orchestrator,throughput_eps,1.0001156733787206,baseline,1487d410-2e8d-4482-bb6f-7c69d5b5921a,,,44.05
2026-08-10 16:40:49.017971+00:00,orchestrator,queue_wait_ms,2.29736328125,baseline,1487d410-2e8d-4482-bb6f-7c69d5b5921a,,,44.05
2026-08-10 16:40:49.018959+00:00,orchestrator,xai_latency_ms,0.0018999999156221747,baseline,1487d410-2e8d-4482-bb6f-7c69d5b5921a,,deterministic,44.05
2026-08-10 16:40:49.018959+00:00,orchestrator,stage_latency_ms,25.1817000007577,baseline,1487d410-2e8d-4482-bb6f-7c69d5b5921a,,,44.05
2026-08-10 16:40:49.018959+00:00,orchestrator,end_to_end_latency_ms,47.1982421875,baseline,1487d410-2e8d-4482-bb6f-7c69d5b5921a,,,44.05
2026-08-10 16:40:49.972845+00:00,generator,events_sent,46.0,baseline,1487d410-2e8d-4482-bb6f-7c69d5b5921a,,,45.0
2026-08-10 16:40:49.973850+00:00,generator,throughput_eps,0.9998568454964251,baseline,1487d410-2e8d-4482-bb6f-7c69d5b5921a,,,45.0
2026-08-10 16:40:49.992681+00:00,detector,events_processed,46.0,baseline,1487d410-2e8d-4482-bb6f-7c69d5b5921a,,,45.02
2026-08-10 16:40:49.992681+00:00,detector,alerts_emitted,46.0,baseline,1487d410-2e8d-4482-bb6f-7c69d5b5921a,,,45.02
2026-08-10 16:40:49.992681+00:00,orchestrator,events_received,46.0,baseline,1487d410-2e8d-4482-bb6f-7c69d5b5921a,,,45.02
2026-08-10 16:40:49.992681+00:00,detector,throughput_eps,0.999793417685152,baseline,1487d410-2e8d-4482-bb6f-7c69d5b5921a,,,45.02
2026-08-10 16:40:49.993686+00:00,detector,queue_wait_ms,1.92822265625,baseline,1487d410-2e8d-4482-bb6f-7c69d5b5921a,,,45.02
2026-08-10 16:40:49.993686+00:00,detector,stage_latency_ms,19.263299998783623,baseline,1487d410-2e8d-4482-bb6f-7c69d5b5921a,,,45.02
2026-08-10 16:40:49.994687+00:00,detector,end_to_end_latency_ms,21.763916015625,baseline,1487d410-2e8d-4482-bb6f-7c69d5b5921a,,,45.02
2026-08-10 16:40:50.017432+00:00,orchestrator,events_processed,46.0,baseline,1487d410-2e8d-4482-bb6f-7c69d5b5921a,,,45.05
2026-08-10 16:40:50.017432+00:00,orchestrator,throughput_eps,1.000087147594001,baseline,1487d410-2e8d-4482-bb6f-7c69d5b5921a,,,45.05
2026-08-10 16:40:50.018437+00:00,orchestrator,end_to_end_latency_ms,46.51513671875,baseline,1487d410-2e8d-4482-bb6f-7c69d5b5921a,,,45.05
2026-08-10 16:40:50.018437+00:00,orchestrator,stage_latency_ms,24.518299998817383,baseline,1487d410-2e8d-4482-bb6f-7c69d5b5921a,,,45.05
2026-08-10 16:40:50.018437+00:00,orchestrator,queue_wait_ms,2.835205078125,baseline,1487d410-2e8d-4482-bb6f-7c69d5b5921a,,,45.05
2026-08-10 16:40:50.019437+00:00,orchestrator,xai_latency_ms,0.0018000009731622413,baseline,1487d410-2e8d-4482-bb6f-7c69d5b5921a,,deterministic,45.05
2026-08-10 16:40:50.973421+00:00,generator,events_sent,47.0,baseline,1487d410-2e8d-4482-bb6f-7c69d5b5921a,,,46.0
2026-08-10 16:40:50.973421+00:00,generator,throughput_eps,0.9999071586204485,baseline,1487d410-2e8d-4482-bb6f-7c69d5b5921a,,,46.0
2026-08-10 16:40:50.993420+00:00,detector,events_processed,47.0,baseline,1487d410-2e8d-4482-bb6f-7c69d5b5921a,,,46.02
2026-08-10 16:40:50.993420+00:00,detector,alerts_emitted,47.0,baseline,1487d410-2e8d-4482-bb6f-7c69d5b5921a,,,46.02
2026-08-10 16:40:50.993420+00:00,orchestrator,events_received,47.0,baseline,1487d410-2e8d-4482-bb6f-7c69d5b5921a,,,46.02
2026-08-10 16:40:50.994422+00:00,detector,throughput_eps,0.9998241059438131,baseline,1487d410-2e8d-4482-bb6f-7c69d5b5921a,,,46.02
2026-08-10 16:40:50.995420+00:00,detector,queue_wait_ms,2.998779296875,baseline,1487d410-2e8d-4482-bb6f-7c69d5b5921a,,,46.02
2026-08-10 16:40:50.995420+00:00,detector,stage_latency_ms,19.261399998868,baseline,1487d410-2e8d-4482-bb6f-7c69d5b5921a,,,46.02
2026-08-10 16:40:50.995420+00:00,detector,end_to_end_latency_ms,22.0009765625,baseline,1487d410-2e8d-4482-bb6f-7c69d5b5921a,,,46.02
2026-08-10 16:40:51.019512+00:00,orchestrator,events_processed,47.0,baseline,1487d410-2e8d-4482-bb6f-7c69d5b5921a,,,46.05
2026-08-10 16:40:51.020419+00:00,orchestrator,stage_latency_ms,26.023100001111743,baseline,1487d410-2e8d-4482-bb6f-7c69d5b5921a,,,46.05
2026-08-10 16:40:51.020419+00:00,orchestrator,queue_wait_ms,3.00244140625,baseline,1487d410-2e8d-4482-bb6f-7c69d5b5921a,,,46.05
2026-08-10 16:40:51.020419+00:00,orchestrator,throughput_eps,1.0123194724359659,baseline,1487d410-2e8d-4482-bb6f-7c69d5b5921a,,,46.05
2026-08-10 16:40:51.021419+00:00,orchestrator,end_to_end_latency_ms,48.09228515625,baseline,1487d410-2e8d-4482-bb6f-7c69d5b5921a,,,46.05
2026-08-10 16:40:51.021419+00:00,orchestrator,xai_latency_ms,0.0026000016077887267,baseline,1487d410-2e8d-4482-bb6f-7c69d5b5921a,,deterministic,46.05
2026-08-10 16:40:51.972808+00:00,generator,events_sent,48.0,baseline,1487d410-2e8d-4482-bb6f-7c69d5b5921a,,,47.0
2026-08-10 16:40:51.973817+00:00,generator,throughput_eps,0.9998721913369791,baseline,1487d410-2e8d-4482-bb6f-7c69d5b5921a,,,47.0
2026-08-10 16:40:51.992817+00:00,detector,events_processed,48.0,baseline,1487d410-2e8d-4482-bb6f-7c69d5b5921a,,,47.02
2026-08-10 16:40:51.992817+00:00,detector,alerts_emitted,48.0,baseline,1487d410-2e8d-4482-bb6f-7c69d5b5921a,,,47.02
2026-08-10 16:40:51.992817+00:00,orchestrator,events_received,48.0,baseline,1487d410-2e8d-4482-bb6f-7c69d5b5921a,,,47.02
2026-08-10 16:40:51.993819+00:00,detector,throughput_eps,0.9999942750328382,baseline,1487d410-2e8d-4482-bb6f-7c69d5b5921a,,,47.02
2026-08-10 16:40:51.993819+00:00,detector,queue_wait_ms,2.158447265625,baseline,1487d410-2e8d-4482-bb6f-7c69d5b5921a,,,47.02
2026-08-10 16:40:51.993819+00:00,detector,stage_latency_ms,19.06339999914053,baseline,1487d410-2e8d-4482-bb6f-7c69d5b5921a,,,47.02
2026-08-10 16:40:51.994818+00:00,detector,end_to_end_latency_ms,21.158203125,baseline,1487d410-2e8d-4482-bb6f-7c69d5b5921a,,,47.02
2026-08-10 16:40:52.077794+00:00,orchestrator,throughput_eps,0.9854184915897706,baseline,1487d410-2e8d-4482-bb6f-7c69d5b5921a,,,47.11
2026-08-10 16:40:52.077794+00:00,orchestrator,events_processed,48.0,baseline,1487d410-2e8d-4482-bb6f-7c69d5b5921a,,,47.11
2026-08-10 16:40:52.078792+00:00,orchestrator,queue_wait_ms,2.999267578125,baseline,1487d410-2e8d-4482-bb6f-7c69d5b5921a,,,47.11
2026-08-10 16:40:52.078792+00:00,orchestrator,stage_latency_ms,84.75329999964742,baseline,1487d410-2e8d-4482-bb6f-7c69d5b5921a,,,47.11
2026-08-10 16:40:52.078792+00:00,orchestrator,end_to_end_latency_ms,106.134521484375,baseline,1487d410-2e8d-4482-bb6f-7c69d5b5921a,,,47.11
2026-08-10 16:40:52.079795+00:00,orchestrator,xai_latency_ms,0.0021000014385208488,baseline,1487d410-2e8d-4482-bb6f-7c69d5b5921a,,deterministic,47.11
2026-08-10 16:40:52.972916+00:00,generator,events_sent,49.0,baseline,1487d410-2e8d-4482-bb6f-7c69d5b5921a,,,48.0
2026-08-10 16:40:52.972916+00:00,generator,throughput_eps,0.9999570518445441,baseline,1487d410-2e8d-4482-bb6f-7c69d5b5921a,,,48.0
2026-08-10 16:40:52.992916+00:00,detector,events_processed,49.0,baseline,1487d410-2e8d-4482-bb6f-7c69d5b5921a,,,48.02
2026-08-10 16:40:52.992916+00:00,detector,alerts_emitted,49.0,baseline,1487d410-2e8d-4482-bb6f-7c69d5b5921a,,,48.02
2026-08-10 16:40:52.993916+00:00,detector,end_to_end_latency_ms,22.00048828125,baseline,1487d410-2e8d-4482-bb6f-7c69d5b5921a,,,48.02
2026-08-10 16:40:52.993916+00:00,detector,throughput_eps,1.000021840477041,baseline,1487d410-2e8d-4482-bb6f-7c69d5b5921a,,,48.02
2026-08-10 16:40:52.993916+00:00,detector,queue_wait_ms,2.000244140625,baseline,1487d410-2e8d-4482-bb6f-7c69d5b5921a,,,48.02
2026-08-10 16:40:52.993916+00:00,detector,stage_latency_ms,19.482100000459468,baseline,1487d410-2e8d-4482-bb6f-7c69d5b5921a,,,48.02
2026-08-10 16:40:53.017915+00:00,orchestrator,queue_wait_ms,4.0,baseline,1487d410-2e8d-4482-bb6f-7c69d5b5921a,,,48.05
2026-08-10 16:40:53.017915+00:00,orchestrator,events_processed,49.0,baseline,1487d410-2e8d-4482-bb6f-7c69d5b5921a,,,48.05
2026-08-10 16:40:53.017915+00:00,orchestrator,throughput_eps,1.0002373763342391,baseline,1487d410-2e8d-4482-bb6f-7c69d5b5921a,,,48.05
2026-08-10 16:40:53.018915+00:00,orchestrator,stage_latency_ms,25.00979999967967,baseline,1487d410-2e8d-4482-bb6f-7c69d5b5921a,,,48.05
2026-08-10 16:40:53.018915+00:00,orchestrator,end_to_end_latency_ms,46.99951171875,baseline,1487d410-2e8d-4482-bb6f-7c69d5b5921a,,,48.05
2026-08-10 16:40:53.018915+00:00,orchestrator,xai_latency_ms,0.0021000014385208488,baseline,1487d410-2e8d-4482-bb6f-7c69d5b5921a,,deterministic,48.05
2026-08-10 16:40:53.972940+00:00,generator,events_sent,50.0,baseline,1487d410-2e8d-4482-bb6f-7c69d5b5921a,,,49.0
2026-08-10 16:40:53.974174+00:00,generator,throughput_eps,0.9999314047053329,baseline,1487d410-2e8d-4482-bb6f-7c69d5b5921a,,,49.0
2026-08-10 16:40:53.992940+00:00,detector,events_processed,50.0,baseline,1487d410-2e8d-4482-bb6f-7c69d5b5921a,,,49.02
2026-08-10 16:40:53.993941+00:00,detector,alerts_emitted,50.0,baseline,1487d410-2e8d-4482-bb6f-7c69d5b5921a,,,49.02
2026-08-10 16:40:53.993941+00:00,orchestrator,events_received,50.0,baseline,1487d410-2e8d-4482-bb6f-7c69d5b5921a,,,49.02
2026-08-10 16:40:53.994940+00:00,detector,throughput_eps,0.99982740479447,baseline,1487d410-2e8d-4482-bb6f-7c69d5b5921a,,,49.02
2026-08-10 16:40:53.994940+00:00,detector,queue_wait_ms,3.000244140625,baseline,1487d410-2e8d-4482-bb6f-7c69d5b5921a,,,49.02
2026-08-10 16:40:53.994940+00:00,detector,stage_latency_ms,19.60279999912018,baseline,1487d410-2e8d-4482-bb6f-7c69d5b5921a,,,49.02
2026-08-10 16:40:53.994940+00:00,detector,end_to_end_latency_ms,22.0,baseline,1487d410-2e8d-4482-bb6f-7c69d5b5921a,,,49.02
2026-08-10 16:40:54.018940+00:00,orchestrator,events_processed,50.0,baseline,1487d410-2e8d-4482-bb6f-7c69d5b5921a,,,49.05
2026-08-10 16:40:54.019940+00:00,orchestrator,throughput_eps,0.999532493664493,baseline,1487d410-2e8d-4482-bb6f-7c69d5b5921a,,,49.05
2026-08-10 16:40:54.019940+00:00,orchestrator,queue_wait_ms,3.000732421875,baseline,1487d410-2e8d-4482-bb6f-7c69d5b5921a,,,49.05
2026-08-10 16:40:54.019940+00:00,orchestrator,stage_latency_ms,25.751499999387306,baseline,1487d410-2e8d-4482-bb6f-7c69d5b5921a,,,49.05
2026-08-10 16:40:54.020940+00:00,orchestrator,end_to_end_latency_ms,47.999755859375,baseline,1487d410-2e8d-4482-bb6f-7c69d5b5921a,,,49.05
2026-08-10 16:40:54.020940+00:00,orchestrator,xai_latency_ms,0.002300001142430119,baseline,1487d410-2e8d-4482-bb6f-7c69d5b5921a,,deterministic,49.05
2026-08-10 16:40:54.973511+00:00,generator,events_sent,51.0,baseline,1487d410-2e8d-4482-bb6f-7c69d5b5921a,,,50.0
2026-08-10 16:40:54.973511+00:00,generator,throughput_eps,1.0000315259937973,baseline,1487d410-2e8d-4482-bb6f-7c69d5b5921a,,,50.0
2026-08-10 16:40:54.993296+00:00,detector,events_processed,51.0,baseline,1487d410-2e8d-4482-bb6f-7c69d5b5921a,,,50.02
2026-08-10 16:40:54.993296+00:00,detector,alerts_emitted,51.0,baseline,1487d410-2e8d-4482-bb6f-7c69d5b5921a,,,50.02
2026-08-10 16:40:54.993296+00:00,orchestrator,events_received,51.0,baseline,1487d410-2e8d-4482-bb6f-7c69d5b5921a,,,50.02
2026-08-10 16:40:54.994288+00:00,detector,queue_wait_ms,2.232177734375,baseline,1487d410-2e8d-4482-bb6f-7c69d5b5921a,,,50.02
2026-08-10 16:40:54.994288+00:00,detector,throughput_eps,0.9999788254485695,baseline,1487d410-2e8d-4482-bb6f-7c69d5b5921a,,,50.02
2026-08-10 16:40:54.995493+00:00,detector,end_to_end_latency_ms,22.01708984375,baseline,1487d410-2e8d-4482-bb6f-7c69d5b5921a,,,50.02
2026-08-10 16:40:54.995493+00:00,detector,stage_latency_ms,19.721800001207157,baseline,1487d410-2e8d-4482-bb6f-7c69d5b5921a,,,50.02
2026-08-10 16:40:55.019140+00:00,orchestrator,events_processed,51.0,baseline,1487d410-2e8d-4482-bb6f-7c69d5b5921a,,,50.05
2026-08-10 16:40:55.019140+00:00,orchestrator,throughput_eps,1.0001632516468013,baseline,1487d410-2e8d-4482-bb6f-7c69d5b5921a,,,50.05
2026-08-10 16:40:55.020139+00:00,orchestrator,queue_wait_ms,2.77880859375,baseline,1487d410-2e8d-4482-bb6f-7c69d5b5921a,,,50.05
2026-08-10 16:40:55.020139+00:00,orchestrator,stage_latency_ms,25.38049999930081,baseline,1487d410-2e8d-4482-bb6f-7c69d5b5921a,,,50.05
2026-08-10 16:40:55.020139+00:00,orchestrator,end_to_end_latency_ms,47.86083984375,baseline,1487d410-2e8d-4482-bb6f-7c69d5b5921a,,,50.05
2026-08-10 16:40:55.021141+00:00,orchestrator,xai_latency_ms,0.002200000380980782,baseline,1487d410-2e8d-4482-bb6f-7c69d5b5921a,,deterministic,50.05
2026-08-10 16:40:55.972111+00:00,generator,events_sent,52.0,baseline,1487d410-2e8d-4482-bb6f-7c69d5b5921a,,,51.0
2026-08-10 16:40:55.973142+00:00,generator,throughput_eps,1.0001781917466375,baseline,1487d410-2e8d-4482-bb6f-7c69d5b5921a,,,51.0
2026-08-10 16:40:55.992699+00:00,detector,alerts_emitted,52.0,baseline,1487d410-2e8d-4482-bb6f-7c69d5b5921a,,,51.02
2026-08-10 16:40:55.992699+00:00,detector,throughput_eps,1.000157384766297,baseline,1487d410-2e8d-4482-bb6f-7c69d5b5921a,,,51.02
2026-08-10 16:40:55.992699+00:00,detector,events_processed,52.0,baseline,1487d410-2e8d-4482-bb6f-7c69d5b5921a,,,51.02
2026-08-10 16:40:55.993701+00:00,detector,queue_wait_ms,2.43310546875,baseline,1487d410-2e8d-4482-bb6f-7c69d5b5921a,,,51.02
2026-08-10 16:40:55.993701+00:00,detector,stage_latency_ms,19.555599999875994,baseline,1487d410-2e8d-4482-bb6f-7c69d5b5921a,,,51.02
2026-08-10 16:40:55.993701+00:00,detector,end_to_end_latency_ms,21.990478515625,baseline,1487d410-2e8d-4482-bb6f-7c69d5b5921a,,,51.02
2026-08-10 16:40:56.067694+00:00,orchestrator,events_processed,52.0,baseline,1487d410-2e8d-4482-bb6f-7c69d5b5921a,,,51.1
2026-08-10 16:40:56.068692+00:00,orchestrator,throughput_eps,1.002453831550433,baseline,1487d410-2e8d-4482-bb6f-7c69d5b5921a,,,51.1
2026-08-10 16:40:56.068692+00:00,orchestrator,queue_wait_ms,2.590576171875,baseline,1487d410-2e8d-4482-bb6f-7c69d5b5921a,,,51.1
2026-08-10 16:40:56.068692+00:00,orchestrator,stage_latency_ms,75.17369999914081,baseline,1487d410-2e8d-4482-bb6f-7c69d5b5921a,,,51.1
2026-08-10 16:40:56.069692+00:00,orchestrator,end_to_end_latency_ms,96.985107421875,baseline,1487d410-2e8d-4482-bb6f-7c69d5b5921a,,,51.1
2026-08-10 16:40:56.069692+00:00,orchestrator,xai_latency_ms,0.002399998265900649,baseline,1487d410-2e8d-4482-bb6f-7c69d5b5921a,,deterministic,51.1
2026-08-10 16:40:56.972979+00:00,generator,events_sent,53.0,baseline,1487d410-2e8d-4482-bb6f-7c69d5b5921a,,,52.0
2026-08-10 16:40:56.973979+00:00,generator,throughput_eps,1.000009920098637,baseline,1487d410-2e8d-4482-bb6f-7c69d5b5921a,,,52.0
2026-08-10 16:40:56.992936+00:00,detector,alerts_emitted,53.0,baseline,1487d410-2e8d-4482-bb6f-7c69d5b5921a,,,52.02
2026-08-10 16:40:56.992936+00:00,detector,events_processed,53.0,baseline,1487d410-2e8d-4482-bb6f-7c69d5b5921a,,,52.02
2026-08-10 16:40:56.993942+00:00,detector,queue_wait_ms,3.0,baseline,1487d410-2e8d-4482-bb6f-7c69d5b5921a,,,52.02
2026-08-10 16:40:56.993942+00:00,orchestrator,events_received,53.0,baseline,1487d410-2e8d-4482-bb6f-7c69d5b5921a,,,52.02
2026-08-10 16:40:56.993942+00:00,detector,throughput_eps,0.999941803387258,baseline,1487d410-2e8d-4482-bb6f-7c69d5b5921a,,,52.02
2026-08-10 16:40:56.994943+00:00,detector,stage_latency_ms,19.308499999169726,baseline,1487d410-2e8d-4482-bb6f-7c69d5b5921a,,,52.02
2026-08-10 16:40:56.994943+00:00,detector,end_to_end_latency_ms,21.95703125,baseline,1487d410-2e8d-4482-bb6f-7c69d5b5921a,,,52.02
2026-08-10 16:40:57.018570+00:00,orchestrator,events_processed,53.0,baseline,1487d410-2e8d-4482-bb6f-7c69d5b5921a,,,52.05
2026-08-10 16:40:57.018570+00:00,orchestrator,throughput_eps,1.0120715645518916,baseline,1487d410-2e8d-4482-bb6f-7c69d5b5921a,,,52.05
2026-08-10 16:40:57.018570+00:00,orchestrator,queue_wait_ms,3.71875,baseline,1487d410-2e8d-4482-bb6f-7c69d5b5921a,,,52.05
2026-08-10 16:40:57.019570+00:00,orchestrator,stage_latency_ms,24.888100000680424,baseline,1487d410-2e8d-4482-bb6f-7c69d5b5921a,,,52.05
2026-08-10 16:40:57.019570+00:00,orchestrator,end_to_end_latency_ms,47.59130859375,baseline,1487d410-2e8d-4482-bb6f-7c69d5b5921a,,,52.05
2026-08-10 16:40:57.020614+00:00,orchestrator,xai_latency_ms,0.0022999993234407157,baseline,1487d410-2e8d-4482-bb6f-7c69d5b5921a,,deterministic,52.05
2026-08-10 16:40:57.974041+00:00,generator,events_sent,54.0,baseline,1487d410-2e8d-4482-bb6f-7c69d5b5921a,,,53.0
2026-08-10 16:40:57.974316+00:00,generator,throughput_eps,0.999934204329453,baseline,1487d410-2e8d-4482-bb6f-7c69d5b5921a,,,53.0
2026-08-10 16:40:57.993509+00:00,detector,throughput_eps,0.9999685259906301,baseline,1487d410-2e8d-4482-bb6f-7c69d5b5921a,,,53.02
2026-08-10 16:40:57.993509+00:00,orchestrator,events_received,54.0,baseline,1487d410-2e8d-4482-bb6f-7c69d5b5921a,,,53.02
2026-08-10 16:40:57.993509+00:00,detector,alerts_emitted,54.0,baseline,1487d410-2e8d-4482-bb6f-7c69d5b5921a,,,53.02
2026-08-10 16:40:57.993509+00:00,detector,events_processed,54.0,baseline,1487d410-2e8d-4482-bb6f-7c69d5b5921a,,,53.02
2026-08-10 16:40:57.994509+00:00,detector,queue_wait_ms,2.6103515625,baseline,1487d410-2e8d-4482-bb6f-7c69d5b5921a,,,53.02
2026-08-10 16:40:57.994509+00:00,detector,stage_latency_ms,19.56149999932677,baseline,1487d410-2e8d-4482-bb6f-7c69d5b5921a,,,53.02
2026-08-10 16:40:57.995508+00:00,detector,end_to_end_latency_ms,22.078369140625,baseline,1487d410-2e8d-4482-bb6f-7c69d5b5921a,,,53.02
2026-08-10 16:40:58.019071+00:00,orchestrator,events_processed,54.0,baseline,1487d410-2e8d-4482-bb6f-7c69d5b5921a,,,53.05
2026-08-10 16:40:58.019071+00:00,orchestrator,throughput_eps,1.0001632266389031,baseline,1487d410-2e8d-4482-bb6f-7c69d5b5921a,,,53.05
2026-08-10 16:40:58.019071+00:00,orchestrator,queue_wait_ms,2.431884765625,baseline,1487d410-2e8d-4482-bb6f-7c69d5b5921a,,,53.05
2026-08-10 16:40:58.020071+00:00,orchestrator,stage_latency_ms,24.867800000720308,baseline,1487d410-2e8d-4482-bb6f-7c69d5b5921a,,,53.05
2026-08-10 16:40:58.020071+00:00,orchestrator,end_to_end_latency_ms,47.641357421875,baseline,1487d410-2e8d-4482-bb6f-7c69d5b5921a,,,53.05
2026-08-10 16:40:58.021071+00:00,orchestrator,xai_latency_ms,0.0024000000848900527,baseline,1487d410-2e8d-4482-bb6f-7c69d5b5921a,,deterministic,53.05
2026-08-10 16:40:58.972697+00:00,generator,events_sent,55.0,baseline,1487d410-2e8d-4482-bb6f-7c69d5b5921a,,,54.0
2026-08-10 16:40:58.973703+00:00,generator,throughput_eps,1.000085707345392,baseline,1487d410-2e8d-4482-bb6f-7c69d5b5921a,,,54.0
2026-08-10 16:40:58.993188+00:00,detector,events_processed,55.0,baseline,1487d410-2e8d-4482-bb6f-7c69d5b5921a,,,54.02
2026-08-10 16:40:58.993188+00:00,detector,alerts_emitted,55.0,baseline,1487d410-2e8d-4482-bb6f-7c69d5b5921a,,,54.02
2026-08-10 16:40:58.993188+00:00,orchestrator,events_received,55.0,baseline,1487d410-2e8d-4482-bb6f-7c69d5b5921a,,,54.02
2026-08-10 16:40:58.993188+00:00,detector,throughput_eps,1.000042601814707,baseline,1487d410-2e8d-4482-bb6f-7c69d5b5921a,,,54.02
2026-08-10 16:40:58.994188+00:00,detector,queue_wait_ms,2.796630859375,baseline,1487d410-2e8d-4482-bb6f-7c69d5b5921a,,,54.02
2026-08-10 16:40:58.994188+00:00,detector,stage_latency_ms,19.693599999300204,baseline,1487d410-2e8d-4482-bb6f-7c69d5b5921a,,,54.02
2026-08-10 16:40:58.995222+00:00,detector,end_to_end_latency_ms,22.2822265625,baseline,1487d410-2e8d-4482-bb6f-7c69d5b5921a,,,54.02
2026-08-10 16:40:59.018868+00:00,orchestrator,events_processed,55.0,baseline,1487d410-2e8d-4482-bb6f-7c69d5b5921a,,,54.05
2026-08-10 16:40:59.018868+00:00,orchestrator,throughput_eps,1.0001487021090134,baseline,1487d410-2e8d-4482-bb6f-7c69d5b5921a,,,54.05
2026-08-10 16:40:59.018868+00:00,orchestrator,queue_wait_ms,2.487548828125,baseline,1487d410-2e8d-4482-bb6f-7c69d5b5921a,,,54.05
2026-08-10 16:40:59.019868+00:00,orchestrator,end_to_end_latency_ms,47.961669921875,baseline,1487d410-2e8d-4482-bb6f-7c69d5b5921a,,,54.05
2026-08-10 16:40:59.019868+00:00,orchestrator,xai_latency_ms,0.0020000006770715117,baseline,1487d410-2e8d-4482-bb6f-7c69d5b5921a,,deterministic,54.05
2026-08-10 16:40:59.019868+00:00,orchestrator,stage_latency_ms,25.05390000078478,baseline,1487d410-2e8d-4482-bb6f-7c69d5b5921a,,,54.05
2026-08-10 16:40:59.979897+00:00,generator,events_sent,56.0,baseline,1487d410-2e8d-4482-bb6f-7c69d5b5921a,,,55.01
2026-08-10 16:40:59.981912+00:00,generator,throughput_eps,0.9980356662015902,baseline,1487d410-2e8d-4482-bb6f-7c69d5b5921a,,,55.01
2026-08-10 16:41:00.001003+00:00,detector,events_processed,56.0,baseline,1487d410-2e8d-4482-bb6f-7c69d5b5921a,,,55.03
2026-08-10 16:41:00.001003+00:00,detector,alerts_emitted,56.0,baseline,1487d410-2e8d-4482-bb6f-7c69d5b5921a,,,55.03
2026-08-10 16:41:00.001003+00:00,orchestrator,events_received,56.0,baseline,1487d410-2e8d-4482-bb6f-7c69d5b5921a,,,55.03
2026-08-10 16:41:00.002034+00:00,detector,throughput_eps,0.9978450040369649,baseline,1487d410-2e8d-4482-bb6f-7c69d5b5921a,,,55.03
2026-08-10 16:41:00.002034+00:00,detector,queue_wait_ms,11.0390625,baseline,1487d410-2e8d-4482-bb6f-7c69d5b5921a,,,55.03
2026-08-10 16:41:00.002877+00:00,detector,stage_latency_ms,19.707900000867085,baseline,1487d410-2e8d-4482-bb6f-7c69d5b5921a,,,55.03
2026-08-10 16:41:00.002877+00:00,detector,end_to_end_latency_ms,30.129638671875,baseline,1487d410-2e8d-4482-bb6f-7c69d5b5921a,,,55.03
2026-08-10 16:41:00.026332+00:00,orchestrator,events_processed,56.0,baseline,1487d410-2e8d-4482-bb6f-7c69d5b5921a,,,55.06
2026-08-10 16:41:00.027358+00:00,orchestrator,queue_wait_ms,2.11962890625,baseline,1487d410-2e8d-4482-bb6f-7c69d5b5921a,,,55.06
2026-08-10 16:41:00.027358+00:00,orchestrator,throughput_eps,1.0104889510989061,baseline,1487d410-2e8d-4482-bb6f-7c69d5b5921a,,,55.06
2026-08-10 16:41:00.027358+00:00,orchestrator,stage_latency_ms,25.12649999880523,baseline,1487d410-2e8d-4482-bb6f-7c69d5b5921a,,,55.06
2026-08-10 16:41:00.028356+00:00,orchestrator,xai_latency_ms,0.0018000009731622413,baseline,1487d410-2e8d-4482-bb6f-7c69d5b5921a,,deterministic,55.06
2026-08-10 16:41:00.028356+00:00,orchestrator,end_to_end_latency_ms,55.459228515625,baseline,1487d410-2e8d-4482-bb6f-7c69d5b5921a,,,55.06
2026-08-10 16:41:00.973666+00:00,generator,events_sent,57.0,baseline,1487d410-2e8d-4482-bb6f-7c69d5b5921a,,,56.0
2026-08-10 16:41:00.974663+00:00,generator,throughput_eps,0.9997880949132896,baseline,1487d410-2e8d-4482-bb6f-7c69d5b5921a,,,56.0
2026-08-10 16:41:00.993556+00:00,detector,events_processed,57.0,baseline,1487d410-2e8d-4482-bb6f-7c69d5b5921a,,,56.02
2026-08-10 16:41:00.994541+00:00,detector,alerts_emitted,57.0,baseline,1487d410-2e8d-4482-bb6f-7c69d5b5921a,,,56.02
2026-08-10 16:41:00.994541+00:00,detector,throughput_eps,0.9997632310725721,baseline,1487d410-2e8d-4482-bb6f-7c69d5b5921a,,,56.02
2026-08-10 16:41:00.994541+00:00,detector,queue_wait_ms,3.806640625,baseline,1487d410-2e8d-4482-bb6f-7c69d5b5921a,,,56.02
2026-08-10 16:41:00.995540+00:00,detector,stage_latency_ms,19.347800000105053,baseline,1487d410-2e8d-4482-bb6f-7c69d5b5921a,,,56.02
2026-08-10 16:41:00.995540+00:00,detector,end_to_end_latency_ms,22.69970703125,baseline,1487d410-2e8d-4482-bb6f-7c69d5b5921a,,,56.02
2026-08-10 16:41:01.019214+00:00,orchestrator,events_processed,57.0,baseline,1487d410-2e8d-4482-bb6f-7c69d5b5921a,,,56.05
2026-08-10 16:41:01.020214+00:00,orchestrator,queue_wait_ms,3.288818359375,baseline,1487d410-2e8d-4482-bb6f-7c69d5b5921a,,,56.05
2026-08-10 16:41:01.020214+00:00,orchestrator,stage_latency_ms,25.37080000001879,baseline,1487d410-2e8d-4482-bb6f-7c69d5b5921a,,,56.05
2026-08-10 16:41:01.020214+00:00,orchestrator,throughput_eps,1.0097846109228987,baseline,1487d410-2e8d-4482-bb6f-7c69d5b5921a,,,56.05
2026-08-10 16:41:01.021251+00:00,orchestrator,end_to_end_latency_ms,48.358154296875,baseline,1487d410-2e8d-4482-bb6f-7c69d5b5921a,,,56.05
2026-08-10 16:41:01.021607+00:00,orchestrator,xai_latency_ms,0.0017999991541728377,baseline,1487d410-2e8d-4482-bb6f-7c69d5b5921a,,deterministic,56.05
2026-08-10 16:41:01.973419+00:00,generator,events_sent,58.0,baseline,1487d410-2e8d-4482-bb6f-7c69d5b5921a,,,57.0
2026-08-10 16:41:01.973419+00:00,generator,throughput_eps,1.0001045859370974,baseline,1487d410-2e8d-4482-bb6f-7c69d5b5921a,,,57.0
2026-08-10 16:41:01.993420+00:00,detector,events_processed,58.0,baseline,1487d410-2e8d-4482-bb6f-7c69d5b5921a,,,57.02
2026-08-10 16:41:01.993420+00:00,detector,alerts_emitted,58.0,baseline,1487d410-2e8d-4482-bb6f-7c69d5b5921a,,,57.02
2026-08-10 16:41:01.993420+00:00,orchestrator,events_received,58.0,baseline,1487d410-2e8d-4482-bb6f-7c69d5b5921a,,,57.02
2026-08-10 16:41:01.993420+00:00,detector,throughput_eps,1.0001002100409522,baseline,1487d410-2e8d-4482-bb6f-7c69d5b5921a,,,57.02
2026-08-10 16:41:01.993420+00:00,detector,queue_wait_ms,2.00048828125,baseline,1487d410-2e8d-4482-bb6f-7c69d5b5921a,,,57.02
2026-08-10 16:41:01.994418+00:00,detector,stage_latency_ms,19.480100001601386,baseline,1487d410-2e8d-4482-bb6f-7c69d5b5921a,,,57.02
2026-08-10 16:41:01.994418+00:00,detector,end_to_end_latency_ms,22.001708984375,baseline,1487d410-2e8d-4482-bb6f-7c69d5b5921a,,,57.02
2026-08-10 16:41:02.077841+00:00,orchestrator,queue_wait_ms,3.0009765625,baseline,1487d410-2e8d-4482-bb6f-7c69d5b5921a,,,57.11
2026-08-10 16:41:02.077841+00:00,orchestrator,throughput_eps,0.9854556356369182,baseline,1487d410-2e8d-4482-bb6f-7c69d5b5921a,,,57.11
2026-08-10 16:41:02.077841+00:00,orchestrator,events_processed,58.0,baseline,1487d410-2e8d-4482-bb6f-7c69d5b5921a,,,57.11
2026-08-10 16:41:02.078843+00:00,orchestrator,stage_latency_ms,84.31460000065272,baseline,1487d410-2e8d-4482-bb6f-7c69d5b5921a,,,57.11
2026-08-10 16:41:02.078843+00:00,orchestrator,end_to_end_latency_ms,106.422119140625,baseline,1487d410-2e8d-4482-bb6f-7c69d5b5921a,,,57.11
2026-08-10 16:41:02.078843+00:00,orchestrator,xai_latency_ms,0.0020000006770715117,baseline,1487d410-2e8d-4482-bb6f-7c69d5b5921a,,deterministic,57.11
2026-08-10 16:41:02.973359+00:00,generator,events_sent,59.0,baseline,1487d410-2e8d-4482-bb6f-7c69d5b5921a,,,58.0
2026-08-10 16:41:02.973359+00:00,generator,throughput_eps,1.0000660643640928,baseline,1487d410-2e8d-4482-bb6f-7c69d5b5921a,,,58.0
2026-08-10 16:41:02.992358+00:00,detector,events_processed,59.0,baseline,1487d410-2e8d-4482-bb6f-7c69d5b5921a,,,58.02
2026-08-10 16:41:02.993358+00:00,detector,queue_wait_ms,2.000244140625,baseline,1487d410-2e8d-4482-bb6f-7c69d5b5921a,,,58.02
2026-08-10 16:41:02.993358+00:00,detector,throughput_eps,1.0001370587822895,baseline,1487d410-2e8d-4482-bb6f-7c69d5b5921a,,,58.02
2026-08-10 16:41:02.993358+00:00,orchestrator,events_received,59.0,baseline,1487d410-2e8d-4482-bb6f-7c69d5b5921a,,,58.02
2026-08-10 16:41:02.993358+00:00,detector,alerts_emitted,59.0,baseline,1487d410-2e8d-4482-bb6f-7c69d5b5921a,,,58.02
2026-08-10 16:41:02.994361+00:00,detector,stage_latency_ms,19.03860000129498,baseline,1487d410-2e8d-4482-bb6f-7c69d5b5921a,,,58.02
2026-08-10 16:41:02.994361+00:00,detector,end_to_end_latency_ms,20.999267578125,baseline,1487d410-2e8d-4482-bb6f-7c69d5b5921a,,,58.02
2026-08-10 16:41:03.018359+00:00,orchestrator,events_processed,59.0,baseline,1487d410-2e8d-4482-bb6f-7c69d5b5921a,,,58.05
2026-08-10 16:41:03.018359+00:00,orchestrator,throughput_eps,1.000142800388845,baseline,1487d410-2e8d-4482-bb6f-7c69d5b5921a,,,58.05
2026-08-10 16:41:03.018359+00:00,orchestrator,queue_wait_ms,3.0,baseline,1487d410-2e8d-4482-bb6f-7c69d5b5921a,,,58.05
2026-08-10 16:41:03.019361+00:00,orchestrator,stage_latency_ms,24.996400001327856,baseline,1487d410-2e8d-4482-bb6f-7c69d5b5921a,,,58.05
2026-08-10 16:41:03.019361+00:00,orchestrator,end_to_end_latency_ms,46.999755859375,baseline,1487d410-2e8d-4482-bb6f-7c69d5b5921a,,,58.05
2026-08-10 16:41:03.020361+00:00,orchestrator,xai_latency_ms,0.0017000002117129043,baseline,1487d410-2e8d-4482-bb6f-7c69d5b5921a,,deterministic,58.05
2026-08-10 16:41:03.973515+00:00,generator,events_sent,60.0,baseline,1487d410-2e8d-4482-bb6f-7c69d5b5921a,,,59.0
2026-08-10 16:41:03.974252+00:00,generator,throughput_eps,1.0017761742014115,baseline,1487d410-2e8d-4482-bb6f-7c69d5b5921a,,,59.0
2026-08-10 16:41:03.992514+00:00,detector,events_processed,60.0,baseline,1487d410-2e8d-4482-bb6f-7c69d5b5921a,,,59.02
2026-08-10 16:41:03.993514+00:00,detector,throughput_eps,1.000014340205691,baseline,1487d410-2e8d-4482-bb6f-7c69d5b5921a,,,59.02
2026-08-10 16:41:03.993514+00:00,detector,alerts_emitted,60.0,baseline,1487d410-2e8d-4482-bb6f-7c69d5b5921a,,,59.02
2026-08-10 16:41:03.993514+00:00,detector,queue_wait_ms,2.0009765625,baseline,1487d410-2e8d-4482-bb6f-7c69d5b5921a,,,59.02
2026-08-10 16:41:03.994514+00:00,detector,end_to_end_latency_ms,21.0009765625,baseline,1487d410-2e8d-4482-bb6f-7c69d5b5921a,,,59.02
2026-08-10 16:41:03.994514+00:00,detector,stage_latency_ms,19.1820000000007,baseline,1487d410-2e8d-4482-bb6f-7c69d5b5921a,,,59.02
2026-08-10 16:41:04.018514+00:00,orchestrator,queue_wait_ms,3.000732421875,baseline,1487d410-2e8d-4482-bb6f-7c69d5b5921a,,,59.05
2026-08-10 16:41:04.018514+00:00,orchestrator,stage_latency_ms,24.688800000149058,baseline,1487d410-2e8d-4482-bb6f-7c69d5b5921a,,,59.05
2026-08-10 16:41:04.018514+00:00,orchestrator,events_processed,60.0,baseline,1487d410-2e8d-4482-bb6f-7c69d5b5921a,,,59.05
2026-08-10 16:41:04.018514+00:00,orchestrator,throughput_eps,1.000095749166986,baseline,1487d410-2e8d-4482-bb6f-7c69d5b5921a,,,59.05
2026-08-10 16:41:04.018514+00:00,orchestrator,end_to_end_latency_ms,47.000244140625,baseline,1487d410-2e8d-4482-bb6f-7c69d5b5921a,,,59.05
2026-08-10 16:41:04.019513+00:00,orchestrator,xai_latency_ms,0.002200000380980782,baseline,1487d410-2e8d-4482-bb6f-7c69d5b5921a,,deterministic,59.05
2026-08-10 16:41:04.972722+00:00,generator,throughput_eps,1.0015830821881997,baseline,1487d410-2e8d-4482-bb6f-7c69d5b5921a,,,60.0
2026-08-10 16:41:04.972722+00:00,generator,events_sent,61.0,baseline,1487d410-2e8d-4482-bb6f-7c69d5b5921a,,,60.0
2026-08-10 16:41:04.993721+00:00,detector,events_processed,61.0,baseline,1487d410-2e8d-4482-bb6f-7c69d5b5921a,,,60.02
2026-08-10 16:41:04.994722+00:00,orchestrator,events_received,61.0,baseline,1487d410-2e8d-4482-bb6f-7c69d5b5921a,,,60.02
2026-08-10 16:41:04.994722+00:00,detector,throughput_eps,1.0014390077678068,baseline,1487d410-2e8d-4482-bb6f-7c69d5b5921a,,,60.02
2026-08-10 16:41:04.995721+00:00,detector,queue_wait_ms,1.999755859375,baseline,1487d410-2e8d-4482-bb6f-7c69d5b5921a,,,60.02
2026-08-10 16:41:04.995721+00:00,detector,stage_latency_ms,20.9063000002061,baseline,1487d410-2e8d-4482-bb6f-7c69d5b5921a,,,60.02
2026-08-10 16:41:04.995721+00:00,detector,end_to_end_latency_ms,22.99951171875,baseline,1487d410-2e8d-4482-bb6f-7c69d5b5921a,,,60.02
2026-08-10 16:41:05.020720+00:00,orchestrator,events_processed,61.0,baseline,1487d410-2e8d-4482-bb6f-7c69d5b5921a,,,60.05
2026-08-10 16:41:05.020720+00:00,orchestrator,throughput_eps,1.001190255022813,baseline,1487d410-2e8d-4482-bb6f-7c69d5b5921a,,,60.05
2026-08-10 16:41:05.020720+00:00,orchestrator,queue_wait_ms,4.000244140625,baseline,1487d410-2e8d-4482-bb6f-7c69d5b5921a,,,60.05
2026-08-10 16:41:05.021722+00:00,orchestrator,stage_latency_ms,26.07259999967937,baseline,1487d410-2e8d-4482-bb6f-7c69d5b5921a,,,60.05
2026-08-10 16:41:05.021722+00:00,orchestrator,end_to_end_latency_ms,49.99853515625,baseline,1487d410-2e8d-4482-bb6f-7c69d5b5921a,,,60.05
2026-08-10 16:41:05.021722+00:00,orchestrator,xai_latency_ms,0.002599999788799323,baseline,1487d410-2e8d-4482-bb6f-7c69d5b5921a,,deterministic,60.05
2026-08-10 16:41:05.973415+00:00,generator,events_sent,62.0,baseline,1487d410-2e8d-4482-bb6f-7c69d5b5921a,,,61.0
2026-08-10 16:41:05.974037+00:00,generator,throughput_eps,1.0001326776008825,baseline,1487d410-2e8d-4482-bb6f-7c69d5b5921a,,,61.0
2026-08-10 16:41:05.992415+00:00,detector,events_processed,62.0,baseline,1487d410-2e8d-4482-bb6f-7c69d5b5921a,,,61.02
2026-08-10 16:41:05.992415+00:00,detector,alerts_emitted,62.0,baseline,1487d410-2e8d-4482-bb6f-7c69d5b5921a,,,61.02
2026-08-10 16:41:05.992415+00:00,detector,throughput_eps,1.0003034120308125,baseline,1487d410-2e8d-4482-bb6f-7c69d5b5921a,,,61.02
2026-08-10 16:41:05.992415+00:00,orchestrator,events_received,62.0,baseline,1487d410-2e8d-4482-bb6f-7c69d5b5921a,,,61.02
2026-08-10 16:41:05.993416+00:00,detector,queue_wait_ms,2.000244140625,baseline,1487d410-2e8d-4482-bb6f-7c69d5b5921a,,,61.02
2026-08-10 16:41:05.993416+00:00,detector,stage_latency_ms,18.67560000027879,baseline,1487d410-2e8d-4482-bb6f-7c69d5b5921a,,,61.02
2026-08-10 16:41:05.993416+00:00,detector,end_to_end_latency_ms,20.999755859375,baseline,1487d410-2e8d-4482-bb6f-7c69d5b5921a,,,61.02
2026-08-10 16:41:06.018915+00:00,orchestrator,events_processed,62.0,baseline,1487d410-2e8d-4482-bb6f-7c69d5b5921a,,,61.05
2026-08-10 16:41:06.018915+00:00,orchestrator,throughput_eps,1.000214185865787,baseline,1487d410-2e8d-4482-bb6f-7c69d5b5921a,,,61.05
2026-08-10 16:41:06.018915+00:00,orchestrator,queue_wait_ms,2.00048828125,baseline,1487d410-2e8d-4482-bb6f-7c69d5b5921a,,,61.05
2026-08-10 16:41:06.019913+00:00,orchestrator,end_to_end_latency_ms,47.5,baseline,1487d410-2e8d-4482-bb6f-7c69d5b5921a,,,61.05
2026-08-10 16:41:06.019913+00:00,orchestrator,xai_latency_ms,0.0018999999156221747,baseline,1487d410-2e8d-4482-bb6f-7c69d5b5921a,,deterministic,61.05
2026-08-10 16:41:06.019913+00:00,orchestrator,stage_latency_ms,25.836199998593656,baseline,1487d410-2e8d-4482-bb6f-7c69d5b5921a,,,61.05
2026-08-10 16:41:06.973057+00:00,generator,events_sent,63.0,baseline,1487d410-2e8d-4482-bb6f-7c69d5b5921a,,,62.0
2026-08-10 16:41:06.973057+00:00,generator,throughput_eps,1.0000915883875994,baseline,1487d410-2e8d-4482-bb6f-7c69d5b5921a,,,62.0
2026-08-10 16:41:06.992057+00:00,detector,events_processed,63.0,baseline,1487d410-2e8d-4482-bb6f-7c69d5b5921a,,,62.02
2026-08-10 16:41:06.992057+00:00,detector,alerts_emitted,63.0,baseline,1487d410-2e8d-4482-bb6f-7c69d5b5921a,,,62.02
2026-08-10 16:41:06.993057+00:00,detector,throughput_eps,1.0001645470711007,baseline,1487d410-2e8d-4482-bb6f-7c69d5b5921a,,,62.02
2026-08-10 16:41:06.993057+00:00,orchestrator,events_received,63.0,baseline,1487d410-2e8d-4482-bb6f-7c69d5b5921a,,,62.02
2026-08-10 16:41:06.993057+00:00,detector,queue_wait_ms,2.0009765625,baseline,1487d410-2e8d-4482-bb6f-7c69d5b5921a,,,62.02
2026-08-10 16:41:06.993057+00:00,detector,stage_latency_ms,19.020299998373957,baseline,1487d410-2e8d-4482-bb6f-7c69d5b5921a,,,62.02
2026-08-10 16:41:06.994056+00:00,detector,end_to_end_latency_ms,21.000732421875,baseline,1487d410-2e8d-4482-bb6f-7c69d5b5921a,,,62.02
2026-08-10 16:41:07.018057+00:00,orchestrator,queue_wait_ms,3.0009765625,baseline,1487d410-2e8d-4482-bb6f-7c69d5b5921a,,,62.05
2026-08-10 16:41:07.018057+00:00,orchestrator,events_processed,63.0,baseline,1487d410-2e8d-4482-bb6f-7c69d5b5921a,,,62.05
2026-08-10 16:41:07.018057+00:00,orchestrator,throughput_eps,1.0121347671208738,baseline,1487d410-2e8d-4482-bb6f-7c69d5b5921a,,,62.05
2026-08-10 16:41:07.019060+00:00,orchestrator,xai_latency_ms,0.0014999986888142303,baseline,1487d410-2e8d-4482-bb6f-7c69d5b5921a,,deterministic,62.05
2026-08-10 16:41:07.019060+00:00,orchestrator,stage_latency_ms,24.910400001317612,baseline,1487d410-2e8d-4482-bb6f-7c69d5b5921a,,,62.05
2026-08-10 16:41:07.019060+00:00,orchestrator,end_to_end_latency_ms,47.000732421875,baseline,1487d410-2e8d-4482-bb6f-7c69d5b5921a,,,62.05
2026-08-10 16:41:07.973347+00:00,generator,events_sent,64.0,baseline,1487d410-2e8d-4482-bb6f-7c69d5b5921a,,,63.0
2026-08-10 16:41:07.973347+00:00,generator,throughput_eps,0.9999599266059259,baseline,1487d410-2e8d-4482-bb6f-7c69d5b5921a,,,63.0
2026-08-10 16:41:07.993346+00:00,detector,events_processed,64.0,baseline,1487d410-2e8d-4482-bb6f-7c69d5b5921a,,,63.02
2026-08-10 16:41:07.993346+00:00,detector,alerts_emitted,64.0,baseline,1487d410-2e8d-4482-bb6f-7c69d5b5921a,,,63.02
2026-08-10 16:41:07.993346+00:00,detector,throughput_eps,0.9999640762903118,baseline,1487d410-2e8d-4482-bb6f-7c69d5b5921a,,,63.02
2026-08-10 16:41:07.994346+00:00,detector,queue_wait_ms,1.99951171875,baseline,1487d410-2e8d-4482-bb6f-7c69d5b5921a,,,63.02
2026-08-10 16:41:07.995166+00:00,detector,stage_latency_ms,19.269799999165116,baseline,1487d410-2e8d-4482-bb6f-7c69d5b5921a,,,63.02
2026-08-10 16:41:07.995166+00:00,detector,end_to_end_latency_ms,21.99853515625,baseline,1487d410-2e8d-4482-bb6f-7c69d5b5921a,,,63.02
2026-08-10 16:41:08.030308+00:00,orchestrator,events_processed,64.0,baseline,1487d410-2e8d-4482-bb6f-7c69d5b5921a,,,63.06
2026-08-10 16:41:08.030308+00:00,orchestrator,throughput_eps,0.9969090833873379,baseline,1487d410-2e8d-4482-bb6f-7c69d5b5921a,,,63.06
2026-08-10 16:41:08.031308+00:00,orchestrator,queue_wait_ms,3.000732421875,baseline,1487d410-2e8d-4482-bb6f-7c69d5b5921a,,,63.06
2026-08-10 16:41:08.031308+00:00,orchestrator,stage_latency_ms,36.98889999941457,baseline,1487d410-2e8d-4482-bb6f-7c69d5b5921a,,,63.06
2026-08-10 16:41:08.032313+00:00,orchestrator,xai_latency_ms,0.007700000423938036,baseline,1487d410-2e8d-4482-bb6f-7c69d5b5921a,,deterministic,63.06
2026-08-10 16:41:08.032313+00:00,orchestrator,end_to_end_latency_ms,58.9599609375,baseline,1487d410-2e8d-4482-bb6f-7c69d5b5921a,,,63.06
2026-08-10 16:41:08.972747+00:00,generator,events_sent,65.0,baseline,1487d410-2e8d-4482-bb6f-7c69d5b5921a,,,64.0
2026-08-10 16:41:08.972747+00:00,generator,throughput_eps,1.0001388792849295,baseline,1487d410-2e8d-4482-bb6f-7c69d5b5921a,,,64.0
2026-08-10 16:41:08.992747+00:00,detector,events_processed,65.0,baseline,1487d410-2e8d-4482-bb6f-7c69d5b5921a,,,64.02
2026-08-10 16:41:08.993745+00:00,detector,alerts_emitted,65.0,baseline,1487d410-2e8d-4482-bb6f-7c69d5b5921a,,,64.02
2026-08-10 16:41:08.993745+00:00,orchestrator,events_received,65.0,baseline,1487d410-2e8d-4482-bb6f-7c69d5b5921a,,,64.02
2026-08-10 16:41:08.993745+00:00,detector,throughput_eps,1.0000020000039496,baseline,1487d410-2e8d-4482-bb6f-7c69d5b5921a,,,64.02
2026-08-10 16:41:08.993745+00:00,detector,queue_wait_ms,2.125,baseline,1487d410-2e8d-4482-bb6f-7c69d5b5921a,,,64.02
2026-08-10 16:41:08.994746+00:00,detector,stage_latency_ms,19.85430000058841,baseline,1487d410-2e8d-4482-bb6f-7c69d5b5921a,,,64.02
2026-08-10 16:41:08.994746+00:00,detector,end_to_end_latency_ms,22.125,baseline,1487d410-2e8d-4482-bb6f-7c69d5b5921a,,,64.02
2026-08-10 16:41:09.018915+00:00,orchestrator,throughput_eps,1.0004946195275455,baseline,1487d410-2e8d-4482-bb6f-7c69d5b5921a,,,64.05
2026-08-10 16:41:09.018915+00:00,orchestrator,queue_wait_ms,3.9697265625,baseline,1487d410-2e8d-4482-bb6f-7c69d5b5921a,,,64.05
2026-08-10 16:41:09.018915+00:00,orchestrator,events_processed,65.0,baseline,1487d410-2e8d-4482-bb6f-7c69d5b5921a,,,64.05
2026-08-10 16:41:09.019914+00:00,orchestrator,stage_latency_ms,25.27379999992263,baseline,1487d410-2e8d-4482-bb6f-7c69d5b5921a,,,64.05
2026-08-10 16:41:09.019914+00:00,orchestrator,end_to_end_latency_ms,48.29248046875,baseline,1487d410-2e8d-4482-bb6f-7c69d5b5921a,,,64.05
2026-08-10 16:41:09.020969+00:00,orchestrator,xai_latency_ms,0.0017000002117129043,baseline,1487d410-2e8d-4482-bb6f-7c69d5b5921a,,deterministic,64.05
2026-08-10 16:41:09.972984+00:00,generator,events_sent,66.0,baseline,1487d410-2e8d-4482-bb6f-7c69d5b5921a,,,65.0
2026-08-10 16:41:09.973984+00:00,generator,throughput_eps,1.0000342261714266,baseline,1487d410-2e8d-4482-bb6f-7c69d5b5921a,,,65.0
2026-08-10 16:41:09.993492+00:00,detector,events_processed,66.0,baseline,1487d410-2e8d-4482-bb6f-7c69d5b5921a,,,65.02
2026-08-10 16:41:09.993492+00:00,detector,alerts_emitted,66.0,baseline,1487d410-2e8d-4482-bb6f-7c69d5b5921a,,,65.02
2026-08-10 16:41:09.993492+00:00,orchestrator,events_received,66.0,baseline,1487d410-2e8d-4482-bb6f-7c69d5b5921a,,,65.02
2026-08-10 16:41:09.994516+00:00,detector,throughput_eps,1.0000903481620045,baseline,1487d410-2e8d-4482-bb6f-7c69d5b5921a,,,65.02
2026-08-10 16:41:09.994516+00:00,detector,queue_wait_ms,2.081298828125,baseline,1487d410-2e8d-4482-bb6f-7c69d5b5921a,,,65.02
2026-08-10 16:41:09.994516+00:00,detector,stage_latency_ms,19.98690000073111,baseline,1487d410-2e8d-4482-bb6f-7c69d5b5921a,,,65.02
2026-08-10 16:41:09.995498+00:00,detector,end_to_end_latency_ms,22.58935546875,baseline,1487d410-2e8d-4482-bb6f-7c69d5b5921a,,,65.02
2026-08-10 16:41:10.019424+00:00,orchestrator,queue_wait_ms,2.47900390625,baseline,1487d410-2e8d-4482-bb6f-7c69d5b5921a,,,65.05
2026-08-10 16:41:10.019424+00:00,orchestrator,throughput_eps,1.0003113569128967,baseline,1487d410-2e8d-4482-bb6f-7c69d5b5921a,,,65.05
2026-08-10 16:41:10.019424+00:00,orchestrator,events_processed,66.0,baseline,1487d410-2e8d-4482-bb6f-7c69d5b5921a,,,65.05
2026-08-10 16:41:10.020423+00:00,orchestrator,stage_latency_ms,25.197700000717305,baseline,1487d410-2e8d-4482-bb6f-7c69d5b5921a,,,65.05
2026-08-10 16:41:10.021424+00:00,orchestrator,end_to_end_latency_ms,48.520751953125,baseline,1487d410-2e8d-4482-bb6f-7c69d5b5921a,,,65.05
2026-08-10 16:41:10.021424+00:00,orchestrator,xai_latency_ms,0.0017999991541728377,baseline,1487d410-2e8d-4482-bb6f-7c69d5b5921a,,deterministic,65.05
2026-08-10 16:41:10.972804+00:00,generator,events_sent,67.0,baseline,1487d410-2e8d-4482-bb6f-7c69d5b5921a,,,66.0
2026-08-10 16:41:10.973811+00:00,generator,throughput_eps,1.000014000196013,baseline,1487d410-2e8d-4482-bb6f-7c69d5b5921a,,,66.0
2026-08-10 16:41:10.993648+00:00,detector,events_processed,67.0,baseline,1487d410-2e8d-4482-bb6f-7c69d5b5921a,,,66.02
2026-08-10 16:41:10.993648+00:00,detector,alerts_emitted,67.0,baseline,1487d410-2e8d-4482-bb6f-7c69d5b5921a,,,66.02
2026-08-10 16:41:10.993648+00:00,orchestrator,events_received,67.0,baseline,1487d410-2e8d-4482-bb6f-7c69d5b5921a,,,66.02
2026-08-10 16:41:10.994655+00:00,detector,throughput_eps,0.999614598591594,baseline,1487d410-2e8d-4482-bb6f-7c69d5b5921a,,,66.02
2026-08-10 16:41:10.994655+00:00,detector,queue_wait_ms,3.208740234375,baseline,1487d410-2e8d-4482-bb6f-7c69d5b5921a,,,66.02
2026-08-10 16:41:10.995671+00:00,detector,end_to_end_latency_ms,23.045654296875,baseline,1487d410-2e8d-4482-bb6f-7c69d5b5921a,,,66.02
2026-08-10 16:41:10.995671+00:00,detector,stage_latency_ms,20.057900001120288,baseline,1487d410-2e8d-4482-bb6f-7c69d5b5921a,,,66.02
2026-08-10 16:41:11.025011+00:00,orchestrator,events_processed,67.0,baseline,1487d410-2e8d-4482-bb6f-7c69d5b5921a,,,66.05
2026-08-10 16:41:11.025011+00:00,orchestrator,throughput_eps,0.9982481991912566,baseline,1487d410-2e8d-4482-bb6f-7c69d5b5921a,,,66.05
2026-08-10 16:41:11.026031+00:00,orchestrator,queue_wait_ms,2.803955078125,baseline,1487d410-2e8d-4482-bb6f-7c69d5b5921a,,,66.06
2026-08-10 16:41:11.026031+00:00,orchestrator,stage_latency_ms,30.724000000191154,baseline,1487d410-2e8d-4482-bb6f-7c69d5b5921a,,,66.06
2026-08-10 16:41:11.026031+00:00,orchestrator,end_to_end_latency_ms,54.4091796875,baseline,1487d410-2e8d-4482-bb6f-7c69d5b5921a,,,66.06
2026-08-10 16:41:11.026031+00:00,orchestrator,xai_latency_ms,0.0015999994502635673,baseline,1487d410-2e8d-4482-bb6f-7c69d5b5921a,,deterministic,66.06
2026-08-10 16:41:11.979994+00:00,generator,events_sent,68.0,baseline,1487d410-2e8d-4482-bb6f-7c69d5b5921a,,,67.01
2026-08-10 16:41:11.981949+00:00,generator,throughput_eps,0.998385460951693,baseline,1487d410-2e8d-4482-bb6f-7c69d5b5921a,,,67.01
2026-08-10 16:41:12.004014+00:00,detector,events_processed,68.0,baseline,1487d410-2e8d-4482-bb6f-7c69d5b5921a,,,67.03
2026-08-10 16:41:12.005044+00:00,detector,throughput_eps,0.9971763953192051,baseline,1487d410-2e8d-4482-bb6f-7c69d5b5921a,,,67.03
2026-08-10 16:41:12.005044+00:00,detector,alerts_emitted,68.0,baseline,1487d410-2e8d-4482-bb6f-7c69d5b5921a,,,67.03
2026-08-10 16:41:12.005044+00:00,orchestrator,events_received,68.0,baseline,1487d410-2e8d-4482-bb6f-7c69d5b5921a,,,67.03
2026-08-10 16:41:12.005044+00:00,detector,queue_wait_ms,10.00634765625,baseline,1487d410-2e8d-4482-bb6f-7c69d5b5921a,,,67.03
2026-08-10 16:41:12.006014+00:00,detector,end_to_end_latency_ms,33.065185546875,baseline,1487d410-2e8d-4482-bb6f-7c69d5b5921a,,,67.04
2026-08-10 16:41:12.006014+00:00,detector,stage_latency_ms,22.959899999477784,baseline,1487d410-2e8d-4482-bb6f-7c69d5b5921a,,,67.04
2026-08-10 16:41:12.030549+00:00,orchestrator,queue_wait_ms,3.03173828125,baseline,1487d410-2e8d-4482-bb6f-7c69d5b5921a,,,67.06
2026-08-10 16:41:12.030549+00:00,orchestrator,events_processed,68.0,baseline,1487d410-2e8d-4482-bb6f-7c69d5b5921a,,,67.06
2026-08-10 16:41:12.030549+00:00,orchestrator,throughput_eps,1.0000330760939111,baseline,1487d410-2e8d-4482-bb6f-7c69d5b5921a,,,67.06
2026-08-10 16:41:12.031548+00:00,orchestrator,stage_latency_ms,25.56660000118427,baseline,1487d410-2e8d-4482-bb6f-7c69d5b5921a,,,67.06
2026-08-10 16:41:12.031548+00:00,orchestrator,end_to_end_latency_ms,59.600341796875,baseline,1487d410-2e8d-4482-bb6f-7c69d5b5921a,,,67.06
2026-08-10 16:41:12.031548+00:00,orchestrator,xai_latency_ms,0.0017000002117129043,baseline,1487d410-2e8d-4482-bb6f-7c69d5b5921a,,deterministic,67.06
2026-08-10 16:41:12.972994+00:00,generator,events_sent,69.0,baseline,1487d410-2e8d-4482-bb6f-7c69d5b5921a,,,68.0
2026-08-10 16:41:12.972994+00:00,generator,throughput_eps,1.000090148125836,baseline,1487d410-2e8d-4482-bb6f-7c69d5b5921a,,,68.0
2026-08-10 16:41:12.992995+00:00,detector,events_processed,69.0,baseline,1487d410-2e8d-4482-bb6f-7c69d5b5921a,,,68.02
2026-08-10 16:41:12.992995+00:00,detector,alerts_emitted,69.0,baseline,1487d410-2e8d-4482-bb6f-7c69d5b5921a,,,68.02
2026-08-10 16:41:12.992995+00:00,orchestrator,events_received,69.0,baseline,1487d410-2e8d-4482-bb6f-7c69d5b5921a,,,68.02
2026-08-10 16:41:12.992995+00:00,detector,throughput_eps,1.0000760857887512,baseline,1487d410-2e8d-4482-bb6f-7c69d5b5921a,,,68.02
2026-08-10 16:41:12.993994+00:00,detector,queue_wait_ms,2.000244140625,baseline,1487d410-2e8d-4482-bb6f-7c69d5b5921a,,,68.02
2026-08-10 16:41:12.993994+00:00,detector,stage_latency_ms,19.21299999958137,baseline,1487d410-2e8d-4482-bb6f-7c69d5b5921a,,,68.02
2026-08-10 16:41:12.993994+00:00,detector,end_to_end_latency_ms,22.000732421875,baseline,1487d410-2e8d-4482-bb6f-7c69d5b5921a,,,68.02
2026-08-10 16:41:13.017575+00:00,orchestrator,events_processed,69.0,baseline,1487d410-2e8d-4482-bb6f-7c69d5b5921a,,,68.05
2026-08-10 16:41:13.018576+00:00,orchestrator,throughput_eps,1.0025185471442044,baseline,1487d410-2e8d-4482-bb6f-7c69d5b5921a,,,68.05
2026-08-10 16:41:13.018576+00:00,orchestrator,queue_wait_ms,3.0009765625,baseline,1487d410-2e8d-4482-bb6f-7c69d5b5921a,,,68.05
2026-08-10 16:41:13.018576+00:00,orchestrator,stage_latency_ms,24.76329999990412,baseline,1487d410-2e8d-4482-bb6f-7c69d5b5921a,,,68.05
2026-08-10 16:41:13.019575+00:00,orchestrator,end_to_end_latency_ms,46.5810546875,baseline,1487d410-2e8d-4482-bb6f-7c69d5b5921a,,,68.05
2026-08-10 16:41:13.019575+00:00,orchestrator,xai_latency_ms,0.0018000009731622413,baseline,1487d410-2e8d-4482-bb6f-7c69d5b5921a,,deterministic,68.05
2026-08-10 16:41:13.972582+00:00,generator,events_sent,70.0,baseline,1487d410-2e8d-4482-bb6f-7c69d5b5921a,,,69.0
2026-08-10 16:41:13.972582+00:00,generator,throughput_eps,1.000030780947162,baseline,1487d410-2e8d-4482-bb6f-7c69d5b5921a,,,69.0
2026-08-10 16:41:13.991618+00:00,detector,events_processed,70.0,baseline,1487d410-2e8d-4482-bb6f-7c69d5b5921a,,,69.02
2026-08-10 16:41:13.992647+00:00,detector,alerts_emitted,70.0,baseline,1487d410-2e8d-4482-bb6f-7c69d5b5921a,,,69.02
2026-08-10 16:41:13.992647+00:00,orchestrator,events_received,70.0,baseline,1487d410-2e8d-4482-bb6f-7c69d5b5921a,,,69.02
2026-08-10 16:41:13.992647+00:00,detector,throughput_eps,1.0002347951158927,baseline,1487d410-2e8d-4482-bb6f-7c69d5b5921a,,,69.02
2026-08-10 16:41:13.992647+00:00,detector,queue_wait_ms,1.999755859375,baseline,1487d410-2e8d-4482-bb6f-7c69d5b5921a,,,69.02
2026-08-10 16:41:13.993649+00:00,detector,end_to_end_latency_ms,21.0361328125,baseline,1487d410-2e8d-4482-bb6f-7c69d5b5921a,,,69.02
2026-08-10 16:41:13.993649+00:00,detector,stage_latency_ms,18.863300001612515,baseline,1487d410-2e8d-4482-bb6f-7c69d5b5921a,,,69.02
2026-08-10 16:41:14.017353+00:00,orchestrator,events_processed,70.0,baseline,1487d410-2e8d-4482-bb6f-7c69d5b5921a,,,69.05
2026-08-10 16:41:14.017353+00:00,orchestrator,throughput_eps,1.00025956735754,baseline,1487d410-2e8d-4482-bb6f-7c69d5b5921a,,,69.05
2026-08-10 16:41:14.018352+00:00,orchestrator,queue_wait_ms,3.065673828125,baseline,1487d410-2e8d-4482-bb6f-7c69d5b5921a,,,69.05
2026-08-10 16:41:14.018352+00:00,orchestrator,stage_latency_ms,25.0436999995145,baseline,1487d410-2e8d-4482-bb6f-7c69d5b5921a,,,69.05
2026-08-10 16:41:14.018352+00:00,orchestrator,end_to_end_latency_ms,46.77099609375,baseline,1487d410-2e8d-4482-bb6f-7c69d5b5921a,,,69.05
2026-08-10 16:41:14.019352+00:00,orchestrator,xai_latency_ms,0.0018000009731622413,baseline,1487d410-2e8d-4482-bb6f-7c69d5b5921a,,deterministic,69.05
2026-08-10 16:41:14.972715+00:00,generator,events_sent,71.0,baseline,1487d410-2e8d-4482-bb6f-7c69d5b5921a,,,70.0
2026-08-10 16:41:14.972715+00:00,generator,throughput_eps,1.000082966883078,baseline,1487d410-2e8d-4482-bb6f-7c69d5b5921a,,,70.0
2026-08-10 16:41:14.992691+00:00,detector,events_processed,71.0,baseline,1487d410-2e8d-4482-bb6f-7c69d5b5921a,,,70.02
2026-08-10 16:41:14.992691+00:00,detector,alerts_emitted,71.0,baseline,1487d410-2e8d-4482-bb6f-7c69d5b5921a,,,70.02
2026-08-10 16:41:14.993693+00:00,detector,throughput_eps,1.0001502225633454,baseline,1487d410-2e8d-4482-bb6f-7c69d5b5921a,,,70.02
2026-08-10 16:41:14.993693+00:00,detector,queue_wait_ms,2.128662109375,baseline,1487d410-2e8d-4482-bb6f-7c69d5b5921a,,,70.02
2026-08-10 16:41:14.993693+00:00,orchestrator,events_received,71.0,baseline,1487d410-2e8d-4482-bb6f-7c69d5b5921a,,,70.02
2026-08-10 16:41:14.994697+00:00,detector,stage_latency_ms,19.65080000081798,baseline,1487d410-2e8d-4482-bb6f-7c69d5b5921a,,,70.02
2026-08-10 16:41:14.994697+00:00,detector,end_to_end_latency_ms,22.1044921875,baseline,1487d410-2e8d-4482-bb6f-7c69d5b5921a,,,70.02
2026-08-10 16:41:15.018489+00:00,orchestrator,events_processed,71.0,baseline,1487d410-2e8d-4482-bb6f-7c69d5b5921a,,,70.05
2026-08-10 16:41:15.018489+00:00,orchestrator,throughput_eps,1.0001902962058464,baseline,1487d410-2e8d-4482-bb6f-7c69d5b5921a,,,70.05
2026-08-10 16:41:15.018489+00:00,orchestrator,queue_wait_ms,3.969970703125,baseline,1487d410-2e8d-4482-bb6f-7c69d5b5921a,,,70.05
2026-08-10 16:41:15.019505+00:00,orchestrator,stage_latency_ms,24.883199999749195,baseline,1487d410-2e8d-4482-bb6f-7c69d5b5921a,,,70.05
2026-08-10 16:41:15.019505+00:00,orchestrator,end_to_end_latency_ms,47.90234375,baseline,1487d410-2e8d-4482-bb6f-7c69d5b5921a,,,70.05
2026-08-10 16:41:15.020490+00:00,orchestrator,xai_latency_ms,0.0017999991541728377,baseline,1487d410-2e8d-4482-bb6f-7c69d5b5921a,,deterministic,70.05
2026-08-10 16:41:15.979626+00:00,generator,events_sent,72.0,baseline,1487d410-2e8d-4482-bb6f-7c69d5b5921a,,,71.01
2026-08-10 16:41:15.981454+00:00,generator,throughput_eps,1.0000502525253752,baseline,1487d410-2e8d-4482-bb6f-7c69d5b5921a,,,71.01
2026-08-10 16:41:15.999619+00:00,detector,events_processed,72.0,baseline,1487d410-2e8d-4482-bb6f-7c69d5b5921a,,,71.03
2026-08-10 16:41:16.000683+00:00,orchestrator,events_received,72.0,baseline,1487d410-2e8d-4482-bb6f-7c69d5b5921a,,,71.03
2026-08-10 16:41:16.000683+00:00,detector,throughput_eps,1.001126818290196,baseline,1487d410-2e8d-4482-bb6f-7c69d5b5921a,,,71.03
2026-08-10 16:41:16.000683+00:00,detector,alerts_emitted,72.0,baseline,1487d410-2e8d-4482-bb6f-7c69d5b5921a,,,71.03
2026-08-10 16:41:16.001623+00:00,detector,queue_wait_ms,10.02099609375,baseline,1487d410-2e8d-4482-bb6f-7c69d5b5921a,,,71.03
2026-08-10 16:41:16.001623+00:00,detector,stage_latency_ms,18.897699999797624,baseline,1487d410-2e8d-4482-bb6f-7c69d5b5921a,,,71.03
2026-08-10 16:41:16.002658+00:00,detector,end_to_end_latency_ms,29.01416015625,baseline,1487d410-2e8d-4482-bb6f-7c69d5b5921a,,,71.03
2026-08-10 16:41:16.026048+00:00,orchestrator,events_processed,72.0,baseline,1487d410-2e8d-4482-bb6f-7c69d5b5921a,,,71.06
2026-08-10 16:41:16.026048+00:00,orchestrator,throughput_eps,1.0011360391202835,baseline,1487d410-2e8d-4482-bb6f-7c69d5b5921a,,,71.06
2026-08-10 16:41:16.027049+00:00,orchestrator,queue_wait_ms,3.0703125,baseline,1487d410-2e8d-4482-bb6f-7c69d5b5921a,,,71.06
2026-08-10 16:41:16.027049+00:00,orchestrator,stage_latency_ms,25.500300000203424,baseline,1487d410-2e8d-4482-bb6f-7c69d5b5921a,,,71.06
2026-08-10 16:41:16.028049+00:00,orchestrator,end_to_end_latency_ms,55.44384765625,baseline,1487d410-2e8d-4482-bb6f-7c69d5b5921a,,,71.06
2026-08-10 16:41:16.028049+00:00,orchestrator,xai_latency_ms,0.0018999999156221747,baseline,1487d410-2e8d-4482-bb6f-7c69d5b5921a,,deterministic,71.06
2026-08-10 16:41:16.979765+00:00,generator,events_sent,73.0,baseline,1487d410-2e8d-4482-bb6f-7c69d5b5921a,,,72.01
2026-08-10 16:41:16.981240+00:00,generator,throughput_eps,1.0001167936392596,baseline,1487d410-2e8d-4482-bb6f-7c69d5b5921a,,,72.01
2026-08-10 16:41:17.001716+00:00,detector,throughput_eps,1.0005929113354,baseline,1487d410-2e8d-4482-bb6f-7c69d5b5921a,,,72.03
2026-08-10 16:41:17.001716+00:00,orchestrator,events_received,73.0,baseline,1487d410-2e8d-4482-bb6f-7c69d5b5921a,,,72.03
2026-08-10 16:41:17.001716+00:00,detector,events_processed,73.0,baseline,1487d410-2e8d-4482-bb6f-7c69d5b5921a,,,72.03
2026-08-10 16:41:17.001716+00:00,detector,alerts_emitted,73.0,baseline,1487d410-2e8d-4482-bb6f-7c69d5b5921a,,,72.03
2026-08-10 16:41:17.002736+00:00,detector,queue_wait_ms,10.02294921875,baseline,1487d410-2e8d-4482-bb6f-7c69d5b5921a,,,72.03
2026-08-10 16:41:17.002736+00:00,detector,stage_latency_ms,20.648699999583187,baseline,1487d410-2e8d-4482-bb6f-7c69d5b5921a,,,72.03
2026-08-10 16:41:17.003717+00:00,detector,end_to_end_latency_ms,31.011474609375,baseline,1487d410-2e8d-4482-bb6f-7c69d5b5921a,,,72.03
2026-08-10 16:41:17.027449+00:00,orchestrator,events_processed,73.0,baseline,1487d410-2e8d-4482-bb6f-7c69d5b5921a,,,72.06
2026-08-10 16:41:17.027449+00:00,orchestrator,throughput_eps,1.000569964674635,baseline,1487d410-2e8d-4482-bb6f-7c69d5b5921a,,,72.06
2026-08-10 16:41:17.028415+00:00,orchestrator,queue_wait_ms,2.96728515625,baseline,1487d410-2e8d-4482-bb6f-7c69d5b5921a,,,72.06
2026-08-10 16:41:17.028415+00:00,orchestrator,stage_latency_ms,25.61779999996361,baseline,1487d410-2e8d-4482-bb6f-7c69d5b5921a,,,72.06
2026-08-10 16:41:17.029415+00:00,orchestrator,end_to_end_latency_ms,56.743896484375,baseline,1487d410-2e8d-4482-bb6f-7c69d5b5921a,,,72.06
2026-08-10 16:41:17.029415+00:00,orchestrator,xai_latency_ms,0.002200000380980782,baseline,1487d410-2e8d-4482-bb6f-7c69d5b5921a,,deterministic,72.06
2026-08-10 16:41:17.973070+00:00,generator,throughput_eps,1.0000368013543788,baseline,1487d410-2e8d-4482-bb6f-7c69d5b5921a,,,73.0
2026-08-10 16:41:17.973070+00:00,generator,events_sent,74.0,baseline,1487d410-2e8d-4482-bb6f-7c69d5b5921a,,,73.0
2026-08-10 16:41:17.993181+00:00,detector,events_processed,74.0,baseline,1487d410-2e8d-4482-bb6f-7c69d5b5921a,,,73.02
2026-08-10 16:41:17.994216+00:00,detector,alerts_emitted,74.0,baseline,1487d410-2e8d-4482-bb6f-7c69d5b5921a,,,73.02
2026-08-10 16:41:17.994216+00:00,orchestrator,events_received,74.0,baseline,1487d410-2e8d-4482-bb6f-7c69d5b5921a,,,73.02
2026-08-10 16:41:17.994216+00:00,detector,throughput_eps,0.9995524254128266,baseline,1487d410-2e8d-4482-bb6f-7c69d5b5921a,,,73.02
2026-08-10 16:41:17.995203+00:00,detector,queue_wait_ms,2.489501953125,baseline,1487d410-2e8d-4482-bb6f-7c69d5b5921a,,,73.02
2026-08-10 16:41:17.995203+00:00,detector,stage_latency_ms,20.351000001028297,baseline,1487d410-2e8d-4482-bb6f-7c69d5b5921a,,,73.02
2026-08-10 16:41:17.995203+00:00,detector,end_to_end_latency_ms,22.60107421875,baseline,1487d410-2e8d-4482-bb6f-7c69d5b5921a,,,73.02
2026-08-10 16:41:18.067867+00:00,orchestrator,events_processed,74.0,baseline,1487d410-2e8d-4482-bb6f-7c69d5b5921a,,,73.1
2026-08-10 16:41:18.068866+00:00,orchestrator,throughput_eps,0.9874545382103528,baseline,1487d410-2e8d-4482-bb6f-7c69d5b5921a,,,73.1
2026-08-10 16:41:18.068866+00:00,orchestrator,queue_wait_ms,3.146728515625,baseline,1487d410-2e8d-4482-bb6f-7c69d5b5921a,,,73.1
2026-08-10 16:41:18.068866+00:00,orchestrator,stage_latency_ms,74.21359999898414,baseline,1487d410-2e8d-4482-bb6f-7c69d5b5921a,,,73.1
2026-08-10 16:41:18.069866+00:00,orchestrator,xai_latency_ms,0.002200000380980782,baseline,1487d410-2e8d-4482-bb6f-7c69d5b5921a,,deterministic,73.1
2026-08-10 16:41:18.069866+00:00,orchestrator,end_to_end_latency_ms,97.287353515625,baseline,1487d410-2e8d-4482-bb6f-7c69d5b5921a,,,73.1
2026-08-10 16:41:18.972555+00:00,generator,events_sent,75.0,baseline,1487d410-2e8d-4482-bb6f-7c69d5b5921a,,,74.0
2026-08-10 16:41:18.972555+00:00,generator,throughput_eps,1.0000214754609977,baseline,1487d410-2e8d-4482-bb6f-7c69d5b5921a,,,74.0
2026-08-10 16:41:18.991577+00:00,detector,events_processed,75.0,baseline,1487d410-2e8d-4482-bb6f-7c69d5b5921a,,,74.02
2026-08-10 16:41:18.991577+00:00,detector,alerts_emitted,75.0,baseline,1487d410-2e8d-4482-bb6f-7c69d5b5921a,,,74.02
2026-08-10 16:41:18.992626+00:00,orchestrator,events_received,75.0,baseline,1487d410-2e8d-4482-bb6f-7c69d5b5921a,,,74.02
2026-08-10 16:41:18.992626+00:00,detector,throughput_eps,1.0002174722842123,baseline,1487d410-2e8d-4482-bb6f-7c69d5b5921a,,,74.02
2026-08-10 16:41:18.993576+00:00,detector,queue_wait_ms,1.9404296875,baseline,1487d410-2e8d-4482-bb6f-7c69d5b5921a,,,74.02
2026-08-10 16:41:18.993576+00:00,detector,stage_latency_ms,18.82120000118448,baseline,1487d410-2e8d-4482-bb6f-7c69d5b5921a,,,74.02
2026-08-10 16:41:18.994577+00:00,detector,end_to_end_latency_ms,20.962890625,baseline,1487d410-2e8d-4482-bb6f-7c69d5b5921a,,,74.02
2026-08-10 16:41:19.017266+00:00,orchestrator,events_processed,75.0,baseline,1487d410-2e8d-4482-bb6f-7c69d5b5921a,,,74.05
2026-08-10 16:41:19.018266+00:00,orchestrator,queue_wait_ms,3.070556640625,baseline,1487d410-2e8d-4482-bb6f-7c69d5b5921a,,,74.05
2026-08-10 16:41:19.018266+00:00,orchestrator,stage_latency_ms,25.278200000684592,baseline,1487d410-2e8d-4482-bb6f-7c69d5b5921a,,,74.05
2026-08-10 16:41:19.018266+00:00,orchestrator,throughput_eps,1.0001357684305912,baseline,1487d410-2e8d-4482-bb6f-7c69d5b5921a,,,74.05
2026-08-10 16:41:19.019266+00:00,orchestrator,end_to_end_latency_ms,46.6513671875,baseline,1487d410-2e8d-4482-bb6f-7c69d5b5921a,,,74.05
2026-08-10 16:41:19.020266+00:00,orchestrator,xai_latency_ms,0.0017000002117129043,baseline,1487d410-2e8d-4482-bb6f-7c69d5b5921a,,deterministic,74.05
2026-08-10 16:41:19.973463+00:00,generator,events_sent,76.0,baseline,1487d410-2e8d-4482-bb6f-7c69d5b5921a,,,75.0
2026-08-10 16:41:19.974373+00:00,generator,throughput_eps,1.0015248967695523,baseline,1487d410-2e8d-4482-bb6f-7c69d5b5921a,,,75.0
2026-08-10 16:41:19.992589+00:00,detector,events_processed,76.0,baseline,1487d410-2e8d-4482-bb6f-7c69d5b5921a,,,75.02
2026-08-10 16:41:19.992589+00:00,detector,alerts_emitted,76.0,baseline,1487d410-2e8d-4482-bb6f-7c69d5b5921a,,,75.02
2026-08-10 16:41:19.993590+00:00,orchestrator,events_received,76.0,baseline,1487d410-2e8d-4482-bb6f-7c69d5b5921a,,,75.02
2026-08-10 16:41:19.993590+00:00,detector,throughput_eps,1.000028800829755,baseline,1487d410-2e8d-4482-bb6f-7c69d5b5921a,,,75.02
2026-08-10 16:41:19.993590+00:00,detector,queue_wait_ms,2.000244140625,baseline,1487d410-2e8d-4482-bb6f-7c69d5b5921a,,,75.02
2026-08-10 16:41:19.994606+00:00,detector,stage_latency_ms,18.60850000048231,baseline,1487d410-2e8d-4482-bb6f-7c69d5b5921a,,,75.02
2026-08-10 16:41:19.994606+00:00,detector,end_to_end_latency_ms,21.126708984375,baseline,1487d410-2e8d-4482-bb6f-7c69d5b5921a,,,75.02
2026-08-10 16:41:20.017317+00:00,orchestrator,events_processed,76.0,baseline,1487d410-2e8d-4482-bb6f-7c69d5b5921a,,,75.05
2026-08-10 16:41:20.018353+00:00,orchestrator,throughput_eps,1.0000843471139387,baseline,1487d410-2e8d-4482-bb6f-7c69d5b5921a,,,75.05
2026-08-10 16:41:20.018353+00:00,orchestrator,queue_wait_ms,4.1279296875,baseline,1487d410-2e8d-4482-bb6f-7c69d5b5921a,,,75.05
2026-08-10 16:41:20.019324+00:00,orchestrator,stage_latency_ms,24.523199999748613,baseline,1487d410-2e8d-4482-bb6f-7c69d5b5921a,,,75.05
2026-08-10 16:41:20.019324+00:00,orchestrator,end_to_end_latency_ms,45.8544921875,baseline,1487d410-2e8d-4482-bb6f-7c69d5b5921a,,,75.05
2026-08-10 16:41:20.019324+00:00,orchestrator,xai_latency_ms,0.0018000009731622413,baseline,1487d410-2e8d-4482-bb6f-7c69d5b5921a,,deterministic,75.05
2026-08-10 16:41:20.972254+00:00,generator,events_sent,77.0,baseline,1487d410-2e8d-4482-bb6f-7c69d5b5921a,,,76.0
2026-08-10 16:41:20.973300+00:00,generator,throughput_eps,1.0013797009520173,baseline,1487d410-2e8d-4482-bb6f-7c69d5b5921a,,,76.0
2026-08-10 16:41:20.992952+00:00,detector,events_processed,77.0,baseline,1487d410-2e8d-4482-bb6f-7c69d5b5921a,,,76.02
2026-08-10 16:41:20.992952+00:00,detector,alerts_emitted,77.0,baseline,1487d410-2e8d-4482-bb6f-7c69d5b5921a,,,76.02
2026-08-10 16:41:20.992952+00:00,orchestrator,events_received,77.0,baseline,1487d410-2e8d-4482-bb6f-7c69d5b5921a,,,76.02
2026-08-10 16:41:20.993961+00:00,detector,throughput_eps,1.001398533163519,baseline,1487d410-2e8d-4482-bb6f-7c69d5b5921a,,,76.02
2026-08-10 16:41:20.993961+00:00,detector,queue_wait_ms,2.57958984375,baseline,1487d410-2e8d-4482-bb6f-7c69d5b5921a,,,76.02
2026-08-10 16:41:20.993961+00:00,detector,stage_latency_ms,19.666800000777585,baseline,1487d410-2e8d-4482-bb6f-7c69d5b5921a,,,76.02
2026-08-10 16:41:20.994958+00:00,detector,end_to_end_latency_ms,22.231201171875,baseline,1487d410-2e8d-4482-bb6f-7c69d5b5921a,,,76.02
2026-08-10 16:41:21.020055+00:00,orchestrator,events_processed,77.0,baseline,1487d410-2e8d-4482-bb6f-7c69d5b5921a,,,76.05
2026-08-10 16:41:21.020055+00:00,orchestrator,throughput_eps,1.0011068237042244,baseline,1487d410-2e8d-4482-bb6f-7c69d5b5921a,,,76.05
2026-08-10 16:41:21.021054+00:00,orchestrator,queue_wait_ms,2.65283203125,baseline,1487d410-2e8d-4482-bb6f-7c69d5b5921a,,,76.05
2026-08-10 16:41:21.021054+00:00,orchestrator,stage_latency_ms,26.91469999990659,baseline,1487d410-2e8d-4482-bb6f-7c69d5b5921a,,,76.05
2026-08-10 16:41:21.021054+00:00,orchestrator,end_to_end_latency_ms,49.333984375,baseline,1487d410-2e8d-4482-bb6f-7c69d5b5921a,,,76.05
2026-08-10 16:41:21.022056+00:00,orchestrator,xai_latency_ms,0.0017999991541728377,baseline,1487d410-2e8d-4482-bb6f-7c69d5b5921a,,deterministic,76.05
2026-08-10 16:41:21.972310+00:00,generator,events_sent,78.0,baseline,1487d410-2e8d-4482-bb6f-7c69d5b5921a,,,77.0
2026-08-10 16:41:21.973345+00:00,generator,throughput_eps,1.0012984036660295,baseline,1487d410-2e8d-4482-bb6f-7c69d5b5921a,,,77.0
2026-08-10 16:41:21.992315+00:00,detector,events_processed,78.0,baseline,1487d410-2e8d-4482-bb6f-7c69d5b5921a,,,77.02
2026-08-10 16:41:21.993315+00:00,detector,alerts_emitted,78.0,baseline,1487d410-2e8d-4482-bb6f-7c69d5b5921a,,,77.02
2026-08-10 16:41:21.993315+00:00,orchestrator,events_received,78.0,baseline,1487d410-2e8d-4482-bb6f-7c69d5b5921a,,,77.02
2026-08-10 16:41:21.993315+00:00,detector,throughput_eps,1.0017196721959842,baseline,1487d410-2e8d-4482-bb6f-7c69d5b5921a,,,77.02
2026-08-10 16:41:21.994393+00:00,detector,queue_wait_ms,2.8095703125,baseline,1487d410-2e8d-4482-bb6f-7c69d5b5921a,,,77.02
2026-08-10 16:41:21.994393+00:00,detector,stage_latency_ms,19.575299998905393,baseline,1487d410-2e8d-4482-bb6f-7c69d5b5921a,,,77.02
2026-08-10 16:41:21.994393+00:00,detector,end_to_end_latency_ms,21.779541015625,baseline,1487d410-2e8d-4482-bb6f-7c69d5b5921a,,,77.02
2026-08-10 16:41:22.018320+00:00,orchestrator,events_processed,78.0,baseline,1487d410-2e8d-4482-bb6f-7c69d5b5921a,,,77.05
2026-08-10 16:41:22.019322+00:00,orchestrator,throughput_eps,1.0017491140580972,baseline,1487d410-2e8d-4482-bb6f-7c69d5b5921a,,,77.05
2026-08-10 16:41:22.019322+00:00,orchestrator,queue_wait_ms,2.969970703125,baseline,1487d410-2e8d-4482-bb6f-7c69d5b5921a,,,77.05
2026-08-10 16:41:22.020321+00:00,orchestrator,xai_latency_ms,0.0017000002117129043,baseline,1487d410-2e8d-4482-bb6f-7c69d5b5921a,,deterministic,77.05
2026-08-10 16:41:22.020321+00:00,orchestrator,end_to_end_latency_ms,47.78466796875,baseline,1487d410-2e8d-4482-bb6f-7c69d5b5921a,,,77.05
2026-08-10 16:41:22.020321+00:00,orchestrator,stage_latency_ms,25.606999999581603,baseline,1487d410-2e8d-4482-bb6f-7c69d5b5921a,,,77.05
2026-08-10 16:41:22.975751+00:00,generator,events_sent,79.0,baseline,1487d410-2e8d-4482-bb6f-7c69d5b5921a,,,78.0
2026-08-10 16:41:22.976879+00:00,generator,throughput_eps,0.999158908031457,baseline,1487d410-2e8d-4482-bb6f-7c69d5b5921a,,,78.01
2026-08-10 16:41:22.999742+00:00,detector,events_processed,79.0,baseline,1487d410-2e8d-4482-bb6f-7c69d5b5921a,,,78.03
2026-08-10 16:41:22.999742+00:00,detector,alerts_emitted,79.0,baseline,1487d410-2e8d-4482-bb6f-7c69d5b5921a,,,78.03
2026-08-10 16:41:22.999742+00:00,orchestrator,events_received,79.0,baseline,1487d410-2e8d-4482-bb6f-7c69d5b5921a,,,78.03
2026-08-10 16:41:22.999742+00:00,detector,throughput_eps,0.9980652256082867,baseline,1487d410-2e8d-4482-bb6f-7c69d5b5921a,,,78.03
2026-08-10 16:41:23.000743+00:00,detector,queue_wait_ms,6.024169921875,baseline,1487d410-2e8d-4482-bb6f-7c69d5b5921a,,,78.03
2026-08-10 16:41:23.000743+00:00,detector,stage_latency_ms,23.13499999945634,baseline,1487d410-2e8d-4482-bb6f-7c69d5b5921a,,,78.03
2026-08-10 16:41:23.000743+00:00,detector,end_to_end_latency_ms,29.012451171875,baseline,1487d410-2e8d-4482-bb6f-7c69d5b5921a,,,78.03
2026-08-10 16:41:23.024804+00:00,orchestrator,events_processed,79.0,baseline,1487d410-2e8d-4482-bb6f-7c69d5b5921a,,,78.05
2026-08-10 16:41:23.024804+00:00,orchestrator,throughput_eps,1.0087714086260555,baseline,1487d410-2e8d-4482-bb6f-7c69d5b5921a,,,78.05
2026-08-10 16:41:23.024804+00:00,orchestrator,queue_wait_ms,2.998779296875,baseline,1487d410-2e8d-4482-bb6f-7c69d5b5921a,,,78.05
2026-08-10 16:41:23.025801+00:00,orchestrator,end_to_end_latency_ms,54.07470703125,baseline,1487d410-2e8d-4482-bb6f-7c69d5b5921a,,,78.05
2026-08-10 16:41:23.025801+00:00,orchestrator,stage_latency_ms,24.718599999687285,baseline,1487d410-2e8d-4482-bb6f-7c69d5b5921a,,,78.05
2026-08-10 16:41:23.026801+00:00,orchestrator,xai_latency_ms,0.0018999999156221747,baseline,1487d410-2e8d-4482-bb6f-7c69d5b5921a,,deterministic,78.06
2026-08-10 16:41:23.979642+00:00,generator,events_sent,80.0,baseline,1487d410-2e8d-4482-bb6f-7c69d5b5921a,,,79.01
2026-08-10 16:41:23.981642+00:00,generator,throughput_eps,0.9984654085905486,baseline,1487d410-2e8d-4482-bb6f-7c69d5b5921a,,,79.01
2026-08-10 16:41:24.014634+00:00,detector,events_processed,80.0,baseline,1487d410-2e8d-4482-bb6f-7c69d5b5921a,,,79.04
2026-08-10 16:41:24.014634+00:00,detector,alerts_emitted,80.0,baseline,1487d410-2e8d-4482-bb6f-7c69d5b5921a,,,79.04
2026-08-10 16:41:24.014634+00:00,orchestrator,events_received,80.0,baseline,1487d410-2e8d-4482-bb6f-7c69d5b5921a,,,79.04
2026-08-10 16:41:24.014634+00:00,detector,throughput_eps,0.9945873561491188,baseline,1487d410-2e8d-4482-bb6f-7c69d5b5921a,,,79.04
2026-08-10 16:41:24.015634+00:00,detector,queue_wait_ms,9.9443359375,baseline,1487d410-2e8d-4482-bb6f-7c69d5b5921a,,,79.04
2026-08-10 16:41:24.015634+00:00,detector,stage_latency_ms,33.23420000015176,baseline,1487d410-2e8d-4482-bb6f-7c69d5b5921a,,,79.04
2026-08-10 16:41:24.015634+00:00,detector,end_to_end_latency_ms,43.9345703125,baseline,1487d410-2e8d-4482-bb6f-7c69d5b5921a,,,79.04
2026-08-10 16:41:24.039915+00:00,orchestrator,events_processed,80.0,baseline,1487d410-2e8d-4482-bb6f-7c69d5b5921a,,,79.07
2026-08-10 16:41:24.039915+00:00,orchestrator,throughput_eps,0.9944086885460953,baseline,1487d410-2e8d-4482-bb6f-7c69d5b5921a,,,79.07
2026-08-10 16:41:24.040871+00:00,orchestrator,queue_wait_ms,2.969970703125,baseline,1487d410-2e8d-4482-bb6f-7c69d5b5921a,,,79.07
2026-08-10 16:41:24.041293+00:00,orchestrator,end_to_end_latency_ms,69.215576171875,baseline,1487d410-2e8d-4482-bb6f-7c69d5b5921a,,,79.07
2026-08-10 16:41:24.041293+00:00,orchestrator,stage_latency_ms,25.36089999921387,baseline,1487d410-2e8d-4482-bb6f-7c69d5b5921a,,,79.07
2026-08-10 16:41:24.042323+00:00,orchestrator,xai_latency_ms,0.0017999991541728377,baseline,1487d410-2e8d-4482-bb6f-7c69d5b5921a,,deterministic,79.07
2026-08-10 16:41:24.973180+00:00,generator,events_sent,81.0,baseline,1487d410-2e8d-4482-bb6f-7c69d5b5921a,,,80.0
2026-08-10 16:41:24.974205+00:00,generator,throughput_eps,1.0000262006865965,baseline,1487d410-2e8d-4482-bb6f-7c69d5b5921a,,,80.0
2026-08-10 16:41:24.994185+00:00,detector,events_processed,81.0,baseline,1487d410-2e8d-4482-bb6f-7c69d5b5921a,,,80.02
2026-08-10 16:41:24.994185+00:00,detector,alerts_emitted,81.0,baseline,1487d410-2e8d-4482-bb6f-7c69d5b5921a,,,80.02
2026-08-10 16:41:24.994185+00:00,orchestrator,events_received,81.0,baseline,1487d410-2e8d-4482-bb6f-7c69d5b5921a,,,80.02
2026-08-10 16:41:24.995254+00:00,detector,throughput_eps,0.9996485985263611,baseline,1487d410-2e8d-4482-bb6f-7c69d5b5921a,,,80.02
2026-08-10 16:41:24.996298+00:00,detector,queue_wait_ms,2.872314453125,baseline,1487d410-2e8d-4482-bb6f-7c69d5b5921a,,,80.03
2026-08-10 16:41:24.996298+00:00,detector,stage_latency_ms,20.303199999034405,baseline,1487d410-2e8d-4482-bb6f-7c69d5b5921a,,,80.03
2026-08-10 16:41:24.997260+00:00,detector,end_to_end_latency_ms,22.85302734375,baseline,1487d410-2e8d-4482-bb6f-7c69d5b5921a,,,80.03
2026-08-10 16:41:25.067875+00:00,orchestrator,events_processed,81.0,baseline,1487d410-2e8d-4482-bb6f-7c69d5b5921a,,,80.1
2026-08-10 16:41:25.068875+00:00,orchestrator,queue_wait_ms,2.968017578125,baseline,1487d410-2e8d-4482-bb6f-7c69d5b5921a,,,80.1
2026-08-10 16:41:25.068875+00:00,orchestrator,throughput_eps,0.9881387285512535,baseline,1487d410-2e8d-4482-bb6f-7c69d5b5921a,,,80.1
2026-08-10 16:41:25.069876+00:00,orchestrator,stage_latency_ms,73.64480000069307,baseline,1487d410-2e8d-4482-bb6f-7c69d5b5921a,,,80.1
2026-08-10 16:41:25.069876+00:00,orchestrator,end_to_end_latency_ms,96.542724609375,baseline,1487d410-2e8d-4482-bb6f-7c69d5b5921a,,,80.1
2026-08-10 16:41:25.070876+00:00,orchestrator,xai_latency_ms,0.002099999619531445,baseline,1487d410-2e8d-4482-bb6f-7c69d5b5921a,,deterministic,80.1
2026-08-10 16:41:25.972988+00:00,generator,events_sent,82.0,baseline,1487d410-2e8d-4482-bb6f-7c69d5b5921a,,,81.0
2026-08-10 16:41:25.973711+00:00,generator,throughput_eps,0.9999535271597351,baseline,1487d410-2e8d-4482-bb6f-7c69d5b5921a,,,81.0
2026-08-10 16:41:25.992607+00:00,detector,events_processed,82.0,baseline,1487d410-2e8d-4482-bb6f-7c69d5b5921a,,,81.02
2026-08-10 16:41:25.992607+00:00,detector,alerts_emitted,82.0,baseline,1487d410-2e8d-4482-bb6f-7c69d5b5921a,,,81.02
2026-08-10 16:41:25.992607+00:00,orchestrator,events_received,82.0,baseline,1487d410-2e8d-4482-bb6f-7c69d5b5921a,,,81.02
2026-08-10 16:41:25.993612+00:00,detector,throughput_eps,1.0000263206927216,baseline,1487d410-2e8d-4482-bb6f-7c69d5b5921a,,,81.02
2026-08-10 16:41:25.993612+00:00,detector,queue_wait_ms,2.117919921875,baseline,1487d410-2e8d-4482-bb6f-7c69d5b5921a,,,81.02
2026-08-10 16:41:25.993612+00:00,detector,stage_latency_ms,19.438699999227538,baseline,1487d410-2e8d-4482-bb6f-7c69d5b5921a,,,81.02
2026-08-10 16:41:25.994611+00:00,detector,end_to_end_latency_ms,21.736083984375,baseline,1487d410-2e8d-4482-bb6f-7c69d5b5921a,,,81.02
2026-08-10 16:41:26.018303+00:00,orchestrator,throughput_eps,1.0003316299419216,baseline,1487d410-2e8d-4482-bb6f-7c69d5b5921a,,,81.05
2026-08-10 16:41:26.018303+00:00,orchestrator,events_processed,82.0,baseline,1487d410-2e8d-4482-bb6f-7c69d5b5921a,,,81.05
2026-08-10 16:41:26.019314+00:00,orchestrator,queue_wait_ms,2.6474609375,baseline,1487d410-2e8d-4482-bb6f-7c69d5b5921a,,,81.05
2026-08-10 16:41:26.019314+00:00,orchestrator,stage_latency_ms,25.43609999884211,baseline,1487d410-2e8d-4482-bb6f-7c69d5b5921a,,,81.05
2026-08-10 16:41:26.020319+00:00,orchestrator,end_to_end_latency_ms,47.43212890625,baseline,1487d410-2e8d-4482-bb6f-7c69d5b5921a,,,81.05
2026-08-10 16:41:26.020319+00:00,orchestrator,xai_latency_ms,0.0018000009731622413,baseline,1487d410-2e8d-4482-bb6f-7c69d5b5921a,,deterministic,81.05
2026-08-10 16:41:26.972852+00:00,generator,events_sent,83.0,baseline,1487d410-2e8d-4482-bb6f-7c69d5b5921a,,,82.0
2026-08-10 16:41:26.972852+00:00,generator,throughput_eps,1.0000148402204505,baseline,1487d410-2e8d-4482-bb6f-7c69d5b5921a,,,82.0
2026-08-10 16:41:26.992451+00:00,detector,events_processed,83.0,baseline,1487d410-2e8d-4482-bb6f-7c69d5b5921a,,,82.02
2026-08-10 16:41:26.992451+00:00,detector,alerts_emitted,83.0,baseline,1487d410-2e8d-4482-bb6f-7c69d5b5921a,,,82.02
2026-08-10 16:41:26.993458+00:00,detector,throughput_eps,1.000055363064796,baseline,1487d410-2e8d-4482-bb6f-7c69d5b5921a,,,82.02
2026-08-10 16:41:26.993458+00:00,orchestrator,events_received,83.0,baseline,1487d410-2e8d-4482-bb6f-7c69d5b5921a,,,82.02
2026-08-10 16:41:26.993458+00:00,detector,queue_wait_ms,2.334228515625,baseline,1487d410-2e8d-4482-bb6f-7c69d5b5921a,,,82.02
2026-08-10 16:41:26.994457+00:00,detector,end_to_end_latency_ms,21.933349609375,baseline,1487d410-2e8d-4482-bb6f-7c69d5b5921a,,,82.02
2026-08-10 16:41:26.994457+00:00,detector,stage_latency_ms,19.362300001375843,baseline,1487d410-2e8d-4482-bb6f-7c69d5b5921a,,,82.02
2026-08-10 16:41:27.018530+00:00,orchestrator,events_processed,83.0,baseline,1487d410-2e8d-4482-bb6f-7c69d5b5921a,,,82.05
2026-08-10 16:41:27.018530+00:00,orchestrator,throughput_eps,1.0014744708633843,baseline,1487d410-2e8d-4482-bb6f-7c69d5b5921a,,,82.05
2026-08-10 16:41:27.019530+00:00,orchestrator,queue_wait_ms,3.56591796875,baseline,1487d410-2e8d-4482-bb6f-7c69d5b5921a,,,82.05
2026-08-10 16:41:27.020531+00:00,orchestrator,stage_latency_ms,25.734599999850616,baseline,1487d410-2e8d-4482-bb6f-7c69d5b5921a,,,82.05
2026-08-10 16:41:27.020531+00:00,orchestrator,end_to_end_latency_ms,48.01171875,baseline,1487d410-2e8d-4482-bb6f-7c69d5b5921a,,,82.05
2026-08-10 16:41:27.021531+00:00,orchestrator,xai_latency_ms,0.0024000000848900527,baseline,1487d410-2e8d-4482-bb6f-7c69d5b5921a,,deterministic,82.05
2026-08-10 16:41:27.972531+00:00,generator,events_sent,84.0,baseline,1487d410-2e8d-4482-bb6f-7c69d5b5921a,,,83.0
2026-08-10 16:41:27.972531+00:00,generator,throughput_eps,1.0007590557283745,baseline,1487d410-2e8d-4482-bb6f-7c69d5b5921a,,,83.0
2026-08-10 16:41:27.992532+00:00,detector,events_processed,84.0,baseline,1487d410-2e8d-4482-bb6f-7c69d5b5921a,,,83.02
2026-08-10 16:41:27.992532+00:00,detector,alerts_emitted,84.0,baseline,1487d410-2e8d-4482-bb6f-7c69d5b5921a,,,83.02
2026-08-10 16:41:27.992532+00:00,orchestrator,events_received,84.0,baseline,1487d410-2e8d-4482-bb6f-7c69d5b5921a,,,83.02
2026-08-10 16:41:27.993532+00:00,detector,throughput_eps,1.0013875827181022,baseline,1487d410-2e8d-4482-bb6f-7c69d5b5921a,,,83.02
2026-08-10 16:41:27.993532+00:00,detector,queue_wait_ms,1.99169921875,baseline,1487d410-2e8d-4482-bb6f-7c69d5b5921a,,,83.02
2026-08-10 16:41:27.994532+00:00,detector,end_to_end_latency_ms,21.9931640625,baseline,1487d410-2e8d-4482-bb6f-7c69d5b5921a,,,83.02
2026-08-10 16:41:27.994532+00:00,detector,stage_latency_ms,20.043800001076306,baseline,1487d410-2e8d-4482-bb6f-7c69d5b5921a,,,83.02
2026-08-10 16:41:28.018530+00:00,orchestrator,events_processed,84.0,baseline,1487d410-2e8d-4482-bb6f-7c69d5b5921a,,,83.05
2026-08-10 16:41:28.019531+00:00,orchestrator,throughput_eps,1.0011414814942265,baseline,1487d410-2e8d-4482-bb6f-7c69d5b5921a,,,83.05
2026-08-10 16:41:28.019531+00:00,orchestrator,queue_wait_ms,3.00146484375,baseline,1487d410-2e8d-4482-bb6f-7c69d5b5921a,,,83.05
2026-08-10 16:41:28.020546+00:00,orchestrator,stage_latency_ms,25.942399999621557,baseline,1487d410-2e8d-4482-bb6f-7c69d5b5921a,,,83.05
2026-08-10 16:41:28.020546+00:00,orchestrator,end_to_end_latency_ms,47.99072265625,baseline,1487d410-2e8d-4482-bb6f-7c69d5b5921a,,,83.05
2026-08-10 16:41:28.020546+00:00,orchestrator,xai_latency_ms,0.0021000014385208488,baseline,1487d410-2e8d-4482-bb6f-7c69d5b5921a,,deterministic,83.05
2026-08-10 16:41:28.979103+00:00,generator,events_sent,85.0,baseline,1487d410-2e8d-4482-bb6f-7c69d5b5921a,,,84.01
2026-08-10 16:41:28.981102+00:00,generator,throughput_eps,1.0001223549687777,baseline,1487d410-2e8d-4482-bb6f-7c69d5b5921a,,,84.01
2026-08-10 16:41:29.000902+00:00,detector,events_processed,85.0,baseline,1487d410-2e8d-4482-bb6f-7c69d5b5921a,,,84.03
2026-08-10 16:41:29.000902+00:00,detector,alerts_emitted,85.0,baseline,1487d410-2e8d-4482-bb6f-7c69d5b5921a,,,84.03
2026-08-10 16:41:29.000902+00:00,orchestrator,events_received,85.0,baseline,1487d410-2e8d-4482-bb6f-7c69d5b5921a,,,84.03
2026-08-10 16:41:29.001904+00:00,detector,stage_latency_ms,20.564300000842195,baseline,1487d410-2e8d-4482-bb6f-7c69d5b5921a,,,84.03
2026-08-10 16:41:29.001904+00:00,detector,throughput_eps,1.002695345357651,baseline,1487d410-2e8d-4482-bb6f-7c69d5b5921a,,,84.03
2026-08-10 16:41:29.001904+00:00,detector,queue_wait_ms,8.997314453125,baseline,1487d410-2e8d-4482-bb6f-7c69d5b5921a,,,84.03
2026-08-10 16:41:29.002916+00:00,detector,end_to_end_latency_ms,29.796875,baseline,1487d410-2e8d-4482-bb6f-7c69d5b5921a,,,84.03
2026-08-10 16:41:29.026333+00:00,orchestrator,events_processed,85.0,baseline,1487d410-2e8d-4482-bb6f-7c69d5b5921a,,,84.06
2026-08-10 16:41:29.026333+00:00,orchestrator,throughput_eps,1.0027330894179036,baseline,1487d410-2e8d-4482-bb6f-7c69d5b5921a,,,84.06
2026-08-10 16:41:29.027332+00:00,orchestrator,queue_wait_ms,2.773681640625,baseline,1487d410-2e8d-4482-bb6f-7c69d5b5921a,,,84.06
2026-08-10 16:41:29.027332+00:00,orchestrator,stage_latency_ms,25.17919999991136,baseline,1487d410-2e8d-4482-bb6f-7c69d5b5921a,,,84.06
2026-08-10 16:41:29.027332+00:00,orchestrator,end_to_end_latency_ms,55.22802734375,baseline,1487d410-2e8d-4482-bb6f-7c69d5b5921a,,,84.06
2026-08-10 16:41:29.028332+00:00,orchestrator,xai_latency_ms,0.0021999985619913787,baseline,1487d410-2e8d-4482-bb6f-7c69d5b5921a,,deterministic,84.06
2026-08-10 16:41:29.972833+00:00,generator,events_sent,86.0,baseline,1487d410-2e8d-4482-bb6f-7c69d5b5921a,,,85.0
2026-08-10 16:41:29.973834+00:00,generator,throughput_eps,1.0000563431744574,baseline,1487d410-2e8d-4482-bb6f-7c69d5b5921a,,,85.0
2026-08-10 16:41:29.992852+00:00,detector,events_processed,86.0,baseline,1487d410-2e8d-4482-bb6f-7c69d5b5921a,,,85.02
2026-08-10 16:41:29.993886+00:00,detector,throughput_eps,1.000209403840796,baseline,1487d410-2e8d-4482-bb6f-7c69d5b5921a,,,85.02
2026-08-10 16:41:29.993886+00:00,orchestrator,events_received,86.0,baseline,1487d410-2e8d-4482-bb6f-7c69d5b5921a,,,85.02
2026-08-10 16:41:29.993886+00:00,detector,alerts_emitted,86.0,baseline,1487d410-2e8d-4482-bb6f-7c69d5b5921a,,,85.02
2026-08-10 16:41:29.994871+00:00,detector,queue_wait_ms,2.992431640625,baseline,1487d410-2e8d-4482-bb6f-7c69d5b5921a,,,85.02
2026-08-10 16:41:29.995346+00:00,detector,stage_latency_ms,19.666899999720044,baseline,1487d410-2e8d-4482-bb6f-7c69d5b5921a,,,85.02
2026-08-10 16:41:29.995346+00:00,detector,end_to_end_latency_ms,22.010986328125,baseline,1487d410-2e8d-4482-bb6f-7c69d5b5921a,,,85.02
2026-08-10 16:41:30.068659+00:00,orchestrator,events_processed,86.0,baseline,1487d410-2e8d-4482-bb6f-7c69d5b5921a,,,85.1
2026-08-10 16:41:30.068659+00:00,orchestrator,throughput_eps,0.9876489072086669,baseline,1487d410-2e8d-4482-bb6f-7c69d5b5921a,,,85.1
2026-08-10 16:41:30.069629+00:00,orchestrator,queue_wait_ms,3.03466796875,baseline,1487d410-2e8d-4482-bb6f-7c69d5b5921a,,,85.1
2026-08-10 16:41:30.069629+00:00,orchestrator,stage_latency_ms,74.68650000009802,baseline,1487d410-2e8d-4482-bb6f-7c69d5b5921a,,,85.1
2026-08-10 16:41:30.069629+00:00,orchestrator,end_to_end_latency_ms,97.817626953125,baseline,1487d410-2e8d-4482-bb6f-7c69d5b5921a,,,85.1
2026-08-10 16:41:30.071086+00:00,orchestrator,xai_latency_ms,0.0021000014385208488,baseline,1487d410-2e8d-4482-bb6f-7c69d5b5921a,,deterministic,85.1
2026-08-10 16:41:30.972704+00:00,generator,events_sent,87.0,baseline,1487d410-2e8d-4482-bb6f-7c69d5b5921a,,,86.0
2026-08-10 16:41:30.973758+00:00,generator,throughput_eps,0.9999278052120321,baseline,1487d410-2e8d-4482-bb6f-7c69d5b5921a,,,86.0
2026-08-10 16:41:30.993207+00:00,detector,throughput_eps,0.9998840384486694,baseline,1487d410-2e8d-4482-bb6f-7c69d5b5921a,,,86.02
2026-08-10 16:41:30.993207+00:00,detector,alerts_emitted,87.0,baseline,1487d410-2e8d-4482-bb6f-7c69d5b5921a,,,86.02
2026-08-10 16:41:30.993207+00:00,detector,events_processed,87.0,baseline,1487d410-2e8d-4482-bb6f-7c69d5b5921a,,,86.02
2026-08-10 16:41:30.994217+00:00,detector,queue_wait_ms,2.997314453125,baseline,1487d410-2e8d-4482-bb6f-7c69d5b5921a,,,86.02
2026-08-10 16:41:30.995222+00:00,detector,stage_latency_ms,19.62160000039148,baseline,1487d410-2e8d-4482-bb6f-7c69d5b5921a,,,86.02
2026-08-10 16:41:30.995222+00:00,detector,end_to_end_latency_ms,22.5009765625,baseline,1487d410-2e8d-4482-bb6f-7c69d5b5921a,,,86.02
2026-08-10 16:41:31.019117+00:00,orchestrator,events_processed,87.0,baseline,1487d410-2e8d-4482-bb6f-7c69d5b5921a,,,86.05
2026-08-10 16:41:31.019117+00:00,orchestrator,throughput_eps,0.9998976104848539,baseline,1487d410-2e8d-4482-bb6f-7c69d5b5921a,,,86.05
2026-08-10 16:41:31.020430+00:00,orchestrator,queue_wait_ms,3.50439453125,baseline,1487d410-2e8d-4482-bb6f-7c69d5b5921a,,,86.05
2026-08-10 16:41:31.020430+00:00,orchestrator,stage_latency_ms,25.70899999955145,baseline,1487d410-2e8d-4482-bb6f-7c69d5b5921a,,,86.05
2026-08-10 16:41:31.020430+00:00,orchestrator,end_to_end_latency_ms,48.41064453125,baseline,1487d410-2e8d-4482-bb6f-7c69d5b5921a,,,86.05
2026-08-10 16:41:31.020430+00:00,orchestrator,xai_latency_ms,0.001999998858082108,baseline,1487d410-2e8d-4482-bb6f-7c69d5b5921a,,deterministic,86.05
2026-08-10 16:41:31.973124+00:00,generator,events_sent,88.0,baseline,1487d410-2e8d-4482-bb6f-7c69d5b5921a,,,87.0
2026-08-10 16:41:31.973124+00:00,generator,throughput_eps,0.9997117081363116,baseline,1487d410-2e8d-4482-bb6f-7c69d5b5921a,,,87.0
2026-08-10 16:41:31.992065+00:00,detector,events_processed,88.0,baseline,1487d410-2e8d-4482-bb6f-7c69d5b5921a,,,87.02
2026-08-10 16:41:31.993129+00:00,detector,throughput_eps,1.0000181003276498,baseline,1487d410-2e8d-4482-bb6f-7c69d5b5921a,,,87.02
2026-08-10 16:41:31.993129+00:00,orchestrator,events_received,88.0,baseline,1487d410-2e8d-4482-bb6f-7c69d5b5921a,,,87.02
2026-08-10 16:41:31.993129+00:00,detector,alerts_emitted,88.0,baseline,1487d410-2e8d-4482-bb6f-7c69d5b5921a,,,87.02
2026-08-10 16:41:31.994113+00:00,detector,queue_wait_ms,2.000732421875,baseline,1487d410-2e8d-4482-bb6f-7c69d5b5921a,,,87.02
2026-08-10 16:41:31.994113+00:00,detector,stage_latency_ms,18.83780000025581,baseline,1487d410-2e8d-4482-bb6f-7c69d5b5921a,,,87.02
2026-08-10 16:41:31.995099+00:00,detector,end_to_end_latency_ms,20.941650390625,baseline,1487d410-2e8d-4482-bb6f-7c69d5b5921a,,,87.02
2026-08-10 16:41:32.017581+00:00,orchestrator,events_processed,88.0,baseline,1487d410-2e8d-4482-bb6f-7c69d5b5921a,,,87.05
2026-08-10 16:41:32.017581+00:00,orchestrator,throughput_eps,1.0002058423625435,baseline,1487d410-2e8d-4482-bb6f-7c69d5b5921a,,,87.05
2026-08-10 16:41:32.018586+00:00,orchestrator,queue_wait_ms,3.9736328125,baseline,1487d410-2e8d-4482-bb6f-7c69d5b5921a,,,87.05
2026-08-10 16:41:32.018876+00:00,orchestrator,stage_latency_ms,24.61589999984426,baseline,1487d410-2e8d-4482-bb6f-7c69d5b5921a,,,87.05
2026-08-10 16:41:32.018876+00:00,orchestrator,end_to_end_latency_ms,46.45751953125,baseline,1487d410-2e8d-4482-bb6f-7c69d5b5921a,,,87.05
2026-08-10 16:41:32.019898+00:00,orchestrator,xai_latency_ms,0.0017000002117129043,baseline,1487d410-2e8d-4482-bb6f-7c69d5b5921a,,deterministic,87.05
2026-08-10 16:41:32.972994+00:00,generator,events_sent,89.0,baseline,1487d410-2e8d-4482-bb6f-7c69d5b5921a,,,88.0
2026-08-10 16:41:32.973996+00:00,generator,throughput_eps,1.001411238788314,baseline,1487d410-2e8d-4482-bb6f-7c69d5b5921a,,,88.0
2026-08-10 16:41:32.994994+00:00,detector,queue_wait_ms,1.99951171875,baseline,1487d410-2e8d-4482-bb6f-7c69d5b5921a,,,88.02
2026-08-10 16:41:32.994994+00:00,orchestrator,events_received,89.0,baseline,1487d410-2e8d-4482-bb6f-7c69d5b5921a,,,88.02
2026-08-10 16:41:32.994994+00:00,detector,events_processed,89.0,baseline,1487d410-2e8d-4482-bb6f-7c69d5b5921a,,,88.02
2026-08-10 16:41:32.994994+00:00,detector,alerts_emitted,89.0,baseline,1487d410-2e8d-4482-bb6f-7c69d5b5921a,,,88.02
2026-08-10 16:41:32.994994+00:00,detector,throughput_eps,1.001544406513617,baseline,1487d410-2e8d-4482-bb6f-7c69d5b5921a,,,88.02
2026-08-10 16:41:32.995994+00:00,detector,stage_latency_ms,21.080099999380764,baseline,1487d410-2e8d-4482-bb6f-7c69d5b5921a,,,88.03
2026-08-10 16:41:32.995994+00:00,detector,end_to_end_latency_ms,23.998779296875,baseline,1487d410-2e8d-4482-bb6f-7c69d5b5921a,,,88.03
2026-08-10 16:41:33.020402+00:00,orchestrator,events_processed,89.0,baseline,1487d410-2e8d-4482-bb6f-7c69d5b5921a,,,88.05
2026-08-10 16:41:33.020402+00:00,orchestrator,throughput_eps,1.0015768826442442,baseline,1487d410-2e8d-4482-bb6f-7c69d5b5921a,,,88.05
2026-08-10 16:41:33.020402+00:00,orchestrator,queue_wait_ms,2.998779296875,baseline,1487d410-2e8d-4482-bb6f-7c69d5b5921a,,,88.05
2026-08-10 16:41:33.021402+00:00,orchestrator,stage_latency_ms,24.837299999489915,baseline,1487d410-2e8d-4482-bb6f-7c69d5b5921a,,,88.05
2026-08-10 16:41:33.021402+00:00,orchestrator,end_to_end_latency_ms,49.4072265625,baseline,1487d410-2e8d-4482-bb6f-7c69d5b5921a,,,88.05
2026-08-10 16:41:33.021402+00:00,orchestrator,xai_latency_ms,0.002200000380980782,baseline,1487d410-2e8d-4482-bb6f-7c69d5b5921a,,deterministic,88.05
2026-08-10 16:41:33.972464+00:00,generator,events_sent,90.0,baseline,1487d410-2e8d-4482-bb6f-7c69d5b5921a,,,89.0
2026-08-10 16:41:33.972464+00:00,generator,throughput_eps,1.0013248729657882,baseline,1487d410-2e8d-4482-bb6f-7c69d5b5921a,,,89.0
2026-08-10 16:41:33.991675+00:00,detector,events_processed,90.0,baseline,1487d410-2e8d-4482-bb6f-7c69d5b5921a,,,89.02
2026-08-10 16:41:33.992680+00:00,detector,alerts_emitted,90.0,baseline,1487d410-2e8d-4482-bb6f-7c69d5b5921a,,,89.02
2026-08-10 16:41:33.992680+00:00,orchestrator,events_received,90.0,baseline,1487d410-2e8d-4482-bb6f-7c69d5b5921a,,,89.02
2026-08-10 16:41:33.992680+00:00,detector,throughput_eps,1.0017409656939391,baseline,1487d410-2e8d-4482-bb6f-7c69d5b5921a,,,89.02
2026-08-10 16:41:33.993679+00:00,detector,queue_wait_ms,2.00390625,baseline,1487d410-2e8d-4482-bb6f-7c69d5b5921a,,,89.02
2026-08-10 16:41:33.993679+00:00,detector,stage_latency_ms,19.23990000068443,baseline,1487d410-2e8d-4482-bb6f-7c69d5b5921a,,,89.02
2026-08-10 16:41:33.993679+00:00,detector,end_to_end_latency_ms,21.21484375,baseline,1487d410-2e8d-4482-bb6f-7c69d5b5921a,,,89.02
2026-08-10 16:41:34.017577+00:00,orchestrator,events_processed,90.0,baseline,1487d410-2e8d-4482-bb6f-7c69d5b5921a,,,89.05
2026-08-10 16:41:34.017577+00:00,orchestrator,throughput_eps,1.0017602129054848,baseline,1487d410-2e8d-4482-bb6f-7c69d5b5921a,,,89.05
2026-08-10 16:41:34.018605+00:00,orchestrator,queue_wait_ms,3.18505859375,baseline,1487d410-2e8d-4482-bb6f-7c69d5b5921a,,,89.05
2026-08-10 16:41:34.018605+00:00,orchestrator,stage_latency_ms,25.086900001042522,baseline,1487d410-2e8d-4482-bb6f-7c69d5b5921a,,,89.05
2026-08-10 16:41:34.019580+00:00,orchestrator,end_to_end_latency_ms,47.116455078125,baseline,1487d410-2e8d-4482-bb6f-7c69d5b5921a,,,89.05
2026-08-10 16:41:34.019580+00:00,orchestrator,xai_latency_ms,0.01739999970595818,baseline,1487d410-2e8d-4482-bb6f-7c69d5b5921a,,deterministic,89.05
2026-08-10 16:41:34.972717+00:00,generator,throughput_eps,1.000067444548299,baseline,1487d410-2e8d-4482-bb6f-7c69d5b5921a,,,90.0
2026-08-10 16:41:34.972717+00:00,generator,events_sent,91.0,baseline,1487d410-2e8d-4482-bb6f-7c69d5b5921a,,,90.0
2026-08-10 16:41:34.992717+00:00,detector,events_processed,91.0,baseline,1487d410-2e8d-4482-bb6f-7c69d5b5921a,,,90.02
2026-08-10 16:41:34.992717+00:00,orchestrator,events_received,91.0,baseline,1487d410-2e8d-4482-bb6f-7c69d5b5921a,,,90.02
2026-08-10 16:41:34.992717+00:00,detector,alerts_emitted,91.0,baseline,1487d410-2e8d-4482-bb6f-7c69d5b5921a,,,90.02
2026-08-10 16:41:34.992717+00:00,detector,throughput_eps,1.0001354783519898,baseline,1487d410-2e8d-4482-bb6f-7c69d5b5921a,,,90.02
2026-08-10 16:41:34.993718+00:00,detector,queue_wait_ms,1.9912109375,baseline,1487d410-2e8d-4482-bb6f-7c69d5b5921a,,,90.02
2026-08-10 16:41:34.993718+00:00,detector,stage_latency_ms,19.284699999843724,baseline,1487d410-2e8d-4482-bb6f-7c69d5b5921a,,,90.02
2026-08-10 16:41:34.993718+00:00,detector,end_to_end_latency_ms,21.990966796875,baseline,1487d410-2e8d-4482-bb6f-7c69d5b5921a,,,90.02
2026-08-10 16:41:35.017718+00:00,orchestrator,events_processed,91.0,baseline,1487d410-2e8d-4482-bb6f-7c69d5b5921a,,,90.05
2026-08-10 16:41:35.017718+00:00,orchestrator,throughput_eps,1.010313298355725,baseline,1487d410-2e8d-4482-bb6f-7c69d5b5921a,,,90.05
2026-08-10 16:41:35.017718+00:00,orchestrator,queue_wait_ms,2.999755859375,baseline,1487d410-2e8d-4482-bb6f-7c69d5b5921a,,,90.05
2026-08-10 16:41:35.018718+00:00,orchestrator,end_to_end_latency_ms,46.9921875,baseline,1487d410-2e8d-4482-bb6f-7c69d5b5921a,,,90.05
2026-08-10 16:41:35.018718+00:00,orchestrator,xai_latency_ms,0.001999998858082108,baseline,1487d410-2e8d-4482-bb6f-7c69d5b5921a,,deterministic,90.05
2026-08-10 16:41:35.018718+00:00,orchestrator,stage_latency_ms,24.894400001358008,baseline,1487d410-2e8d-4482-bb6f-7c69d5b5921a,,,90.05
2026-08-10 16:41:35.973379+00:00,generator,events_sent,92.0,baseline,1487d410-2e8d-4482-bb6f-7c69d5b5921a,,,91.0
2026-08-10 16:41:35.973379+00:00,generator,throughput_eps,0.9999855752078327,baseline,1487d410-2e8d-4482-bb6f-7c69d5b5921a,,,91.0
2026-08-10 16:41:35.992926+00:00,detector,events_processed,92.0,baseline,1487d410-2e8d-4482-bb6f-7c69d5b5921a,,,91.02
2026-08-10 16:41:35.992926+00:00,detector,alerts_emitted,92.0,baseline,1487d410-2e8d-4482-bb6f-7c69d5b5921a,,,91.02
2026-08-10 16:41:35.992926+00:00,orchestrator,events_received,92.0,baseline,1487d410-2e8d-4482-bb6f-7c69d5b5921a,,,91.02
2026-08-10 16:41:35.992926+00:00,detector,throughput_eps,1.0000376814197134,baseline,1487d410-2e8d-4482-bb6f-7c69d5b5921a,,,91.02
2026-08-10 16:41:35.993927+00:00,detector,queue_wait_ms,2.0,baseline,1487d410-2e8d-4482-bb6f-7c69d5b5921a,,,91.02
2026-08-10 16:41:35.993927+00:00,detector,stage_latency_ms,18.94460000039544,baseline,1487d410-2e8d-4482-bb6f-7c69d5b5921a,,,91.02
2026-08-10 16:41:35.993927+00:00,detector,end_to_end_latency_ms,21.54638671875,baseline,1487d410-2e8d-4482-bb6f-7c69d5b5921a,,,91.02
2026-08-10 16:41:36.017919+00:00,orchestrator,events_processed,92.0,baseline,1487d410-2e8d-4482-bb6f-7c69d5b5921a,,,91.05
2026-08-10 16:41:36.017919+00:00,orchestrator,throughput_eps,1.0002047018941618,baseline,1487d410-2e8d-4482-bb6f-7c69d5b5921a,,,91.05
2026-08-10 16:41:36.018943+00:00,orchestrator,stage_latency_ms,24.84350000122504,baseline,1487d410-2e8d-4482-bb6f-7c69d5b5921a,,,91.05
2026-08-10 16:41:36.018943+00:00,orchestrator,queue_wait_ms,2.5458984375,baseline,1487d410-2e8d-4482-bb6f-7c69d5b5921a,,,91.05
2026-08-10 16:41:36.019919+00:00,orchestrator,xai_latency_ms,0.0018999999156221747,baseline,1487d410-2e8d-4482-bb6f-7c69d5b5921a,,deterministic,91.05
2026-08-10 16:41:36.019919+00:00,orchestrator,end_to_end_latency_ms,46.539794921875,baseline,1487d410-2e8d-4482-bb6f-7c69d5b5921a,,,91.05
2026-08-10 16:41:36.973323+00:00,generator,events_sent,93.0,baseline,1487d410-2e8d-4482-bb6f-7c69d5b5921a,,,92.0
2026-08-10 16:41:36.973323+00:00,generator,throughput_eps,1.000030800948546,baseline,1487d410-2e8d-4482-bb6f-7c69d5b5921a,,,92.0
2026-08-10 16:41:36.992323+00:00,detector,events_processed,93.0,baseline,1487d410-2e8d-4482-bb6f-7c69d5b5921a,,,92.02
2026-08-10 16:41:36.992323+00:00,detector,alerts_emitted,93.0,baseline,1487d410-2e8d-4482-bb6f-7c69d5b5921a,,,92.02
2026-08-10 16:41:36.992323+00:00,orchestrator,events_received,93.0,baseline,1487d410-2e8d-4482-bb6f-7c69d5b5921a,,,92.02
2026-08-10 16:41:36.993324+00:00,detector,throughput_eps,1.0000459621124071,baseline,1487d410-2e8d-4482-bb6f-7c69d5b5921a,,,92.02
2026-08-10 16:41:36.993324+00:00,detector,queue_wait_ms,2.001708984375,baseline,1487d410-2e8d-4482-bb6f-7c69d5b5921a,,,92.02
2026-08-10 16:41:36.993324+00:00,detector,stage_latency_ms,18.638600000485894,baseline,1487d410-2e8d-4482-bb6f-7c69d5b5921a,,,92.02
2026-08-10 16:41:36.994324+00:00,detector,end_to_end_latency_ms,21.00146484375,baseline,1487d410-2e8d-4482-bb6f-7c69d5b5921a,,,92.02
2026-08-10 16:41:37.017321+00:00,orchestrator,events_processed,93.0,baseline,1487d410-2e8d-4482-bb6f-7c69d5b5921a,,,92.05
2026-08-10 16:41:37.017321+00:00,orchestrator,throughput_eps,1.0000110601221401,baseline,1487d410-2e8d-4482-bb6f-7c69d5b5921a,,,92.05
2026-08-10 16:41:37.018325+00:00,orchestrator,stage_latency_ms,24.98319999904197,baseline,1487d410-2e8d-4482-bb6f-7c69d5b5921a,,,92.05
2026-08-10 16:41:37.018325+00:00,orchestrator,queue_wait_ms,3.00048828125,baseline,1487d410-2e8d-4482-bb6f-7c69d5b5921a,,,92.05
2026-08-10 16:41:37.019323+00:00,orchestrator,end_to_end_latency_ms,45.999755859375,baseline,1487d410-2e8d-4482-bb6f-7c69d5b5921a,,,92.05
2026-08-10 16:41:37.019323+00:00,orchestrator,xai_latency_ms,0.0017999991541728377,baseline,1487d410-2e8d-4482-bb6f-7c69d5b5921a,,deterministic,92.05
2026-08-10 16:41:37.979256+00:00,generator,events_sent,94.0,baseline,1487d410-2e8d-4482-bb6f-7c69d5b5921a,,,93.01
2026-08-10 16:41:37.980259+00:00,generator,throughput_eps,0.9982059992232546,baseline,1487d410-2e8d-4482-bb6f-7c69d5b5921a,,,93.01
2026-08-10 16:41:37.999259+00:00,detector,events_processed,94.0,baseline,1487d410-2e8d-4482-bb6f-7c69d5b5921a,,,93.03
2026-08-10 16:41:37.999259+00:00,detector,alerts_emitted,94.0,baseline,1487d410-2e8d-4482-bb6f-7c69d5b5921a,,,93.03
2026-08-10 16:41:37.999259+00:00,orchestrator,events_received,94.0,baseline,1487d410-2e8d-4482-bb6f-7c69d5b5921a,,,93.03
2026-08-10 16:41:38.000264+00:00,detector,throughput_eps,0.9981869680550841,baseline,1487d410-2e8d-4482-bb6f-7c69d5b5921a,,,93.03
2026-08-10 16:41:38.000800+00:00,detector,queue_wait_ms,9.82080078125,baseline,1487d410-2e8d-4482-bb6f-7c69d5b5921a,,,93.03
2026-08-10 16:41:38.000800+00:00,detector,stage_latency_ms,18.906899998910376,baseline,1487d410-2e8d-4482-bb6f-7c69d5b5921a,,,93.03
2026-08-10 16:41:38.001806+00:00,detector,end_to_end_latency_ms,28.820556640625,baseline,1487d410-2e8d-4482-bb6f-7c69d5b5921a,,,93.03
2026-08-10 16:41:38.032868+00:00,orchestrator,events_processed,94.0,baseline,1487d410-2e8d-4482-bb6f-7c69d5b5921a,,,93.06
2026-08-10 16:41:38.033917+00:00,orchestrator,stage_latency_ms,33.62410000045202,baseline,1487d410-2e8d-4482-bb6f-7c69d5b5921a,,,93.06
2026-08-10 16:41:38.033917+00:00,orchestrator,throughput_eps,0.9961228656790603,baseline,1487d410-2e8d-4482-bb6f-7c69d5b5921a,,,93.06
2026-08-10 16:41:38.033917+00:00,orchestrator,queue_wait_ms,1.940185546875,baseline,1487d410-2e8d-4482-bb6f-7c69d5b5921a,,,93.06
2026-08-10 16:41:38.034874+00:00,orchestrator,end_to_end_latency_ms,62.429443359375,baseline,1487d410-2e8d-4482-bb6f-7c69d5b5921a,,,93.06
2026-08-10 16:41:38.034874+00:00,orchestrator,xai_latency_ms,0.0070000005507608876,baseline,1487d410-2e8d-4482-bb6f-7c69d5b5921a,,deterministic,93.06
2026-08-10 16:41:38.973806+00:00,generator,events_sent,95.0,baseline,1487d410-2e8d-4482-bb6f-7c69d5b5921a,,,94.0
2026-08-10 16:41:38.974253+00:00,generator,throughput_eps,0.9998289542618514,baseline,1487d410-2e8d-4482-bb6f-7c69d5b5921a,,,94.0
2026-08-10 16:41:38.993546+00:00,detector,events_processed,95.0,baseline,1487d410-2e8d-4482-bb6f-7c69d5b5921a,,,94.02
2026-08-10 16:41:38.993546+00:00,detector,alerts_emitted,95.0,baseline,1487d410-2e8d-4482-bb6f-7c69d5b5921a,,,94.02
2026-08-10 16:41:38.993546+00:00,orchestrator,events_received,95.0,baseline,1487d410-2e8d-4482-bb6f-7c69d5b5921a,,,94.02
2026-08-10 16:41:38.993546+00:00,detector,throughput_eps,0.9997231016940021,baseline,1487d410-2e8d-4482-bb6f-7c69d5b5921a,,,94.02
2026-08-10 16:41:38.994553+00:00,detector,queue_wait_ms,3.0185546875,baseline,1487d410-2e8d-4482-bb6f-7c69d5b5921a,,,94.02
2026-08-10 16:41:38.994553+00:00,detector,stage_latency_ms,19.73820000057458,baseline,1487d410-2e8d-4482-bb6f-7c69d5b5921a,,,94.02
2026-08-10 16:41:38.995551+00:00,detector,end_to_end_latency_ms,22.7578125,baseline,1487d410-2e8d-4482-bb6f-7c69d5b5921a,,,94.02
2026-08-10 16:41:39.019443+00:00,orchestrator,events_processed,95.0,baseline,1487d410-2e8d-4482-bb6f-7c69d5b5921a,,,94.05
2026-08-10 16:41:39.020443+00:00,orchestrator,throughput_eps,0.9993941922254979,baseline,1487d410-2e8d-4482-bb6f-7c69d5b5921a,,,94.05
2026-08-10 16:41:39.020443+00:00,orchestrator,queue_wait_ms,2.757568359375,baseline,1487d410-2e8d-4482-bb6f-7c69d5b5921a,,,94.05
2026-08-10 16:41:39.020443+00:00,orchestrator,stage_latency_ms,26.001300000643823,baseline,1487d410-2e8d-4482-bb6f-7c69d5b5921a,,,94.05
2026-08-10 16:41:39.021444+00:00,orchestrator,end_to_end_latency_ms,48.6552734375,baseline,1487d410-2e8d-4482-bb6f-7c69d5b5921a,,,94.05
2026-08-10 16:41:39.021444+00:00,orchestrator,xai_latency_ms,0.001999998858082108,baseline,1487d410-2e8d-4482-bb6f-7c69d5b5921a,,deterministic,94.05
2026-08-10 16:41:39.973306+00:00,generator,events_sent,96.0,baseline,1487d410-2e8d-4482-bb6f-7c69d5b5921a,,,95.0
2026-08-10 16:41:39.973306+00:00,generator,throughput_eps,1.0000175503079465,baseline,1487d410-2e8d-4482-bb6f-7c69d5b5921a,,,95.0
2026-08-10 16:41:39.992304+00:00,detector,events_processed,96.0,baseline,1487d410-2e8d-4482-bb6f-7c69d5b5921a,,,95.02
2026-08-10 16:41:39.993305+00:00,orchestrator,events_received,96.0,baseline,1487d410-2e8d-4482-bb6f-7c69d5b5921a,,,95.02
2026-08-10 16:41:39.993305+00:00,detector,alerts_emitted,96.0,baseline,1487d410-2e8d-4482-bb6f-7c69d5b5921a,,,95.02
2026-08-10 16:41:39.993305+00:00,detector,throughput_eps,1.000003975016055,baseline,1487d410-2e8d-4482-bb6f-7c69d5b5921a,,,95.02
2026-08-10 16:41:39.994305+00:00,detector,queue_wait_ms,2.001708984375,baseline,1487d410-2e8d-4482-bb6f-7c69d5b5921a,,,95.02
2026-08-10 16:41:39.994305+00:00,detector,stage_latency_ms,19.060200000240002,baseline,1487d410-2e8d-4482-bb6f-7c69d5b5921a,,,95.02
2026-08-10 16:41:39.995305+00:00,detector,end_to_end_latency_ms,21.000244140625,baseline,1487d410-2e8d-4482-bb6f-7c69d5b5921a,,,95.02
2026-08-10 16:41:40.017304+00:00,orchestrator,events_processed,96.0,baseline,1487d410-2e8d-4482-bb6f-7c69d5b5921a,,,95.05
2026-08-10 16:41:40.018303+00:00,orchestrator,throughput_eps,1.0000725802676167,baseline,1487d410-2e8d-4482-bb6f-7c69d5b5921a,,,95.05
2026-08-10 16:41:40.018303+00:00,orchestrator,queue_wait_ms,3.001220703125,baseline,1487d410-2e8d-4482-bb6f-7c69d5b5921a,,,95.05
2026-08-10 16:41:40.018303+00:00,orchestrator,stage_latency_ms,24.754300000495277,baseline,1487d410-2e8d-4482-bb6f-7c69d5b5921a,,,95.05
2026-08-10 16:41:40.019305+00:00,orchestrator,end_to_end_latency_ms,45.999755859375,baseline,1487d410-2e8d-4482-bb6f-7c69d5b5921a,,,95.05
2026-08-10 16:41:40.019305+00:00,orchestrator,xai_latency_ms,0.002099999619531445,baseline,1487d410-2e8d-4482-bb6f-7c69d5b5921a,,deterministic,95.05
2026-08-10 16:41:40.972513+00:00,generator,events_sent,97.0,baseline,1487d410-2e8d-4482-bb6f-7c69d5b5921a,,,96.0
2026-08-10 16:41:40.973237+00:00,generator,throughput_eps,1.0001596654891276,baseline,1487d410-2e8d-4482-bb6f-7c69d5b5921a,,,96.0
2026-08-10 16:41:40.991594+00:00,detector,events_processed,97.0,baseline,1487d410-2e8d-4482-bb6f-7c69d5b5921a,,,96.02
2026-08-10 16:41:40.992512+00:00,detector,stage_latency_ms,19.04389999981504,baseline,1487d410-2e8d-4482-bb6f-7c69d5b5921a,,,96.02
2026-08-10 16:41:40.992512+00:00,detector,queue_wait_ms,1.964599609375,baseline,1487d410-2e8d-4482-bb6f-7c69d5b5921a,,,96.02
2026-08-10 16:41:40.992512+00:00,orchestrator,events_received,97.0,baseline,1487d410-2e8d-4482-bb6f-7c69d5b5921a,,,96.02
2026-08-10 16:41:40.992512+00:00,detector,throughput_eps,1.0001702089661484,baseline,1487d410-2e8d-4482-bb6f-7c69d5b5921a,,,96.02
2026-08-10 16:41:40.992512+00:00,detector,alerts_emitted,97.0,baseline,1487d410-2e8d-4482-bb6f-7c69d5b5921a,,,96.02
2026-08-10 16:41:40.993513+00:00,detector,end_to_end_latency_ms,21.046142578125,baseline,1487d410-2e8d-4482-bb6f-7c69d5b5921a,,,96.02
2026-08-10 16:41:41.018019+00:00,orchestrator,events_processed,97.0,baseline,1487d410-2e8d-4482-bb6f-7c69d5b5921a,,,96.05
2026-08-10 16:41:41.018019+00:00,orchestrator,throughput_eps,1.0000267207140738,baseline,1487d410-2e8d-4482-bb6f-7c69d5b5921a,,,96.05
2026-08-10 16:41:41.018019+00:00,orchestrator,queue_wait_ms,2.9697265625,baseline,1487d410-2e8d-4482-bb6f-7c69d5b5921a,,,96.05
2026-08-10 16:41:41.019019+00:00,orchestrator,stage_latency_ms,25.526100000206497,baseline,1487d410-2e8d-4482-bb6f-7c69d5b5921a,,,96.05
2026-08-10 16:41:41.019019+00:00,orchestrator,end_to_end_latency_ms,47.47119140625,baseline,1487d410-2e8d-4482-bb6f-7c69d5b5921a,,,96.05
2026-08-10 16:41:41.019019+00:00,orchestrator,xai_latency_ms,0.0022999993234407157,baseline,1487d410-2e8d-4482-bb6f-7c69d5b5921a,,deterministic,96.05
2026-08-10 16:41:41.972740+00:00,generator,events_sent,98.0,baseline,1487d410-2e8d-4482-bb6f-7c69d5b5921a,,,97.0
2026-08-10 16:41:41.972740+00:00,generator,throughput_eps,1.000097309468409,baseline,1487d410-2e8d-4482-bb6f-7c69d5b5921a,,,97.0
2026-08-10 16:41:41.992738+00:00,detector,alerts_emitted,98.0,baseline,1487d410-2e8d-4482-bb6f-7c69d5b5921a,,,97.02
2026-08-10 16:41:41.992738+00:00,detector,throughput_eps,1.0017539710282624,baseline,1487d410-2e8d-4482-bb6f-7c69d5b5921a,,,97.02
2026-08-10 16:41:41.992738+00:00,detector,events_processed,98.0,baseline,1487d410-2e8d-4482-bb6f-7c69d5b5921a,,,97.02
2026-08-10 16:41:41.992738+00:00,detector,queue_wait_ms,2.000732421875,baseline,1487d410-2e8d-4482-bb6f-7c69d5b5921a,,,97.02
2026-08-10 16:41:41.993738+00:00,detector,end_to_end_latency_ms,20.99951171875,baseline,1487d410-2e8d-4482-bb6f-7c69d5b5921a,,,97.02
2026-08-10 16:41:41.993738+00:00,detector,stage_latency_ms,19.173300001057214,baseline,1487d410-2e8d-4482-bb6f-7c69d5b5921a,,,97.02
2026-08-10 16:41:42.017805+00:00,orchestrator,events_processed,98.0,baseline,1487d410-2e8d-4482-bb6f-7c69d5b5921a,,,97.05
2026-08-10 16:41:42.017805+00:00,orchestrator,throughput_eps,1.0038957429173236,baseline,1487d410-2e8d-4482-bb6f-7c69d5b5921a,,,97.05
2026-08-10 16:41:42.017805+00:00,orchestrator,queue_wait_ms,2.99951171875,baseline,1487d410-2e8d-4482-bb6f-7c69d5b5921a,,,97.05
2026-08-10 16:41:42.018807+00:00,orchestrator,stage_latency_ms,25.035599999682745,baseline,1487d410-2e8d-4482-bb6f-7c69d5b5921a,,,97.05
2026-08-10 16:41:42.018807+00:00,orchestrator,end_to_end_latency_ms,47.06640625,baseline,1487d410-2e8d-4482-bb6f-7c69d5b5921a,,,97.05
2026-08-10 16:41:42.018807+00:00,orchestrator,xai_latency_ms,0.0021000014385208488,baseline,1487d410-2e8d-4482-bb6f-7c69d5b5921a,,deterministic,97.05
2026-08-10 16:41:42.972752+00:00,generator,events_sent,99.0,baseline,1487d410-2e8d-4482-bb6f-7c69d5b5921a,,,98.0
2026-08-10 16:41:42.972752+00:00,generator,throughput_eps,1.00141933164724,baseline,1487d410-2e8d-4482-bb6f-7c69d5b5921a,,,98.0
2026-08-10 16:41:42.991772+00:00,detector,events_processed,99.0,baseline,1487d410-2e8d-4482-bb6f-7c69d5b5921a,,,98.02
2026-08-10 16:41:42.992772+00:00,detector,stage_latency_ms,19.16669999991427,baseline,1487d410-2e8d-4482-bb6f-7c69d5b5921a,,,98.02
2026-08-10 16:41:42.992772+00:00,detector,throughput_eps,1.0014361796539415,baseline,1487d410-2e8d-4482-bb6f-7c69d5b5921a,,,98.02
2026-08-10 16:41:42.992772+00:00,detector,queue_wait_ms,2.0029296875,baseline,1487d410-2e8d-4482-bb6f-7c69d5b5921a,,,98.02
2026-08-10 16:41:42.992772+00:00,detector,alerts_emitted,99.0,baseline,1487d410-2e8d-4482-bb6f-7c69d5b5921a,,,98.02
2026-08-10 16:41:42.992772+00:00,orchestrator,events_received,99.0,baseline,1487d410-2e8d-4482-bb6f-7c69d5b5921a,,,98.02
2026-08-10 16:41:42.993771+00:00,detector,end_to_end_latency_ms,21.02294921875,baseline,1487d410-2e8d-4482-bb6f-7c69d5b5921a,,,98.02
2026-08-10 16:41:43.018243+00:00,orchestrator,events_processed,99.0,baseline,1487d410-2e8d-4482-bb6f-7c69d5b5921a,,,98.05
2026-08-10 16:41:43.018766+00:00,orchestrator,throughput_eps,1.0030071558742213,baseline,1487d410-2e8d-4482-bb6f-7c69d5b5921a,,,98.05
2026-08-10 16:41:43.019292+00:00,orchestrator,queue_wait_ms,3.000732421875,baseline,1487d410-2e8d-4482-bb6f-7c69d5b5921a,,,98.05
2026-08-10 16:41:43.019292+00:00,orchestrator,stage_latency_ms,25.54489999965881,baseline,1487d410-2e8d-4482-bb6f-7c69d5b5921a,,,98.05
2026-08-10 16:41:43.019292+00:00,orchestrator,end_to_end_latency_ms,47.493896484375,baseline,1487d410-2e8d-4482-bb6f-7c69d5b5921a,,,98.05
2026-08-10 16:41:43.019813+00:00,orchestrator,xai_latency_ms,0.003600000127335079,baseline,1487d410-2e8d-4482-bb6f-7c69d5b5921a,,deterministic,98.05
2026-08-10 16:41:43.972537+00:00,generator,events_sent,100.0,baseline,1487d410-2e8d-4482-bb6f-7c69d5b5921a,,,99.0
2026-08-10 16:41:43.972537+00:00,generator,throughput_eps,1.0001665677401097,baseline,1487d410-2e8d-4482-bb6f-7c69d5b5921a,,,99.0
2026-08-10 16:41:43.991534+00:00,orchestrator,events_received,100.0,baseline,1487d410-2e8d-4482-bb6f-7c69d5b5921a,,,99.02
2026-08-10 16:41:43.991534+00:00,detector,events_processed,100.0,baseline,1487d410-2e8d-4482-bb6f-7c69d5b5921a,,,99.02
2026-08-10 16:41:43.991534+00:00,detector,alerts_emitted,100.0,baseline,1487d410-2e8d-4482-bb6f-7c69d5b5921a,,,99.02
2026-08-10 16:41:43.992536+00:00,detector,stage_latency_ms,18.487899998945068,baseline,1487d410-2e8d-4482-bb6f-7c69d5b5921a,,,99.02
2026-08-10 16:41:43.992536+00:00,detector,queue_wait_ms,2.0,baseline,1487d410-2e8d-4482-bb6f-7c69d5b5921a,,,99.02
2026-08-10 16:41:43.992536+00:00,detector,throughput_eps,1.0004085268260887,baseline,1487d410-2e8d-4482-bb6f-7c69d5b5921a,,,99.02
2026-08-10 16:41:43.993534+00:00,detector,end_to_end_latency_ms,20.99755859375,baseline,1487d410-2e8d-4482-bb6f-7c69d5b5921a,,,99.02
2026-08-10 16:41:44.017533+00:00,orchestrator,events_processed,100.0,baseline,1487d410-2e8d-4482-bb6f-7c69d5b5921a,,,99.05
2026-08-10 16:41:44.017533+00:00,orchestrator,throughput_eps,1.0005260165479517,baseline,1487d410-2e8d-4482-bb6f-7c69d5b5921a,,,99.05
2026-08-10 16:41:44.017533+00:00,orchestrator,queue_wait_ms,2.0009765625,baseline,1487d410-2e8d-4482-bb6f-7c69d5b5921a,,,99.05
2026-08-10 16:41:44.017533+00:00,orchestrator,stage_latency_ms,25.30560000013793,baseline,1487d410-2e8d-4482-bb6f-7c69d5b5921a,,,99.05
2026-08-10 16:41:44.018533+00:00,orchestrator,end_to_end_latency_ms,46.996826171875,baseline,1487d410-2e8d-4482-bb6f-7c69d5b5921a,,,99.05
2026-08-10 16:41:44.018533+00:00,orchestrator,xai_latency_ms,0.0021000014385208488,baseline,1487d410-2e8d-4482-bb6f-7c69d5b5921a,,deterministic,99.05
2026-08-10 16:42:19.386732+00:00,generator,events_sent,101.0,baseline,1487d410-2e8d-4482-bb6f-7c69d5b5921a,,,134.42
2026-08-10 16:42:19.386732+00:00,generator,throughput_eps,0.2,baseline,1487d410-2e8d-4482-bb6f-7c69d5b5921a,,,134.42
2026-08-10 16:42:19.406133+00:00,detector,events_processed,101.0,baseline,1487d410-2e8d-4482-bb6f-7c69d5b5921a,,,134.44
2026-08-10 16:42:19.406133+00:00,detector,alerts_emitted,101.0,baseline,1487d410-2e8d-4482-bb6f-7c69d5b5921a,,,134.44
2026-08-10 16:42:19.406133+00:00,orchestrator,events_received,101.0,baseline,1487d410-2e8d-4482-bb6f-7c69d5b5921a,,,134.44
2026-08-10 16:42:19.407133+00:00,detector,queue_wait_ms,2.574462890625,baseline,1487d410-2e8d-4482-bb6f-7c69d5b5921a,,,134.44
2026-08-10 16:42:19.407133+00:00,detector,throughput_eps,0.2,baseline,1487d410-2e8d-4482-bb6f-7c69d5b5921a,,,134.44
2026-08-10 16:42:19.408083+00:00,detector,stage_latency_ms,19.204799998988165,baseline,1487d410-2e8d-4482-bb6f-7c69d5b5921a,,,134.44
2026-08-10 16:42:19.408083+00:00,detector,end_to_end_latency_ms,21.975341796875,baseline,1487d410-2e8d-4482-bb6f-7c69d5b5921a,,,134.44
2026-08-10 16:42:19.430459+00:00,orchestrator,events_processed,101.0,baseline,1487d410-2e8d-4482-bb6f-7c69d5b5921a,,,134.46
2026-08-10 16:42:19.431460+00:00,orchestrator,throughput_eps,0.2,baseline,1487d410-2e8d-4482-bb6f-7c69d5b5921a,,,134.46
2026-08-10 16:42:19.431460+00:00,orchestrator,queue_wait_ms,2.40185546875,baseline,1487d410-2e8d-4482-bb6f-7c69d5b5921a,,,134.46
2026-08-10 16:42:19.432461+00:00,orchestrator,stage_latency_ms,24.321599999893806,baseline,1487d410-2e8d-4482-bb6f-7c69d5b5921a,,,134.46
2026-08-10 16:42:19.432461+00:00,orchestrator,end_to_end_latency_ms,46.301513671875,baseline,1487d410-2e8d-4482-bb6f-7c69d5b5921a,,,134.46
2026-08-10 16:42:19.432461+00:00,orchestrator,xai_latency_ms,0.002200000380980782,baseline,1487d410-2e8d-4482-bb6f-7c69d5b5921a,,deterministic,134.46
2026-08-10 16:42:20.389829+00:00,generator,events_sent,102.0,baseline,1487d410-2e8d-4482-bb6f-7c69d5b5921a,,,135.42
2026-08-10 16:42:20.390742+00:00,generator,throughput_eps,0.996984023631188,baseline,1487d410-2e8d-4482-bb6f-7c69d5b5921a,,,135.42
2026-08-10 16:42:20.408740+00:00,detector,alerts_emitted,102.0,baseline,1487d410-2e8d-4482-bb6f-7c69d5b5921a,,,135.44
2026-08-10 16:42:20.408740+00:00,detector,events_processed,102.0,baseline,1487d410-2e8d-4482-bb6f-7c69d5b5921a,,,135.44
2026-08-10 16:42:20.409754+00:00,detector,queue_wait_ms,4.83251953125,baseline,1487d410-2e8d-4482-bb6f-7c69d5b5921a,,,135.44
2026-08-10 16:42:20.409754+00:00,orchestrator,events_received,102.0,baseline,1487d410-2e8d-4482-bb6f-7c69d5b5921a,,,135.44
2026-08-10 16:42:20.409754+00:00,detector,throughput_eps,0.9972264141745587,baseline,1487d410-2e8d-4482-bb6f-7c69d5b5921a,,,135.44
2026-08-10 16:42:20.410752+00:00,detector,stage_latency_ms,18.58609999908367,baseline,1487d410-2e8d-4482-bb6f-7c69d5b5921a,,,135.44
2026-08-10 16:42:20.410752+00:00,detector,end_to_end_latency_ms,23.7431640625,baseline,1487d410-2e8d-4482-bb6f-7c69d5b5921a,,,135.44
2026-08-10 16:42:20.479044+00:00,orchestrator,events_processed,102.0,baseline,1487d410-2e8d-4482-bb6f-7c69d5b5921a,,,135.51
2026-08-10 16:42:20.480014+00:00,orchestrator,throughput_eps,0.9539240380741151,baseline,1487d410-2e8d-4482-bb6f-7c69d5b5921a,,,135.51
2026-08-10 16:42:20.480547+00:00,orchestrator,queue_wait_ms,3.615234375,baseline,1487d410-2e8d-4482-bb6f-7c69d5b5921a,,,135.51
2026-08-10 16:42:20.481540+00:00,orchestrator,stage_latency_ms,69.78829999934533,baseline,1487d410-2e8d-4482-bb6f-7c69d5b5921a,,,135.51
2026-08-10 16:42:20.481540+00:00,orchestrator,end_to_end_latency_ms,94.047607421875,baseline,1487d410-2e8d-4482-bb6f-7c69d5b5921a,,,135.51
2026-08-10 16:42:20.482533+00:00,orchestrator,xai_latency_ms,0.001999998858082108,baseline,1487d410-2e8d-4482-bb6f-7c69d5b5921a,,deterministic,135.51
2026-08-10 16:42:21.391971+00:00,generator,events_sent,103.0,baseline,1487d410-2e8d-4482-bb6f-7c69d5b5921a,,,136.42
2026-08-10 16:42:21.391971+00:00,generator,throughput_eps,0.9972653985511087,baseline,1487d410-2e8d-4482-bb6f-7c69d5b5921a,,,136.42
2026-08-10 16:42:21.412190+00:00,detector,events_processed,103.0,baseline,1487d410-2e8d-4482-bb6f-7c69d5b5921a,,,136.44
2026-08-10 16:42:21.413229+00:00,detector,throughput_eps,0.9967630121183294,baseline,1487d410-2e8d-4482-bb6f-7c69d5b5921a,,,136.44
2026-08-10 16:42:21.413229+00:00,detector,alerts_emitted,103.0,baseline,1487d410-2e8d-4482-bb6f-7c69d5b5921a,,,136.44
2026-08-10 16:42:21.413229+00:00,orchestrator,events_received,103.0,baseline,1487d410-2e8d-4482-bb6f-7c69d5b5921a,,,136.44
2026-08-10 16:42:21.414195+00:00,detector,queue_wait_ms,7.987548828125,baseline,1487d410-2e8d-4482-bb6f-7c69d5b5921a,,,136.44
2026-08-10 16:42:21.414195+00:00,detector,stage_latency_ms,19.908199999917997,baseline,1487d410-2e8d-4482-bb6f-7c69d5b5921a,,,136.44
2026-08-10 16:42:21.415227+00:00,detector,end_to_end_latency_ms,27.20556640625,baseline,1487d410-2e8d-4482-bb6f-7c69d5b5921a,,,136.44
2026-08-10 16:42:21.438814+00:00,orchestrator,events_processed,103.0,baseline,1487d410-2e8d-4482-bb6f-7c69d5b5921a,,,136.47
2026-08-10 16:42:21.438814+00:00,orchestrator,throughput_eps,0.9959344957944858,baseline,1487d410-2e8d-4482-bb6f-7c69d5b5921a,,,136.47
2026-08-10 16:42:21.439815+00:00,orchestrator,queue_wait_ms,3.2177734375,baseline,1487d410-2e8d-4482-bb6f-7c69d5b5921a,,,136.47
2026-08-10 16:42:21.439815+00:00,orchestrator,stage_latency_ms,25.79870000045048,baseline,1487d410-2e8d-4482-bb6f-7c69d5b5921a,,,136.47
2026-08-10 16:42:21.440816+00:00,orchestrator,xai_latency_ms,0.002099999619531445,baseline,1487d410-2e8d-4482-bb6f-7c69d5b5921a,,deterministic,136.47
2026-08-10 16:42:21.440816+00:00,orchestrator,end_to_end_latency_ms,53.829345703125,baseline,1487d410-2e8d-4482-bb6f-7c69d5b5921a,,,136.47
2026-08-10 16:42:22.386633+00:00,generator,throughput_eps,0.9999211062248081,baseline,1487d410-2e8d-4482-bb6f-7c69d5b5921a,,,137.42
2026-08-10 16:42:22.386633+00:00,generator,events_sent,104.0,baseline,1487d410-2e8d-4482-bb6f-7c69d5b5921a,,,137.42
2026-08-10 16:42:22.406506+00:00,detector,events_processed,104.0,baseline,1487d410-2e8d-4482-bb6f-7c69d5b5921a,,,137.44
2026-08-10 16:42:22.406506+00:00,detector,alerts_emitted,104.0,baseline,1487d410-2e8d-4482-bb6f-7c69d5b5921a,,,137.44
2026-08-10 16:42:22.406506+00:00,orchestrator,events_received,104.0,baseline,1487d410-2e8d-4482-bb6f-7c69d5b5921a,,,137.44
2026-08-10 16:42:22.407547+00:00,detector,throughput_eps,0.9998379595945074,baseline,1487d410-2e8d-4482-bb6f-7c69d5b5921a,,,137.44
2026-08-10 16:42:22.407547+00:00,detector,queue_wait_ms,2.99267578125,baseline,1487d410-2e8d-4482-bb6f-7c69d5b5921a,,,137.44
2026-08-10 16:42:22.408548+00:00,detector,stage_latency_ms,19.349199999851407,baseline,1487d410-2e8d-4482-bb6f-7c69d5b5921a,,,137.44
2026-08-10 16:42:22.408548+00:00,detector,end_to_end_latency_ms,21.865234375,baseline,1487d410-2e8d-4482-bb6f-7c69d5b5921a,,,137.44
2026-08-10 16:42:22.431879+00:00,orchestrator,events_processed,104.0,baseline,1487d410-2e8d-4482-bb6f-7c69d5b5921a,,,137.46
2026-08-10 16:42:22.431879+00:00,orchestrator,throughput_eps,0.9996674439631932,baseline,1487d410-2e8d-4482-bb6f-7c69d5b5921a,,,137.46
2026-08-10 16:42:22.431879+00:00,orchestrator,queue_wait_ms,2.800537109375,baseline,1487d410-2e8d-4482-bb6f-7c69d5b5921a,,,137.46
2026-08-10 16:42:22.432879+00:00,orchestrator,xai_latency_ms,0.002099999619531445,baseline,1487d410-2e8d-4482-bb6f-7c69d5b5921a,,deterministic,137.46
2026-08-10 16:42:22.432879+00:00,orchestrator,end_to_end_latency_ms,47.23828125,baseline,1487d410-2e8d-4482-bb6f-7c69d5b5921a,,,137.46
2026-08-10 16:42:22.432879+00:00,orchestrator,stage_latency_ms,24.723899998207344,baseline,1487d410-2e8d-4482-bb6f-7c69d5b5921a,,,137.46
2026-08-10 16:42:23.387461+00:00,generator,events_sent,105.0,baseline,1487d410-2e8d-4482-bb6f-7c69d5b5921a,,,138.42
2026-08-10 16:42:23.388327+00:00,generator,throughput_eps,0.9997615318806221,baseline,1487d410-2e8d-4482-bb6f-7c69d5b5921a,,,138.42
2026-08-10 16:42:23.407107+00:00,detector,events_processed,105.0,baseline,1487d410-2e8d-4482-bb6f-7c69d5b5921a,,,138.44
2026-08-10 16:42:23.407107+00:00,detector,alerts_emitted,105.0,baseline,1487d410-2e8d-4482-bb6f-7c69d5b5921a,,,138.44
2026-08-10 16:42:23.408139+00:00,orchestrator,events_received,105.0,baseline,1487d410-2e8d-4482-bb6f-7c69d5b5921a,,,138.44
2026-08-10 16:42:23.408139+00:00,detector,throughput_eps,0.9997616818093452,baseline,1487d410-2e8d-4482-bb6f-7c69d5b5921a,,,138.44
2026-08-10 16:42:23.408139+00:00,detector,queue_wait_ms,1.989990234375,baseline,1487d410-2e8d-4482-bb6f-7c69d5b5921a,,,138.44
2026-08-10 16:42:23.409154+00:00,detector,stage_latency_ms,19.158099999913247,baseline,1487d410-2e8d-4482-bb6f-7c69d5b5921a,,,138.44
2026-08-10 16:42:23.409154+00:00,detector,end_to_end_latency_ms,21.635498046875,baseline,1487d410-2e8d-4482-bb6f-7c69d5b5921a,,,138.44
2026-08-10 16:42:23.433792+00:00,orchestrator,events_processed,105.0,baseline,1487d410-2e8d-4482-bb6f-7c69d5b5921a,,,138.46
2026-08-10 16:42:23.433792+00:00,orchestrator,throughput_eps,0.9992244769029616,baseline,1487d410-2e8d-4482-bb6f-7c69d5b5921a,,,138.46
2026-08-10 16:42:23.434791+00:00,orchestrator,queue_wait_ms,3.6787109375,baseline,1487d410-2e8d-4482-bb6f-7c69d5b5921a,,,138.46
2026-08-10 16:42:23.434791+00:00,orchestrator,stage_latency_ms,26.05079999921145,baseline,1487d410-2e8d-4482-bb6f-7c69d5b5921a,,,138.46
2026-08-10 16:42:23.435790+00:00,orchestrator,xai_latency_ms,0.0017000002117129043,baseline,1487d410-2e8d-4482-bb6f-7c69d5b5921a,,deterministic,138.46
2026-08-10 16:42:23.435790+00:00,orchestrator,end_to_end_latency_ms,48.320068359375,baseline,1487d410-2e8d-4482-bb6f-7c69d5b5921a,,,138.46
2026-08-10 16:42:24.387004+00:00,generator,throughput_eps,1.0007043958239552,baseline,1487d410-2e8d-4482-bb6f-7c69d5b5921a,,,139.42
2026-08-10 16:42:24.387004+00:00,generator,events_sent,106.0,baseline,1487d410-2e8d-4482-bb6f-7c69d5b5921a,,,139.42
2026-08-10 16:42:24.406006+00:00,detector,events_processed,106.0,baseline,1487d410-2e8d-4482-bb6f-7c69d5b5921a,,,139.44
2026-08-10 16:42:24.406006+00:00,detector,alerts_emitted,106.0,baseline,1487d410-2e8d-4482-bb6f-7c69d5b5921a,,,139.44
2026-08-10 16:42:24.406006+00:00,orchestrator,events_received,106.0,baseline,1487d410-2e8d-4482-bb6f-7c69d5b5921a,,,139.44
2026-08-10 16:42:24.406006+00:00,detector,throughput_eps,1.0000494024404696,baseline,1487d410-2e8d-4482-bb6f-7c69d5b5921a,,,139.44
2026-08-10 16:42:24.407005+00:00,detector,queue_wait_ms,2.00048828125,baseline,1487d410-2e8d-4482-bb6f-7c69d5b5921a,,,139.44
2026-08-10 16:42:24.407005+00:00,detector,stage_latency_ms,18.670599998586113,baseline,1487d410-2e8d-4482-bb6f-7c69d5b5921a,,,139.44
2026-08-10 16:42:24.407005+00:00,detector,end_to_end_latency_ms,21.002197265625,baseline,1487d410-2e8d-4482-bb6f-7c69d5b5921a,,,139.44
2026-08-10 16:42:24.431513+00:00,orchestrator,events_processed,106.0,baseline,1487d410-2e8d-4482-bb6f-7c69d5b5921a,,,139.46
2026-08-10 16:42:24.431513+00:00,orchestrator,throughput_eps,1.0121100741566629,baseline,1487d410-2e8d-4482-bb6f-7c69d5b5921a,,,139.46
2026-08-10 16:42:24.431513+00:00,orchestrator,queue_wait_ms,2.001953125,baseline,1487d410-2e8d-4482-bb6f-7c69d5b5921a,,,139.46
2026-08-10 16:42:24.432515+00:00,orchestrator,stage_latency_ms,24.97869999933755,baseline,1487d410-2e8d-4482-bb6f-7c69d5b5921a,,,139.46
2026-08-10 16:42:24.432515+00:00,orchestrator,end_to_end_latency_ms,46.50927734375,baseline,1487d410-2e8d-4482-bb6f-7c69d5b5921a,,,139.46
2026-08-10 16:42:24.432515+00:00,orchestrator,xai_latency_ms,0.0017000002117129043,baseline,1487d410-2e8d-4482-bb6f-7c69d5b5921a,,deterministic,139.46
2026-08-10 16:42:25.386143+00:00,generator,events_sent,107.0,baseline,1487d410-2e8d-4482-bb6f-7c69d5b5921a,,,140.42
2026-08-10 16:42:25.387146+00:00,generator,throughput_eps,1.0005763920361264,baseline,1487d410-2e8d-4482-bb6f-7c69d5b5921a,,,140.42
2026-08-10 16:42:25.406144+00:00,detector,events_processed,107.0,baseline,1487d410-2e8d-4482-bb6f-7c69d5b5921a,,,140.44
2026-08-10 16:42:25.406144+00:00,detector,alerts_emitted,107.0,baseline,1487d410-2e8d-4482-bb6f-7c69d5b5921a,,,140.44
2026-08-10 16:42:25.407143+00:00,orchestrator,events_received,107.0,baseline,1487d410-2e8d-4482-bb6f-7c69d5b5921a,,,140.44
2026-08-10 16:42:25.407143+00:00,detector,throughput_eps,1.000515725835991,baseline,1487d410-2e8d-4482-bb6f-7c69d5b5921a,,,140.44
2026-08-10 16:42:25.407143+00:00,detector,queue_wait_ms,2.0078125,baseline,1487d410-2e8d-4482-bb6f-7c69d5b5921a,,,140.44
2026-08-10 16:42:25.407143+00:00,detector,stage_latency_ms,19.192599998859805,baseline,1487d410-2e8d-4482-bb6f-7c69d5b5921a,,,140.44
2026-08-10 16:42:25.408145+00:00,detector,end_to_end_latency_ms,21.005859375,baseline,1487d410-2e8d-4482-bb6f-7c69d5b5921a,,,140.44
2026-08-10 16:42:25.432145+00:00,orchestrator,events_processed,107.0,baseline,1487d410-2e8d-4482-bb6f-7c69d5b5921a,,,140.46
2026-08-10 16:42:25.432145+00:00,orchestrator,throughput_eps,1.0095049942738379,baseline,1487d410-2e8d-4482-bb6f-7c69d5b5921a,,,140.46
2026-08-10 16:42:25.432145+00:00,orchestrator,queue_wait_ms,2.999267578125,baseline,1487d410-2e8d-4482-bb6f-7c69d5b5921a,,,140.46
2026-08-10 16:42:25.432145+00:00,orchestrator,stage_latency_ms,25.284199999077828,baseline,1487d410-2e8d-4482-bb6f-7c69d5b5921a,,,140.46
2026-08-10 16:42:25.433569+00:00,orchestrator,xai_latency_ms,0.0018999999156221747,baseline,1487d410-2e8d-4482-bb6f-7c69d5b5921a,,deterministic,140.46
2026-08-10 16:42:25.433569+00:00,orchestrator,end_to_end_latency_ms,47.00732421875,baseline,1487d410-2e8d-4482-bb6f-7c69d5b5921a,,,140.46
2026-08-10 16:42:26.388321+00:00,generator,events_sent,108.0,baseline,1487d410-2e8d-4482-bb6f-7c69d5b5921a,,,141.42
2026-08-10 16:42:26.388321+00:00,generator,throughput_eps,1.0007250052517218,baseline,1487d410-2e8d-4482-bb6f-7c69d5b5921a,,,141.42
2026-08-10 16:42:26.407767+00:00,detector,events_processed,108.0,baseline,1487d410-2e8d-4482-bb6f-7c69d5b5921a,,,141.44
2026-08-10 16:42:26.408768+00:00,orchestrator,events_received,108.0,baseline,1487d410-2e8d-4482-bb6f-7c69d5b5921a,,,141.44
2026-08-10 16:42:26.408768+00:00,detector,alerts_emitted,108.0,baseline,1487d410-2e8d-4482-bb6f-7c69d5b5921a,,,141.44
2026-08-10 16:42:26.409767+00:00,detector,throughput_eps,1.0008869860469118,baseline,1487d410-2e8d-4482-bb6f-7c69d5b5921a,,,141.44
2026-08-10 16:42:26.409767+00:00,detector,queue_wait_ms,3.71826171875,baseline,1487d410-2e8d-4482-bb6f-7c69d5b5921a,,,141.44
2026-08-10 16:42:26.409767+00:00,detector,stage_latency_ms,19.286700000520796,baseline,1487d410-2e8d-4482-bb6f-7c69d5b5921a,,,141.44
2026-08-10 16:42:26.410768+00:00,detector,end_to_end_latency_ms,23.16455078125,baseline,1487d410-2e8d-4482-bb6f-7c69d5b5921a,,,141.44
2026-08-10 16:42:26.432981+00:00,orchestrator,events_processed,108.0,baseline,1487d410-2e8d-4482-bb6f-7c69d5b5921a,,,141.46
2026-08-10 16:42:26.433988+00:00,orchestrator,queue_wait_ms,3.909423828125,baseline,1487d410-2e8d-4482-bb6f-7c69d5b5921a,,,141.46
2026-08-10 16:42:26.433988+00:00,orchestrator,stage_latency_ms,25.099000000409433,baseline,1487d410-2e8d-4482-bb6f-7c69d5b5921a,,,141.46
2026-08-10 16:42:26.433988+00:00,orchestrator,throughput_eps,1.001084394638106,baseline,1487d410-2e8d-4482-bb6f-7c69d5b5921a,,,141.46
2026-08-10 16:42:26.434986+00:00,orchestrator,end_to_end_latency_ms,48.3779296875,baseline,1487d410-2e8d-4482-bb6f-7c69d5b5921a,,,141.46
2026-08-10 16:42:26.434986+00:00,orchestrator,xai_latency_ms,0.0020000006770715117,baseline,1487d410-2e8d-4482-bb6f-7c69d5b5921a,,deterministic,141.46
2026-08-10 16:42:27.387444+00:00,generator,events_sent,109.0,baseline,1487d410-2e8d-4482-bb6f-7c69d5b5921a,,,142.42
2026-08-10 16:42:27.388213+00:00,generator,throughput_eps,1.0000112251259823,baseline,1487d410-2e8d-4482-bb6f-7c69d5b5921a,,,142.42
2026-08-10 16:42:27.406466+00:00,detector,events_processed,109.0,baseline,1487d410-2e8d-4482-bb6f-7c69d5b5921a,,,142.44
2026-08-10 16:42:27.406466+00:00,detector,alerts_emitted,109.0,baseline,1487d410-2e8d-4482-bb6f-7c69d5b5921a,,,142.44
2026-08-10 16:42:27.407434+00:00,detector,end_to_end_latency_ms,20.9990234375,baseline,1487d410-2e8d-4482-bb6f-7c69d5b5921a,,,142.44
2026-08-10 16:42:27.407434+00:00,detector,throughput_eps,1.0001142880600278,baseline,1487d410-2e8d-4482-bb6f-7c69d5b5921a,,,142.44
2026-08-10 16:42:27.407434+00:00,orchestrator,events_received,109.0,baseline,1487d410-2e8d-4482-bb6f-7c69d5b5921a,,,142.44
2026-08-10 16:42:27.407434+00:00,detector,queue_wait_ms,1.97705078125,baseline,1487d410-2e8d-4482-bb6f-7c69d5b5921a,,,142.44
2026-08-10 16:42:27.407434+00:00,detector,stage_latency_ms,18.824799999492825,baseline,1487d410-2e8d-4482-bb6f-7c69d5b5921a,,,142.44
2026-08-10 16:42:27.431435+00:00,orchestrator,throughput_eps,1.000005520030666,baseline,1487d410-2e8d-4482-bb6f-7c69d5b5921a,,,142.46
2026-08-10 16:42:27.431435+00:00,orchestrator,events_processed,109.0,baseline,1487d410-2e8d-4482-bb6f-7c69d5b5921a,,,142.46
2026-08-10 16:42:27.432434+00:00,orchestrator,queue_wait_ms,2.968505859375,baseline,1487d410-2e8d-4482-bb6f-7c69d5b5921a,,,142.46
2026-08-10 16:42:27.432434+00:00,orchestrator,stage_latency_ms,24.590999999418273,baseline,1487d410-2e8d-4482-bb6f-7c69d5b5921a,,,142.46
2026-08-10 16:42:27.432434+00:00,orchestrator,end_to_end_latency_ms,45.96826171875,baseline,1487d410-2e8d-4482-bb6f-7c69d5b5921a,,,142.46
2026-08-10 16:42:27.432434+00:00,orchestrator,xai_latency_ms,0.0017999991541728377,baseline,1487d410-2e8d-4482-bb6f-7c69d5b5921a,,deterministic,142.46
2026-08-10 16:42:28.386564+00:00,generator,events_sent,110.0,baseline,1487d410-2e8d-4482-bb6f-7c69d5b5921a,,,143.42
2026-08-10 16:42:28.387140+00:00,generator,throughput_eps,1.0002388570391403,baseline,1487d410-2e8d-4482-bb6f-7c69d5b5921a,,,143.42
2026-08-10 16:42:28.405564+00:00,detector,events_processed,110.0,baseline,1487d410-2e8d-4482-bb6f-7c69d5b5921a,,,143.43
2026-08-10 16:42:28.406566+00:00,detector,alerts_emitted,110.0,baseline,1487d410-2e8d-4482-bb6f-7c69d5b5921a,,,143.44
2026-08-10 16:42:28.406566+00:00,detector,throughput_eps,1.0002318137251003,baseline,1487d410-2e8d-4482-bb6f-7c69d5b5921a,,,143.44
2026-08-10 16:42:28.407564+00:00,detector,stage_latency_ms,19.154400000843452,baseline,1487d410-2e8d-4482-bb6f-7c69d5b5921a,,,143.44
2026-08-10 16:42:28.407564+00:00,detector,end_to_end_latency_ms,20.999267578125,baseline,1487d410-2e8d-4482-bb6f-7c69d5b5921a,,,143.44
2026-08-10 16:42:28.407564+00:00,detector,queue_wait_ms,1.999755859375,baseline,1487d410-2e8d-4482-bb6f-7c69d5b5921a,,,143.44
2026-08-10 16:42:28.431565+00:00,orchestrator,events_processed,110.0,baseline,1487d410-2e8d-4482-bb6f-7c69d5b5921a,,,143.46
2026-08-10 16:42:28.431565+00:00,orchestrator,throughput_eps,1.0004600715681937,baseline,1487d410-2e8d-4482-bb6f-7c69d5b5921a,,,143.46
2026-08-10 16:42:28.431565+00:00,orchestrator,queue_wait_ms,3.002685546875,baseline,1487d410-2e8d-4482-bb6f-7c69d5b5921a,,,143.46
2026-08-10 16:42:28.432566+00:00,orchestrator,stage_latency_ms,25.413600000320002,baseline,1487d410-2e8d-4482-bb6f-7c69d5b5921a,,,143.46
2026-08-10 16:42:28.432566+00:00,orchestrator,end_to_end_latency_ms,47.00048828125,baseline,1487d410-2e8d-4482-bb6f-7c69d5b5921a,,,143.46
2026-08-10 16:42:28.432566+00:00,orchestrator,xai_latency_ms,0.0021000014385208488,baseline,1487d410-2e8d-4482-bb6f-7c69d5b5921a,,deterministic,143.46
2026-08-10 16:42:29.387396+00:00,generator,events_sent,111.0,baseline,1487d410-2e8d-4482-bb6f-7c69d5b5921a,,,144.42
2026-08-10 16:42:29.388085+00:00,generator,throughput_eps,0.999860569443585,baseline,1487d410-2e8d-4482-bb6f-7c69d5b5921a,,,144.42
2026-08-10 16:42:29.412395+00:00,detector,throughput_eps,0.9985453939609568,baseline,1487d410-2e8d-4482-bb6f-7c69d5b5921a,,,144.44
2026-08-10 16:42:29.412395+00:00,detector,events_processed,111.0,baseline,1487d410-2e8d-4482-bb6f-7c69d5b5921a,,,144.44
2026-08-10 16:42:29.412395+00:00,orchestrator,events_received,111.0,baseline,1487d410-2e8d-4482-bb6f-7c69d5b5921a,,,144.44
2026-08-10 16:42:29.413396+00:00,detector,stage_latency_ms,24.44909999940137,baseline,1487d410-2e8d-4482-bb6f-7c69d5b5921a,,,144.44
2026-08-10 16:42:29.413396+00:00,detector,end_to_end_latency_ms,26.999267578125,baseline,1487d410-2e8d-4482-bb6f-7c69d5b5921a,,,144.44
2026-08-10 16:42:29.413396+00:00,detector,queue_wait_ms,2.00048828125,baseline,1487d410-2e8d-4482-bb6f-7c69d5b5921a,,,144.44
2026-08-10 16:42:29.438397+00:00,orchestrator,events_processed,111.0,baseline,1487d410-2e8d-4482-bb6f-7c69d5b5921a,,,144.47
2026-08-10 16:42:29.438397+00:00,orchestrator,throughput_eps,0.9984655332067994,baseline,1487d410-2e8d-4482-bb6f-7c69d5b5921a,,,144.47
2026-08-10 16:42:29.438397+00:00,orchestrator,queue_wait_ms,2.96923828125,baseline,1487d410-2e8d-4482-bb6f-7c69d5b5921a,,,144.47
2026-08-10 16:42:29.439395+00:00,orchestrator,stage_latency_ms,25.589900000341004,baseline,1487d410-2e8d-4482-bb6f-7c69d5b5921a,,,144.47
2026-08-10 16:42:29.439395+00:00,orchestrator,end_to_end_latency_ms,53.0009765625,baseline,1487d410-2e8d-4482-bb6f-7c69d5b5921a,,,144.47
2026-08-10 16:42:29.439395+00:00,orchestrator,xai_latency_ms,0.002200000380980782,baseline,1487d410-2e8d-4482-bb6f-7c69d5b5921a,,deterministic,144.47
2026-08-10 16:42:30.386859+00:00,generator,events_sent,112.0,baseline,1487d410-2e8d-4482-bb6f-7c69d5b5921a,,,145.42
2026-08-10 16:42:30.388130+00:00,generator,throughput_eps,1.000255515271544,baseline,1487d410-2e8d-4482-bb6f-7c69d5b5921a,,,145.42
2026-08-10 16:42:30.406702+00:00,detector,events_processed,112.0,baseline,1487d410-2e8d-4482-bb6f-7c69d5b5921a,,,145.44
2026-08-10 16:42:30.406702+00:00,detector,alerts_emitted,112.0,baseline,1487d410-2e8d-4482-bb6f-7c69d5b5921a,,,145.44
2026-08-10 16:42:30.407736+00:00,orchestrator,events_received,112.0,baseline,1487d410-2e8d-4482-bb6f-7c69d5b5921a,,,145.44
2026-08-10 16:42:30.407736+00:00,detector,throughput_eps,1.0003356876483909,baseline,1487d410-2e8d-4482-bb6f-7c69d5b5921a,,,145.44
2026-08-10 16:42:30.408739+00:00,detector,end_to_end_latency_ms,21.7041015625,baseline,1487d410-2e8d-4482-bb6f-7c69d5b5921a,,,145.44
2026-08-10 16:42:30.408739+00:00,detector,queue_wait_ms,2.859375,baseline,1487d410-2e8d-4482-bb6f-7c69d5b5921a,,,145.44
2026-08-10 16:42:30.408739+00:00,detector,stage_latency_ms,19.078999999692314,baseline,1487d410-2e8d-4482-bb6f-7c69d5b5921a,,,145.44
2026-08-10 16:42:30.478124+00:00,orchestrator,events_processed,112.0,baseline,1487d410-2e8d-4482-bb6f-7c69d5b5921a,,,145.51
2026-08-10 16:42:30.478124+00:00,orchestrator,throughput_eps,0.9890725777995065,baseline,1487d410-2e8d-4482-bb6f-7c69d5b5921a,,,145.51
2026-08-10 16:42:30.478124+00:00,orchestrator,queue_wait_ms,3.806884765625,baseline,1487d410-2e8d-4482-bb6f-7c69d5b5921a,,,145.51
2026-08-10 16:42:30.478124+00:00,orchestrator,stage_latency_ms,70.25880000037432,baseline,1487d410-2e8d-4482-bb6f-7c69d5b5921a,,,145.51
2026-08-10 16:42:30.479125+00:00,orchestrator,end_to_end_latency_ms,93.1259765625,baseline,1487d410-2e8d-4482-bb6f-7c69d5b5921a,,,145.51
2026-08-10 16:42:30.479125+00:00,orchestrator,xai_latency_ms,0.002499999027349986,baseline,1487d410-2e8d-4482-bb6f-7c69d5b5921a,,deterministic,145.51
2026-08-10 16:42:31.387016+00:00,generator,events_sent,113.0,baseline,1487d410-2e8d-4482-bb6f-7c69d5b5921a,,,146.42
2026-08-10 16:42:31.387016+00:00,generator,throughput_eps,1.0002490620163362,baseline,1487d410-2e8d-4482-bb6f-7c69d5b5921a,,,146.42
2026-08-10 16:42:31.408001+00:00,detector,alerts_emitted,113.0,baseline,1487d410-2e8d-4482-bb6f-7c69d5b5921a,,,146.44
2026-08-10 16:42:31.408001+00:00,detector,events_processed,113.0,baseline,1487d410-2e8d-4482-bb6f-7c69d5b5921a,,,146.44
2026-08-10 16:42:31.409001+00:00,detector,queue_wait_ms,2.969970703125,baseline,1487d410-2e8d-4482-bb6f-7c69d5b5921a,,,146.44
2026-08-10 16:42:31.409001+00:00,detector,stage_latency_ms,20.55099999961385,baseline,1487d410-2e8d-4482-bb6f-7c69d5b5921a,,,146.44
2026-08-10 16:42:31.409001+00:00,detector,throughput_eps,0.9995967376860404,baseline,1487d410-2e8d-4482-bb6f-7c69d5b5921a,,,146.44
2026-08-10 16:42:31.409001+00:00,orchestrator,events_received,113.0,baseline,1487d410-2e8d-4482-bb6f-7c69d5b5921a,,,146.44
2026-08-10 16:42:31.410001+00:00,detector,end_to_end_latency_ms,22.97021484375,baseline,1487d410-2e8d-4482-bb6f-7c69d5b5921a,,,146.44
2026-08-10 16:42:31.435030+00:00,orchestrator,events_processed,113.0,baseline,1487d410-2e8d-4482-bb6f-7c69d5b5921a,,,146.46
2026-08-10 16:42:31.435030+00:00,orchestrator,throughput_eps,0.9992254753533985,baseline,1487d410-2e8d-4482-bb6f-7c69d5b5921a,,,146.46
2026-08-10 16:42:31.435030+00:00,orchestrator,queue_wait_ms,2.972412109375,baseline,1487d410-2e8d-4482-bb6f-7c69d5b5921a,,,146.46
2026-08-10 16:42:31.435030+00:00,orchestrator,stage_latency_ms,26.034200000140117,baseline,1487d410-2e8d-4482-bb6f-7c69d5b5921a,,,146.46
2026-08-10 16:42:31.436006+00:00,orchestrator,end_to_end_latency_ms,49.99951171875,baseline,1487d410-2e8d-4482-bb6f-7c69d5b5921a,,,146.47
2026-08-10 16:42:31.436006+00:00,orchestrator,xai_latency_ms,0.017500000467407517,baseline,1487d410-2e8d-4482-bb6f-7c69d5b5921a,,deterministic,146.47
2026-08-10 16:42:32.387025+00:00,generator,events_sent,114.0,baseline,1487d410-2e8d-4482-bb6f-7c69d5b5921a,,,147.42
2026-08-10 16:42:32.387025+00:00,generator,throughput_eps,1.0000863874621424,baseline,1487d410-2e8d-4482-bb6f-7c69d5b5921a,,,147.42
2026-08-10 16:42:32.406026+00:00,detector,events_processed,114.0,baseline,1487d410-2e8d-4482-bb6f-7c69d5b5921a,,,147.44
2026-08-10 16:42:32.406026+00:00,detector,alerts_emitted,114.0,baseline,1487d410-2e8d-4482-bb6f-7c69d5b5921a,,,147.44
2026-08-10 16:42:32.407027+00:00,detector,end_to_end_latency_ms,20.96923828125,baseline,1487d410-2e8d-4482-bb6f-7c69d5b5921a,,,147.44
2026-08-10 16:42:32.407027+00:00,detector,stage_latency_ms,18.730699999650824,baseline,1487d410-2e8d-4482-bb6f-7c69d5b5921a,,,147.44
2026-08-10 16:42:32.407027+00:00,detector,throughput_eps,1.0000661843801495,baseline,1487d410-2e8d-4482-bb6f-7c69d5b5921a,,,147.44
2026-08-10 16:42:32.407027+00:00,orchestrator,events_received,114.0,baseline,1487d410-2e8d-4482-bb6f-7c69d5b5921a,,,147.44
2026-08-10 16:42:32.407027+00:00,detector,queue_wait_ms,1.96728515625,baseline,1487d410-2e8d-4482-bb6f-7c69d5b5921a,,,147.44
2026-08-10 16:42:32.432025+00:00,orchestrator,events_processed,114.0,baseline,1487d410-2e8d-4482-bb6f-7c69d5b5921a,,,147.46
2026-08-10 16:42:32.432025+00:00,orchestrator,throughput_eps,0.9998890873032737,baseline,1487d410-2e8d-4482-bb6f-7c69d5b5921a,,,147.46
2026-08-10 16:42:32.432025+00:00,orchestrator,queue_wait_ms,2.970947265625,baseline,1487d410-2e8d-4482-bb6f-7c69d5b5921a,,,147.46
2026-08-10 16:42:32.433025+00:00,orchestrator,stage_latency_ms,25.317900001027738,baseline,1487d410-2e8d-4482-bb6f-7c69d5b5921a,,,147.46
2026-08-10 16:42:32.433025+00:00,orchestrator,end_to_end_latency_ms,46.968017578125,baseline,1487d410-2e8d-4482-bb6f-7c69d5b5921a,,,147.46
2026-08-10 16:42:32.433025+00:00,orchestrator,xai_latency_ms,0.002200000380980782,baseline,1487d410-2e8d-4482-bb6f-7c69d5b5921a,,deterministic,147.46
2026-08-10 16:42:33.386414+00:00,generator,events_sent,115.0,baseline,1487d410-2e8d-4482-bb6f-7c69d5b5921a,,,148.42
2026-08-10 16:42:33.386414+00:00,generator,throughput_eps,1.0002144959985972,baseline,1487d410-2e8d-4482-bb6f-7c69d5b5921a,,,148.42
2026-08-10 16:42:33.405490+00:00,detector,throughput_eps,1.0000757257339024,baseline,1487d410-2e8d-4482-bb6f-7c69d5b5921a,,,148.43
2026-08-10 16:42:33.405490+00:00,orchestrator,events_received,115.0,baseline,1487d410-2e8d-4482-bb6f-7c69d5b5921a,,,148.43
2026-08-10 16:42:33.405490+00:00,detector,events_processed,115.0,baseline,1487d410-2e8d-4482-bb6f-7c69d5b5921a,,,148.43
2026-08-10 16:42:33.405490+00:00,detector,alerts_emitted,115.0,baseline,1487d410-2e8d-4482-bb6f-7c69d5b5921a,,,148.43
2026-08-10 16:42:33.406528+00:00,detector,queue_wait_ms,1.941162109375,baseline,1487d410-2e8d-4482-bb6f-7c69d5b5921a,,,148.44
2026-08-10 16:42:33.406528+00:00,detector,stage_latency_ms,18.655199999557226,baseline,1487d410-2e8d-4482-bb6f-7c69d5b5921a,,,148.44
2026-08-10 16:42:33.407492+00:00,detector,end_to_end_latency_ms,21.017333984375,baseline,1487d410-2e8d-4482-bb6f-7c69d5b5921a,,,148.44
2026-08-10 16:42:33.431606+00:00,orchestrator,events_processed,115.0,baseline,1487d410-2e8d-4482-bb6f-7c69d5b5921a,,,148.46
2026-08-10 16:42:33.431606+00:00,orchestrator,throughput_eps,1.0000411016893689,baseline,1487d410-2e8d-4482-bb6f-7c69d5b5921a,,,148.46
2026-08-10 16:42:33.432117+00:00,orchestrator,queue_wait_ms,2.078369140625,baseline,1487d410-2e8d-4482-bb6f-7c69d5b5921a,,,148.46
2026-08-10 16:42:33.432117+00:00,orchestrator,stage_latency_ms,25.534099999276805,baseline,1487d410-2e8d-4482-bb6f-7c69d5b5921a,,,148.46
2026-08-10 16:42:33.433122+00:00,orchestrator,end_to_end_latency_ms,47.132568359375,baseline,1487d410-2e8d-4482-bb6f-7c69d5b5921a,,,148.46
2026-08-10 16:42:33.433122+00:00,orchestrator,xai_latency_ms,0.0018999999156221747,baseline,1487d410-2e8d-4482-bb6f-7c69d5b5921a,,deterministic,148.46
2026-08-10 16:42:34.386532+00:00,generator,events_sent,116.0,baseline,1487d410-2e8d-4482-bb6f-7c69d5b5921a,,,149.42
2026-08-10 16:42:34.387131+00:00,generator,throughput_eps,1.0001513028892375,baseline,1487d410-2e8d-4482-bb6f-7c69d5b5921a,,,149.42
2026-08-10 16:42:34.404701+00:00,detector,events_processed,116.0,baseline,1487d410-2e8d-4482-bb6f-7c69d5b5921a,,,149.43
2026-08-10 16:42:34.405703+00:00,detector,alerts_emitted,116.0,baseline,1487d410-2e8d-4482-bb6f-7c69d5b5921a,,,149.43
2026-08-10 16:42:34.405703+00:00,orchestrator,events_received,116.0,baseline,1487d410-2e8d-4482-bb6f-7c69d5b5921a,,,149.43
2026-08-10 16:42:34.405703+00:00,detector,throughput_eps,1.0013807839352544,baseline,1487d410-2e8d-4482-bb6f-7c69d5b5921a,,,149.43
2026-08-10 16:42:34.405703+00:00,detector,queue_wait_ms,1.974365234375,baseline,1487d410-2e8d-4482-bb6f-7c69d5b5921a,,,149.43
2026-08-10 16:42:34.406703+00:00,detector,stage_latency_ms,18.46990000012738,baseline,1487d410-2e8d-4482-bb6f-7c69d5b5921a,,,149.44
2026-08-10 16:42:34.406703+00:00,detector,end_to_end_latency_ms,20.142578125,baseline,1487d410-2e8d-4482-bb6f-7c69d5b5921a,,,149.44
2026-08-10 16:42:34.430732+00:00,orchestrator,events_processed,116.0,baseline,1487d410-2e8d-4482-bb6f-7c69d5b5921a,,,149.46
2026-08-10 16:42:34.430732+00:00,orchestrator,throughput_eps,1.0015040387353271,baseline,1487d410-2e8d-4482-bb6f-7c69d5b5921a,,,149.46
2026-08-10 16:42:34.430732+00:00,orchestrator,queue_wait_ms,3.001953125,baseline,1487d410-2e8d-4482-bb6f-7c69d5b5921a,,,149.46
2026-08-10 16:42:34.431702+00:00,orchestrator,end_to_end_latency_ms,46.173583984375,baseline,1487d410-2e8d-4482-bb6f-7c69d5b5921a,,,149.46
2026-08-10 16:42:34.431702+00:00,orchestrator,stage_latency_ms,24.926300000515766,baseline,1487d410-2e8d-4482-bb6f-7c69d5b5921a,,,149.46
2026-08-10 16:42:34.432703+00:00,orchestrator,xai_latency_ms,0.0018999999156221747,baseline,1487d410-2e8d-4482-bb6f-7c69d5b5921a,,deterministic,149.46
2026-08-10 16:42:35.387367+00:00,generator,throughput_eps,0.9999306298127176,baseline,1487d410-2e8d-4482-bb6f-7c69d5b5921a,,,150.42
2026-08-10 16:42:35.387367+00:00,generator,events_sent,117.0,baseline,1487d410-2e8d-4482-bb6f-7c69d5b5921a,,,150.42
2026-08-10 16:42:35.406448+00:00,detector,events_processed,117.0,baseline,1487d410-2e8d-4482-bb6f-7c69d5b5921a,,,150.44
2026-08-10 16:42:35.406448+00:00,detector,alerts_emitted,117.0,baseline,1487d410-2e8d-4482-bb6f-7c69d5b5921a,,,150.44
2026-08-10 16:42:35.406448+00:00,orchestrator,events_received,117.0,baseline,1487d410-2e8d-4482-bb6f-7c69d5b5921a,,,150.44
2026-08-10 16:42:35.407462+00:00,detector,throughput_eps,1.0000600636074528,baseline,1487d410-2e8d-4482-bb6f-7c69d5b5921a,,,150.44
2026-08-10 16:42:35.407462+00:00,detector,queue_wait_ms,2.368896484375,baseline,1487d410-2e8d-4482-bb6f-7c69d5b5921a,,,150.44
2026-08-10 16:42:35.408448+00:00,detector,stage_latency_ms,18.611699999382836,baseline,1487d410-2e8d-4482-bb6f-7c69d5b5921a,,,150.44
2026-08-10 16:42:35.408448+00:00,detector,end_to_end_latency_ms,21.44970703125,baseline,1487d410-2e8d-4482-bb6f-7c69d5b5921a,,,150.44
2026-08-10 16:42:35.431883+00:00,orchestrator,events_processed,117.0,baseline,1487d410-2e8d-4482-bb6f-7c69d5b5921a,,,150.46
2026-08-10 16:42:35.432888+00:00,orchestrator,throughput_eps,1.0091418360756113,baseline,1487d410-2e8d-4482-bb6f-7c69d5b5921a,,,150.46
2026-08-10 16:42:35.432888+00:00,orchestrator,queue_wait_ms,3.000732421875,baseline,1487d410-2e8d-4482-bb6f-7c69d5b5921a,,,150.46
2026-08-10 16:42:35.433889+00:00,orchestrator,stage_latency_ms,25.573099999746773,baseline,1487d410-2e8d-4482-bb6f-7c69d5b5921a,,,150.46
2026-08-10 16:42:35.433889+00:00,orchestrator,end_to_end_latency_ms,46.88525390625,baseline,1487d410-2e8d-4482-bb6f-7c69d5b5921a,,,150.46
2026-08-10 16:42:35.434889+00:00,orchestrator,xai_latency_ms,0.002200000380980782,baseline,1487d410-2e8d-4482-bb6f-7c69d5b5921a,,deterministic,150.46
2026-08-10 16:42:36.387457+00:00,generator,events_sent,118.0,baseline,1487d410-2e8d-4482-bb6f-7c69d5b5921a,,,151.42
2026-08-10 16:42:36.387733+00:00,generator,throughput_eps,1.0000057800334008,baseline,1487d410-2e8d-4482-bb6f-7c69d5b5921a,,,151.42
2026-08-10 16:42:36.406617+00:00,detector,events_processed,118.0,baseline,1487d410-2e8d-4482-bb6f-7c69d5b5921a,,,151.44
2026-08-10 16:42:36.406617+00:00,detector,alerts_emitted,118.0,baseline,1487d410-2e8d-4482-bb6f-7c69d5b5921a,,,151.44
2026-08-10 16:42:36.406617+00:00,orchestrator,events_received,118.0,baseline,1487d410-2e8d-4482-bb6f-7c69d5b5921a,,,151.44
2026-08-10 16:42:36.407623+00:00,detector,throughput_eps,1.0003003701951727,baseline,1487d410-2e8d-4482-bb6f-7c69d5b5921a,,,151.44
2026-08-10 16:42:36.408691+00:00,detector,queue_wait_ms,2.766845703125,baseline,1487d410-2e8d-4482-bb6f-7c69d5b5921a,,,151.44
2026-08-10 16:42:36.408691+00:00,detector,stage_latency_ms,19.326200001160032,baseline,1487d410-2e8d-4482-bb6f-7c69d5b5921a,,,151.44
2026-08-10 16:42:36.408691+00:00,detector,end_to_end_latency_ms,21.92724609375,baseline,1487d410-2e8d-4482-bb6f-7c69d5b5921a,,,151.44
2026-08-10 16:42:36.432221+00:00,orchestrator,events_processed,118.0,baseline,1487d410-2e8d-4482-bb6f-7c69d5b5921a,,,151.46
2026-08-10 16:42:36.433226+00:00,orchestrator,throughput_eps,1.0004321266526939,baseline,1487d410-2e8d-4482-bb6f-7c69d5b5921a,,,151.46
2026-08-10 16:42:36.433226+00:00,orchestrator,queue_wait_ms,3.160888671875,baseline,1487d410-2e8d-4482-bb6f-7c69d5b5921a,,,151.46
2026-08-10 16:42:36.433226+00:00,orchestrator,stage_latency_ms,25.504499999442487,baseline,1487d410-2e8d-4482-bb6f-7c69d5b5921a,,,151.46
2026-08-10 16:42:36.434239+00:00,orchestrator,xai_latency_ms,0.0015999994502635673,baseline,1487d410-2e8d-4482-bb6f-7c69d5b5921a,,deterministic,151.46
2026-08-10 16:42:36.434239+00:00,orchestrator,end_to_end_latency_ms,47.531005859375,baseline,1487d410-2e8d-4482-bb6f-7c69d5b5921a,,,151.46
2026-08-10 16:42:37.386677+00:00,generator,events_sent,119.0,baseline,1487d410-2e8d-4482-bb6f-7c69d5b5921a,,,152.42
2026-08-10 16:42:37.387294+00:00,generator,throughput_eps,1.0001082917259594,baseline,1487d410-2e8d-4482-bb6f-7c69d5b5921a,,,152.42
2026-08-10 16:42:37.405994+00:00,detector,events_processed,119.0,baseline,1487d410-2e8d-4482-bb6f-7c69d5b5921a,,,152.44
2026-08-10 16:42:37.405994+00:00,detector,alerts_emitted,119.0,baseline,1487d410-2e8d-4482-bb6f-7c69d5b5921a,,,152.44
2026-08-10 16:42:37.405994+00:00,orchestrator,events_received,119.0,baseline,1487d410-2e8d-4482-bb6f-7c69d5b5921a,,,152.44
2026-08-10 16:42:37.407031+00:00,detector,throughput_eps,1.0000474422506407,baseline,1487d410-2e8d-4482-bb6f-7c69d5b5921a,,,152.44
2026-08-10 16:42:37.407031+00:00,detector,queue_wait_ms,2.085693359375,baseline,1487d410-2e8d-4482-bb6f-7c69d5b5921a,,,152.44
2026-08-10 16:42:37.407031+00:00,detector,stage_latency_ms,19.111999999950058,baseline,1487d410-2e8d-4482-bb6f-7c69d5b5921a,,,152.44
2026-08-10 16:42:37.408029+00:00,detector,end_to_end_latency_ms,21.403076171875,baseline,1487d410-2e8d-4482-bb6f-7c69d5b5921a,,,152.44
2026-08-10 16:42:37.431625+00:00,orchestrator,throughput_eps,1.0001024905032136,baseline,1487d410-2e8d-4482-bb6f-7c69d5b5921a,,,152.46
2026-08-10 16:42:37.431625+00:00,orchestrator,queue_wait_ms,2.244873046875,baseline,1487d410-2e8d-4482-bb6f-7c69d5b5921a,,,152.46
2026-08-10 16:42:37.431625+00:00,orchestrator,events_processed,119.0,baseline,1487d410-2e8d-4482-bb6f-7c69d5b5921a,,,152.46
2026-08-10 16:42:37.432625+00:00,orchestrator,stage_latency_ms,24.985300000480493,baseline,1487d410-2e8d-4482-bb6f-7c69d5b5921a,,,152.46
2026-08-10 16:42:37.432625+00:00,orchestrator,end_to_end_latency_ms,47.0341796875,baseline,1487d410-2e8d-4482-bb6f-7c69d5b5921a,,,152.46
2026-08-10 16:42:37.432625+00:00,orchestrator,xai_latency_ms,0.0018999999156221747,baseline,1487d410-2e8d-4482-bb6f-7c69d5b5921a,,deterministic,152.46
2026-08-10 16:42:38.386602+00:00,generator,events_sent,120.0,baseline,1487d410-2e8d-4482-bb6f-7c69d5b5921a,,,153.42
2026-08-10 16:42:38.387569+00:00,generator,throughput_eps,0.9999121827127437,baseline,1487d410-2e8d-4482-bb6f-7c69d5b5921a,,,153.42
2026-08-10 16:42:38.406570+00:00,detector,events_processed,120.0,baseline,1487d410-2e8d-4482-bb6f-7c69d5b5921a,,,153.44
2026-08-10 16:42:38.407568+00:00,detector,stage_latency_ms,19.64620000035211,baseline,1487d410-2e8d-4482-bb6f-7c69d5b5921a,,,153.44
2026-08-10 16:42:38.407568+00:00,orchestrator,events_received,120.0,baseline,1487d410-2e8d-4482-bb6f-7c69d5b5921a,,,153.44
2026-08-10 16:42:38.407568+00:00,detector,alerts_emitted,120.0,baseline,1487d410-2e8d-4482-bb6f-7c69d5b5921a,,,153.44
2026-08-10 16:42:38.407568+00:00,detector,throughput_eps,0.9995641400569933,baseline,1487d410-2e8d-4482-bb6f-7c69d5b5921a,,,153.44
2026-08-10 16:42:38.407568+00:00,detector,queue_wait_ms,2.970703125,baseline,1487d410-2e8d-4482-bb6f-7c69d5b5921a,,,153.44
2026-08-10 16:42:38.408569+00:00,detector,end_to_end_latency_ms,21.971435546875,baseline,1487d410-2e8d-4482-bb6f-7c69d5b5921a,,,153.44
2026-08-10 16:42:38.477570+00:00,orchestrator,throughput_eps,0.9883244049342197,baseline,1487d410-2e8d-4482-bb6f-7c69d5b5921a,,,153.51
2026-08-10 16:42:38.477570+00:00,orchestrator,events_processed,120.0,baseline,1487d410-2e8d-4482-bb6f-7c69d5b5921a,,,153.51
2026-08-10 16:42:38.478571+00:00,orchestrator,end_to_end_latency_ms,92.9716796875,baseline,1487d410-2e8d-4482-bb6f-7c69d5b5921a,,,153.51
2026-08-10 16:42:38.478571+00:00,orchestrator,xai_latency_ms,0.002099999619531445,baseline,1487d410-2e8d-4482-bb6f-7c69d5b5921a,,deterministic,153.51
2026-08-10 16:42:38.478571+00:00,orchestrator,queue_wait_ms,3.968994140625,baseline,1487d410-2e8d-4482-bb6f-7c69d5b5921a,,,153.51
2026-08-10 16:42:38.478571+00:00,orchestrator,stage_latency_ms,70.59130000016012,baseline,1487d410-2e8d-4482-bb6f-7c69d5b5921a,,,153.51
2026-08-10 16:42:39.385347+00:00,generator,run_complete,120.0,baseline,1487d410-2e8d-4482-bb6f-7c69d5b5921a,,,154.41
